GO_id,term,namespace,p_raw,p_fdr,neg_log10_fdr,neg_log10_raw,study_count,study_n,pop_count,pop_n,gene_ratio,fold_enrich,direction,group
GO:0044281,small molecule metabolic process,biological_process,1.012153436222829e-22,4.056204895662987e-19,18.391880115112524,21.994753646138708,141,601,629,6011,0.23460898502495842,2.2420264053815977,enriched,High cross-weight c
GO:0019752,carboxylic acid metabolic process,biological_process,4.159975551495509e-18,6.668440809047301e-15,14.175975699394543,17.380909221748688,81,601,299,6011,0.13477537437603992,2.709480854094903,enriched,High cross-weight c
GO:0043436,oxoacid metabolic process,biological_process,2.8578734842657305e-17,3.7867092735735074e-14,13.421738036767083,16.54395700098292,82,601,314,6011,0.13643926788685523,2.611899488114289,enriched,High cross-weight c
GO:0006082,organic acid metabolic process,biological_process,4.325054189678247e-17,4.3331636662838936e-14,13.36319490708342,16.36400844678164,82,601,316,6011,0.13643926788685523,2.5953684786958444,enriched,High cross-weight c
GO:0008152,metabolic process,biological_process,2.5795414670050557e-16,2.0675024858045522e-13,12.684553959613117,15.588457486303282,404,601,3094,6011,0.6722129783693843,1.305970333865019,enriched,High cross-weight c
GO:0072521,purine-containing compound metabolic process,biological_process,1.2691212934227537e-14,6.38225337959446e-12,11.195025958027918,13.89649686920012,50,601,156,6011,0.08319467554076539,3.2056615043303895,enriched,High cross-weight c
GO:0006520,amino acid metabolic process,biological_process,1.3359898507223827e-14,6.38225337959446e-12,11.195025958027918,13.874196841105988,58,601,200,6011,0.09650582362728785,2.9004825291181366,enriched,High cross-weight c
GO:0006753,nucleoside phosphate metabolic process,biological_process,1.444603924263042e-14,6.432500251649045e-12,11.191620188127365,13.840251209714223,59,601,206,6011,0.09816971713810316,2.864554221927855,enriched,High cross-weight c
GO:0055086,nucleobase-containing small molecule metabolic process,biological_process,1.628189771958341e-14,6.868390011708475e-12,11.163145052019598,13.788294977756934,61,601,218,6011,0.10149750415973377,2.7986307224961458,enriched,High cross-weight c
GO:0044238,primary metabolic process,biological_process,9.515855163217307e-14,3.8134789566593355e-11,10.418678645769813,13.021552176795995,353,601,2663,6011,0.5873544093178037,1.3257932235859249,enriched,High cross-weight c
GO:0005975,carbohydrate metabolic process,biological_process,6.430660412397176e-12,2.2409453567549293e-09,8.649568733178967,11.191744423851537,52,601,192,6011,0.08652246256239601,2.7087839711591797,enriched,High cross-weight c
GO:0170033,L-amino acid metabolic process,biological_process,2.2663781195636326e-11,7.568758595126049e-09,8.120975346325267,10.644667631303824,39,601,124,6011,0.064891846921797,3.145684611668724,enriched,High cross-weight c
GO:1901605,alpha-amino acid metabolic process,biological_process,3.117928932847266e-11,9.996080158708333e-09,8.000170269918025,10.50613378793615,41,601,136,6011,0.06821963394342762,3.015207497308407,enriched,High cross-weight c
GO:0006163,purine nucleotide metabolic process,biological_process,3.5510093535371485e-11,1.0946669218692402e-08,7.9607180050240345,10.449648183743381,37,601,115,6011,0.06156405990016639,3.2179266439991316,enriched,High cross-weight c
GO:0170039,proteinogenic amino acid metabolic process,biological_process,6.718836030312976e-11,1.9944989178873517e-08,7.7001661949799525,10.172705957511129,39,601,128,6011,0.064891846921797,3.0473819675540765,enriched,High cross-weight c
GO:0046394,carboxylic acid biosynthetic process,biological_process,1.020348532621838e-10,2.820032237573804e-08,7.5497459269570975,9.991251455748305,43,601,152,6011,0.07154742096505824,2.8294180751379283,enriched,High cross-weight c
GO:0016053,organic acid biosynthetic process,biological_process,1.020348532621838e-10,2.820032237573804e-08,7.5497459269570975,9.991251455748305,43,601,152,6011,0.07154742096505824,2.8294180751379283,enriched,High cross-weight c
GO:0008652,amino acid biosynthetic process,biological_process,2.78920591075737e-10,7.211446895071072e-08,7.141977590273286,9.554519423129177,32,601,96,6011,0.05324459234608985,3.3338879645036053,enriched,High cross-weight c
GO:0044283,small molecule biosynthetic process,biological_process,3.9388984112907846e-10,9.566748717119891e-08,7.019235633187106,9.404625219999382,62,601,276,6011,0.10316139767054909,2.2467505847741687,enriched,High cross-weight c
GO:0009058,biosynthetic process,biological_process,5.47224568339485e-10,1.2900014456591094e-07,6.889409803001974,9.261834412649883,192,601,1299,6011,0.3194675540765391,1.4783059796413214,enriched,High cross-weight c
GO:1901607,alpha-amino acid biosynthetic process,biological_process,2.4908066580215097e-09,5.545504267789555e-07,6.256058956140441,8.603659982063318,30,601,93,6011,0.04991680532445923,3.2263431914551015,enriched,High cross-weight c
GO:0009117,nucleotide metabolic process,biological_process,3.1991225301728376e-09,6.74762291561455e-07,6.170849195532182,8.494969125605536,40,601,150,6011,0.06655574043261231,2.667110371602884,enriched,High cross-weight c
GO:0170038,proteinogenic amino acid biosynthetic process,biological_process,4.755140566645283e-09,9.657069860905996e-07,6.015154626822307,8.322836640363567,29,601,90,6011,0.048252911813643926,3.222758365686818,enriched,High cross-weight c
GO:0019693,ribose phosphate metabolic process,biological_process,1.59900757456484e-08,2.9804757465435334e-06,5.52571440786744,7.796149478978017,28,601,89,6011,0.04658901830282862,3.1465908878460995,enriched,High cross-weight c
GO:0170034,L-amino acid biosynthetic process,biological_process,3.04486848975755e-08,5.305352379436253e-06,5.275285765134502,7.516431460143091,27,601,86,6011,0.04492512479201331,3.1400572688929307,enriched,High cross-weight c
GO:0015749,monosaccharide transmembrane transport,biological_process,7.765321106452439e-08,1.2080967079549084e-05,4.9178982991171285,7.109840580904252,13,601,24,6011,0.021630615640599003,5.417567942318359,enriched,High cross-weight c
GO:0008645,hexose transmembrane transport,biological_process,7.765321106452439e-08,1.2080967079549084e-05,4.9178982991171285,7.109840580904252,13,601,24,6011,0.021630615640599003,5.417567942318359,enriched,High cross-weight c
GO:0009056,catabolic process,biological_process,7.975607018713808e-08,1.2080967079549084e-05,4.9178982991171285,7.098236253117753,133,601,865,6011,0.22129783693843594,1.5378280899849,enriched,High cross-weight c
GO:1902600,proton transmembrane transport,biological_process,1.4474210522730478e-07,2.000186161029048e-05,4.698929581863432,6.839405114990658,25,601,81,6011,0.04159733777038269,3.086933300466301,enriched,High cross-weight c
GO:0009259,ribonucleotide metabolic process,biological_process,1.8899168340285908e-07,2.44317474592567e-05,4.612045469384663,6.723557306576573,25,601,82,6011,0.04159733777038269,3.0492877724118337,enriched,High cross-weight c
GO:0009150,purine ribonucleotide metabolic process,biological_process,2.4313003859964164e-07,2.944422943799667e-05,4.530999806778339,6.614161380966839,22,601,67,6011,0.036605657237936774,3.2841284426453425,enriched,High cross-weight c
GO:0019637,organophosphate metabolic process,biological_process,4.079147300299263e-07,4.4786802208080266e-05,4.348849945212459,6.389430611782167,70,601,386,6011,0.11647254575707154,1.8137732449371946,enriched,High cross-weight c
GO:0046496,nicotinamide nucleotide metabolic process,biological_process,4.3487989523849073e-07,4.647416480448671e-05,4.332788406269608,6.361630669568072,22,601,69,6011,0.036605657237936774,3.188936313873014,enriched,High cross-weight c
GO:0006796,phosphate-containing compound metabolic process,biological_process,5.378885809118069e-07,5.6726012842212264e-05,4.246217741051544,6.269307675460916,75,601,425,6011,0.12479201331114809,1.7649995106195557,enriched,High cross-weight c
GO:0006793,phosphorus metabolic process,biological_process,5.761379714733195e-07,5.997072521245008e-05,4.222060699305277,6.2394735008229585,77,601,442,6011,0.1281198003327787,1.7423713117654587,enriched,High cross-weight c
GO:0051156,glucose 6-phosphate metabolic process,biological_process,6.607801846338502e-07,6.789939974154243e-05,4.168134065043329,6.179942989043012,11,601,20,6011,0.018302828618968387,5.500915141430949,enriched,High cross-weight c
GO:0005984,disaccharide metabolic process,biological_process,1.2632104013186004e-06,0.00012815989071605802,3.8922478715893725,5.898524306989095,11,601,21,6011,0.018302828618968387,5.238966801362809,enriched,High cross-weight c
GO:0016051,carbohydrate biosynthetic process,biological_process,1.6871022770779904e-06,0.00016291716567204932,3.7880331540960834,5.772858588410173,19,601,58,6011,0.03161397670549085,3.276407137529405,enriched,High cross-weight c
GO:0034219,carbohydrate transmembrane transport,biological_process,2.7168879399749736e-06,0.00025130699361909344,3.5997954252636992,5.565928274005426,14,601,35,6011,0.02329450915141431,4.000665557404326,enriched,High cross-weight c
GO:0032787,monocarboxylic acid metabolic process,biological_process,2.757186790525307e-06,0.00025130699361909344,3.5997954252636992,5.55953381084509,32,601,135,6011,0.05324459234608985,2.3707647747581193,enriched,High cross-weight c
GO:0009205,purine ribonucleoside triphosphate metabolic process,biological_process,3.3229797161507773e-06,0.0002992548587072863,3.523958789651264,5.478472309696515,16,601,45,6011,0.026622296173044926,3.556147162137179,enriched,High cross-weight c
GO:0008643,carbohydrate transport,biological_process,4.042658973644621e-06,0.0003600212408195738,3.4436718756254865,5.393332892876325,14,601,36,6011,0.02329450915141431,3.8895359585875395,enriched,High cross-weight c
GO:1901293,nucleoside phosphate biosynthetic process,biological_process,4.56378130763502e-06,0.00040196381517246905,3.3958130403937172,5.340675174762787,28,601,114,6011,0.04658901830282862,2.4565490264763405,enriched,High cross-weight c
GO:0009144,purine nucleoside triphosphate metabolic process,biological_process,6.380965146659788e-06,0.0005327441213591479,3.2734813338716098,5.195113627522205,16,601,47,6011,0.026622296173044926,3.4048217509824052,enriched,High cross-weight c
GO:0009311,oligosaccharide metabolic process,biological_process,6.746567831145344e-06,0.0005574612491405147,3.253785316386273,5.170917108810192,11,601,24,6011,0.018302828618968387,4.584095951192458,enriched,High cross-weight c
GO:0009141,nucleoside triphosphate metabolic process,biological_process,7.539043487348434e-06,0.0006148634999885885,3.2112212871212944,5.122683751546365,18,601,58,6011,0.029950083194675542,3.103964656606805,enriched,High cross-weight c
GO:0170035,L-amino acid catabolic process,biological_process,7.594695757812884e-06,0.0006148634999885885,3.2112212871212944,5.119489619213908,13,601,33,6011,0.021630615640599003,3.9400494125951697,enriched,High cross-weight c
GO:0072522,purine-containing compound biosynthetic process,biological_process,1.070000886377665e-05,0.0008407899121879398,3.0753125076213395,4.970615862549585,22,601,82,6011,0.036605657237936774,2.683373239722414,enriched,High cross-weight c
GO:0016052,carbohydrate catabolic process,biological_process,1.5989952095279707e-05,0.0012323025581121813,2.909282649974755,4.796152837366138,21,601,78,6011,0.03494176372712146,2.692755663637527,enriched,High cross-weight c
GO:0072524,pyridine-containing compound metabolic process,biological_process,1.6264844173954707e-05,0.0012415497719452094,2.9060358655190974,4.788750093139323,22,601,84,6011,0.036605657237936774,2.6194834006814043,enriched,High cross-weight c
GO:0046034,ATP metabolic process,biological_process,1.6903401378072547e-05,0.0012781203966533157,2.8934282344879487,4.772025895913342,14,601,40,6011,0.02329450915141431,3.5005823627287853,enriched,High cross-weight c
GO:0006739,NADP+ metabolic process,biological_process,1.9664734694494898e-05,0.0014730172764147347,2.8317921594658646,4.706311908470819,10,601,22,6011,0.016638935108153077,4.546210860686734,enriched,High cross-weight c
GO:0046395,carboxylic acid catabolic process,biological_process,1.9927600984690552e-05,0.0014788863138175442,2.8300652101676733,4.7005449813708875,22,601,85,6011,0.036605657237936774,2.5886659489086816,enriched,High cross-weight c
GO:0046434,organophosphate catabolic process,biological_process,2.111186410828716e-05,0.0015523999158524918,2.8089963894728625,4.675473418222403,18,601,62,6011,0.029950083194675542,2.9037088723095916,enriched,High cross-weight c
GO:1901135,carbohydrate derivative metabolic process,biological_process,2.1628023145176195e-05,0.0015758964137144293,2.8024723328050456,4.664983174336984,52,601,291,6011,0.08652246256239601,1.7872389088060565,enriched,High cross-weight c
GO:0016054,organic acid catabolic process,biological_process,2.4316904099922686e-05,0.0017558557329809038,2.755511170061004,4.61409171796451,22,601,86,6011,0.036605657237936774,2.5585651820609066,enriched,High cross-weight c
GO:1901606,alpha-amino acid catabolic process,biological_process,3.234366016503187e-05,0.0022156789420746193,2.6544931698402854,4.490210834784287,13,601,37,6011,0.021630615640599003,3.5140981247470435,enriched,High cross-weight c
GO:0006099,tricarboxylic acid cycle,biological_process,3.9916148495005506e-05,0.0026440324808881745,2.5777332140185245,4.398851370392238,11,601,28,6011,0.018302828618968387,3.9292251010221064,enriched,High cross-weight c
GO:0006090,pyruvate metabolic process,biological_process,6.106120084510443e-05,0.0037938412773140468,2.4209208426167295,4.214234659007644,13,601,39,6011,0.021630615640599003,3.3338879645036057,enriched,High cross-weight c
GO:0043648,dicarboxylic acid metabolic process,biological_process,8.23223635514531e-05,0.004961005592969148,2.3044302833459414,4.084482169069019,13,601,40,6011,0.021630615640599003,3.2505407653910154,enriched,High cross-weight c
GO:0044038,cell wall macromolecule biosynthetic process,biological_process,8.585844979611126e-05,0.005097447963820976,2.2926471989271167,4.066216957122275,12,601,35,6011,0.019966722129783693,3.429141906346565,enriched,High cross-weight c
GO:0044036,cell wall macromolecule metabolic process,biological_process,8.585844979611126e-05,0.005097447963820976,2.2926471989271167,4.066216957122275,12,601,35,6011,0.019966722129783693,3.429141906346565,enriched,High cross-weight c
GO:0098655,monoatomic cation transmembrane transport,biological_process,0.00010480374523680915,0.006000014414807324,2.221847706239063,3.979623197250989,30,601,145,6011,0.04991680532445923,2.069309771071203,enriched,High cross-weight c
GO:0072523,purine-containing compound catabolic process,biological_process,0.00010970443375942853,0.006236035720438437,2.205091405807623,3.9597758198424065,13,601,41,6011,0.021630615640599003,3.1712592833083075,enriched,High cross-weight c
GO:0009134,nucleoside diphosphate catabolic process,biological_process,0.00011143997609423554,0.006290080340811957,2.201343807440506,3.9529589897476134,10,601,26,6011,0.016638935108153077,3.846793805196467,enriched,High cross-weight c
GO:0046390,ribose phosphate biosynthetic process,biological_process,0.0001189209586026754,0.006574941916404668,2.182108079415598,3.9247415986751863,16,601,58,6011,0.026622296173044926,2.759079694761604,enriched,High cross-weight c
GO:0009067,aspartate family amino acid biosynthetic process,biological_process,0.00011894779511898652,0.006574941916404668,2.182108079415598,3.924643603870787,11,601,31,6011,0.018302828618968387,3.548977510600612,enriched,High cross-weight c
GO:0009063,amino acid catabolic process,biological_process,0.00016472446757222683,0.008629193513669267,2.0640297916463197,3.7832418875188845,14,601,48,6011,0.02329450915141431,2.917151968940655,enriched,High cross-weight c
GO:1901292,nucleoside phosphate catabolic process,biological_process,0.0001886505721234929,0.00928220754092895,2.032348725415744,3.7243418733694305,13,601,43,6011,0.021630615640599003,3.0237588515265257,enriched,High cross-weight c
GO:0170040,proteinogenic amino acid catabolic process,biological_process,0.00022566279099665816,0.010830462693642007,1.9653529892654338,3.646540044808014,11,601,33,6011,0.018302828618968387,3.3338879645036053,enriched,High cross-weight c
GO:0006790,sulfur compound metabolic process,biological_process,0.00022998890388813153,0.010972387289662941,1.9596988716111592,3.63829311657546,25,601,117,6011,0.04159733777038269,2.137107669553593,enriched,High cross-weight c
GO:1901136,carbohydrate derivative catabolic process,biological_process,0.00026517809587870426,0.012576345789750382,1.9004455301058818,3.576462352182372,14,601,50,6011,0.02329450915141431,2.8004658901830286,enriched,High cross-weight c
GO:0006091,generation of precursor metabolites and energy,biological_process,0.0002763796130381496,0.013030485873533934,1.885039390253602,3.5584939955654917,30,601,152,6011,0.04991680532445923,1.9740126105613451,enriched,High cross-weight c
GO:0006096,glycolytic process,biological_process,0.000309512962501876,0.013781924413625201,1.8606901362843038,3.5093211578711614,9,601,24,6011,0.014975041597337771,3.750623960066556,enriched,High cross-weight c
GO:0009137,purine nucleoside diphosphate catabolic process,biological_process,0.000309512962501876,0.013781924413625201,1.8606901362843038,3.5093211578711614,9,601,24,6011,0.014975041597337771,3.750623960066556,enriched,High cross-weight c
GO:0009181,purine ribonucleoside diphosphate catabolic process,biological_process,0.000309512962501876,0.013781924413625201,1.8606901362843038,3.5093211578711614,9,601,24,6011,0.014975041597337771,3.750623960066556,enriched,High cross-weight c
GO:0046032,ADP catabolic process,biological_process,0.000309512962501876,0.013781924413625201,1.8606901362843038,3.5093211578711614,9,601,24,6011,0.014975041597337771,3.750623960066556,enriched,High cross-weight c
GO:0034220,monoatomic ion transmembrane transport,biological_process,0.00031194605762851623,0.013813522938632914,1.8596955467877312,3.50592049860871,30,601,154,6011,0.04991680532445923,1.9483760831514574,enriched,High cross-weight c
GO:0009260,ribonucleotide biosynthetic process,biological_process,0.00041419295240405994,0.017772006073856088,1.7502635470043306,3.382797295008155,14,601,52,6011,0.02329450915141431,2.692755663637527,enriched,High cross-weight c
GO:0009191,ribonucleoside diphosphate catabolic process,biological_process,0.0004412925523769654,0.018208252011280675,1.7397317443913953,3.35527340200869,9,601,25,6011,0.014975041597337771,3.600599001663894,enriched,High cross-weight c
GO:0043038,amino acid activation,biological_process,0.00046344147352479824,0.018208252011280675,1.7397317443913953,3.3340051036556604,12,601,41,6011,0.019966722129783693,2.9273162615153607,enriched,High cross-weight c
GO:0043039,tRNA aminoacylation,biological_process,0.00046344147352479824,0.018208252011280675,1.7397317443913953,3.3340051036556604,12,601,41,6011,0.019966722129783693,2.9273162615153607,enriched,High cross-weight c
GO:0002181,cytoplasmic translation,biological_process,0.0005572961689095208,0.021578399970095696,1.6659807612249513,3.253913942458197,26,601,131,6011,0.04326123128119801,1.9850630628342079,enriched,High cross-weight c
GO:0009132,nucleoside diphosphate metabolic process,biological_process,0.0005861843430038451,0.02258782456334528,1.6461255940300297,3.2319657857574318,10,601,31,6011,0.016638935108153077,3.2263431914551015,enriched,High cross-weight c
GO:0019364,pyridine nucleotide catabolic process,biological_process,0.0006159203868795867,0.023170633068862818,1.6350621002386039,3.210475420584572,9,601,26,6011,0.014975041597337771,3.462114424676821,enriched,High cross-weight c
GO:0046031,ADP metabolic process,biological_process,0.0006159203868795867,0.023170633068862818,1.6350621002386039,3.210475420584572,9,601,26,6011,0.014975041597337771,3.462114424676821,enriched,High cross-weight c
GO:0009154,purine ribonucleotide catabolic process,biological_process,0.0006159203868795867,0.023170633068862818,1.6350621002386039,3.210475420584572,9,601,26,6011,0.014975041597337771,3.462114424676821,enriched,High cross-weight c
GO:0006164,purine nucleotide biosynthetic process,biological_process,0.0006186544574842974,0.023170633068862818,1.6350621002386039,3.2085518535795767,15,601,60,6011,0.024958402662229616,2.5004159733777036,enriched,High cross-weight c
GO:0006418,tRNA aminoacylation for protein translation,biological_process,0.0006874243893722248,0.02539035244616766,1.5953312705968008,3.162775063438435,11,601,37,6011,0.018302828618968387,2.973467644016729,enriched,High cross-weight c
GO:0016072,rRNA metabolic process,biological_process,0.0007474365417420453,0.027480293036983915,1.5609786404746937,3.1264256735602527,53,601,339,6011,0.08818635607321132,1.5636819656521335,enriched,High cross-weight c
GO:0044282,small molecule catabolic process,biological_process,0.0008269596376908072,0.030127643164053728,1.52103484114048,3.0825156870084376,27,601,140,6011,0.04492512479201331,1.928892322319943,enriched,High cross-weight c
GO:0009261,ribonucleotide catabolic process,biological_process,0.0008432105168182167,0.030155618895034767,1.520631753913629,3.074063985424181,9,601,27,6011,0.014975041597337771,3.3338879645036053,enriched,High cross-weight c
GO:0009135,purine nucleoside diphosphate metabolic process,biological_process,0.0008432105168182167,0.030155618895034767,1.520631753913629,3.074063985424181,9,601,27,6011,0.014975041597337771,3.3338879645036053,enriched,High cross-weight c
GO:0009179,purine ribonucleoside diphosphate metabolic process,biological_process,0.0008432105168182167,0.030155618895034767,1.520631753913629,3.074063985424181,9,601,27,6011,0.014975041597337771,3.3338879645036053,enriched,High cross-weight c
GO:0006637,acyl-CoA metabolic process,biological_process,0.000854064315554946,0.030155618895034767,1.520631753913629,3.06850942341067,8,601,22,6011,0.013311148086522463,3.6369686885493873,enriched,High cross-weight c
GO:0009127,purine nucleoside monophosphate biosynthetic process,biological_process,0.000854064315554946,0.030155618895034767,1.520631753913629,3.06850942341067,8,601,22,6011,0.013311148086522463,3.6369686885493873,enriched,High cross-weight c
GO:0009168,purine ribonucleoside monophosphate biosynthetic process,biological_process,0.000854064315554946,0.030155618895034767,1.520631753913629,3.06850942341067,8,601,22,6011,0.013311148086522463,3.6369686885493873,enriched,High cross-weight c
GO:0009156,ribonucleoside monophosphate biosynthetic process,biological_process,0.0008818071501262421,0.030729062209834047,1.5124506933495065,3.0546263840220775,11,601,38,6011,0.018302828618968387,2.8952184954899733,enriched,High cross-weight c
GO:0009152,purine ribonucleotide biosynthetic process,biological_process,0.0008818071501262421,0.030729062209834047,1.5124506933495065,3.0546263840220775,11,601,38,6011,0.018302828618968387,2.8952184954899733,enriched,High cross-weight c
GO:0006364,rRNA processing,biological_process,0.0009083320850319064,0.031112314792866365,1.5070676756682215,3.041755344948242,45,601,276,6011,0.07487520798668885,1.6307060695941547,enriched,High cross-weight c
GO:0009250,glucan biosynthetic process,biological_process,0.001017537077904981,0.0338404965950557,1.4705632724973758,2.992449756612671,10,601,33,6011,0.016638935108153077,3.0308072404578223,enriched,High cross-weight c
GO:0006508,proteolysis,biological_process,0.001113515915445109,0.036879463067324585,1.4332154105195898,2.953303571229322,19,601,89,6011,0.03161397670549085,2.1351866738955674,enriched,High cross-weight c
GO:0072526,pyridine-containing compound catabolic process,biological_process,0.001134248075544869,0.037411515742765945,1.4269946958278885,2.9452919489197398,9,601,28,6011,0.014975041597337771,3.214820537199905,enriched,High cross-weight c
GO:0006457,protein folding,biological_process,0.0011868202034655663,0.038825975227659244,1.4108776268892482,2.9256150692148792,26,601,136,6011,0.04326123128119801,1.9120828031711854,enriched,High cross-weight c
GO:0055085,transmembrane transport,biological_process,0.0014113514204749295,0.04524792654042624,1.3444013172915574,2.8503648353096835,66,601,453,6011,0.10981697171381032,1.4571960639552182,enriched,High cross-weight c
GO:0006195,purine nucleotide catabolic process,biological_process,0.0015013844403674566,0.046823331865934494,1.3295376859083994,2.8235080892672686,9,601,29,6011,0.014975041597337771,3.103964656606805,enriched,High cross-weight c
GO:0009185,ribonucleoside diphosphate metabolic process,biological_process,0.0015013844403674566,0.046823331865934494,1.3295376859083994,2.8235080892672686,9,601,29,6011,0.014975041597337771,3.103964656606805,enriched,High cross-weight c
GO:0009084,L-glutamine family amino acid biosynthetic process,biological_process,0.0016399757021007947,0.04978941383461315,1.3028629865964323,2.785162586416765,8,601,24,6011,0.013311148086522463,3.3338879645036053,enriched,High cross-weight c
GO:0005737,cytoplasm,cellular_component,5.634707589623002e-09,1.1015166178250819e-06,5.958008946561062,8.24912861653149,304,601,2370,6011,0.5058236272878536,1.2829138496317671,enriched,High cross-weight c
GO:0005829,cytosol,cellular_component,2.4613392044239263e-07,2.944422943799667e-05,4.530999806778339,6.608828530767677,147,601,1002,6011,0.24459234608985025,1.4673099724012872,enriched,High cross-weight c
GO:0005576,extracellular region,cellular_component,1.43898098773603e-06,0.00014065161727688146,3.8518552697526927,5.84194494405914,21,601,68,6011,0.03494176372712146,3.088749143584222,enriched,High cross-weight c
GO:0005886,plasma membrane,cellular_component,2.7592034233911696e-06,0.00025130699361909344,3.5997954252636992,5.559216279803694,90,601,562,6011,0.1497504159733777,1.6016899473593833,enriched,High cross-weight c
GO:0030684,preribosome,cellular_component,1.418766644718348e-05,0.0011040208405259766,2.9570227283821784,4.84808903036717,35,601,164,6011,0.05823627287853577,2.134501440688284,enriched,High cross-weight c
GO:0000324,fungal-type vacuole,cellular_component,2.9848657680941608e-05,0.002081531046833996,2.6816171070601107,4.525075194680943,49,601,272,6011,0.08153078202995008,1.8017703337574629,enriched,High cross-weight c
GO:0000322,storage vacuole,cellular_component,2.9848657680941608e-05,0.002081531046833996,2.6816171070601107,4.525075194680943,49,601,272,6011,0.08153078202995008,1.8017703337574629,enriched,High cross-weight c
GO:0000323,lytic vacuole,cellular_component,4.445357885537639e-05,0.0028967108498035915,2.538094853985765,4.352093269236531,49,601,273,6011,0.08153078202995008,1.7951704424250179,enriched,High cross-weight c
GO:0009277,fungal-type cell wall,cellular_component,6.0393744335472e-05,0.0037816864128813127,2.4223144868081823,4.219008043850478,28,601,127,6011,0.04658901830282862,2.2050912521126205,enriched,High cross-weight c
GO:0005618,cell wall,cellular_component,7.047111328465977e-05,0.004344815176742678,2.3620286931918404,4.1519888675751675,28,601,129,6011,0.04658901830282862,2.170903790839557,enriched,High cross-weight c
GO:0030312,external encapsulating structure,cellular_component,7.727804506043644e-05,0.004692299478480288,2.3286142775239305,4.1119438730082445,28,601,130,6011,0.04658901830282862,2.1542045309100217,enriched,High cross-weight c
GO:0030686,90S preribosome,cellular_component,9.721010656054866e-05,0.005728963265314687,2.2419239624811036,4.01228858080105,20,601,81,6011,0.033277870216306155,2.4695466403730406,enriched,High cross-weight c
GO:0070013,intracellular organelle lumen,cellular_component,0.00019010346516550521,0.00928220754092895,2.032348725415744,3.7210099668350187,49,601,291,6011,0.08153078202995008,1.684128971759553,enriched,High cross-weight c
GO:0043233,organelle lumen,cellular_component,0.00019010346516550521,0.00928220754092895,2.032348725415744,3.7210099668350187,49,601,291,6011,0.08153078202995008,1.684128971759553,enriched,High cross-weight c
GO:0031974,membrane-enclosed lumen,cellular_component,0.00019010346516550521,0.00928220754092895,2.032348725415744,3.7210099668350187,49,601,291,6011,0.08153078202995008,1.684128971759553,enriched,High cross-weight c
GO:0005773,vacuole,cellular_component,0.00020439409351904033,0.009868787105753665,2.0057362197362925,3.689531658386401,52,601,313,6011,0.08652246256239601,1.661618282627995,enriched,High cross-weight c
GO:0005730,nucleolus,cellular_component,0.00046266563580263853,0.018208252011280675,1.7397317443913953,3.334732756250087,46,601,278,6011,0.07653910149750416,1.6549515795017897,enriched,High cross-weight c
GO:0071944,cell periphery,cellular_component,0.0016098359491151387,0.049581666427053285,1.3046788807970886,2.793218378641515,45,601,285,6011,0.07487520798668885,1.5792100884490763,enriched,High cross-weight c
GO:0003824,catalytic activity,molecular_function,2.911080828902773e-23,2.3332312843655724e-19,18.632042209108022,22.535945735798183,338,601,2242,6011,0.562396006655574,1.5078333612875359,enriched,High cross-weight c
GO:1901363,heterocyclic compound binding,molecular_function,3.3171997160276635e-20,6.64683893099043e-17,16.177384845105745,19.479228380467948,151,601,737,6011,0.2512479201331115,2.049187581981185,enriched,High cross-weight c
GO:0043168,anion binding,molecular_function,1.8398589343981868e-15,1.2288724466001223e-12,11.910493193283257,14.735215473925795,145,601,777,6011,0.24126455906821964,1.866462373949895,enriched,High cross-weight c
GO:1901265,nucleoside phosphate binding,molecular_function,4.407050916475926e-15,2.717116391965734e-12,11.565891757494594,14.35585193187792,132,601,687,6011,0.21963394342762063,1.9217170799758774,enriched,High cross-weight c
GO:0000166,nucleotide binding,molecular_function,1.1789749481600984e-14,6.38225337959446e-12,11.195025958027918,13.928495423057093,131,601,686,6011,0.21797004991680533,1.9099387318511907,enriched,High cross-weight c
GO:0036094,small molecule binding,molecular_function,1.3536906731516635e-14,6.38225337959446e-12,11.195025958027918,13.868480563339808,226,601,1456,6011,0.37603993344425957,1.5524560713828601,enriched,High cross-weight c
GO:0043167,ion binding,molecular_function,1.804878387314513e-12,6.888619178250391e-10,9.161867823573578,11.743552055529824,211,601,1387,6011,0.35108153078202997,1.5215220486883794,enriched,High cross-weight c
GO:0017076,purine nucleotide binding,molecular_function,1.3419851868781236e-10,3.58533709094272e-08,7.44547000600621,9.872252277976711,112,601,626,6011,0.18635607321131448,1.7894350735993791,enriched,High cross-weight c
GO:0030554,adenyl nucleotide binding,molecular_function,3.759864801611535e-10,9.41728637028639e-08,7.026074222917433,9.42482777128769,99,601,538,6011,0.16472545757071547,1.8404548800326592,enriched,High cross-weight c
GO:0097367,carbohydrate derivative binding,molecular_function,1.5186219369195424e-09,3.477644235545752e-07,6.45871484856738,8.818550330907268,107,601,612,6011,0.17803660565723795,1.7486569225582635,enriched,High cross-weight c
GO:0032553,ribonucleotide binding,molecular_function,2.9059433775884225e-09,6.294901667938164e-07,6.201011049576038,8.536712852199207,105,601,603,6011,0.17470881863560733,1.7415832650391967,enriched,High cross-weight c
GO:0016491,oxidoreductase activity,molecular_function,4.8194983710073585e-09,9.657069860905996e-07,6.015154626822307,8.316998162184507,63,601,300,6011,0.1048252911813644,2.1003494176372715,enriched,High cross-weight c
GO:0015293,symporter activity,molecular_function,1.8792666778837968e-08,3.347182760719696e-06,5.475320573926918,7.7260115868417385,17,601,37,6011,0.028286189683860232,4.595359086207672,enriched,High cross-weight c
GO:0015294,solute:monoatomic cation symporter activity,molecular_function,1.8792666778837968e-08,3.347182760719696e-06,5.475320573926918,7.7260115868417385,17,601,37,6011,0.028286189683860232,4.595359086207672,enriched,High cross-weight c
GO:0015295,solute:proton symporter activity,molecular_function,3.248008837725227e-08,5.538891666886743e-06,5.256577128973806,7.488382797728253,16,601,34,6011,0.026622296173044926,4.706665361652148,enriched,High cross-weight c
GO:0032555,purine ribonucleotide binding,molecular_function,3.690189207552773e-08,6.1618471871948915e-06,5.210289076317836,7.432951365632412,99,601,583,6011,0.16472545757071547,1.6983957555018365,enriched,High cross-weight c
GO:0005488,binding,molecular_function,5.8786952957915417e-08,9.615865876687593e-06,5.0170116028934055,7.230719049555056,424,601,3632,6011,0.7054908485856906,1.16759512413232,enriched,High cross-weight c
GO:0019842,vitamin binding,molecular_function,7.988661949046805e-08,1.2080967079549084e-05,4.9178982991171285,7.097525956206503,19,601,49,6011,0.03161397670549085,3.8781962036062345,enriched,High cross-weight c
GO:0016787,hydrolase activity,molecular_function,9.176106307395e-08,1.3619720750698319e-05,4.865831796804589,7.037341563671785,131,601,851,6011,0.21797004991680533,1.5396215864276344,enriched,High cross-weight c
GO:0035639,purine ribonucleoside triphosphate binding,molecular_function,1.093847855267509e-07,1.5940346472671062e-05,4.797502243194996,6.961043080390916,97,601,577,6011,0.16139767054908485,1.681388904108404,enriched,High cross-weight c
GO:0032559,adenyl ribonucleotide binding,molecular_function,1.1796200229029168e-07,1.6883311577797997e-05,4.772542364647156,6.928257864331119,86,601,495,6011,0.14309484193011648,1.7376628178624853,enriched,High cross-weight c
GO:0016874,ligase activity,molecular_function,1.216976434580619e-07,1.711239670730467e-05,4.766689160309115,6.9147178313267865,31,601,114,6011,0.051580698835274545,2.71975070788452,enriched,High cross-weight c
GO:0015078,proton transmembrane transporter activity,molecular_function,1.677090905321526e-07,2.2035874764183654e-05,4.656869704504313,6.77544339618371,26,601,87,6011,0.04326123128119801,2.989003002658405,enriched,High cross-weight c
GO:0030170,pyridoxal phosphate binding,molecular_function,2.2335258504441397e-07,2.7971421392671527e-05,4.553285464007121,6.651009016713398,16,601,38,6011,0.026622296173044926,4.2112269025308695,enriched,High cross-weight c
GO:0070279,vitamin B6 binding,molecular_function,2.2335258504441397e-07,2.7971421392671527e-05,4.553285464007121,6.651009016713398,16,601,38,6011,0.026622296173044926,4.2112269025308695,enriched,High cross-weight c
GO:0000287,magnesium ion binding,molecular_function,2.4313003859964164e-07,2.944422943799667e-05,4.530999806778339,6.614161380966839,22,601,67,6011,0.036605657237936774,3.2841284426453425,enriched,High cross-weight c
GO:0005524,ATP binding,molecular_function,3.553763626691585e-07,3.991424935134508e-05,4.398872033889714,6.449311462022397,84,601,489,6011,0.13976705490848584,1.7180772332411214,enriched,High cross-weight c
GO:0005402,carbohydrate:monoatomic cation symporter activity,molecular_function,1.3713257014420774e-06,0.0001356935246550401,3.8674408765383705,5.862859384349885,12,601,25,6011,0.019966722129783693,4.800798668885191,enriched,High cross-weight c
GO:0005351,carbohydrate:proton symporter activity,molecular_function,1.3713257014420774e-06,0.0001356935246550401,3.8674408765383705,5.862859384349885,12,601,25,6011,0.019966722129783693,4.800798668885191,enriched,High cross-weight c
GO:0015291,secondary active transmembrane transporter activity,molecular_function,8.210958358407141e-06,0.0006581083124263323,3.1817026236839907,5.085606150374154,21,601,75,6011,0.03494176372712146,2.800465890183028,enriched,High cross-weight c
GO:0015144,carbohydrate transmembrane transporter activity,molecular_function,9.385341567207704e-06,0.0007447872540709876,3.12796776426893,5.027549917176451,12,601,29,6011,0.019966722129783693,4.138619542142406,enriched,High cross-weight c
GO:0022804,active transmembrane transporter activity,molecular_function,2.498492127791072e-05,0.001787983428950486,2.7476365105673453,4.602322014587328,32,601,150,6011,0.05324459234608985,2.1336882972823075,enriched,High cross-weight c
GO:0051082,unfolded protein binding,molecular_function,2.9866010029433503e-05,0.002081531046833996,2.6816171070601107,4.5248227933966625,21,601,81,6011,0.03494176372712146,2.5930239723916926,enriched,High cross-weight c
GO:0016614,"oxidoreductase activity, acting on CH-OH group of donors",molecular_function,3.578880903740498e-05,0.0024104815498722765,2.6178961883126175,4.44625275361025,22,601,88,6011,0.036605657237936774,2.500415973377704,enriched,High cross-weight c
GO:0004553,"hydrolase activity, hydrolyzing O-glycosyl compounds",molecular_function,3.964921122733242e-05,0.0026440324808881745,2.5777332140185245,4.401765448019123,15,601,48,6011,0.024958402662229616,3.1255199667221296,enriched,High cross-weight c
GO:0044183,protein folding chaperone,molecular_function,4.2958455472269477e-05,0.0028222296771331134,2.5494076456303523,4.366951341645767,14,601,43,6011,0.02329450915141431,3.2563556862593352,enriched,High cross-weight c
GO:0008238,exopeptidase activity,molecular_function,5.8573863839770816e-05,0.0037259485609187543,2.428763145108951,4.232296126681551,11,601,29,6011,0.018302828618968387,3.793734580297206,enriched,High cross-weight c
GO:0008324,monoatomic cation transmembrane transporter activity,molecular_function,7.139096836662788e-05,0.004367928331744447,2.359724496077875,4.146356727112274,31,601,149,6011,0.051580698835274545,2.080883091938492,enriched,High cross-weight c
GO:0015926,glucosidase activity,molecular_function,0.00011894779511898652,0.006574941916404668,2.182108079415598,3.924643603870787,11,601,31,6011,0.018302828618968387,3.548977510600612,enriched,High cross-weight c
GO:0016616,"oxidoreductase activity, acting on the CH-OH group of donors, NAD or NADP as acceptor",molecular_function,0.00013981146669145005,0.007660899448175076,2.1157202378808306,3.85445720829991,20,601,83,6011,0.033277870216306155,2.4100394924122446,enriched,High cross-weight c
GO:0016887,ATP hydrolysis activity,molecular_function,0.00014141495315814386,0.007660899448175076,2.1157202378808306,3.8495046659937415,42,601,235,6011,0.06988352745424292,1.7875314192657628,enriched,High cross-weight c
GO:1990825,sequence-specific mRNA binding,molecular_function,0.00014146139966686352,0.007660899448175076,2.1157202378808306,3.8493620491760367,9,601,22,6011,0.014975041597337771,4.091589774618061,enriched,High cross-weight c
GO:0016875,"ligase activity, forming carbon-oxygen bonds",molecular_function,0.0001580182272740657,0.008332342707905505,2.0792328758952685,3.80129281464066,12,601,37,6011,0.019966722129783693,3.2437828843818863,enriched,High cross-weight c
GO:0004812,aminoacyl-tRNA ligase activity,molecular_function,0.0001580182272740657,0.008332342707905505,2.0792328758952685,3.80129281464066,12,601,37,6011,0.019966722129783693,3.2437828843818863,enriched,High cross-weight c
GO:0016830,carbon-carbon lyase activity,molecular_function,0.0001580182272740657,0.008332342707905505,2.0792328758952685,3.80129281464066,12,601,37,6011,0.019966722129783693,3.2437828843818863,enriched,High cross-weight c
GO:0015075,monoatomic ion transmembrane transporter activity,molecular_function,0.0001910872419529977,0.00928220754092895,2.032348725415744,3.7187683078920015,31,601,156,6011,0.051580698835274545,1.9875101326848417,enriched,High cross-weight c
GO:0016798,"hydrolase activity, acting on glycosyl bonds",molecular_function,0.0003406865130089088,0.014921324599816415,1.8261926218461655,3.4676450588059,15,601,57,6011,0.024958402662229616,2.632016814081793,enriched,High cross-weight c
GO:0017111,ribonucleoside triphosphate phosphatase activity,molecular_function,0.000376613973551509,0.016405222815300786,1.7850178666617516,3.4241035703423788,52,601,322,6011,0.08652246256239601,1.6151755355980202,enriched,High cross-weight c
GO:0050660,flavin adenine dinucleotide binding,molecular_function,0.0004039078387646145,0.017499034203775056,1.7569859199734577,3.3937177182606075,11,601,35,6011,0.018302828618968387,3.1433800808176846,enriched,High cross-weight c
GO:0005215,transporter activity,molecular_function,0.0004611034442887377,0.018208252011280675,1.7397317443913953,3.3362016337337344,66,601,436,6011,0.10981697171381032,1.5140133416782429,enriched,High cross-weight c
GO:0016879,"ligase activity, forming carbon-nitrogen bonds",molecular_function,0.0005909764156338407,0.022663521393804942,1.6446726097823705,3.22842985036148,12,601,42,6011,0.019966722129783693,2.8576182552888043,enriched,High cross-weight c
GO:0008483,transaminase activity,molecular_function,0.000594935982504734,0.022706723332264016,1.6438455316273286,3.2255297635835727,8,601,21,6011,0.013311148086522463,3.8101576737184057,enriched,High cross-weight c
GO:0016829,lyase activity,molecular_function,0.0006637910427737969,0.02463095003625918,1.6085188367379253,3.1779686122771578,23,601,112,6011,0.03826955074875208,2.0539131209888284,enriched,High cross-weight c
GO:0016769,"transferase activity, transferring nitrogenous groups",molecular_function,0.000854064315554946,0.030155618895034767,1.520631753913629,3.06850942341067,8,601,22,6011,0.013311148086522463,3.6369686885493873,enriched,High cross-weight c
GO:0022857,transmembrane transporter activity,molecular_function,0.0008738214019410887,0.03071788831823608,1.5126086429132903,3.058577322603,59,601,390,6011,0.09816971713810316,1.5130722300439436,enriched,High cross-weight c
GO:0016462,pyrophosphatase activity,molecular_function,0.0009592298404943627,0.03243977709519965,1.4889221386365097,3.0180773193165695,55,601,356,6011,0.09151414309484193,1.5452008824244239,enriched,High cross-weight c
GO:0016818,"hydrolase activity, acting on acid anhydrides, in phosphorus-containing anhydrides",molecular_function,0.0009592298404943627,0.03243977709519965,1.4889221386365097,3.0180773193165695,55,601,356,6011,0.09151414309484193,1.5452008824244239,enriched,High cross-weight c
GO:0016817,"hydrolase activity, acting on acid anhydrides",molecular_function,0.0009592298404943627,0.03243977709519965,1.4889221386365097,3.0180773193165695,55,601,356,6011,0.09151414309484193,1.5452008824244239,enriched,High cross-weight c
GO:0008237,metallopeptidase activity,molecular_function,0.0014076956335797573,0.04524792654042624,1.3444013172915574,2.8514912364907685,11,601,40,6011,0.018302828618968387,2.7504575707154744,enriched,High cross-weight c
GO:0016903,"oxidoreductase activity, acting on the aldehyde or oxo group of donors",molecular_function,0.0015013844403674566,0.046823331865934494,1.3295376859083994,2.8235080892672686,9,601,29,6011,0.014975041597337771,3.103964656606805,enriched,High cross-weight c
GO:0016831,carboxy-lyase activity,molecular_function,0.0016399757021007947,0.04978941383461315,1.3028629865964323,2.785162586416765,8,601,24,6011,0.013311148086522463,3.3338879645036053,enriched,High cross-weight c
GO:0016620,"oxidoreductase activity, acting on the aldehyde or oxo group of donors, NAD or NADP as acceptor",molecular_function,0.0016399757021007947,0.04978941383461315,1.3028629865964323,2.785162586416765,8,601,24,6011,0.013311148086522463,3.3338879645036053,enriched,High cross-weight c
GO:0006259,DNA metabolic process,biological_process,3.051329043879401e-05,0.0021083105419563274,2.6760654196810254,4.51551095714427,23,601,474,6011,0.03826955074875208,0.4853128049593855,depleted,High cross-weight c
GO:0006310,DNA recombination,biological_process,3.335456742308558e-05,0.0022655665923392455,2.6448231679758876,4.476844687359926,6,601,222,6011,0.009983361064891847,0.27031524036515714,depleted,High cross-weight c
GO:0022402,cell cycle process,biological_process,0.00032498609048809595,0.014311887446494994,1.8443030878653865,3.4881352265704755,36,601,603,6011,0.059900166389351084,0.5971142622991531,depleted,High cross-weight c
GO:0000725,recombinational repair,biological_process,0.0015105419008038844,0.04692633075559355,1.328583402635945,2.8208672233628787,3,601,129,6011,0.004991680532445923,0.23259683473280965,depleted,High cross-weight c
GO:0005694,chromosome,cellular_component,0.0011865657954669238,0.038825975227659244,1.4108776268892482,2.925708175005876,2,601,110,6011,0.0033277870216306157,0.18184843442746937,depleted,High cross-weight c
GO:0043565,sequence-specific DNA binding,molecular_function,5.915719265731458e-05,0.0037334244027431205,2.4278926381763326,4.227992443910539,11,601,296,6011,0.018302828618968387,0.37168345550209114,depleted,High cross-weight c
GO:0003677,DNA binding,molecular_function,0.00017651324385929977,0.008842210309576798,2.053439159730701,3.7532227037649397,29,601,524,6011,0.048252911813643926,0.5535272002133849,depleted,High cross-weight c
GO:0003690,double-stranded DNA binding,molecular_function,0.0006390161397310449,0.023821927255555,1.623023105884549,3.1944881726591072,12,601,276,6011,0.019966722129783693,0.4348549518917746,depleted,High cross-weight c
GO:0008152,metabolic process,biological_process,9.657876143522803e-71,7.037079753666843e-68,67.15260752693464,70.01511836846657,109,601,3094,6011,0.18136439267886856,0.35235338215665124,depleted,Low cross-weight c
GO:0044238,primary metabolic process,biological_process,1.6159917424423648e-57,1.0793478179729629e-54,53.96683858211498,56.79156086275752,91,601,2663,6011,0.15141430948419302,0.3417767233606775,depleted,Low cross-weight c
GO:0043170,macromolecule metabolic process,biological_process,1.5364204979501416e-39,8.20960686071359e-37,36.085677639751545,38.81348990738603,69,601,2028,6011,0.11480865224625623,0.34029329815199516,depleted,Low cross-weight c
GO:0071840,cellular component organization or biogenesis,biological_process,1.3660125155053339e-25,6.082550173208472e-23,22.21591430001199,24.864545321598847,84,601,1906,6011,0.13976705490848584,0.44078686624077046,depleted,Low cross-weight c
GO:0009058,biosynthetic process,biological_process,9.884081846437966e-24,3.961045799960015e-21,20.402190135996385,23.00506366702257,43,601,1299,6011,0.07154742096505824,0.331078943357171,depleted,Low cross-weight c
GO:0016043,cellular component organization,biological_process,1.9909804601220438e-23,7.598908756132468e-21,20.119248770247797,22.70093300220404,81,601,1808,6011,0.13477537437603992,0.4480833934592788,depleted,Low cross-weight c
GO:0050789,regulation of biological process,biological_process,5.4553421084436815e-21,1.7489826799670443e-18,17.75721449128289,20.26317800930102,81,601,1743,6011,0.13477537437603992,0.46479333067950435,depleted,Low cross-weight c
GO:0050794,regulation of cellular process,biological_process,5.803121013555948e-21,1.7889236509096507e-18,17.747408194198528,20.236338372917874,79,601,1716,6011,0.1314475873544093,0.46044956153109234,depleted,Low cross-weight c
GO:0051179,localization,biological_process,6.2061157043796804e-21,1.842296939651968e-18,17.734640369329732,20.20718013186091,60,601,1470,6011,0.09983361064891846,0.40823117932697206,depleted,Low cross-weight c
GO:0019538,protein metabolic process,biological_process,1.0032765338419996e-20,2.8718790781227235e-18,17.54183385022696,19.998579345574907,20,601,863,6011,0.033277870216306155,0.2317882709967744,depleted,Low cross-weight c
GO:0006139,nucleobase-containing compound metabolic process,biological_process,3.7918918811049037e-20,1.0480004630019242e-17,16.979638525482887,19.421144054274095,61,601,1458,6011,0.10149750415973377,0.4184509585076541,depleted,Low cross-weight c
GO:0051234,establishment of localization,biological_process,3.8225513970405005e-19,9.574296702274878e-17,16.0188931180945,18.417646666464755,50,601,1282,6011,0.08319467554076539,0.39008049506672443,depleted,Low cross-weight c
GO:0009056,catabolic process,biological_process,4.35962526431381e-18,9.983541855278625e-16,15.000715356977526,17.360550839317415,24,601,865,6011,0.03993344425956739,0.27750281323035786,depleted,Low cross-weight c
GO:0006810,transport,biological_process,5.381977154380865e-18,1.1982374136767397e-15,14.921457124155033,17.26905815007791,47,601,1207,6011,0.07820299500831947,0.3894599859113574,depleted,Low cross-weight c
GO:0050896,response to stimulus,biological_process,2.0012724404783583e-16,4.335188813630822e-14,13.36299198263247,15.698693785255639,35,601,995,6011,0.05823627287853577,0.3518173228873151,depleted,Low cross-weight c
GO:0090304,nucleic acid metabolic process,biological_process,1.4185670461326682e-15,2.9920565459877196e-13,12.524030203127635,14.848150133200988,55,601,1248,6011,0.09151414309484193,0.4407784568454286,depleted,Low cross-weight c
GO:0044281,small molecule metabolic process,biological_process,1.0479656378316983e-14,2.0998611468052655e-12,11.677809422013699,13.9796529573759,15,601,629,6011,0.024958402662229616,0.238513447381021,depleted,Low cross-weight c
GO:0051716,cellular response to stimulus,biological_process,2.873367153660458e-14,5.483342318235374e-12,11.26095464080628,13.541608877098545,31,601,876,6011,0.051580698835274545,0.3539401606151088,depleted,Low cross-weight c
GO:0019222,regulation of metabolic process,biological_process,3.2179157141480804e-14,5.878447953066402e-12,11.23073732263014,13.492425335426478,55,601,1208,6011,0.09151414309484193,0.4553737699860057,depleted,Low cross-weight c
GO:0060255,regulation of macromolecule metabolic process,biological_process,1.0035115359948156e-13,1.787365546888544e-11,10.747786617745387,12.998477630660208,49,601,1114,6011,0.08153078202995008,0.4399295608456283,depleted,Low cross-weight c
GO:0051641,cellular localization,biological_process,1.3461429877933337e-13,2.3455078363399065e-11,10.629763111736864,12.870908806745453,25,601,765,6011,0.04159733777038269,0.32685176122584364,depleted,Low cross-weight c
GO:0009059,macromolecule biosynthetic process,biological_process,1.949119919148833e-13,3.3238715216974245e-11,10.478355771439134,12.71016144019358,24,601,746,6011,0.03993344425956739,0.3217693477805088,depleted,Low cross-weight c
GO:0006950,response to stress,biological_process,3.5048166616631064e-13,5.852313654839541e-11,10.232672405903587,12.455334695218164,31,601,845,6011,0.051580698835274545,0.36692494757258615,depleted,Low cross-weight c
GO:0051649,establishment of localization in cell,biological_process,1.1549736814177264e-12,1.8892069503189952e-10,9.723720465339868,11.937427912001517,22,601,693,6011,0.036605657237936774,0.3175131394765338,depleted,Low cross-weight c
GO:0033554,cellular response to stress,biological_process,4.329665622062346e-12,6.804366658986216e-10,9.167212292107669,11.363545642699897,29,601,781,6011,0.048252911813643926,0.3713806055208882,depleted,Low cross-weight c
GO:0046907,intracellular transport,biological_process,6.605764040305052e-12,9.989660147744337e-10,9.00044928639563,11.180076943485004,20,601,640,6011,0.033277870216306155,0.31255199667221295,depleted,Low cross-weight c
GO:0009889,regulation of biosynthetic process,biological_process,1.8122080011489968e-11,2.548218794598107e-09,8.593763285439056,10.741791956456728,47,601,1015,6011,0.07820299500831947,0.4631312344778407,depleted,Low cross-weight c
GO:0010556,regulation of macromolecule biosynthetic process,biological_process,1.8710090152569383e-11,2.5855409064283378e-09,8.587448586766186,10.727924119893412,44,601,972,6011,0.07321131447587355,0.4527502174017242,depleted,Low cross-weight c
GO:0010468,regulation of gene expression,biological_process,2.322196549797137e-11,3.154644974004077e-09,8.501049509480616,10.634101024528636,42,601,942,6011,0.06988352745424292,0.445934058946342,depleted,Low cross-weight c
GO:0022607,cellular component assembly,biological_process,2.4873998672198484e-11,3.322751655961181e-09,8.47850211688443,10.604254393190951,38,601,886,6011,0.0632279534109817,0.4289652685704413,depleted,Low cross-weight c
GO:0045184,establishment of protein localization,biological_process,3.02748752036642e-11,3.932682751295404e-09,8.405311086623298,10.518917638390416,12,601,490,6011,0.019966722129783693,0.24493870759618325,depleted,Low cross-weight c
GO:0080090,regulation of primary metabolic process,biological_process,3.0421251476021836e-11,3.932682751295404e-09,8.405311086623298,10.516822923815207,48,601,1019,6011,0.07986688851913477,0.47112842677970473,depleted,Low cross-weight c
GO:0048519,negative regulation of biological process,biological_process,3.393304803702296e-11,4.317037778043476e-09,8.364814150851716,10.469377128088299,29,601,756,6011,0.048252911813643926,0.3836617102008117,depleted,Low cross-weight c
GO:0006996,organelle organization,biological_process,6.589342832834899e-11,8.04917433241687e-09,8.094248666373243,10.181157896226164,38,601,874,6011,0.0632279534109817,0.4348549518917746,depleted,Low cross-weight c
GO:0048523,negative regulation of cellular process,biological_process,6.628141059756873e-11,8.04917433241687e-09,8.094248666373243,10.178608257521539,29,601,746,6011,0.048252911813643926,0.3888046285681148,depleted,Low cross-weight c
GO:0009057,macromolecule catabolic process,biological_process,6.817328342949564e-11,8.155356219215039e-09,8.088557064585604,10.16638578857494,10,601,447,6011,0.016638935108153077,0.2237508701009131,depleted,Low cross-weight c
GO:0008104,intracellular protein localization,biological_process,7.178888973781942e-11,8.461587518362097e-09,8.072548149279534,10.14394276326346,17,601,564,6011,0.028286189683860232,0.30146859253490044,depleted,Low cross-weight c
GO:0033036,macromolecule localization,biological_process,1.6198402475877375e-10,1.754462106002124e-08,7.755856007518053,9.79052781447724,20,601,602,6011,0.033277870216306155,0.33228119247544236,depleted,Low cross-weight c
GO:0016070,RNA metabolic process,biological_process,1.9714655625686526e-10,2.106839531198367e-08,7.676368541453608,9.705210804752072,40,601,888,6011,0.06655574043261231,0.45052540060859525,depleted,Low cross-weight c
GO:0009892,negative regulation of metabolic process,biological_process,8.679844470117636e-10,8.484018710730835e-08,7.07139838235748,9.061488056663928,18,601,548,6011,0.029950083194675542,0.32852180672115816,depleted,Low cross-weight c
GO:0015031,protein transport,biological_process,9.057639810239949e-10,8.642497985603951e-08,7.063360713011034,9.042984953639316,10,601,416,6011,0.016638935108153077,0.2404246128247792,depleted,Low cross-weight c
GO:0006793,phosphorus metabolic process,biological_process,1.7096184918137207e-09,1.5933246758008105e-07,6.797695717895504,8.767100793342099,12,601,442,6011,0.019966722129783693,0.2715383862491624,depleted,Low cross-weight c
GO:0016192,vesicle-mediated transport,biological_process,2.752124967575742e-09,2.5354346684045484e-07,6.595947575617763,8.560331849689309,10,601,404,6011,0.016638935108153077,0.24756593795818851,depleted,Low cross-weight c
GO:0022414,reproductive process,biological_process,3.3646261743016323e-09,3.0644862257985893e-07,6.513642326367054,8.47306318090705,9,601,384,6011,0.014975041597337771,0.23441399750415975,depleted,Low cross-weight c
GO:0006886,intracellular protein transport,biological_process,4.6584797666704994e-09,4.1706756413420127e-07,6.3797935844655775,8.331755786456563,7,601,344,6011,0.011647254575707155,0.20352223039120845,depleted,Low cross-weight c
GO:0006796,phosphate-containing compound metabolic process,biological_process,7.153085736543383e-09,6.300217821801672e-07,6.200644435122423,8.145506569491493,12,601,425,6011,0.019966722129783693,0.2823999216991289,depleted,Low cross-weight c
GO:0048522,positive regulation of cellular process,biological_process,8.018262741043923e-09,6.985475637985548e-07,6.155804017621407,8.095919716966016,37,601,793,6011,0.06156405990016639,0.46666023210580093,depleted,Low cross-weight c
GO:0048518,positive regulation of biological process,biological_process,8.814667554056941e-09,7.596726929652299e-07,6.119373484373208,8.054794062509437,39,601,819,6011,0.064891846921797,0.4762697092148007,depleted,Low cross-weight c
GO:0010605,negative regulation of macromolecule metabolic process,biological_process,9.380058906918649e-09,7.997997036058826e-07,6.097018761145675,8.02779443423614,17,601,501,6011,0.028286189683860232,0.3393778167458759,depleted,Low cross-weight c
GO:0019637,organophosphate metabolic process,biological_process,1.163747331294176e-08,9.723150660344186e-07,6.012192984797424,7.934141301933731,10,601,386,6011,0.016638935108153077,0.2591104635624564,depleted,Low cross-weight c
GO:0022402,cell cycle process,biological_process,1.1645944646201395e-08,9.723150660344186e-07,6.012192984797424,7.933825278448019,24,601,603,6011,0.03993344425956739,0.3980761748661021,depleted,Low cross-weight c
GO:0009890,negative regulation of biosynthetic process,biological_process,2.5621451515299498e-08,2.095468713215566e-06,5.6787188190960745,7.591396270093743,16,601,476,6011,0.026622296173044926,0.33619038297515347,depleted,Low cross-weight c
GO:0019219,regulation of nucleobase-containing compound metabolic process,biological_process,2.6512356029069013e-08,2.146429632050385e-06,5.668283344740171,7.576551676832785,37,601,775,6011,0.06156405990016639,0.477498792335355,depleted,Low cross-weight c
GO:0051252,regulation of RNA metabolic process,biological_process,3.764951966731324e-08,3.017609001335156e-06,5.520337033468098,7.424240560158261,30,601,673,6011,0.04991680532445923,0.44583940089944196,depleted,Low cross-weight c
GO:0033365,protein localization to organelle,biological_process,4.4421313026280225e-08,3.525117068372634e-06,5.452826455607617,7.352408608515138,9,601,356,6011,0.014975041597337771,0.252851053487633,depleted,Low cross-weight c
GO:0010496,intercellular transport,biological_process,4.984850964535237e-08,3.917017694191169e-06,5.407044466626188,7.302347821554434,17,601,480,6011,0.028286189683860232,0.354225596228508,depleted,Low cross-weight c
GO:0043436,oxoacid metabolic process,biological_process,6.259518241826256e-08,4.824042183484369e-06,5.316588903194939,7.203459090586322,7,601,314,6011,0.011647254575707155,0.22296702947317104,depleted,Low cross-weight c
GO:0006082,organic acid metabolic process,biological_process,6.47598241632223e-08,4.898456750654587e-06,5.309940722061349,7.188694339119497,7,601,316,6011,0.011647254575707155,0.22155584574232817,depleted,Low cross-weight c
GO:0042221,response to chemical,biological_process,7.971523317620995e-08,5.9711924664235776e-06,5.22393893019846,7.098458679203414,11,601,383,6011,0.018302828618968387,0.28725405438281715,depleted,Low cross-weight c
GO:2001141,regulation of RNA biosynthetic process,biological_process,8.731292701231624e-08,6.479751018552913e-06,5.188441681374158,7.058921452577372,27,601,618,6011,0.04492512479201331,0.4369658982601813,depleted,Low cross-weight c
GO:0006357,regulation of transcription by RNA polymerase II,biological_process,9.41555038877204e-08,6.923452877615404e-06,5.159677259343857,7.026154288093396,19,601,503,6011,0.03161397670549085,0.37779644925786376,depleted,Low cross-weight c
GO:0006259,DNA metabolic process,biological_process,9.763763891152086e-08,7.050141224106664e-06,5.151802183400666,7.010382731304173,17,601,474,6011,0.028286189683860232,0.358709464535198,depleted,Low cross-weight c
GO:0006355,regulation of DNA-templated transcription,biological_process,1.203635737768368e-07,8.613518248404884e-06,5.064819421859483,6.919504925879465,27,601,617,6011,0.04492512479201331,0.43767410879220753,depleted,Low cross-weight c
GO:0010558,negative regulation of macromolecule biosynthetic process,biological_process,1.8515761201061138e-07,1.2576595425975003e-05,4.900436909592368,6.732458428976406,16,601,448,6011,0.026622296173044926,0.35720228191110054,depleted,Low cross-weight c
GO:0006974,DNA damage response,biological_process,2.316708069330546e-07,1.5473679313070272e-05,4.810406407995879,6.635128688638418,12,601,383,6011,0.019966722129783693,0.3133680593267096,depleted,Low cross-weight c
GO:0019752,carboxylic acid metabolic process,biological_process,2.764672943317943e-07,1.8207321732049328e-05,4.739753933531665,6.558356237709536,7,601,299,6011,0.011647254575707155,0.23415266640326324,depleted,Low cross-weight c
GO:0043933,protein-containing complex organization,biological_process,4.4948967637755776e-07,2.8821278049329005e-05,4.540286764761986,6.347280278444093,29,601,624,6011,0.048252911813643926,0.4648209181279065,depleted,Low cross-weight c
GO:0055085,transmembrane transport,biological_process,4.971428724495293e-07,3.1623810497483945e-05,4.49998580112346,6.30351878269606,17,601,453,6011,0.028286189683860232,0.37533838010967735,depleted,Low cross-weight c
GO:1901135,carbohydrate derivative metabolic process,biological_process,5.736363426666845e-07,3.536688681902674e-05,4.451403167406704,6.24136334179003,7,601,291,6011,0.011647254575707155,0.24058985310850758,depleted,Low cross-weight c
GO:0009893,positive regulation of metabolic process,biological_process,8.864320396156676e-07,5.382388482969376e-05,4.269024959504058,6.052354554988372,28,601,601,6011,0.04658901830282862,0.4659677021935156,depleted,Low cross-weight c
GO:0043412,macromolecule modification,biological_process,9.344855142736273e-07,5.589478654405315e-05,4.252628698030194,6.02942742635555,13,601,383,6011,0.021630615640599003,0.33948206427060207,depleted,Low cross-weight c
GO:0010604,positive regulation of macromolecule metabolic process,biological_process,1.1200513377520948e-06,6.600890788296352e-05,4.180397452588911,5.950762070908858,25,601,555,6011,0.04159733777038269,0.45052540060859525,depleted,Low cross-weight c
GO:0048193,Golgi vesicle transport,biological_process,1.3165341517364559e-06,7.646392192875142e-05,4.116543430246719,5.880567870535646,3,601,207,6011,0.004991680532445923,0.14495165063059154,depleted,Low cross-weight c
GO:0030163,protein catabolic process,biological_process,1.6556536718062604e-06,9.546808762249769e-05,4.02014177695657,5.781030503392638,7,601,278,6011,0.011647254575707155,0.25184045775027236,depleted,Low cross-weight c
GO:1903046,meiotic cell cycle process,biological_process,1.999092822412694e-06,0.00011444806408312674,3.941391549124224,5.69916704013615,6,601,258,6011,0.009983361064891847,0.23259683473280965,depleted,Low cross-weight c
GO:0009891,positive regulation of biosynthetic process,biological_process,2.646140172364134e-06,0.00015041711689006053,3.8227027398885434,5.577387153923327,21,601,485,6011,0.03494176372712146,0.4330617355953136,depleted,Low cross-weight c
GO:0072594,establishment of protein localization to organelle,biological_process,4.493872852188108e-06,0.00024670130760471014,3.607828548588881,5.3473792194946075,10,601,317,6011,0.016638935108153077,0.3155099020034957,depleted,Low cross-weight c
GO:0034655,nucleobase-containing compound catabolic process,biological_process,5.440196466162136e-06,0.0002946160451100644,3.530743604699741,5.264385415994948,4,601,209,6011,0.0066555740432612314,0.1914194046604941,depleted,Low cross-weight c
GO:0007034,vacuolar transport,biological_process,5.8737464206118505e-06,0.00031385385040802656,3.5032725389880945,5.231084806622577,2,601,170,6011,0.0033277870216306157,0.1176666340413037,depleted,Low cross-weight c
GO:0006412,translation,biological_process,6.638185146893704e-06,0.0003477454506689741,3.4587385428953255,5.17795063876789,7,601,260,6011,0.011647254575707155,0.2692755663637527,depleted,Low cross-weight c
GO:0010629,negative regulation of gene expression,biological_process,8.24534391395642e-06,0.00042636407400232715,3.3702193966641056,5.083791225183978,9,601,293,6011,0.014975041597337771,0.30721834485186805,depleted,Low cross-weight c
GO:0010557,positive regulation of macromolecule biosynthetic process,biological_process,8.694747036036937e-06,0.00044304574591382716,3.3535514291443502,5.0607430487908145,21,601,469,6011,0.03494176372712146,0.4478356967243648,depleted,Low cross-weight c
GO:0006281,DNA repair,biological_process,8.73377764870676e-06,0.00044304574591382716,3.3535514291443502,5.058797868880092,11,601,322,6011,0.018302828618968387,0.3416717479149658,depleted,Low cross-weight c
GO:0051276,chromosome organization,biological_process,9.765067522338763e-06,0.0004922453848524855,3.3078183469877005,5.010324749357412,7,601,258,6011,0.011647254575707155,0.2713629738549446,depleted,Low cross-weight c
GO:0036211,protein modification process,biological_process,1.0645187807950961e-05,0.0005234428238081408,3.2811307498222844,4.97284667210849,8,601,273,6011,0.013311148086522463,0.29308905182449274,depleted,Low cross-weight c
GO:0006396,RNA processing,biological_process,1.3379572184977843e-05,0.0006538857991621793,3.184498094373699,4.873557773016165,26,601,529,6011,0.04326123128119801,0.49157516300809306,depleted,Low cross-weight c
GO:0072665,protein localization to vacuole,biological_process,1.563597128486057e-05,0.0007549536737840812,3.1220796971618263,4.805875135811935,1,601,134,6011,0.0016638935108153079,0.07463928278739415,depleted,Low cross-weight c
GO:0007165,signal transduction,biological_process,2.2174807503961784e-05,0.0010579231080015102,2.9755458965580925,4.654140141522394,14,601,353,6011,0.02329450915141431,0.3966665566831485,depleted,Low cross-weight c
GO:0045944,positive regulation of transcription by RNA polymerase II,biological_process,3.104415286186885e-05,0.0014466214255109233,2.8396451069754858,4.508020186758101,13,601,335,6011,0.021630615640599003,0.3881242704944496,depleted,Low cross-weight c
GO:0034654,nucleobase-containing compound biosynthetic process,biological_process,3.1402811573023366e-05,0.0014548759234553888,2.8371740431429324,4.503031466704301,19,601,420,6011,0.03161397670549085,0.45245622375406075,depleted,Low cross-weight c
GO:0006310,DNA recombination,biological_process,3.335456742308558e-05,0.0015364187235404078,2.813490408952362,4.476844687359926,6,601,222,6011,0.009983361064891847,0.27031524036515714,depleted,Low cross-weight c
GO:0065003,protein-containing complex assembly,biological_process,3.5951434456324224e-05,0.0016285194403944183,2.7882070526928273,4.444283776656964,27,601,526,6011,0.04492512479201331,0.5133933937733688,depleted,Low cross-weight c
GO:1902680,positive regulation of RNA biosynthetic process,biological_process,3.61667449020844e-05,0.0016285194403944183,2.7882070526928273,4.441690577074096,17,601,392,6011,0.028286189683860232,0.4337456280349078,depleted,Low cross-weight c
GO:0045893,positive regulation of DNA-templated transcription,biological_process,3.61667449020844e-05,0.0016285194403944183,2.7882070526928273,4.441690577074096,17,601,392,6011,0.028286189683860232,0.4337456280349078,depleted,Low cross-weight c
GO:0006605,protein targeting,biological_process,3.9938509268894446e-05,0.001788308110559715,2.747557653779473,4.3986081494897435,2,601,149,6011,0.0033277870216306157,0.13425052206054786,depleted,Low cross-weight c
GO:0071852,fungal-type cell wall organization or biogenesis,biological_process,4.103649476779507e-05,0.0018272639197993194,2.738198721046667,4.386829742633524,5,601,203,6011,0.008319467554076539,0.24634640131800034,depleted,Low cross-weight c
GO:0006753,nucleoside phosphate metabolic process,biological_process,4.2826004290615944e-05,0.001885991342798279,2.7244603051212595,4.368292443826348,5,601,206,6011,0.008319467554076539,0.24275883236676735,depleted,Low cross-weight c
GO:0055086,nucleobase-containing small molecule metabolic process,biological_process,4.7079420383271075e-05,0.00206197570695037,2.685716455638124,4.327168892597858,6,601,218,6011,0.009983361064891847,0.2752751530324078,depleted,Low cross-weight c
GO:0010498,proteasomal protein catabolic process,biological_process,4.9611291736646474e-05,0.0021610570829848994,2.665333761345388,4.304419465026015,4,601,185,6011,0.0066555740432612314,0.21625219229212575,depleted,Low cross-weight c
GO:0051254,positive regulation of RNA metabolic process,biological_process,5.174747514157003e-05,0.0022419243959982908,2.6493790371265855,4.286110835413735,20,601,427,6011,0.033277870216306155,0.4684620090637384,depleted,Low cross-weight c
GO:0072666,establishment of protein localization to vacuole,biological_process,5.2833844537558905e-05,0.002264509432986816,2.6450258658904566,4.277087786044121,1,601,124,6011,0.0016638935108153079,0.08065857978637754,depleted,Low cross-weight c
GO:0043632,modification-dependent macromolecule catabolic process,biological_process,5.839055637902472e-05,0.0024893633477546975,2.6039117090932673,4.233657386519751,5,601,199,6011,0.008319467554076539,0.25129808777665363,depleted,Low cross-weight c
GO:0016071,mRNA metabolic process,biological_process,5.979369085930221e-05,0.002535695408663001,2.5959029157278235,4.223344638244743,10,601,282,6011,0.016638935108153077,0.3546689323940005,depleted,Low cross-weight c
GO:0006399,tRNA metabolic process,biological_process,6.117678885861931e-05,0.002580694540535967,2.588263396932444,4.213413322669779,5,601,202,6011,0.008319467554076539,0.24756593795818851,depleted,Low cross-weight c
GO:0006325,chromatin organization,biological_process,7.449998659418143e-05,0.0031099864195435634,2.5072415074137315,4.127843805400346,14,601,335,6011,0.02329450915141431,0.4179799836094072,depleted,Low cross-weight c
GO:0141188,nucleic acid catabolic process,biological_process,7.992173762945624e-05,0.0033123796408330427,2.4798598933635776,4.097335082406189,3,601,159,6011,0.004991680532445923,0.18871063950020406,depleted,Low cross-weight c
GO:0044283,small molecule biosynthetic process,biological_process,8.06819023738765e-05,0.003316233064239078,2.4793549549142644,4.093223870241911,10,601,276,6011,0.016638935108153077,0.3623791265764788,depleted,Low cross-weight c
GO:0019941,modification-dependent protein catabolic process,biological_process,8.311353319067194e-05,0.003364419032945634,2.4730899188305266,4.080328255259159,5,601,194,6011,0.008319467554076539,0.2577748426162581,depleted,Low cross-weight c
GO:0051246,regulation of protein metabolic process,biological_process,0.00010124233492426495,0.0039973266720097714,2.398230358606543,3.9946378473834936,7,601,225,6011,0.011647254575707155,0.31116287668700315,depleted,Low cross-weight c
GO:0006401,RNA catabolic process,biological_process,0.00011560726738589583,0.00454211886322527,2.342741504865869,3.9370148641301337,3,601,155,6011,0.004991680532445923,0.1935805914873061,depleted,Low cross-weight c
GO:0006790,sulfur compound metabolic process,biological_process,0.00012075375676982703,0.004698259031602736,2.328063042710712,3.9180993490317224,1,601,117,6011,0.0016638935108153079,0.08548430678214372,depleted,Low cross-weight c
GO:0006457,protein folding,biological_process,0.00012424372243936618,0.0048106929244034775,2.31779236404804,3.905725545281286,2,601,136,6011,0.0033277870216306157,0.14708329255162964,depleted,Low cross-weight c
GO:0006511,ubiquitin-dependent protein catabolic process,biological_process,0.0001682629784271161,0.006391600815608226,2.194390356502602,3.774011427895073,5,601,188,6011,0.008319467554076539,0.2660016992955004,depleted,Low cross-weight c
GO:0006629,lipid metabolic process,biological_process,0.00018994747118480907,0.00714755390397298,2.145842560683546,3.721366483934972,13,601,309,6011,0.021630615640599003,0.4207819761023968,depleted,Low cross-weight c
GO:0141187,nucleic acid biosynthetic process,biological_process,0.00025364622106378214,0.00941191880475099,2.0263218280749267,3.5957716036141596,13,601,303,6011,0.021630615640599003,0.42911429246086014,depleted,Low cross-weight c
GO:0006520,amino acid metabolic process,biological_process,0.0002633529840145081,0.009710383110433898,2.012763635234616,3.579461756350766,6,601,200,6011,0.009983361064891847,0.30004991680532445,depleted,Low cross-weight c
GO:0090407,organophosphate biosynthetic process,biological_process,0.00029020164662318736,0.010477325214796607,1.979749575436376,3.537300127675901,9,601,246,6011,0.014975041597337771,0.36591453268942004,depleted,Low cross-weight c
GO:0031505,fungal-type cell wall organization,biological_process,0.0003436928642987651,0.012297760300690188,1.9101739761720082,3.463829484528009,5,601,181,6011,0.008319467554076539,0.2762890578317905,depleted,Low cross-weight c
GO:0006623,protein targeting to vacuole,biological_process,0.0003799559142884471,0.013412161735274496,1.8725012181187224,3.420266790993628,1,601,103,6011,0.0016638935108153079,0.09710353294670694,depleted,Low cross-weight c
GO:0010564,regulation of cell cycle process,biological_process,0.0003799711061647169,0.013412161735274496,1.8725012181187224,3.420249426831394,11,601,272,6011,0.018302828618968387,0.4044790545169815,depleted,Low cross-weight c
GO:0070887,cellular response to chemical stimulus,biological_process,0.00038153123838335435,0.013412161735274496,1.8725012181187224,3.418469897808432,10,601,255,6011,0.016638935108153077,0.3922221134710123,depleted,Low cross-weight c
GO:0071554,cell wall organization or biogenesis,biological_process,0.000384495931284891,0.013457357594971185,1.871040207168632,3.415108251518908,7,601,211,6011,0.011647254575707155,0.3318087547610223,depleted,Low cross-weight c
GO:0045934,negative regulation of nucleobase-containing compound metabolic process,biological_process,0.0003868240679644736,0.013479977846675026,1.870310821530276,3.4124865122028467,8,601,225,6011,0.013311148086522463,0.3556147162137179,depleted,Low cross-weight c
GO:0035556,intracellular signal transduction,biological_process,0.00047968601721163354,0.016643651203252133,1.7787513941822723,3.3190429409802915,12,601,281,6011,0.019966722129783693,0.4271173192958355,depleted,Low cross-weight c
GO:0051253,negative regulation of RNA metabolic process,biological_process,0.0004990530868100313,0.017166997814516742,1.765305648146614,3.3018532538107586,6,601,189,6011,0.009983361064891847,0.3175131394765338,depleted,Low cross-weight c
GO:0044282,small molecule catabolic process,biological_process,0.0005022867751227051,0.017204395310292653,1.7643605870952568,3.2990482563752774,3,601,140,6011,0.004991680532445923,0.2143213691466603,depleted,Low cross-weight c
GO:1901137,carbohydrate derivative biosynthetic process,biological_process,0.000519428021431629,0.017640744032942825,1.7534831015972252,3.2844746253172823,7,601,204,6011,0.011647254575707155,0.3431943492871358,depleted,Low cross-weight c
GO:0006402,mRNA catabolic process,biological_process,0.0005780923219811075,0.019468109078481413,1.7106762290994855,3.2380027987331372,2,601,121,6011,0.0033277870216306157,0.16531675857042671,depleted,Low cross-weight c
GO:0000122,negative regulation of transcription by RNA polymerase II,biological_process,0.000588201043910993,0.019725654255006733,1.704968583321229,3.2304742090632548,4,601,155,6011,0.0066555740432612314,0.25810745531640816,depleted,Low cross-weight c
GO:0072521,purine-containing compound metabolic process,biological_process,0.0005952245757721713,0.01987802072839147,1.7016268608608005,3.225319145839358,4,601,156,6011,0.0066555740432612314,0.2564529203464312,depleted,Low cross-weight c
GO:0051128,regulation of cellular component organization,biological_process,0.000647711704472645,0.021541117474474063,1.6667317708426146,3.18861825495791,24,601,437,6011,0.03993344425956739,0.5492904655475047,depleted,Low cross-weight c
GO:0051726,regulation of cell cycle,biological_process,0.0006966511100192867,0.02307296961489497,1.6368965058532514,3.156984666562984,15,601,316,6011,0.024958402662229616,0.4747625265907032,depleted,Low cross-weight c
GO:0045229,external encapsulating structure organization,biological_process,0.0007050663378907921,0.02316027335325696,1.6352563190762714,3.1517700194277056,6,601,187,6011,0.009983361064891847,0.32090900193082833,depleted,Low cross-weight c
GO:0071555,cell wall organization,biological_process,0.0007050663378907921,0.02316027335325696,1.6352563190762714,3.1517700194277056,6,601,187,6011,0.009983361064891847,0.32090900193082833,depleted,Low cross-weight c
GO:0032787,monocarboxylic acid metabolic process,biological_process,0.0007140949547443572,0.02326614252957733,1.6332756157244233,3.146244035311208,3,601,135,6011,0.004991680532445923,0.22225919763357369,depleted,Low cross-weight c
GO:0000956,nuclear-transcribed mRNA catabolic process,biological_process,0.0008164632012134899,0.025968065705262385,1.5855603986501299,3.0880633845587493,2,601,115,6011,0.0033277870216306157,0.17394198075670983,depleted,Low cross-weight c
GO:0022411,cellular component disassembly,biological_process,0.0008164632012134899,0.025968065705262385,1.5855603986501299,3.0880633845587493,2,601,115,6011,0.0033277870216306157,0.17394198075670983,depleted,Low cross-weight c
GO:0006888,endoplasmic reticulum to Golgi vesicle-mediated transport,biological_process,0.0008353698059823745,0.02636019289349894,1.5790514160706046,3.07812122614083,1,601,94,6011,0.0016638935108153079,0.10640067971820016,depleted,Low cross-weight c
GO:0006091,generation of precursor metabolites and energy,biological_process,0.00084408748924829,0.026530828338529586,1.5762491903781461,3.0736125366343545,4,601,152,6011,0.0066555740432612314,0.26320168140817934,depleted,Low cross-weight c
GO:1903047,mitotic cell cycle process,biological_process,0.0008504187555111712,0.02662541533367983,1.5747036088783353,3.0703671702566493,16,601,328,6011,0.026622296173044926,0.48788604358589344,depleted,Low cross-weight c
GO:0044085,cellular component biogenesis,biological_process,0.0009360198089594894,0.029078289801590343,1.5364311394764505,3.028714960203384,5,601,168,6011,0.008319467554076539,0.2976685682592504,depleted,Low cross-weight c
GO:0016072,rRNA metabolic process,biological_process,0.0010223643742998335,0.031156845855563366,1.5064465143132872,2.990394292513693,17,601,339,6011,0.028286189683860232,0.5015583663412503,depleted,Low cross-weight c
GO:0006066,alcohol metabolic process,biological_process,0.0011854712104973695,0.03545355131394185,1.4503402558603093,2.926108988521684,2,601,111,6011,0.0033277870216306157,0.1802101602434381,depleted,Low cross-weight c
GO:0006644,phospholipid metabolic process,biological_process,0.0012220732544007107,0.03627747086674702,1.4403629979874304,2.9129027605186066,4,601,149,6011,0.0066555740432612314,0.2685010441210957,depleted,Low cross-weight c
GO:0016050,vesicle organization,biological_process,0.001236157466359267,0.03656015532424179,1.4369919678529266,2.9079262036686844,1,601,90,6011,0.0016638935108153079,0.11112959881678684,depleted,Low cross-weight c
GO:0006302,double-strand break repair,biological_process,0.0013277234574611651,0.03898059894341113,1.4091514921599049,2.8768923718093125,6,601,177,6011,0.009983361064891847,0.3390394540173158,depleted,Low cross-weight c
GO:0005975,carbohydrate metabolic process,biological_process,0.0013462220748355657,0.0393794522985659,1.4047303284560186,2.8708832923257943,7,601,192,6011,0.011647254575707155,0.36464399611758186,depleted,Low cross-weight c
GO:0045892,negative regulation of DNA-templated transcription,biological_process,0.0013588967811092026,0.039462165581848764,1.4038190854690167,2.8668135300939626,6,601,179,6011,0.009983361064891847,0.3352513036930999,depleted,Low cross-weight c
GO:1902679,negative regulation of RNA biosynthetic process,biological_process,0.0013588967811092026,0.039462165581848764,1.4038190854690167,2.8668135300939626,6,601,179,6011,0.009983361064891847,0.3352513036930999,depleted,Low cross-weight c
GO:0008033,tRNA processing,biological_process,0.0014603276537786792,0.04210261203250401,1.3756909598385911,2.8355496906106783,3,601,127,6011,0.004991680532445923,0.2362597770120665,depleted,Low cross-weight c
GO:0045814,"negative regulation of gene expression, epigenetic",biological_process,0.0015105419008038844,0.043085385533605455,1.3656700165777949,2.8208672233628787,3,601,129,6011,0.004991680532445923,0.23259683473280965,depleted,Low cross-weight c
GO:0031507,heterochromatin formation,biological_process,0.0015105419008038844,0.043085385533605455,1.3656700165777949,2.8208672233628787,3,601,129,6011,0.004991680532445923,0.23259683473280965,depleted,Low cross-weight c
GO:0070828,heterochromatin organization,biological_process,0.0015105419008038844,0.043085385533605455,1.3656700165777949,2.8208672233628787,3,601,129,6011,0.004991680532445923,0.23259683473280965,depleted,Low cross-weight c
GO:0040029,epigenetic regulation of gene expression,biological_process,0.0016864140678724535,0.0477618683886845,1.320918692451878,2.7730357836177517,4,601,144,6011,0.0066555740432612314,0.27782399704196714,depleted,Low cross-weight c
GO:0006338,chromatin remodeling,biological_process,0.0017080765051692092,0.04820504643989863,1.3169074944109613,2.767492681054087,14,601,287,6011,0.02329450915141431,0.48788604358589344,depleted,Low cross-weight c
GO:0043226,organelle,cellular_component,5.7336428353750944e-102,7.659191220921897e-99,98.1158170876566,101.24156936396311,179,601,4197,6011,0.2978369384359401,0.4265660798042497,depleted,Low cross-weight c
GO:0043229,intracellular organelle,cellular_component,8.92257908763267e-102,1.0216353055339407e-98,97.99070410719567,101.04950959387158,179,601,4195,6011,0.2978369384359401,0.42676944861464505,depleted,Low cross-weight c
GO:0043227,membrane-bounded organelle,cellular_component,6.28381705498518e-87,6.295599211963276e-84,83.2009629276587,86.20177646735692,161,601,3863,6011,0.26788685524126454,0.4168438744124362,depleted,Low cross-weight c
GO:0043231,intracellular membrane-bounded organelle,cellular_component,1.2784125431078573e-86,1.1384973925566083e-83,82.94366795969054,85.89332897694138,161,601,3861,6011,0.26788685524126454,0.4170597997553072,depleted,Low cross-weight c
GO:0032991,protein-containing complex,cellular_component,1.10151251088019e-34,5.517889234190451e-32,31.258227021773234,33.95801056580747,77,601,2030,6011,0.1281198003327787,0.37937345802972056,depleted,Low cross-weight c
GO:0005737,cytoplasm,cellular_component,1.2383880485557356e-33,5.838635417161306e-31,30.23368864262137,32.90714324793326,106,601,2370,6011,0.17637271214642264,0.4473318028321293,depleted,Low cross-weight c
GO:0005634,nucleus,cellular_component,1.6552412119786093e-24,6.982504375793976e-22,21.15598878346332,23.781138709200658,97,601,2040,6011,0.16139767054908485,0.47556931258360247,depleted,Low cross-weight c
GO:0016020,membrane,cellular_component,1.9935191049612886e-21,6.657523177610304e-19,18.17668731292646,20.70037959790502,104,601,2038,6011,0.17304492512479203,0.5103891290113468,depleted,Low cross-weight c
GO:0031090,organelle membrane,cellular_component,4.85926611586637e-20,1.2982339306222986e-17,16.886647044342578,19.313429316313076,51,601,1321,6011,0.08485856905158069,0.38613539634296107,depleted,Low cross-weight c
GO:0005739,mitochondrion,cellular_component,5.32407031496759e-19,1.2931037446807647e-16,15.888366630622357,18.273756217434634,38,601,1105,6011,0.0632279534109817,0.3439486225822724,depleted,Low cross-weight c
GO:1902494,catalytic complex,cellular_component,2.117350132840027e-15,4.3514259781314917e-13,12.361368399838417,14.67420731950208,23,601,780,6011,0.03826955074875208,0.2949208583983958,depleted,Low cross-weight c
GO:0005829,cytosol,cellular_component,3.227095569992785e-14,5.878447953066402e-12,11.23073732263014,13.491188172834116,40,601,1002,6011,0.06655574043261231,0.3992680197010305,depleted,Low cross-weight c
GO:0098588,bounding membrane of organelle,cellular_component,1.349242013901126e-11,1.9311026323959866e-09,8.71419464413942,10.869910143823384,20,601,631,6011,0.033277870216306155,0.31700994908116686,depleted,Low cross-weight c
GO:0005783,endoplasmic reticulum,cellular_component,1.0918033459246259e-10,1.2325075799416727e-08,7.909210401124389,9.961855579095477,18,601,576,6011,0.029950083194675542,0.312551996672213,depleted,Low cross-weight c
GO:0043232,intracellular membraneless organelle,cellular_component,1.5534777851228803e-10,1.705633485994505e-08,7.7681142862464645,9.808694952816172,45,601,959,6011,0.07487520798668885,0.4693168667445117,depleted,Low cross-weight c
GO:0043228,membraneless organelle,cellular_component,1.5534777851228803e-10,1.705633485994505e-08,7.7681142862464645,9.808694952816172,45,601,959,6011,0.07487520798668885,0.4693168667445117,depleted,Low cross-weight c
GO:0005886,plasma membrane,cellular_component,8.878285240312054e-10,8.57342845796399e-08,7.0668454718197715,9.051670906133861,19,601,562,6011,0.03161397670549085,0.33813454444253643,depleted,Low cross-weight c
GO:0140513,nuclear protein-containing complex,cellular_component,4.6832290420559095e-09,4.1706756413420127e-07,6.3797935844655775,8.329454601716417,29,601,691,6011,0.048252911813643926,0.4197514513919155,depleted,Low cross-weight c
GO:0019866,organelle inner membrane,cellular_component,5.429618903280304e-08,4.225086942698217e-06,5.374164349827761,7.265230651812752,8,601,336,6011,0.013311148086522463,0.23813485460740036,depleted,Low cross-weight c
GO:0098796,membrane protein complex,cellular_component,1.3066758408016877e-07,9.268147667279227e-06,5.033007055312184,6.883832138518928,7,601,306,6011,0.011647254575707155,0.22879623285809053,depleted,Low cross-weight c
GO:1990234,transferase complex,cellular_component,1.7849344552161266e-07,1.230880202181751e-05,4.909784213570038,6.748377727036715,13,601,405,6011,0.021630615640599003,0.32104106324849535,depleted,Low cross-weight c
GO:0005743,mitochondrial inner membrane,cellular_component,2.2192960370813576e-07,1.4947611543871498e-05,4.8254281970510045,6.6537847623486375,8,601,317,6011,0.013311148086522463,0.2524079216027966,depleted,Low cross-weight c
GO:0070013,intracellular organelle lumen,cellular_component,5.736363426666845e-07,3.536688681902674e-05,4.451403167406704,6.24136334179003,7,601,291,6011,0.011647254575707155,0.24058985310850758,depleted,Low cross-weight c
GO:0043233,organelle lumen,cellular_component,5.736363426666845e-07,3.536688681902674e-05,4.451403167406704,6.24136334179003,7,601,291,6011,0.011647254575707155,0.24058985310850758,depleted,Low cross-weight c
GO:0031974,membrane-enclosed lumen,cellular_component,5.736363426666845e-07,3.536688681902674e-05,4.451403167406704,6.24136334179003,7,601,291,6011,0.011647254575707155,0.24058985310850758,depleted,Low cross-weight c
GO:0031966,mitochondrial membrane,cellular_component,9.067433191582628e-07,5.464321581243215e-05,4.262463749873791,6.042515635596869,18,601,459,6011,0.029950083194675542,0.3922221134710124,depleted,Low cross-weight c
GO:0005773,vacuole,cellular_component,4.321798393094806e-06,0.0002388911318665853,3.621799971861221,5.36433549631641,10,601,313,6011,0.016638935108153077,0.3195419774284606,depleted,Low cross-weight c
GO:0140535,intracellular protein-containing complex,cellular_component,8.325096338299679e-06,0.00042772850738123034,3.3688318037862572,5.079610732121959,16,601,396,6011,0.026622296173044926,0.40410763206104305,depleted,Low cross-weight c
GO:0000324,fungal-type vacuole,cellular_component,1.0455214280027074e-05,0.0005204878413317826,3.283589411214328,4.980667061872642,8,601,272,6011,0.013311148086522463,0.29416658510325927,depleted,Low cross-weight c
GO:0000322,storage vacuole,cellular_component,1.0455214280027074e-05,0.0005204878413317826,3.283589411214328,4.980667061872642,8,601,272,6011,0.013311148086522463,0.29416658510325927,depleted,Low cross-weight c
GO:0000323,lytic vacuole,cellular_component,1.0645187807950961e-05,0.0005234428238081408,3.2811307498222844,4.97284667210849,8,601,273,6011,0.013311148086522463,0.29308905182449274,depleted,Low cross-weight c
GO:0044391,ribosomal subunit,cellular_component,1.411044491127195e-05,0.0006854255512960284,3.1640397099732147,4.8504592924494725,5,601,216,6011,0.008319467554076539,0.23151999753497257,depleted,Low cross-weight c
GO:0005789,endoplasmic reticulum membrane,cellular_component,1.988581276222658e-05,0.0009543999358637488,3.0202695985225647,4.701456654065145,17,601,400,6011,0.028286189683860232,0.42507071547420966,depleted,Low cross-weight c
GO:0005774,vacuolar membrane,cellular_component,4.2806082784570834e-05,0.001885991342798279,2.7244603051212595,4.368494512947823,10,601,285,6011,0.016638935108153077,0.3509355752109058,depleted,Low cross-weight c
GO:0015934,large ribosomal subunit,cellular_component,5.207036644071612e-05,0.002243784876464192,2.6490187835313193,4.283409366003567,1,601,123,6011,0.0016638935108153079,0.0813143405976489,depleted,Low cross-weight c
GO:0031982,vesicle,cellular_component,6.83817035825879e-05,0.002869525414735298,2.5421899244523356,4.165060083894772,6,601,217,6011,0.009983361064891847,0.276543702124723,depleted,Low cross-weight c
GO:0030659,cytoplasmic vesicle membrane,cellular_component,8.017487839321401e-05,0.0033123796408330427,2.4798598933635776,4.095961690123516,3,601,160,6011,0.004991680532445923,0.1875311980033278,depleted,Low cross-weight c
GO:0012506,vesicle membrane,cellular_component,8.135799906346726e-05,0.003326961033131072,2.4779522857543386,4.089599741088026,3,601,161,6011,0.004991680532445923,0.1863664079536177,depleted,Low cross-weight c
GO:0005759,mitochondrial matrix,cellular_component,8.473108964395174e-05,0.0034126617261119254,2.4669067582387476,4.071957208519205,2,601,140,6011,0.0033277870216306157,0.1428809127644402,depleted,Low cross-weight c
GO:0097708,intracellular vesicle,cellular_component,9.470427200638677e-05,0.003776391741946219,2.422922960734926,4.023630430004601,6,601,212,6011,0.009983361064891847,0.2830659592503061,depleted,Low cross-weight c
GO:0031410,cytoplasmic vesicle,cellular_component,9.470427200638677e-05,0.003776391741946219,2.422922960734926,4.023630430004601,6,601,212,6011,0.009983361064891847,0.2830659592503061,depleted,Low cross-weight c
GO:0000139,Golgi membrane,cellular_component,0.00010082651703168288,0.0039973266720097714,2.398230358606543,3.996425234894038,4,601,176,6011,0.0066555740432612314,0.2273105430343367,depleted,Low cross-weight c
GO:1990904,ribonucleoprotein complex,cellular_component,0.0001162309996707889,0.004544348596884747,2.342528361298666,3.9346780269330752,26,601,496,6011,0.04326123128119801,0.524280768611454,depleted,Low cross-weight c
GO:0005654,nucleoplasm,cellular_component,0.00020624998788307893,0.007724736695714381,2.112116314951305,3.685606068292278,4,601,168,6011,0.0066555740432612314,0.23813485460740036,depleted,Low cross-weight c
GO:0098798,mitochondrial protein-containing complex,cellular_component,0.00024230878759970136,0.009033046198193518,2.044165768626295,3.6156308354008533,3,601,148,6011,0.004991680532445923,0.2027364302738679,depleted,Low cross-weight c
GO:0009277,fungal-type cell wall,cellular_component,0.00026411272839358573,0.009710383110433898,2.012763635234616,3.5782106683201746,2,601,127,6011,0.0033277870216306157,0.15750651800804433,depleted,Low cross-weight c
GO:0005618,cell wall,cellular_component,0.0002712965355141689,0.009928957681032255,2.0030963403400213,3.5665557521900664,2,601,129,6011,0.0033277870216306157,0.15506455648853978,depleted,Low cross-weight c
GO:0030312,external encapsulating structure,cellular_component,0.0002800256870876084,0.010201844918214463,1.9913212826158115,3.5528021284837688,2,601,130,6011,0.0033277870216306157,0.1538717522078587,depleted,Low cross-weight c
GO:0098687,chromosomal region,cellular_component,0.000294203014896052,0.01057415768785586,1.9757542174362004,3.5313528810782033,4,601,164,6011,0.0066555740432612314,0.24394302179294672,depleted,Low cross-weight c
GO:0071944,cell periphery,cellular_component,0.0003570318269201318,0.012718267078954917,1.895572059231438,3.4472930678102394,12,601,285,6011,0.019966722129783693,0.42112269025308696,depleted,Low cross-weight c
GO:0099080,supramolecular complex,cellular_component,0.0007099795715850175,0.02322647455613843,1.6340167048363317,3.148754147161963,10,601,248,6011,0.016638935108153077,0.4032928989318877,depleted,Low cross-weight c
GO:0005840,ribosome,cellular_component,0.0007246700283067801,0.02351510233554187,1.6286531269045303,3.139859700335028,7,601,202,6011,0.011647254575707155,0.34659231314146394,depleted,Low cross-weight c
GO:0098852,lytic vacuole membrane,cellular_component,0.0007396654505057074,0.02371367434321298,1.6250011485377047,3.1309646665558306,8,601,218,6011,0.013311148086522463,0.3670335373765437,depleted,Low cross-weight c
GO:0000329,fungal-type vacuole membrane,cellular_component,0.0007396654505057074,0.02371367434321298,1.6250011485377047,3.1309646665558306,8,601,218,6011,0.013311148086522463,0.3670335373765437,depleted,Low cross-weight c
GO:0005794,Golgi apparatus,cellular_component,0.000979981347850253,0.03032644981860918,1.5181784276198174,3.0087821902287293,6,601,183,6011,0.009983361064891847,0.32792340634461686,depleted,Low cross-weight c
GO:0005935,cellular bud neck,cellular_component,0.0009870693474120468,0.03042831084425983,1.5167221558041215,3.005652334523467,7,601,197,6011,0.011647254575707155,0.3553890723582523,depleted,Low cross-weight c
GO:0005768,endosome,cellular_component,0.0011774325658374298,0.03545355131394185,1.4503402558603093,2.9290639564906376,4,601,147,6011,0.0066555740432612314,0.27215411955131474,depleted,Low cross-weight c
GO:0030427,site of polarized growth,cellular_component,0.0014014433284896392,0.04055078800665869,1.392000701906133,2.853424459531848,13,601,277,6011,0.021630615640599003,0.46939216828751124,depleted,Low cross-weight c
GO:0005488,binding,molecular_function,8.400796254568537e-79,6.733238198036683e-76,75.17177602146505,78.07567954815522,148,601,3632,6011,0.24625623960066556,0.4075567886122249,depleted,Low cross-weight c
GO:0003824,catalytic activity,molecular_function,4.4172514061203904e-48,2.7234053861580714e-45,44.564887707955826,47.35484788233915,72,601,2242,6011,0.11980033277870217,0.3211952722269308,depleted,Low cross-weight c
GO:0005515,protein binding,molecular_function,1.570667104354943e-46,8.992069172432049e-44,43.04614036090646,45.80391585191839,102,601,2593,6011,0.16971713810316139,0.39343220869190243,depleted,Low cross-weight c
GO:0016787,hydrolase activity,molecular_function,1.426735439768824e-21,4.971862847716142e-19,18.30348086017955,20.845656550852123,18,601,851,6011,0.029950083194675542,0.21155105767707955,depleted,Low cross-weight c
GO:0036094,small molecule binding,molecular_function,1.4847891124454356e-19,3.8388983020161826e-17,16.415793392820916,18.828335225676806,62,601,1456,6011,0.10316139767054909,0.42589502843246607,depleted,Low cross-weight c
GO:0043167,ion binding,molecular_function,1.5998182843426494e-18,3.771336337943039e-16,15.423504734314328,17.795929343962236,59,601,1387,6011,0.09816971713810316,0.4254492932351392,depleted,Low cross-weight c
GO:0003676,nucleic acid binding,molecular_function,1.2549212170673734e-14,2.453217940193902e-12,11.610263868010826,13.901383537981253,46,601,1099,6011,0.07653910149750416,0.4186319737047293,depleted,Low cross-weight c
GO:0043168,anion binding,molecular_function,2.2795100236113147e-12,3.6540545678489374e-10,9.437224971395432,11.642158493749577,28,601,777,6011,0.04658901830282862,0.3604203204868763,depleted,Low cross-weight c
GO:1901363,heterocyclic compound binding,molecular_function,4.794090595972779e-12,7.389353101292658e-10,9.131393580121573,11.319293763176939,26,601,737,6011,0.04326123128119801,0.35284024590404506,depleted,Low cross-weight c
GO:0000166,nucleotide binding,molecular_function,6.956757157782623e-12,1.0267098491372893e-09,8.988552271809171,11.157593156463497,23,601,686,6011,0.03826955074875208,0.3353327544471556,depleted,Low cross-weight c
GO:1901265,nucleoside phosphate binding,molecular_function,7.045420050224693e-12,1.0267098491372893e-09,8.988552271809171,11.152093109005092,23,601,687,6011,0.03826955074875208,0.3348446427230695,depleted,Low cross-weight c
GO:0032553,ribonucleotide binding,molecular_function,3.820902744851036e-11,4.785083671872039e-09,8.320110463756603,10.417834016462878,19,601,603,6011,0.03161397670549085,0.3151436384356641,depleted,Low cross-weight c
GO:0035639,purine ribonucleoside triphosphate binding,molecular_function,7.462303921760864e-11,8.66816897578454e-09,8.062072631208297,10.127127067161206,18,601,577,6011,0.029950083194675542,0.31201031210259045,depleted,Low cross-weight c
GO:0017076,purine nucleotide binding,molecular_function,8.161463155628738e-11,9.344875313194906e-09,8.029426488951032,10.08823197562694,21,601,626,6011,0.03494176372712146,0.3355190762998836,depleted,Low cross-weight c
GO:0097367,carbohydrate derivative binding,molecular_function,2.2792880673898628e-10,2.3462328133930246e-08,7.629628895649621,9.642200783125134,21,601,612,6011,0.03494176372712146,0.34319434928713577,depleted,Low cross-weight c
GO:0032555,purine ribonucleotide binding,molecular_function,2.2850756891603244e-10,2.3462328133930246e-08,7.629628895649621,9.641099410106053,19,601,583,6011,0.03161397670549085,0.32595474095489796,depleted,Low cross-weight c
GO:0016462,pyrophosphatase activity,molecular_function,2.3418418599057013e-10,2.3462328133930246e-08,7.629628895649621,9.630442435347842,6,601,356,6011,0.009983361064891847,0.1685673689917553,depleted,Low cross-weight c
GO:0016818,"hydrolase activity, acting on acid anhydrides, in phosphorus-containing anhydrides",molecular_function,2.3418418599057013e-10,2.3462328133930246e-08,7.629628895649621,9.630442435347842,6,601,356,6011,0.009983361064891847,0.1685673689917553,depleted,Low cross-weight c
GO:0016817,"hydrolase activity, acting on acid anhydrides",molecular_function,2.3418418599057013e-10,2.3462328133930246e-08,7.629628895649621,9.630442435347842,6,601,356,6011,0.009983361064891847,0.1685673689917553,depleted,Low cross-weight c
GO:0017111,ribonucleoside triphosphate phosphatase activity,molecular_function,7.816601669977785e-10,7.734575603070611e-08,7.111563511092102,9.106982018903615,5,601,322,6011,0.008319467554076539,0.15530533996134807,depleted,Low cross-weight c
GO:0016740,transferase activity,molecular_function,9.385933754018954e-10,8.850383416289638e-08,7.053037914390094,9.027522515365964,40,601,862,6011,0.06655574043261231,0.46411433380560624,depleted,Low cross-weight c
GO:0140096,"catalytic activity, acting on a protein",molecular_function,1.2394118569198801e-08,1.0241119621868907e-06,5.989652561034129,7.906784353458048,23,601,592,6011,0.03826955074875208,0.38857815802491347,depleted,Low cross-weight c
GO:0030554,adenyl nucleotide binding,molecular_function,6.47830836643027e-08,4.898456750654587e-06,5.309940722061349,7.188538383486741,21,601,538,6011,0.03494176372712146,0.39039952000692774,depleted,Low cross-weight c
GO:0005524,ATP binding,molecular_function,9.667200047661761e-08,7.043873489273547e-06,5.152188452733692,7.014699294265631,18,601,489,6011,0.029950083194675542,0.3681594071230975,depleted,Low cross-weight c
GO:0005198,structural molecule activity,molecular_function,1.4569185044393104e-07,1.0243159485158837e-05,4.9895660653006,6.836564740654292,10,601,359,6011,0.016638935108153077,0.27859788004208397,depleted,Low cross-weight c
GO:0003723,RNA binding,molecular_function,1.5382882748109764e-07,1.0721200454443457e-05,4.969756583901494,6.812962270238045,23,601,556,6011,0.03826955074875208,0.41373789487544743,depleted,Low cross-weight c
GO:0032559,adenyl ribonucleotide binding,molecular_function,1.796793308237865e-07,1.230880202181751e-05,4.909784213570038,6.745501878514041,19,601,495,6011,0.03161397670549085,0.3839022504579909,depleted,Low cross-weight c
GO:0046872,metal ion binding,molecular_function,2.7714201513537345e-07,1.8207321732049328e-05,4.739753933531665,6.55729762954708,34,601,697,6011,0.056572379367720464,0.48788604358589344,depleted,Low cross-weight c
GO:0016491,oxidoreductase activity,molecular_function,2.8443277977707955e-07,1.853437991799425e-05,4.7320219390489395,6.5460203542997055,7,601,300,6011,0.011647254575707155,0.23337215751525237,depleted,Low cross-weight c
GO:0016788,"hydrolase activity, acting on ester bonds",molecular_function,3.1910501268505395e-07,2.0626021586054093e-05,4.685584532077496,6.496066373605425,6,601,276,6011,0.009983361064891847,0.2174274759458873,depleted,Low cross-weight c
GO:0043169,cation binding,molecular_function,8.193690401708314e-07,5.0131624862360414e-05,4.299888218839553,6.0865204498739525,37,601,719,6011,0.06156405990016639,0.5146892406952714,depleted,Low cross-weight c
GO:0098772,molecular function regulator activity,molecular_function,9.62970656041367e-07,5.7171924504974487e-05,4.242817188443006,6.016386946638163,14,601,399,6011,0.02329450915141431,0.3509355752109058,depleted,Low cross-weight c
GO:0003677,DNA binding,molecular_function,1.2840401890165655e-06,7.512103733553118e-05,4.1242384235909,5.891421383124657,23,601,524,6011,0.03826955074875208,0.439004331203719,depleted,Low cross-weight c
GO:0016887,ATP hydrolysis activity,molecular_function,3.468204589690319e-06,0.00019575816750963315,3.708280109063804,5.459895291370911,5,601,235,6011,0.008319467554076539,0.21280135943640033,depleted,Low cross-weight c
GO:0140677,molecular function activator activity,molecular_function,3.7931013592148055e-06,0.00021259935240634033,3.6724380627044497,5.421005551929551,2,601,172,6011,0.0033277870216306157,0.11629841736640484,depleted,Low cross-weight c
GO:0005215,transporter activity,molecular_function,4.192549640667597e-06,0.00023335614840243606,3.6319807519587135,5.377521786553627,18,601,436,6011,0.029950083194675542,0.4129127295486117,depleted,Low cross-weight c
GO:0022857,transmembrane transporter activity,molecular_function,4.601950412874985e-06,0.00025091586774961234,3.6004718733279066,5.337058065269894,15,601,390,6011,0.024958402662229616,0.3846793805196467,depleted,Low cross-weight c
GO:0046914,transition metal ion binding,molecular_function,5.774246522065494e-06,0.0003106079588882882,3.5077874202849193,5.238504678562808,29,601,582,6011,0.048252911813643926,0.49836469572476566,depleted,Low cross-weight c
GO:0140640,"catalytic activity, acting on a nucleic acid",molecular_function,5.943519279803228e-06,0.0003154788544875687,3.5010297447784047,5.225956324175399,17,601,417,6011,0.028286189683860232,0.40774169350044087,depleted,Low cross-weight c
GO:0030234,enzyme regulator activity,molecular_function,6.497812734150281e-06,0.0003426313754224638,3.4651728703578497,5.187232809103241,11,601,328,6011,0.018302828618968387,0.33542165496530174,depleted,Low cross-weight c
GO:0008047,enzyme activator activity,molecular_function,6.9777655612924985e-06,0.0003631609803490868,3.4399008201989236,5.156283626052624,1,601,142,6011,0.0016638935108153079,0.07043425277120292,depleted,Low cross-weight c
GO:0060090,molecular adaptor activity,molecular_function,2.9032350535750806e-05,0.0013768892872428563,2.8611009790404878,4.5371178011169775,8,601,260,6011,0.013311148086522463,0.3077435044157174,depleted,Low cross-weight c
GO:0003735,structural constituent of ribosome,molecular_function,2.9253780203708747e-05,0.0013792296960748564,2.8603634006619068,4.533818005973797,5,601,209,6011,0.008319467554076539,0.2392742558256176,depleted,Low cross-weight c
GO:0140657,ATP-dependent activity,molecular_function,2.969283002153192e-05,0.0013917428808337914,2.856440991556866,4.527348407854876,8,601,261,6011,0.013311148086522463,0.30656441052906713,depleted,Low cross-weight c
GO:0008270,zinc ion binding,molecular_function,8.276457744850863e-05,0.003364419032945634,2.4730899188305266,4.082155497879992,29,601,537,6011,0.048252911813643926,0.5401271003944388,depleted,Low cross-weight c
GO:0016853,isomerase activity,molecular_function,0.0004990530868100313,0.017166997814516742,1.765305648146614,3.3018532538107586,6,601,189,6011,0.009983361064891847,0.3175131394765338,depleted,Low cross-weight c
GO:0042802,identical protein binding,molecular_function,0.0005061408137247614,0.017262632434059413,1.76289297661545,3.2957286410338775,6,601,191,6011,0.009983361064891847,0.3141883945605492,depleted,Low cross-weight c
GO:0140097,"catalytic activity, acting on DNA",molecular_function,0.0005272033396612091,0.01782926062187591,1.7488666666113755,3.2780218472914355,3,601,142,6011,0.004991680532445923,0.21130275831360876,depleted,Low cross-weight c
GO:0030674,protein-macromolecule adaptor activity,molecular_function,0.0007396654505057074,0.02371367434321298,1.6250011485377047,3.1309646665558306,8,601,218,6011,0.013311148086522463,0.3670335373765437,depleted,Low cross-weight c
GO:0016791,phosphatase activity,molecular_function,0.0008243079306202074,0.02611394491668365,1.5831275162990839,3.0839105218134297,2,601,116,6011,0.0033277870216306157,0.17244248092260026,depleted,Low cross-weight c
GO:0004518,nuclease activity,molecular_function,0.0008708035146421376,0.027157549299053434,1.5661094234165323,3.0600798267754015,1,601,97,6011,0.0016638935108153079,0.10310993704650324,depleted,Low cross-weight c
GO:0016772,"transferase activity, transferring phosphorus-containing groups",molecular_function,0.0011044164363561825,0.03352991567195001,1.4745675388244706,2.956867138644803,16,601,322,6011,0.026622296173044926,0.49697708787631384,depleted,Low cross-weight c
GO:0140110,transcription regulator activity,molecular_function,0.0011487742304074951,0.034745001723456875,1.4591076624422137,2.939765315195569,12,601,269,6011,0.019966722129783693,0.44617088000791744,depleted,Low cross-weight c
GO:0008233,peptidase activity,molecular_function,0.0011854712104973695,0.03545355131394185,1.4503402558603093,2.926108988521684,2,601,111,6011,0.0033277870216306157,0.1802101602434381,depleted,Low cross-weight c
GO:0016829,lyase activity,molecular_function,0.0011978321948340714,0.035690055916710345,1.4474527716212595,2.921604018309015,2,601,112,6011,0.0033277870216306157,0.17860114095555027,depleted,Low cross-weight c
GO:0016874,ligase activity,molecular_function,0.001264458314996707,0.037259681598156645,1.4287608606784887,2.898095483334454,2,601,114,6011,0.0033277870216306157,0.1754677876054529,depleted,Low cross-weight c
