GO_id,term,namespace,n_annotated,n_background,mean_c_ann,mean_c_all,rank_biserial,U_stat,p_two,direction,p_fdr,neg_log10_fdr,neg_log10_p
GO:0019752,carboxylic acid metabolic process,biological_process,299,6011,0.8749893778260871,0.7859632289632339,0.38256606990622344,1180634.0,5.829333227070127e-29,high_c,1.011972248219374e-25,24.99483139719034,28.23438111803081
GO:0006753,nucleoside phosphate metabolic process,biological_process,206,6011,0.871923792300971,0.7859632289632339,0.3801451711363655,825209.5,1.6001223603100037e-20,high_c,6.944531043745416e-18,17.158357076346828,19.795846805859338
GO:0044283,small molecule biosynthetic process,biological_process,276,6011,0.863070006521739,0.7859632289632339,0.33054344667247904,1053032.0,1.5477276785822336e-20,high_c,6.944531043745416e-18,17.158357076346828,19.810305450689935
GO:0006520,amino acid metabolic process,biological_process,200,6011,0.8758785359500001,0.7859632289632339,0.38666494579246247,805791.0,1.2589296489582723e-20,high_c,6.944531043745416e-18,17.158357076346828,19.89999853829792
GO:0055086,nucleobase-containing small molecule metabolic process,biological_process,218,6011,0.8685260223577982,0.7859632289632339,0.3648051983016516,861788.5,5.29653078834052e-20,high_c,1.8389554897118285e-17,16.735428782347828,19.27600849885228
GO:0016491,oxidoreductase activity,molecular_function,300,6011,0.8602831301666667,0.7859632289632339,0.3038627210646121,1116954.0,6.40738034117199e-19,high_c,1.5890303246106535e-16,15.79886781475901,18.193319495585225
GO:0005975,carbohydrate metabolic process,biological_process,192,6011,0.8715590686979168,0.7859632289632339,0.37664958899009005,769029.5,5.93263141183834e-19,high_c,1.5890303246106535e-16,15.79886781475901,18.226752633084637
GO:0072521,purine-containing compound metabolic process,biological_process,156,6011,0.8777502987820512,0.7859632289632339,0.4067770259913728,642461.0,3.812614738377513e-18,high_c,8.273373982279203e-16,15.08231734376531,17.41877707761384
GO:1901605,alpha-amino acid metabolic process,biological_process,136,6011,0.8824758327205883,0.7859632289632339,0.4186207759699625,566739.0,6.33586223842501e-17,high_c,1.2221174273228687e-14,13.912887062842898,16.19819427424405
GO:0170039,proteinogenic amino acid metabolic process,biological_process,128,6011,0.881294619453125,0.7859632289632339,0.4154422701002889,532931.0,8.070145316691303e-16,high_c,1.4009772269776102e-13,12.853568924156297,15.093118644996771
GO:0170033,L-amino acid metabolic process,biological_process,124,6011,0.8798269336290322,0.7859632289632339,0.40768889351605786,513798.0,7.194322665271932e-15,high_c,1.1353949224465523e-12,11.94485305229695,14.143010087979198
GO:0009117,nucleotide metabolic process,biological_process,150,6011,0.8680727250266667,0.7859632289632339,0.3656418131149406,600302.0,1.8828730321133282e-14,high_c,2.7238896531239484e-12,11.56481049000817,13.725178964801017
GO:0006163,purine nucleotide metabolic process,biological_process,115,6011,0.8801603631304348,0.7859632289632339,0.414571411716123,479568.0,2.428165103173778e-14,high_c,3.2425343223920607e-12,11.489115418190194,13.61472178672383
GO:0016053,organic acid biosynthetic process,biological_process,152,6011,0.8682334667763157,0.7859632289632339,0.35468824390725917,603221.0,7.60113056178246e-14,high_c,8.797041770169566e-12,11.055663345904508,13.119121807689298
GO:0046394,carboxylic acid biosynthetic process,biological_process,152,6011,0.8682334667763157,0.7859632289632339,0.35468824390725917,603221.0,7.60113056178246e-14,high_c,8.797041770169566e-12,11.055663345904508,13.119121807689298
GO:0032787,monocarboxylic acid metabolic process,biological_process,135,6011,0.8733154839999999,0.7859632289632339,0.360028237904344,539428.0,7.893973355968015e-13,high_c,8.564961091225296e-11,10.067274605600343,12.102704343784891
GO:0044282,small molecule catabolic process,biological_process,140,6011,0.8745513881428572,0.7859632289632339,0.35272160984986733,555928.0,9.108505541963384e-13,high_c,9.301391541675549e-11,10.031452073632893,12.040552873095093
GO:0008652,amino acid biosynthetic process,biological_process,96,6011,0.8819687437499999,0.7859632289632339,0.4233446041138349,404116.0,1.0319808072044853e-12,high_c,9.952881562816592e-11,10.002051163912235,11.986328379649402
GO:1901607,alpha-amino acid biosynthetic process,biological_process,93,6011,0.8821910233333333,0.7859632289632339,0.422472718551385,391446.0,2.5365048929843633e-12,high_c,2.3175644706425553e-10,9.634968175692697,11.59576429558034
GO:0006091,generation of precursor metabolites and energy,biological_process,152,6011,0.8654276794736842,0.7859632289632339,0.32862510218197816,591615.5,4.279853947455995e-12,high_c,3.7149132263918035e-10,9.430051326113189,11.36857105128968
GO:0019842,vitamin binding,molecular_function,49,6011,0.9152352989795919,0.7859632289632339,0.5719077970000479,229607.0,5.0175869591805106e-12,high_c,4.1478718862558887e-10,9.382174665964618,11.299505092071172
GO:0043233,organelle lumen,cellular_component,291,6011,0.8479789908591064,0.7859632289632339,0.23870365030158847,1030923.5,6.008475552808018e-12,high_c,4.346130649864466e-10,9.3618972224098,11.221235701538667
GO:0070013,intracellular organelle lumen,cellular_component,291,6011,0.8479789908591064,0.7859632289632339,0.23870365030158847,1030923.5,6.008475552808018e-12,high_c,4.346130649864466e-10,9.3618972224098,11.221235701538667
GO:0031974,membrane-enclosed lumen,cellular_component,291,6011,0.8479789908591064,0.7859632289632339,0.23870365030158847,1030923.5,6.008475552808018e-12,high_c,4.346130649864466e-10,9.3618972224098,11.221235701538667
GO:0170038,proteinogenic amino acid biosynthetic process,biological_process,90,6011,0.8802297567777777,0.7859632289632339,0.41150331212820657,376088.0,1.942381661256251e-11,high_c,1.3487898255763408e-09,8.870055718751894,10.711665430920329
GO:0046496,nicotinamide nucleotide metabolic process,biological_process,69,6011,0.8898961336231884,0.7859632289632339,0.4630315269830585,299920.0,3.521434344129274e-11,high_c,2.351234623618623e-09,8.628704031590175,10.45328040445983
GO:0016052,carbohydrate catabolic process,biological_process,78,6011,0.8888105694871796,0.7859632289632339,0.43536153716500925,332124.0,3.695038967137945e-11,high_c,2.3757732025746197e-09,8.624195020581242,10.432380977262728
GO:0000324,fungal-type vacuole,cellular_component,272,6011,0.8470992402205882,0.7859632289632339,0.2356983436343696,964467.5,4.760813155681707e-11,high_c,2.8499212545736016e-09,8.545167139702587,10.322318862644103
GO:0000322,storage vacuole,cellular_component,272,6011,0.8470992402205882,0.7859632289632339,0.2356983436343696,964467.5,4.760813155681707e-11,high_c,2.8499212545736016e-09,8.545167139702587,10.322318862644103
GO:0000323,lytic vacuole,cellular_component,273,6011,0.8470780373626373,0.7859632289632339,0.23489505730704763,967215.5,5.1243147959128066e-11,high_c,2.9652701619015442e-09,8.527935732492631,10.29036419861344
GO:0006066,alcohol metabolic process,biological_process,111,6011,0.8747197335135133,0.7859632289632339,0.36282485875706216,446257.0,5.419058053199661e-11,high_c,3.0346725097918103e-09,8.51788816945341,10.266076196459611
GO:0072524,pyridine-containing compound metabolic process,biological_process,84,6011,0.8824608585714283,0.7859632289632339,0.4098154530919842,350951.0,1.0509546460945439e-10,high_c,5.701428955062901e-09,8.244016283007687,9.978416025528253
GO:0005618,cell wall,cellular_component,129,6011,0.873463077751938,0.7859632289632339,0.32875360118506336,504114.5,1.5844506016156724e-10,high_c,8.335170437590324e-09,8.0790855152903,9.800121296252886
GO:0009277,fungal-type cell wall,cellular_component,127,6011,0.8735179112598427,0.7859632289632339,0.33054406183591434,497136.5,1.7378382511868778e-10,high_c,8.520470329792566e-09,8.069536431524865,9.759990647844765
GO:0016614,"oxidoreductase activity, acting on CH-OH group of donors",molecular_function,88,6011,0.880851794431818,0.7859632289632339,0.3959621966755176,363804.5,1.7050942738304015e-10,high_c,8.520470329792566e-09,8.069536431524865,9.768251604077664
GO:0006790,sulfur compound metabolic process,biological_process,117,6011,0.8711961684615385,0.7859632289632339,0.343951113547313,463393.0,1.7669178103256473e-10,high_c,8.520470329792566e-09,8.069536431524865,9.752783651598051
GO:0030170,pyridoxal phosphate binding,molecular_function,38,6011,0.9196737342105263,0.7859632289632339,0.5978834580172179,181339.0,1.9802802897969515e-10,high_c,8.996027844643325e-09,8.045949208999385,9.703273335144024
GO:0070279,vitamin B6 binding,molecular_function,38,6011,0.9196737342105263,0.7859632289632339,0.5978834580172179,181339.0,1.9802802897969515e-10,high_c,8.996027844643325e-09,8.045949208999385,9.703273335144024
GO:0016054,organic acid catabolic process,biological_process,86,6011,0.8828807726744187,0.7859632289632339,0.39883819056029823,356389.0,2.020997038831162e-10,high_c,8.996027844643325e-09,8.045949208999385,9.69443432281336
GO:0030312,external encapsulating structure,cellular_component,130,6011,0.8730192156153845,0.7859632289632339,0.3251160843917178,506545.5,2.1508194138599884e-10,high_c,9.33455625615235e-09,8.029906322608847,9.667396052121358
GO:0046395,carboxylic acid catabolic process,biological_process,85,6011,0.8829153558823529,0.7859632289632339,0.40012705723531394,352629.0,2.2442729412873505e-10,high_c,9.502580063597172e-09,8.022158462579164,9.6489243266999
GO:0170034,L-amino acid biosynthetic process,biological_process,86,6011,0.8771650983720929,0.7859632289632339,0.39375919929349434,355095.0,3.413089926688181e-10,high_c,1.4107438363644482e-08,7.850551838515838,9.46685226895841
GO:0019693,ribose phosphate metabolic process,biological_process,89,6011,0.8662166428539324,0.7859632289632339,0.37528697031446256,362428.0,1.1566836027127505e-09,high_c,4.669773800719383e-08,7.330704155724808,8.936785420985695
GO:0016874,ligase activity,molecular_function,114,6011,0.8671399294736842,0.7859632289632339,0.33135195118540794,447506.0,1.2882592271042021e-09,high_c,5.082768223302034e-08,7.2938996938849385,8.889996738239224
GO:0008645,hexose transmembrane transport,biological_process,24,6011,0.9336008966666666,0.7859632289632339,0.7101776070374701,122866.0,1.816096748862577e-09,high_c,6.853791208750942e-08,7.164069129884047,8.740861019042946
GO:0015749,monosaccharide transmembrane transport,biological_process,24,6011,0.9336008966666666,0.7859632289632339,0.7101776070374701,122866.0,1.816096748862577e-09,high_c,6.853791208750942e-08,7.164069129884047,8.740861019042946
GO:0016829,lyase activity,molecular_function,112,6011,0.8645630561964285,0.7859632289632339,0.3299969123095925,439356.5,2.075323491028105e-09,high_c,7.665450171116575e-08,7.115462335122595,8.682914198027351
GO:1901293,nucleoside phosphate biosynthetic process,biological_process,114,6011,0.8580014138947368,0.7859632289632339,0.32673318874598745,445953.5,2.1737675188980707e-09,high_c,7.821100008743807e-08,7.106732160734195,8.662786904894878
GO:0009259,ribonucleotide metabolic process,biological_process,82,6011,0.8662700456585366,0.7859632289632339,0.3840445269016697,336446.0,2.2075685508551067e-09,high_c,7.821100008743807e-08,7.106732160734195,8.656085801546153
GO:0016616,"oxidoreductase activity, acting on the CH-OH group of donors, NAD or NADP as acceptor",molecular_function,83,6011,0.8776209737349397,0.7859632289632339,0.3767682064289546,338701.5,3.5567539691728246e-09,high_c,1.2349049780968047e-07,6.908366458660086,8.44894617516454
GO:0009150,purine ribonucleotide metabolic process,biological_process,67,6011,0.8821763825373133,0.7859632289632339,0.4181464815893614,282387.0,3.756073039936512e-09,high_c,1.278537803397997e-07,6.893286426367074,8.42526597110961
GO:1901135,carbohydrate derivative metabolic process,biological_process,291,6011,0.840774596371134,0.7859632289632339,0.203056136303559,1001255.5,4.8545398161436746e-09,high_c,1.6206694463125808e-07,6.790305555343662,8.313851932549335
GO:0006090,pyruvate metabolic process,biological_process,39,6011,0.9087735941025642,0.7859632289632339,0.5419994160784516,179572.0,5.125726929286205e-09,high_c,1.6789173489133684e-07,6.774970683131972,8.290244534371656
GO:0051119,sugar transmembrane transporter activity,molecular_function,19,6011,0.9421079363157896,0.7859632289632339,0.7715901904293443,100846.0,6.041160629614613e-09,high_c,1.8727597951805302e-07,6.727517922740877,8.218879616575151
GO:0015145,monosaccharide transmembrane transporter activity,molecular_function,19,6011,0.9421079363157896,0.7859632289632339,0.7715901904293443,100846.0,6.041160629614613e-09,high_c,1.8727597951805302e-07,6.727517922740877,8.218879616575151
GO:0015149,hexose transmembrane transporter activity,molecular_function,19,6011,0.9421079363157896,0.7859632289632339,0.7715901904293443,100846.0,6.041160629614613e-09,high_c,1.8727597951805302e-07,6.727517922740877,8.218879616575151
GO:0009205,purine ribonucleoside triphosphate metabolic process,biological_process,45,6011,0.8989624211111112,0.7859632289632339,0.4878608410623162,199723.0,1.635945583050438e-08,high_c,4.982458828378176e-07,6.302556281324323,7.786231146492304
GO:0009141,nucleoside triphosphate metabolic process,biological_process,58,6011,0.8859653505172415,0.7859632289632339,0.427173780823346,246383.0,2.057996988679267e-08,high_c,6.159797883357255e-07,6.210433537767836,7.686555265045372
GO:0072522,purine-containing compound biosynthetic process,biological_process,82,6011,0.8645050485365852,0.7859632289632339,0.3549893248974656,329383.0,3.217114557104405e-08,high_c,9.465950629039402e-07,6.0238357649844065,7.492533474182736
GO:0002181,cytoplasmic translation,biological_process,131,6011,0.8611621157251909,0.7859632289632339,0.2790335981720933,492607.0,4.4867493460706106e-08,high_c,1.2981661441297632e-06,5.886669721355991,7.34806819181282
GO:0005576,extracellular region,cellular_component,68,6011,0.8681902202941175,0.7859632289632339,0.38467401094713494,279790.0,4.6924050207845567e-08,high_c,1.3354123141118017e-06,5.874384623365268,7.3286045091949745
GO:0009144,purine nucleoside triphosphate metabolic process,biological_process,47,6011,0.8952425010638299,0.7859632289632339,0.45998687158411466,204623.0,5.3235423314013066e-08,high_c,1.490591852792366e-06,5.826641256845865,7.273799288188084
GO:0055056,D-glucose transmembrane transporter activity,molecular_function,16,6011,0.9431254343750001,0.7859632289632339,0.7780442035029191,85275.0,7.33565454262145e-08,high_c,2.0213803628556883e-06,5.694351957664048,7.134561129050939
GO:0015755,fructose transmembrane transport,biological_process,18,6011,0.9358342127777779,0.7859632289632339,0.7285722231492298,93234.0,9.023962405487526e-08,high_c,2.4477498024884914e-06,5.611232975804161,7.044602722660747
GO:0006099,tricarboxylic acid cycle,biological_process,28,6011,0.9106852582142856,0.7859632289632339,0.5767949666913397,132075.5,1.3377826486634779e-07,high_c,3.572908735507381e-06,5.446978077044621,6.873614441242239
GO:0005996,monosaccharide metabolic process,biological_process,58,6011,0.8832533237931035,0.7859632289632339,0.39980421346524797,241658.0,1.539260152205463e-07,high_c,4.048720642770733e-06,5.3926821880349065,6.81268797333351
GO:0019318,hexose metabolic process,biological_process,50,6011,0.8871748293999999,0.7859632289632339,0.42739808756919984,212718.0,1.865683407592364e-07,high_c,4.806598490910147e-06,5.318162154231849,6.729162050836499
GO:0005759,mitochondrial matrix,cellular_component,140,6011,0.8578110692857142,0.7859632289632339,0.257285203299511,516706.5,1.882768994135311e-07,high_c,4.806598490910147e-06,5.318162154231849,6.725202962366086
GO:0046034,ATP metabolic process,biological_process,40,6011,0.89614825875,0.7859632289632339,0.4754228772399933,176195.0,2.1011105787937676e-07,high_c,5.286272412733305e-06,5.276850460519762,6.6775510906229805
GO:0071944,cell periphery,cellular_component,285,6011,0.8370370239298246,0.7859632289632339,0.181708550103866,964221.0,2.1567772865828325e-07,high_c,5.348807670725425e-06,5.271743017929316,6.666194698755532
GO:0015078,proton transmembrane transporter activity,molecular_function,87,6011,0.861571187816092,0.7859632289632339,0.32167997702701645,340589.0,2.486793808212948e-07,high_c,6.080385987405179e-06,5.216068850516849,6.604360222638246
GO:0006457,protein folding,biological_process,136,6011,0.8600336833088233,0.7859632289632339,0.25821526908635795,502657.0,2.5241781693459535e-07,high_c,6.086074030534132e-06,5.215662769221209,6.597879993630414
GO:0015578,mannose transmembrane transporter activity,molecular_function,15,6011,0.9411169726666666,0.7859632289632339,0.7650433622414943,79374.0,2.9728714024527076e-07,high_c,6.974195614402569e-06,5.156505875562825,6.526823876672322
GO:0005353,fructose transmembrane transporter activity,molecular_function,15,6011,0.9411169726666666,0.7859632289632339,0.7650433622414943,79374.0,2.9728714024527076e-07,high_c,6.974195614402569e-06,5.156505875562825,6.526823876672322
GO:0046165,alcohol biosynthetic process,biological_process,70,6011,0.8672576754285716,0.7859632289632339,0.34706518864068103,280102.0,5.744002693974392e-07,high_c,1.3295451568986057e-05,4.876296907630016,6.240785365078789
GO:0016051,carbohydrate biosynthetic process,biological_process,58,6011,0.8733803677586208,0.7859632289632339,0.3805789025527553,238339.0,5.86991948717041e-07,high_c,1.3408131881220831e-05,4.87263172700998,6.231367855569662
GO:0022625,cytosolic large ribosomal subunit,cellular_component,75,6011,0.8765643856000003,0.7859632289632339,0.33473495058400715,297112.0,6.064444683581056e-07,high_c,1.3672566195710017e-05,4.86414996531211,6.217208960980101
GO:0090407,organophosphate biosynthetic process,biological_process,246,6011,0.8368425590813008,0.7859632289632339,0.18688116542917377,841611.5,6.645726081361095e-07,high_c,1.4791000611849822e-05,4.830002444968248,6.177457563118241
GO:0034219,carbohydrate transmembrane transport,biological_process,35,6011,0.8978759154285715,0.7859632289632339,0.4856473513100019,155369.0,6.997469451259771e-07,high_c,1.5376717680236664e-05,4.813136359300088,6.15505898885012
GO:0015295,solute:proton symporter activity,molecular_function,34,6011,0.8942863776470588,0.7859632289632339,0.48905116672735693,151301.0,8.447822641163228e-07,high_c,1.8331775131324203e-05,4.736795478714182,6.073255212562712
GO:0034308,primary alcohol metabolic process,biological_process,29,6011,0.9099517972413792,0.7859632289632339,0.5289085647747842,132616.0,8.61238423418856e-07,high_c,1.845814695129795e-05,4.733811900776022,6.0648766027378445
GO:0046434,organophosphate catabolic process,biological_process,62,6011,0.8779725262903223,0.7859632289632339,0.35917665750275196,250658.0,1.1005753785317145e-06,high_c,2.3299986062573857e-05,4.632644338757204,5.95838020721396
GO:0015293,symporter activity,molecular_function,37,6011,0.8904098259459459,0.7859632289632339,0.4632054216921977,161712.0,1.14643904187624e-06,high_c,2.3693073532108955e-05,4.6253785977216015,5.940649032500193
GO:0015294,solute:monoatomic cation symporter activity,molecular_function,37,6011,0.8904098259459459,0.7859632289632339,0.4632054216921977,161712.0,1.14643904187624e-06,high_c,2.3693073532108955e-05,4.6253785977216015,5.940649032500193
GO:0015761,mannose transmembrane transport,biological_process,16,6011,0.931627136875,0.7859632289632339,0.700625521267723,81562.0,1.25256480540989e-06,high_c,2.5581794143430223e-05,4.5920690001518425,5.9021997952780225
GO:0009063,amino acid catabolic process,biological_process,48,6011,0.8834163725,0.7859632289632339,0.4026426854491587,200735.0,1.494721753682326e-06,high_c,3.0172522841773462e-05,4.520388375259098,5.8254396448560035
GO:0072329,monocarboxylic acid catabolic process,biological_process,42,6011,0.890358223809524,0.7859632289632339,0.42914582485699926,179142.0,1.587865666283578e-06,high_c,3.168430800768151e-05,4.499155773523031,5.799186241744886
GO:0009132,nucleoside diphosphate metabolic process,biological_process,31,6011,0.9041923680645161,0.7859632289632339,0.49802567698780886,138852.0,1.6683543247829971e-06,high_c,3.2912080770719126e-05,4.482644659830362,5.777711708520666
GO:1902600,proton transmembrane transport,biological_process,81,6011,0.8571817191358024,0.7859632289632339,0.3088210188828513,314333.0,1.7436635846411275e-06,high_c,3.4011235763337045e-05,4.46837758813643,5.75853730233199
GO:0072526,pyridine-containing compound catabolic process,biological_process,28,6011,0.908468487857143,0.7859632289632339,0.5193285738162889,127262.0,2.052585339220444e-06,high_c,3.9592090543185454e-05,4.402391566007346,5.687698777408493
GO:0009165,nucleotide biosynthetic process,biological_process,86,6011,0.8491936570232558,0.7859632289632339,0.2973800412128349,330540.0,2.1171052509666224e-06,high_c,4.038785401844018e-05,4.393749222163251,5.674257550682631
GO:0006739,NADP+ metabolic process,biological_process,22,6011,0.90776474,0.7859632289632339,0.5832359325429954,104302.0,2.255201731018841e-06,high_c,4.2554676141833785e-05,4.371052710291216,5.646814603786134
GO:0044183,protein folding chaperone,molecular_function,43,6011,0.8908378844186048,0.7859632289632339,0.4164536442421598,181748.0,2.445525331379067e-06,high_c,4.564980618574258e-05,4.34056106199915,5.611627834285688
GO:0051156,glucose 6-phosphate metabolic process,biological_process,20,6011,0.910054616,0.7859632289632339,0.6091303622099817,96403.0,2.4772748115345542e-06,high_c,4.5750522051319004e-05,4.339603945909805,5.60602581315058
GO:0004553,"hydrolase activity, hydrolyzing O-glycosyl compounds",molecular_function,48,6011,0.8714129683333333,0.7859632289632339,0.3935868410755212,199439.0,2.554714278563682e-06,high_c,4.668404197459528e-05,4.3308315491290745,5.5926576646807
GO:0000287,magnesium ion binding,molecular_function,67,6011,0.8634658734328359,0.7859632289632339,0.33285289568309184,265403.0,2.702756914499235e-06,high_c,4.887485420386117e-05,4.310914525116343,5.568193012917248
GO:1990204,oxidoreductase complex,cellular_component,28,6011,0.9044792971428571,0.7859632289632339,0.5114073207421026,126598.5,2.928774312042383e-06,high_c,5.241600212067605e-05,4.280536106684764,5.533314093258992
GO:0006006,glucose metabolic process,biological_process,30,6011,0.9033686226666667,0.7859632289632339,0.4936632670122054,134004.0,2.9950608643379075e-06,high_c,5.305536388255722e-05,4.275270702491461,5.523594347639439
GO:0008643,carbohydrate transport,biological_process,36,6011,0.8870044316666665,0.7859632289632339,0.44914923291492337,155856.0,3.267245418953234e-06,high_c,5.7292303508109236e-05,4.241903716051148,5.485818242294071
GO:0016879,"ligase activity, forming carbon-nitrogen bonds",molecular_function,42,6011,0.8858618228571428,0.7859632289632339,0.4149853608724441,177367.0,3.459458648872946e-06,high_c,6.005620214443434e-05,4.221442135338277,5.46099185617875
GO:0005351,carbohydrate:proton symporter activity,molecular_function,25,6011,0.9048044080000001,0.7859632289632339,0.5362512529234882,114950.0,3.5873394523362766e-06,high_c,6.105511067897821e-05,4.214277977144454,5.44522752622301
GO:0005402,carbohydrate:monoatomic cation symporter activity,molecular_function,25,6011,0.9048044080000001,0.7859632289632339,0.5362512529234882,114950.0,3.5873394523362766e-06,high_c,6.105511067897821e-05,4.214277977144454,5.44522752622301
GO:0009135,purine nucleoside diphosphate metabolic process,biological_process,27,6011,0.9077045707407408,0.7859632289632339,0.5148172905525847,122373.0,3.791467151489567e-06,high_c,6.328833629794123e-05,4.1986763207596525,5.4211927023013455
GO:0009179,purine ribonucleoside diphosphate metabolic process,biological_process,27,6011,0.9077045707407408,0.7859632289632339,0.5148172905525847,122373.0,3.791467151489567e-06,high_c,6.328833629794123e-05,4.1986763207596525,5.4211927023013455
GO:0051082,unfolded protein binding,molecular_function,81,6011,0.8631721496296297,0.7859632289632339,0.2976786792413548,311657.0,4.054581795367865e-06,high_c,6.703575235008203e-05,4.173693512118889,5.392053933889423
GO:0046031,ADP metabolic process,biological_process,26,6011,0.9083356869230769,0.7859632289632339,0.5206734785682154,118316.0,4.473636871230942e-06,high_c,7.326635479676335e-05,4.135095415271858,5.349339270847562
GO:0019364,pyridine nucleotide catabolic process,biological_process,26,6011,0.9083639369230769,0.7859632289632339,0.519645267013688,118236.0,4.67184078142289e-06,high_c,7.579734202383306e-05,4.120346023452666,5.330511966607929
GO:0046032,ADP catabolic process,biological_process,24,6011,0.9106130066666668,0.7859632289632339,0.5385279216079284,110534.0,5.115576491454573e-06,high_c,7.929143561754587e-05,4.100773718923327,5.291105417093619
GO:0006096,glycolytic process,biological_process,24,6011,0.9106130066666668,0.7859632289632339,0.5385279216079284,110534.0,5.115576491454573e-06,high_c,7.929143561754587e-05,4.100773718923327,5.291105417093619
GO:0044272,sulfur compound biosynthetic process,biological_process,60,6011,0.8766973193333334,0.7859632289632339,0.3418921189716013,239568.0,5.028459055223679e-06,high_c,7.929143561754587e-05,4.100773718923327,5.298565081811439
GO:0009181,purine ribonucleoside diphosphate catabolic process,biological_process,24,6011,0.9106130066666668,0.7859632289632339,0.5385279216079284,110534.0,5.115576491454573e-06,high_c,7.929143561754587e-05,4.100773718923327,5.291105417093619
GO:0009137,purine nucleoside diphosphate catabolic process,biological_process,24,6011,0.9106130066666668,0.7859632289632339,0.5385279216079284,110534.0,5.115576491454573e-06,high_c,7.929143561754587e-05,4.100773718923327,5.291105417093619
GO:0009134,nucleoside diphosphate catabolic process,biological_process,26,6011,0.9059232946153847,0.7859632289632339,0.5155709787288734,117919.0,5.543115989239435e-06,high_c,8.515795891433327e-05,4.069774756379619,5.256246033736672
GO:0006164,purine nucleotide biosynthetic process,biological_process,60,6011,0.8622430941666667,0.7859632289632339,0.3384081106816781,238946.0,6.269474823659634e-06,high_c,9.547200257783444e-05,4.020123967773615,5.202768837277615
GO:0015144,carbohydrate transmembrane transporter activity,molecular_function,29,6011,0.8959576244827587,0.7859632289632339,0.48280473604722207,128617.0,7.0557651484830625e-06,high_c,0.00010651137650231822,3.972604002663653,5.151455883150515
GO:0009185,ribonucleoside diphosphate metabolic process,biological_process,29,6011,0.9018226010344828,0.7859632289632339,0.48202077496858386,128549.0,7.3014784422263575e-06,high_c,0.0001092704015146979,3.9614974611029052,5.1365891927164595
GO:0016830,carbon-carbon lyase activity,molecular_function,37,6011,0.8709234533513516,0.7859632289632339,0.4217872040101702,157134.5,9.43685506810378e-06,high_c,0.00014002034528400137,3.853808855731698,5.0251727148260095
GO:1901606,alpha-amino acid catabolic process,biological_process,37,6011,0.8835830375675674,0.7859632289632339,0.4206697490929161,157011.0,9.963945652545913e-06,high_c,0.0001459027800765012,3.8359364328469128,5.001568649949641
GO:0015980,energy derivation by oxidation of organic compounds,biological_process,109,6011,0.8510674734862387,0.7859632289632339,0.24653592779931532,400959.5,1.0001400247179517e-05,high_c,0.0001459027800765012,3.8359364328469128,4.999939192294855
GO:1902652,secondary alcohol metabolic process,biological_process,42,6011,0.8851912521428572,0.7859632289632339,0.3878212032006638,173962.0,1.4401979251332486e-05,high_c,0.00020834863316927663,3.681209344301918,4.841577819094766
GO:0009154,purine ribonucleotide catabolic process,biological_process,26,6011,0.9040976430769232,0.7859632289632339,0.49067540646488017,115982.0,1.534135246671204e-05,high_c,0.00022010403208439752,3.6573720015358613,4.814136352059885
GO:0018455,alcohol dehydrogenase [NAD(P)+] activity,molecular_function,22,6011,0.9115421250000003,0.7859632289632339,0.5312466795185111,100877.0,1.650777086660191e-05,high_c,0.00023489746085590918,3.6291216777401782,4.782311567905903
GO:1901292,nucleoside phosphate catabolic process,biological_process,43,6011,0.8832846786046511,0.7859632289632339,0.3801359186981732,177088.0,1.695373112479143e-05,high_c,0.00023735223574708003,3.624606673075401,4.770734708753639
GO:0009191,ribonucleoside diphosphate catabolic process,biological_process,25,6011,0.9034105647999999,0.7859632289632339,0.49794854660875365,112084.0,1.685249970270812e-05,high_c,0.00023735223574708003,3.624606673075401,4.7733356718504805
GO:0015075,monoatomic ion transmembrane transporter activity,molecular_function,156,6011,0.8377330708333333,0.7859632289632339,0.1991635463881407,547646.0,2.1195235014097846e-05,high_c,0.0002943594238757909,3.5311220557521374,4.6737617635845545
GO:0009067,aspartate family amino acid biosynthetic process,biological_process,31,6011,0.8907431964516129,0.7859632289632339,0.4413313194519366,133597.0,2.189335860188566e-05,high_c,0.00030164182962598017,3.5205084336375068,4.659687609360417
GO:0009311,oligosaccharide metabolic process,biological_process,24,6011,0.8903808841666665,0.7859632289632339,0.5002644618896499,107785.0,2.275461565224684e-05,high_c,0.0003110394706480355,3.5071844958704372,4.642930495754953
GO:0006195,purine nucleotide catabolic process,biological_process,29,6011,0.8994732386206897,0.7859632289632339,0.4549971754343489,126205.0,2.3031198057841564e-05,high_c,0.0003123606236594762,3.5053437187295566,4.637683469922162
GO:0046390,ribose phosphate biosynthetic process,biological_process,58,6011,0.8482388735172415,0.7859632289632339,0.3191320516459393,227731.0,2.8031500599391648e-05,high_c,0.00037723011659336354,3.4233936421590188,4.552353652700242
GO:0006979,response to oxidative stress,biological_process,123,6011,0.8402881549593495,0.7859632289632339,0.2194100167903852,441563.0,3.032514746843116e-05,high_c,0.0004018660763755457,3.395918653337021,4.518197078521729
GO:0009260,ribonucleotide biosynthetic process,biological_process,52,6011,0.847783163346154,0.7859632289632339,0.33552351323789487,206918.0,3.017595565490012e-05,high_c,0.0004018660763755457,3.395918653337021,4.520338967160102
GO:0006458,'de novo' protein folding,biological_process,16,6011,0.917575240625,0.7859632289632339,0.5960383653044203,76546.0,3.730608094724185e-05,high_c,0.0004906314888213018,3.3092445821335508,4.428220371768174
GO:0009261,ribonucleotide catabolic process,biological_process,27,6011,0.8976700251851851,0.7859632289632339,0.4548673004555357,117530.0,4.4227810066066406e-05,high_c,0.0005772893103360247,3.238606484256193,4.35430456412958
GO:0170035,L-amino acid catabolic process,biological_process,33,6011,0.8806032521212122,0.7859632289632339,0.41063698206555355,139141.0,4.617945156311474e-05,high_c,0.0005982651336833371,3.2231063066852146,4.33555122916088
GO:0050660,flavin adenine dinucleotide binding,molecular_function,35,6011,0.8748519582857143,0.7859632289632339,0.3981401797666857,146217.5,4.75322588750412e-05,high_c,0.0006112296400523817,3.2137955938972267,4.323011546242694
GO:0009166,nucleotide catabolic process,biological_process,33,6011,0.8914200236363636,0.7859632289632339,0.4075651124831452,138838.0,5.26168712899873e-05,high_c,0.0006716388864663085,3.1728641670771185,4.278874979547374
GO:0005984,disaccharide metabolic process,biological_process,21,6011,0.8889312661904764,0.7859632289632339,0.5082597980761587,94862.0,5.655645099036314e-05,high_c,0.0007166569264180322,3.144688697359844,4.24751785104391
GO:0034220,monoatomic ion transmembrane transport,biological_process,154,6011,0.83541472987013,0.7859632289632339,0.18943255822204086,536421.0,5.848426514169449e-05,high_c,0.0007357151035216061,3.133290328219073,4.23296096265831
GO:1901136,carbohydrate derivative catabolic process,biological_process,50,6011,0.8717369406000001,0.7859632289632339,0.32799194765978856,197904.0,6.335616126159777e-05,high_c,0.0007912683161880123,3.101676223859497,4.1982111444458745
GO:0046364,monosaccharide biosynthetic process,biological_process,16,6011,0.917816860625,0.7859632289632339,0.5770225187656379,75634.0,6.551809499883877e-05,high_c,0.0008029810217596308,3.0952947190332347,4.183638738590739
GO:0019319,hexose biosynthetic process,biological_process,16,6011,0.917816860625,0.7859632289632339,0.5770225187656379,75634.0,6.551809499883877e-05,high_c,0.0008029810217596308,3.0952947190332347,4.183638738590739
GO:0006412,translation,biological_process,260,6011,0.835886311423077,0.7859632289632339,0.14612308227331705,856876.0,6.56816273559145e-05,high_c,0.0008029810217596308,3.0952947190332347,4.182556095490651
GO:0006575,modified amino acid metabolic process,biological_process,54,6011,0.8652532816666666,0.7859632289632339,0.3147992713210104,211471.0,6.653963324770549e-05,high_c,0.0008077818413847323,3.0927059138239263,4.176919597199338
GO:0022804,active transmembrane transporter activity,molecular_function,150,6011,0.8348594714666666,0.7859632289632339,0.18870044929761698,522523.0,7.739464778933176e-05,high_c,0.0009330354761269441,3.030101843077443,4.111289071822666
GO:0016903,"oxidoreductase activity, acting on the aldehyde or oxo group of donors",molecular_function,29,6011,0.886364031724138,0.7859632289632339,0.422820184692007,123414.0,8.357913551513569e-05,high_c,0.0010006439948570727,2.9997204066058933,4.077902125211391
GO:0008324,monoatomic cation transmembrane transporter activity,molecular_function,149,6011,0.8349855882550334,0.7859632289632339,0.18796754892734224,518808.0,8.703056396113978e-05,high_c,0.0010348291714831414,2.9851313371688803,4.060328202224916
GO:0072523,purine-containing compound catabolic process,biological_process,41,6011,0.8704283926829269,0.7859632289632339,0.3543326388037751,165750.0,9.005144043898663e-05,high_c,0.0010634646299461277,2.9732769498371026,4.045509335929399
GO:0015934,large ribosomal subunit,cellular_component,123,6011,0.8522737297560977,0.7859632289632339,0.20498354100388827,436339.0,9.748812295987111e-05,high_c,0.0011435093341779477,2.9417602860065717,4.011048291452088
GO:0170040,proteinogenic amino acid catabolic process,biological_process,33,6011,0.8779015996969697,0.7859632289632339,0.3904417206524935,137149.0,0.00010715351123011027,high_c,0.0012484462784930967,2.9036301409025205,3.9699935933307193
GO:0006811,monoatomic ion transport,biological_process,192,6011,0.8315146322395833,0.7859632289632339,0.16366464741937325,650051.0,0.00011137735695625881,high_c,0.0012890072778404353,2.889744630577537,3.9532030923623287
GO:0015926,glucosidase activity,molecular_function,31,6011,0.8723710745161292,0.7859632289632339,0.3992340058258712,129695.0,0.0001231539403486449,high_c,0.0014158625195049507,2.8489789146681823,3.909551688215486
GO:0009070,serine family amino acid biosynthetic process,biological_process,17,6011,0.9115163188235295,0.7859632289632339,0.5326699248267877,78088.0,0.00014571822096657702,high_c,0.001653377984300508,2.781627849555992,3.8364861395788665
GO:0006740,NADPH regeneration,biological_process,15,6011,0.900785656,0.7859632289632339,0.5670002223704691,70468.0,0.00014562494972459493,high_c,0.001653377984300508,2.781627849555992,3.836764211565252
GO:0009152,purine ribonucleotide biosynthetic process,biological_process,38,6011,0.8654460615789473,0.7859632289632339,0.3565077938442289,153946.0,0.0001482108065534749,high_c,0.0016707400011482625,2.7770911293119327,3.829120129315943
GO:0006637,acyl-CoA metabolic process,biological_process,22,6011,0.894973918181818,0.7859632289632339,0.4663549841375856,96602.0,0.0001559675606374253,high_c,0.0017468366791391636,2.7577476975724866,3.8069657202426685
GO:0016125,sterol metabolic process,biological_process,45,6011,0.8646765568888888,0.7859632289632339,0.32619659552277724,178022.0,0.00015969252133019997,high_c,0.0017770911348027384,2.7502902996414935,3.7967154221275052
GO:0005525,GTP binding,molecular_function,92,6011,0.8588018458695652,0.7859632289632339,0.22826637872143496,334425.0,0.00016804168840020336,high_c,0.001834719314860082,2.7364303670148344,3.774582963534856
GO:0032561,guanyl ribonucleotide binding,molecular_function,92,6011,0.8588018458695652,0.7859632289632339,0.22826637872143496,334425.0,0.00016804168840020336,high_c,0.001834719314860082,2.7364303670148344,3.774582963534856
GO:0019001,guanyl nucleotide binding,molecular_function,92,6011,0.8588018458695652,0.7859632289632339,0.22826637872143496,334425.0,0.00016804168840020336,high_c,0.001834719314860082,2.7364303670148344,3.774582963534856
GO:0016769,"transferase activity, transferring nitrogenous groups",molecular_function,22,6011,0.8967981290909091,0.7859632289632339,0.462499430774602,96348.0,0.00017675879737293364,high_c,0.0019178329514963298,2.7171892237570328,3.752618961941581
GO:0044036,cell wall macromolecule metabolic process,biological_process,35,6011,0.8695548865714285,0.7859632289632339,0.36652801682922176,142911.5,0.00018076495227526372,high_c,0.0019370861552460358,2.712851062855571,3.742885769153413
GO:0044038,cell wall macromolecule biosynthetic process,biological_process,35,6011,0.8695548865714285,0.7859632289632339,0.36652801682922176,142911.5,0.00018076495227526372,high_c,0.0019370861552460358,2.712851062855571,3.742885769153413
GO:0008483,transaminase activity,molecular_function,21,6011,0.8976737876190477,0.7859632289632339,0.47180221003259404,92569.0,0.00018556896255083827,high_c,0.001976366374161075,2.7041325437932087,3.731494660229724
GO:0098655,monoatomic cation transmembrane transport,biological_process,145,6011,0.8326531427586207,0.7859632289632339,0.18112794949269317,502316.0,0.00019030809518020647,high_c,0.002014480812395356,2.6958368648407576,3.720542737633533
GO:0004812,aminoacyl-tRNA ligase activity,molecular_function,37,6011,0.8660131054054053,0.7859632289632339,0.354816818827532,149733.0,0.00019427504825700036,high_c,0.0020316956853864616,2.692141341690671,3.711582974491089
GO:0016875,"ligase activity, forming carbon-oxygen bonds",molecular_function,37,6011,0.8660131054054053,0.7859632289632339,0.354816818827532,149733.0,0.00019427504825700036,high_c,0.0020316956853864616,2.692141341690671,3.711582974491089
GO:0016798,"hydrolase activity, acting on glycosyl bonds",molecular_function,57,6011,0.8521560903508772,0.7859632289632339,0.28589360536039465,218202.0,0.000198885130088178,high_c,0.0020674526097789045,2.6845644365746413,3.7013976862675313
GO:0043039,tRNA aminoacylation,biological_process,41,6011,0.8635525087804878,0.7859632289632339,0.3348531274257467,163366.0,0.00021503864550183425,high_c,0.0022089176839715048,2.655820467950677,3.667483484177477
GO:0043038,amino acid activation,biological_process,41,6011,0.8635525087804878,0.7859632289632339,0.3348531274257467,163366.0,0.00021503864550183425,high_c,0.0022089176839715048,2.655820467950677,3.667483484177477
GO:0042026,protein refolding,biological_process,28,6011,0.8866130950000001,0.7859632289632339,0.40348845538549694,117559.0,0.00022509444790346164,high_c,0.0022986115385906438,2.638534417552504,3.6476352170147033
GO:0006812,monoatomic cation transport,biological_process,181,6011,0.8295317019337016,0.7859632289632339,0.1597338968755626,611893.0,0.0002469698795066983,high_c,0.002507249770898411,2.6008023996996723,3.6073560101479916
GO:0031072,heat shock protein binding,molecular_function,25,6011,0.89195397,0.7859632289632339,0.42187771466755764,106392.0,0.00026676697733204064,high_c,0.00269248530609548,2.5698466581317687,3.573867932064693
GO:1902653,secondary alcohol biosynthetic process,biological_process,30,6011,0.8818308753333332,0.7859632289632339,0.38226606476063085,124010.0,0.00029794552896431016,high_c,0.002989788660589841,2.5243595095964797,3.5258631273081575
GO:0008202,steroid metabolic process,biological_process,47,6011,0.8623081129787233,0.7859632289632339,0.30567090486179493,182995.0,0.00030025479898561434,high_c,0.00299564558068406,2.5235095699639682,3.5225100425218416
GO:0016831,carboxy-lyase activity,molecular_function,24,6011,0.86610422725,0.7859632289632339,0.4261524970770001,102460.5,0.0003080452342015158,high_c,0.0030558087232790366,2.5148738336775818,3.5113855058317602
GO:0008204,ergosterol metabolic process,biological_process,32,6011,0.8798278678125,0.7859632289632339,0.36299966549590224,130390.0,0.0003898960257950288,high_c,0.0038457926180691477,2.41501413852097,3.4090511915472934
GO:0044391,ribosomal subunit,cellular_component,216,6011,0.8369502498148148,0.7859632289632339,0.14100597577733032,714110.0,0.0004250335466960758,high_c,0.004168690604883545,2.3800003364827256,3.371576790961392
GO:0006081,aldehyde metabolic process,biological_process,41,6011,0.8715130136585365,0.7859632289632339,0.3157903337827348,161033.0,0.00048304927652631475,high_c,0.004711087326121811,2.326878845474921,3.3160085640065
GO:0022884,macromolecule transmembrane transporter activity,molecular_function,35,6011,0.870061588,0.7859632289632339,0.34106903805698985,140249.0,0.0004932615335049805,high_c,0.004757233456470256,2.32264553549013,3.3069227512272974
GO:0008320,transmembrane protein transporter activity,molecular_function,35,6011,0.870061588,0.7859632289632339,0.34106903805698985,140249.0,0.0004932615335049805,high_c,0.004757233456470256,2.32264553549013,3.3069227512272974
GO:0003735,structural constituent of ribosome,molecular_function,209,6011,0.8365562188038278,0.7859632289632339,0.1415383904906573,692125.0,0.000498338188670523,high_c,0.00477964141177916,2.3206046847115838,3.3024758306828725
GO:0006696,ergosterol biosynthetic process,biological_process,28,6011,0.8808222664285712,0.7859632289632339,0.3800888230940045,115599.0,0.0005106533447819065,high_c,0.004844230636838195,2.3147751880059317,3.2918738191159753
GO:0016129,phytosteroid biosynthetic process,biological_process,28,6011,0.8808222664285712,0.7859632289632339,0.3800888230940045,115599.0,0.0005106533447819065,high_c,0.004844230636838195,2.3147751880059317,3.2918738191159753
GO:0042802,identical protein binding,molecular_function,191,6011,0.8302581348167539,0.7859632289632339,0.1465968586387434,637290.0,0.0005551290177023897,high_c,0.005237521601800807,2.280874172803969,3.255606070634906
GO:0043648,dicarboxylic acid metabolic process,biological_process,40,6011,0.8578243475,0.7859632289632339,0.3141349857645286,156934.0,0.0006049692619389165,high_c,0.005676900749870049,2.245888698545515,3.2182666909829747
GO:0044273,sulfur compound catabolic process,biological_process,17,6011,0.8917067052941177,0.7859632289632339,0.4802842057744019,75419.0,0.0006154631270712257,high_c,0.005713604217089026,2.24308984660771,3.210797960911684
GO:0009142,nucleoside triphosphate biosynthetic process,biological_process,24,6011,0.8735545329166666,0.7859632289632339,0.4044596626023049,100902.0,0.0006153607589728629,high_c,0.005713604217089026,2.24308984660771,3.2108702017917135
GO:0016620,"oxidoreductase activity, acting on the aldehyde or oxo group of donors, NAD or NADP as acceptor",molecular_function,24,6011,0.8814803279166666,0.7859632289632339,0.40306775791993754,100802.0,0.000642599766521276,high_c,0.005933793588728378,2.2266675650018874,3.1920594365786803
GO:0006418,tRNA aminoacylation for protein translation,biological_process,37,6011,0.8611296116216216,0.7859632289632339,0.32206226983595587,146113.0,0.0007186889028668014,high_c,0.006601290663369138,2.180371144279447,3.143459060946676
GO:0071554,cell wall organization or biogenesis,biological_process,211,6011,0.8321660725592418,0.7859632289632339,0.13653538159830036,695446.0,0.0007407622017349912,high_c,0.006768227274799708,2.1695250662612695,3.1303211861489135
GO:0015291,secondary active transmembrane transporter activity,molecular_function,75,6011,0.8408192852,0.7859632289632339,0.22622192273135666,272957.0,0.0007468436187219438,high_c,0.00678806556073976,2.168253971815468,3.1267703254082138
GO:0170041,non-proteinogenic amino acid metabolic process,biological_process,33,6011,0.8627054312121212,0.7859632289632339,0.3395784543325526,132132.0,0.0007540173308597173,high_c,0.006817573366523277,2.1663701797516026,3.122618671888526
GO:1901681,sulfur compound binding,molecular_function,19,6011,0.8871089815789475,0.7859632289632339,0.4460684421333707,82316.0,0.0007736042218407215,high_c,0.00695842968453623,2.157488756982317,3.111481168815016
GO:0140101,"catalytic activity, acting on a tRNA",molecular_function,113,6011,0.8383307345132742,0.7859632289632339,0.18227567767084696,393978.0,0.0008871944507200048,high_c,0.007939018383762517,2.100233192392763,3.05198118330301
GO:0016627,"oxidoreductase activity, acting on the CH-CH group of donors",molecular_function,27,6011,0.8822281251851852,0.7859632289632339,0.36839596949891074,110544.5,0.0009403923419151668,high_c,0.008371903105460151,2.0771758067317623,3.0266909162097173
GO:0006694,steroid biosynthetic process,biological_process,34,6011,0.8665859961764706,0.7859632289632339,0.3278252910667363,134919.0,0.000962818082316598,high_c,0.00852781730051844,2.0691621125185615,3.0164557620025585
GO:0016810,"hydrolase activity, acting on carbon-nitrogen (but not peptide) bonds",molecular_function,63,6011,0.8541448174603173,0.7859632289632339,0.23909864326811192,232160.0,0.0010774399048516959,high_c,0.00944476087065542,2.0248090333874105,2.9676069436443826
GO:0140318,protein transporter activity,molecular_function,40,6011,0.8626990132500001,0.7859632289632339,0.2995226930162451,155189.0,0.0010760308640061888,high_c,0.00944476087065542,2.0248090333874105,2.9681752715364143
GO:0009084,L-glutamine family amino acid biosynthetic process,biological_process,24,6011,0.8620206508333333,0.7859632289632339,0.38596124937364285,99573.0,0.0010826655606338874,high_c,0.00944476087065542,2.0248090333874105,2.965505677818177
GO:0042645,mitochondrial nucleoid,cellular_component,23,6011,0.8773223347826086,0.7859632289632339,0.39346809561151286,95957.0,0.0011070682248355281,high_c,0.009561544469226253,2.019471950790189,2.9558256142101733
GO:0009295,nucleoid,cellular_component,23,6011,0.8773223347826086,0.7859632289632339,0.39346809561151286,95957.0,0.0011070682248355281,high_c,0.009561544469226253,2.019471950790189,2.9558256142101733
GO:0009126,purine nucleoside monophosphate metabolic process,biological_process,25,6011,0.8740902288000001,0.7859632289632339,0.3755028399599065,102922.0,0.0011751135349535216,high_c,0.010049246781671494,1.9978664885741038,2.929920171501364
GO:0009167,purine ribonucleoside monophosphate metabolic process,biological_process,25,6011,0.8740902288000001,0.7859632289632339,0.3755028399599065,102922.0,0.0011751135349535216,high_c,0.010049246781671494,1.9978664885741038,2.929920171501364
GO:0009156,ribonucleoside monophosphate biosynthetic process,biological_process,38,6011,0.841330523526316,0.7859632289632339,0.3036206790205045,147944.0,0.0012327036127650472,high_c,0.010490066038039814,1.9792217777868033,2.9091413312013774
GO:0009123,nucleoside monophosphate metabolic process,biological_process,46,6011,0.8428606509565219,0.7859632289632339,0.2756587339188745,175014.0,0.0012573896835133625,high_c,0.01059625480863688,1.9748476067494403,2.90053010722076
GO:0006749,glutathione metabolic process,biological_process,20,6011,0.8621363710000001,0.7859632289632339,0.41717576364546827,84903.0,0.0012565780834420442,high_c,0.01059625480863688,1.9748476067494403,2.9008105192844025
GO:0009201,ribonucleoside triphosphate biosynthetic process,biological_process,20,6011,0.870661855,0.7859632289632339,0.4148222333500251,84762.0,0.0013388573517290905,high_c,0.011228291606771504,1.949686316952523,2.873265692336078
GO:0071806,protein transmembrane transport,biological_process,86,6011,0.8435904670930232,0.7859632289632339,0.20093808262192137,305969.0,0.0013549758019847417,high_c,0.011308836501180345,1.9465820747482756,2.868068460625987
GO:0072528,pyrimidine-containing compound biosynthetic process,biological_process,34,6011,0.8478432792352942,0.7859632289632339,0.3164877127026149,133767.0,0.0014375580646830124,high_c,0.011940673685596696,1.922971169883074,2.8423746046124934
GO:0015850,organic hydroxy compound transport,biological_process,48,6011,0.8537762881249998,0.7859632289632339,0.26655346861199614,181259.0,0.0014448505208240173,high_c,0.011944097638811877,1.9228466550633476,2.8401770811699016
GO:0005840,ribosome,cellular_component,202,6011,0.8318842071782179,0.7859632289632339,0.13139904109192124,663802.0,0.001474993187672804,high_c,0.012114686254763163,1.9166878287067857,2.8312099854912027
GO:0005976,polysaccharide metabolic process,biological_process,60,6011,0.848222838,0.7859632289632339,0.23813924830560684,221045.0,0.0014794432523097872,high_c,0.012114686254763163,1.9166878287067857,2.8299016886185075
GO:0019867,outer membrane,cellular_component,113,6011,0.8425213369026548,0.7859632289632339,0.1737412112100396,391134.0,0.0015327340378575942,high_c,0.012492142205261894,1.9033630805890518,2.8145331979907873
GO:0009055,electron transfer activity,molecular_function,33,6011,0.8704954306060607,0.7859632289632339,0.31917536015896664,130119.5,0.001541730831066641,high_c,0.012506751040802283,1.9028554951274081,2.8119914426186905
GO:0016126,sterol biosynthetic process,biological_process,33,6011,0.8647715142424244,0.7859632289632339,0.31781177448624764,129985.0,0.0016150074379992772,high_c,0.013040246104031374,1.8847142122379772,2.791825473162845
GO:0071852,fungal-type cell wall organization or biogenesis,biological_process,203,6011,0.8326310637931035,0.7859632289632339,0.1296631790362197,665950.0,0.0016606364869158632,high_c,0.013346596950397863,1.8746294544540836,2.7797254241436256
GO:0006631,fatty acid metabolic process,biological_process,60,6011,0.8454911776666668,0.7859632289632339,0.2346664426146865,220425.0,0.0017342466421428014,high_c,0.013873973137142412,1.8577991507188647,2.7608891377108082
GO:0044042,glucan metabolic process,biological_process,54,6011,0.8528741531481481,0.7859632289632339,0.2471166818992907,200585.0,0.00174317589172155,high_c,0.013881437376278031,1.8575655618159164,2.758658789051785
GO:0031968,organelle outer membrane,cellular_component,112,6011,0.842121343125,0.7859632289632339,0.1722235003511492,387237.0,0.0017655640190519387,high_c,0.013995521173854638,1.8540109243707534,2.7531165303711083
GO:0008235,metalloexopeptidase activity,molecular_function,17,6011,0.8825872517647059,0.7859632289632339,0.438222536261752,73276.0,0.0017794022898220765,high_c,0.014041101705141477,1.8525988148777028,2.7497258548959698
GO:0006112,energy reserve metabolic process,biological_process,29,6011,0.8808778424137932,0.7859632289632339,0.335592985854114,115848.0,0.0017942587862171567,high_c,0.014094268112547438,1.8509574712598964,2.746114918415259
GO:0005741,mitochondrial outer membrane,cellular_component,102,6011,0.8420050312745098,0.7859632289632339,0.17948692423322354,355449.0,0.0018538544878421524,high_c,0.014496808067089985,1.8387276109685071,2.731924357358342
GO:0009072,aromatic amino acid metabolic process,biological_process,34,6011,0.8601281558823528,0.7859632289632339,0.3087817024082513,132984.0,0.0018746650581226863,high_c,0.014593805116147907,1.8358314575589365,2.727076315351249
GO:0009168,purine ribonucleoside monophosphate biosynthetic process,biological_process,22,6011,0.8726792940909093,0.7859632289632339,0.38248910882071674,91077.0,0.0019264363630013112,high_c,0.014863526782979005,1.827878129965912,2.7152453326950226
GO:0009127,purine nucleoside monophosphate biosynthetic process,biological_process,22,6011,0.8726792940909093,0.7859632289632339,0.38248910882071674,91077.0,0.0019264363630013112,high_c,0.014863526782979005,1.827878129965912,2.7152453326950226
GO:0046906,tetrapyrrole binding,molecular_function,26,6011,0.8741601626923077,0.7859632289632339,0.3512627723154038,105135.0,0.0019665491680068733,high_c,0.015039336368545956,1.8227713271644084,2.7062951908117587
GO:0020037,heme binding,molecular_function,26,6011,0.8741601626923077,0.7859632289632339,0.3512627723154038,105135.0,0.0019665491680068733,high_c,0.015039336368545956,1.8227713271644084,2.7062951908117587
GO:0072527,pyrimidine-containing compound metabolic process,biological_process,41,6011,0.8467822720487804,0.7859632289632339,0.2794705233484496,156588.0,0.0020111053213226412,high_c,0.015245759117100896,1.8168509463618885,2.6965651848624734
GO:0046365,monosaccharide catabolic process,biological_process,23,6011,0.8783650160869566,0.7859632289632339,0.3727164473875286,94528.0,0.0020031202509792514,high_c,0.015245759117100896,1.8168509463618885,2.6982929784302683
GO:0030163,protein catabolic process,biological_process,278,6011,0.828343376294964,0.7859632289632339,0.10859130591915789,883422.0,0.0021959496397541654,high_c,0.016574645976579264,1.7805557390655773,2.6583776238884576
GO:0071555,cell wall organization,biological_process,187,6011,0.8322886399465241,0.7859632289632339,0.1308838220602926,615816.0,0.002279560354840564,high_c,0.0170573998965656,1.768087168750782,2.6421489047003557
GO:0045229,external encapsulating structure organization,biological_process,187,6011,0.8322886399465241,0.7859632289632339,0.1308838220602926,615816.0,0.002279560354840564,high_c,0.0170573998965656,1.768087168750782,2.6421489047003557
GO:0006415,translational termination,biological_process,20,6011,0.875451218,0.7859632289632339,0.39339008512769147,83478.0,0.0023517170461700384,high_c,0.017521805974897796,1.7564211330702817,2.6286149328847355
GO:0005758,mitochondrial intermembrane space,cellular_component,84,6011,0.8387402491666665,0.7859632289632339,0.1928744165120071,296947.0,0.0023655193850504533,high_c,0.017549323301058063,1.755739625197156,2.6260734886274864
GO:0016835,carbon-oxygen lyase activity,molecular_function,45,6011,0.8567048626666666,0.7859632289632339,0.26014079785450894,169155.0,0.002604452394976103,high_c,0.019158175244400485,1.7176458584634848,2.5842835763338514
GO:0042430,indole-containing compound metabolic process,biological_process,16,6011,0.8781941368749999,0.7859632289632339,0.43538365304420346,68841.0,0.0025945861449198663,high_c,0.019158175244400485,1.7176458584634848,2.585931905372886
GO:0009081,branched-chain amino acid metabolic process,biological_process,16,6011,0.8958760299999999,0.7859632289632339,0.4325896580483737,68707.0,0.002764701749146127,high_c,0.020251148677289776,1.693550337878449,2.5583517127088182
GO:0009124,nucleoside monophosphate biosynthetic process,biological_process,41,6011,0.8378608608292684,0.7859632289632339,0.2704498100257384,155484.0,0.0027999024335124676,high_c,0.02042281775032623,1.6898843382043238,2.552857101988285
GO:0006568,L-tryptophan metabolic process,biological_process,15,6011,0.8778093060000001,0.7859632289632339,0.4436513231042918,64921.0,0.0029580288756364276,high_c,0.021485933590396813,1.6678457709375438,2.528997590829879
GO:0005977,glycogen metabolic process,biological_process,27,6011,0.8795838381481482,0.7859632289632339,0.32888938403644286,107353.0,0.0031465308669422747,high_c,0.02275990660421579,1.6428295244103996,2.502168003539267
GO:0031506,cell wall glycoprotein biosynthetic process,biological_process,19,6011,0.8727207957894738,0.7859632289632339,0.3896862483311081,79106.5,0.0033129435046868163,high_c,0.023693810025846578,1.6253650979874044,2.479785970037741
GO:0000032,cell wall mannoprotein biosynthetic process,biological_process,19,6011,0.8727207957894738,0.7859632289632339,0.3896862483311081,79106.5,0.0033129435046868163,high_c,0.023693810025846578,1.6253650979874044,2.479785970037741
GO:0009145,purine nucleoside triphosphate biosynthetic process,biological_process,16,6011,0.8827657825,0.7859632289632339,0.42431192660550465,68310.0,0.0033302359713747493,high_c,0.023693810025846578,1.6253650979874044,2.477524992489148
GO:0009206,purine ribonucleoside triphosphate biosynthetic process,biological_process,16,6011,0.8827657825,0.7859632289632339,0.42431192660550465,68310.0,0.0033302359713747493,high_c,0.023693810025846578,1.6253650979874044,2.477524992489148
GO:0016836,hydro-lyase activity,molecular_function,37,6011,0.8630685654054053,0.7859632289632339,0.27899275237741916,141353.0,0.0033894087484682436,high_c,0.02401638198914641,1.6194924174367846,2.469876053912725
GO:0050661,NADP binding,molecular_function,21,6011,0.8752340519047618,0.7859632289632339,0.36789887908418795,86034.0,0.003560350497973671,high_c,0.025125075058871106,1.5998926321543463,2.4485072458914403
GO:0009308,amine metabolic process,biological_process,15,6011,0.8931324766666666,0.7859632289632339,0.43440071158550153,64505.0,0.0036132024116795136,high_c,0.02539481533067059,1.5952549409831427,2.44210770856395
GO:0098803,respiratory chain complex,cellular_component,39,6011,0.8623135056410257,0.7859632289632339,0.2696558297696945,147856.5,0.003649037374141275,high_c,0.025543261618988927,1.5927236484708622,2.437821688485119
GO:0009100,glycoprotein metabolic process,biological_process,79,6011,0.8502192341772152,0.7859632289632339,0.18955973608064403,278730.5,0.003746877626255618,high_c,0.02612280947461748,1.5829801170712035,2.42633049081594
GO:0019320,hexose catabolic process,biological_process,17,6011,0.8790899517647058,0.7859632289632339,0.4004789102828319,71353.0,0.004295060690934788,high_c,0.02982490143785117,1.525420982865268,2.3670306950337037
GO:0016301,kinase activity,molecular_function,217,6011,0.8174466639631336,0.7859632289632339,0.11375425714508425,700160.5,0.004381852779747478,high_c,0.030306360261520403,1.518466218474151,2.358342217833586
GO:0034599,cellular response to oxidative stress,biological_process,101,6011,0.8275456110891087,0.7859632289632339,0.1642358144443885,347472.0,0.004590444684454072,high_c,0.0315822329051098,1.500557168055207,2.3381452415542077
GO:0072330,monocarboxylic acid biosynthetic process,biological_process,42,6011,0.8483264297619048,0.7859632289632339,0.25334865056761524,157106.0,0.0046027102102492974,high_c,0.0315822329051098,1.500557168055207,2.336986367719862
GO:0031970,organelle envelope lumen,cellular_component,89,6011,0.8355519916853933,0.7859632289632339,0.17432995989056232,309470.0,0.004696547052086701,high_c,0.032099234970167374,1.493505318130768,2.328221322351303
GO:0006508,proteolysis,biological_process,89,6011,0.8407055249438202,0.7859632289632339,0.173948597687541,309369.5,0.004788054771314279,high_c,0.0325963258156925,1.4868313498675663,2.3198408902740844
GO:0003729,mRNA binding,molecular_function,240,6011,0.8202208899583334,0.7859632289632339,0.1071766880378906,766742.0,0.004838368591107573,high_c,0.032810187008448226,1.4839912942556568,2.31530104978428
GO:0042803,protein homodimerization activity,molecular_function,18,6011,0.8872227694444443,0.7859632289632339,0.3828355303409534,74586.0,0.00497360808841713,high_c,0.033596045297634776,1.473711841851152,2.3033284393603304
GO:0031505,fungal-type cell wall organization,biological_process,181,6011,0.8317873746408841,0.7859632289632339,0.12223496299384973,592108.0,0.005033279546735614,high_c,0.033867338345476845,1.470218933479197,2.29814894835644
GO:0006414,translational elongation,biological_process,49,6011,0.8545498459183676,0.7859632289632339,0.23191779227625298,179945.0,0.0051087508792852536,high_c,0.03424243832602008,1.4654353177731572,2.2916852745323784
GO:0032984,protein-containing complex disassembly,biological_process,88,6011,0.8393159063636365,0.7859632289632339,0.17344366337697426,305813.5,0.005155433660174791,high_c,0.03442243397716706,1.463158424378014,2.287734797247669
GO:0016765,"transferase activity, transferring alkyl or aryl (other than methyl) groups",molecular_function,50,6011,0.851029364,0.7859632289632339,0.22559973158865954,182645.0,0.005937087806433735,high_c,0.0394895955247853,1.4035173145352569,2.226426528037449
GO:0043067,regulation of programmed cell death,biological_process,18,6011,0.887172903888889,0.7859632289632339,0.37464078461909267,74144.0,0.005984771903516836,high_c,0.039654824521012315,1.4017039676051308,2.2229523971258582
GO:0031669,cellular response to nutrient levels,biological_process,162,6011,0.828555560925926,0.7859632289632339,0.12624084733277185,533578.0,0.0060506957705808335,high_c,0.03993919337539288,1.39860071052574,2.2181946828764554
GO:0009062,fatty acid catabolic process,biological_process,26,6011,0.8700836757692306,0.7859632289632339,0.31105970053338483,102007.0,0.0061257644084517825,high_c,0.04028154171618293,1.3948939158240412,2.2128397097946833
GO:0003924,GTPase activity,molecular_function,85,6011,0.8498038417647057,0.7859632289632339,0.17189652776399122,295148.0,0.006425627391639458,high_c,0.0419356735033312,1.3774163776511374,2.1920844618605435
GO:0022411,cellular component disassembly,biological_process,115,6011,0.8382550246086957,0.7859632289632339,0.14818447289245462,389257.5,0.006416636033889404,high_c,0.0419356735033312,1.3774163776511374,2.192692594175593
GO:1901137,carbohydrate derivative biosynthetic process,biological_process,204,6011,0.823100770117647,0.7859632289632339,0.11134550255438835,658265.5,0.0067864599644134015,high_c,0.04412469849521223,1.3553182491352929,2.168356708611191
GO:0010494,cytoplasmic stress granule,cellular_component,101,6011,0.8216193359405941,0.7859632289632339,0.1565328106414703,345173.0,0.006902576025622026,high_c,0.04471220888238745,1.3495738744903725,2.160988801302057
GO:0008017,microtubule binding,molecular_function,40,6011,0.75445618,0.7859632289632339,-0.24623178697035675,90015.0,0.007186522262751834,low_c,0.04637844850608619,1.33368378386784,2.143481224705905
GO:0043022,ribosome binding,molecular_function,65,6011,0.8433798746153846,0.7859632289632339,0.19303474863515224,230548.0,0.0073466001796150225,high_c,0.047235918191895106,1.3257276382246235,2.133913594906109
GO:0005200,structural constituent of cytoskeleton,molecular_function,21,6011,0.8582133342857144,0.7859632289632339,0.3378805946418635,84146.0,0.007431352973307665,high_c,0.04760453417587493,1.322351680183265,2.1289321101493326
GO:0000096,sulfur amino acid metabolic process,biological_process,30,6011,0.8686179860000002,0.7859632289632339,0.2824499804937859,115055.0,0.00752691329164987,high_c,0.04803941718494181,1.3184022701054996,2.123383086911774
GO:0033013,tetrapyrrole metabolic process,biological_process,17,6011,0.8675363488235294,0.7859632289632339,0.3739818249622171,70003.0,0.00766015389721841,high_c,0.04818125784627232,1.3171218662603736,2.115762505035629
GO:0006778,porphyrin-containing compound metabolic process,biological_process,17,6011,0.8675363488235294,0.7859632289632339,0.3739818249622171,70003.0,0.00766015389721841,high_c,0.04818125784627232,1.3171218662603736,2.115762505035629
GO:0042440,pigment metabolic process,biological_process,17,6011,0.8675363488235294,0.7859632289632339,0.3739818249622171,70003.0,0.00766015389721841,high_c,0.04818125784627232,1.3171218662603736,2.115762505035629
GO:0042168,heme metabolic process,biological_process,17,6011,0.8675363488235294,0.7859632289632339,0.3739818249622171,70003.0,0.00766015389721841,high_c,0.04818125784627232,1.3171218662603736,2.115762505035629
GO:0022853,active monoatomic ion transmembrane transporter activity,molecular_function,49,6011,0.8448692471428572,0.7859632289632339,0.2203684560036694,178258.0,0.007798983559200387,high_c,0.048701566398459975,1.3124570702583114,2.107961995180708
GO:0009112,nucleobase metabolic process,biological_process,30,6011,0.8396286588000001,0.7859632289632339,0.28122387560608586,114945.0,0.00779126749229585,high_c,0.048701566398459975,1.3124570702583114,2.108391885057553
GO:0022904,respiratory electron transport chain,biological_process,34,6011,0.8632722617647058,0.7859632289632339,0.26406617524038234,128440.5,0.007834651464792541,high_c,0.04874894244759803,1.3120348013839949,2.1059803189508703
GO:0008238,exopeptidase activity,molecular_function,29,6011,0.8562678651724138,0.7859632289632339,0.2854655921788354,111500.0,0.00790875633566139,high_c,0.04903428928110062,1.3095001151234704,2.101891804621724
GO:0016853,isomerase activity,molecular_function,189,6011,0.8227216192063491,0.7859632289632339,0.11328676667048354,612507.0,0.007941005122135606,high_c,0.049059020968069085,1.3092811229133214,2.1001245238487147
GO:0006879,intracellular iron ion homeostasis,biological_process,57,6011,0.8514229405263157,0.7859632289632339,0.20205198922735113,203975.0,0.00855461591185462,high_c,0.05266245823751638,1.2784988722700021,2.0677994847911143
GO:0042180,ketone metabolic process,biological_process,33,6011,0.85245739,0.7859632289632339,0.26364346036477193,124642.0,0.008903409620172527,high_c,0.05461596855342582,1.2626803602127283,2.0504436455289112
GO:0009267,cellular response to starvation,biological_process,145,6011,0.827717510551724,0.7859632289632339,0.12671032366530688,479173.0,0.009042515445302041,high_c,0.05527396765156459,1.2574793599643677,2.043710740757803
GO:0043565,sequence-specific DNA binding,molecular_function,296,6011,0.7845294101689189,0.7859632289632339,-0.08952791374051217,770095.5,0.009291942117590674,low_c,0.056599338653113715,1.2471886433873711,2.031893504219334
GO:0016773,"phosphotransferase activity, alcohol group as acceptor",molecular_function,202,6011,0.8166256597029703,0.7859632289632339,0.10659031990305246,649246.5,0.009901787699394851,high_c,0.060103158902620496,1.2211027017422802,2.00428638945371
GO:0070585,protein localization to mitochondrion,biological_process,53,6011,0.8525480958490569,0.7859632289632339,0.2041966723036095,190127.0,0.010371447946275673,high_c,0.06273461196771626,1.2024927839036978,1.9841606080101786
GO:0000972,transcription-dependent tethering of RNA polymerase II gene DNA at nuclear periphery,biological_process,21,6011,0.7407598071428569,0.7859632289632339,-0.3230781461165434,42575.0,0.01047944892649849,low_c,0.06316778936250479,1.199504321529961,1.9796615546112033
GO:0016887,ATP hydrolysis activity,molecular_function,235,6011,0.8218929087234041,0.7859632289632339,0.09821565391642606,745337.0,0.010585577459621964,high_c,0.06358672134914786,1.1966335674787552,1.9752854455626805
GO:0043414,macromolecule methylation,biological_process,57,6011,0.838645835263158,0.7859632289632339,0.1956402595336173,202887.0,0.010899030781214453,high_c,0.06524385322823549,1.1854603979330554,1.9626121208745726
GO:0099023,vesicle tethering complex,cellular_component,43,6011,0.7781536523255814,0.7859632289632339,-0.2242424714757778,99539.0,0.011163982059795987,low_c,0.06660025036359393,1.1765241382272524,1.9521808700818182
GO:0070180,large ribosomal subunit rRNA binding,molecular_function,17,6011,0.8751607635294117,0.7859632289632339,0.3551983355904924,69046.0,0.011317056218735522,high_c,0.06728222464289338,1.1720996573088354,1.9462665267008903
GO:0015631,tubulin binding,molecular_function,49,6011,0.7648023999999999,0.7859632289632339,-0.20965434144137363,115445.0,0.01136437830343158,low_c,0.06733297179098029,1.1717722171978473,1.944454317684211
GO:0042594,response to starvation,biological_process,150,6011,0.8261246991333332,0.7859632289632339,0.12047090940112604,492531.0,0.011627486337366065,high_c,0.06865753837301868,1.1633117716964518,1.9345141621247677
GO:0009073,aromatic amino acid family biosynthetic process,biological_process,22,6011,0.8650188763636362,0.7859632289632339,0.31075152931890293,86351.0,0.011746753424130655,high_c,0.06912665743827395,1.1603544425564396,1.9300821474187497
GO:0008610,lipid biosynthetic process,biological_process,194,6011,0.82305444,0.7859632289632339,0.1056235810785664,623847.0,0.012195082765384085,high_c,0.07152251243482018,1.145557238096176,1.9138152478777104
GO:0008237,metallopeptidase activity,molecular_function,40,6011,0.8512744797500001,0.7859632289632339,0.22872215709261434,146734.0,0.012527653983861797,high_c,0.07297989032209423,1.1367967936508039,1.902130250415022
GO:0006364,rRNA processing,biological_process,276,6011,0.81641467,0.7859632289632339,0.08887456881846778,861768.0,0.012498867047005308,high_c,0.07297989032209423,1.1367967936508039,1.9031293515946084
GO:0001510,RNA methylation,biological_process,47,6011,0.8437758325531913,0.7859632289632339,0.21038286456326616,169640.0,0.012841922408958711,high_c,0.07456045920385392,1.127491425907754,1.8913699584237975
GO:0043632,modification-dependent macromolecule catabolic process,biological_process,199,6011,0.8280084235678392,0.7859632289632339,0.1034767782477426,638134.0,0.012923238251398114,high_c,0.07478247201475709,1.1262001828749821,1.8886286489957926
GO:0006783,heme biosynthetic process,biological_process,16,6011,0.864029173125,0.7859632289632339,0.35781901584653886,65121.0,0.013306344181775976,high_c,0.07573709344119048,1.120691365793931,1.8759412472876182
GO:0009225,nucleotide-sugar metabolic process,biological_process,15,6011,0.874093576,0.7859632289632339,0.36987991994663116,61603.5,0.013217612793136971,high_c,0.07573709344119048,1.120691365793931,1.878846974834107
GO:0006779,porphyrin-containing compound biosynthetic process,biological_process,16,6011,0.864029173125,0.7859632289632339,0.35781901584653886,65121.0,0.013306344181775976,high_c,0.07573709344119048,1.120691365793931,1.8759412472876182
GO:0046148,pigment biosynthetic process,biological_process,16,6011,0.864029173125,0.7859632289632339,0.35781901584653886,65121.0,0.013306344181775976,high_c,0.07573709344119048,1.120691365793931,1.8759412472876182
GO:0033014,tetrapyrrole biosynthetic process,biological_process,16,6011,0.864029173125,0.7859632289632339,0.35781901584653886,65121.0,0.013306344181775976,high_c,0.07573709344119048,1.120691365793931,1.8759412472876182
GO:0000272,polysaccharide catabolic process,biological_process,18,6011,0.8799643511111112,0.7859632289632339,0.33707844336911585,72118.0,0.013397463813570555,high_c,0.07575894847022308,1.120566061944975,1.872977407308262
GO:0006487,protein N-linked glycosylation,biological_process,42,6011,0.8495529426190475,0.7859632289632339,0.22117448084946822,153073.0,0.013370758506540579,high_c,0.07575894847022308,1.120566061944975,1.87384395505206
GO:0009101,glycoprotein biosynthetic process,biological_process,73,6011,0.845886122739726,0.7859632289632339,0.16736182562275936,253010.5,0.013839402632061522,high_c,0.07800390574434676,1.107883651146053,1.8588826554860818
GO:0180051,translation factor activity,molecular_function,50,6011,0.8331301164,0.7859632289632339,0.20142929038751878,179043.0,0.014031033678588862,high_c,0.07882807270559956,1.1033190915210338,1.8529103329366723
GO:0016791,phosphatase activity,molecular_function,116,6011,0.8344703101724137,0.7859632289632339,0.13268696440583772,387277.0,0.014245503603594297,high_c,0.07977482018012806,1.0981341660735449,1.8463221930797453
GO:0022900,electron transport chain,biological_process,35,6011,0.8582163742857143,0.7859632289632339,0.23980206540447502,129658.5,0.014292642975671436,high_c,0.07978144117609522,1.0980981228372537,1.8448874546508893
GO:0140097,"catalytic activity, acting on DNA",molecular_function,142,6011,0.7830071925352112,0.7859632289632339,-0.11983350092032863,366764.5,0.014536743547433742,low_c,0.08088393204597748,1.0921377443561975,1.8375328711782277
GO:0006633,fatty acid biosynthetic process,biological_process,23,6011,0.8418285078260869,0.7859632289632339,0.2942406552234904,89124.0,0.014719703313155134,high_c,0.08164027141098183,1.0880955601527358,1.8321009434467603
GO:0019941,modification-dependent protein catabolic process,biological_process,194,6011,0.827543578814433,0.7859632289632339,0.10263376629821241,622160.0,0.014871242813171799,high_c,0.08221808128556128,1.0850326625205946,1.8276527352878527
GO:0032934,sterol binding,molecular_function,17,6011,0.8817011052941177,0.7859632289632339,0.33992816345757526,68268.0,0.015356276652392942,high_c,0.08436232996377896,1.0738514341905094,1.8137140724125789
GO:0005496,steroid binding,molecular_function,17,6011,0.8817011052941177,0.7859632289632339,0.33992816345757526,68268.0,0.015356276652392942,high_c,0.08436232996377896,1.0738514341905094,1.8137140724125789
GO:0004177,aminopeptidase activity,molecular_function,15,6011,0.8704510753333332,0.7859632289632339,0.3614854347342673,61226.0,0.015451727777877056,high_c,0.08461892562269581,1.0725324930569196,1.8110229516796412
GO:0009251,glucan catabolic process,biological_process,15,6011,0.8831681766666667,0.7859632289632339,0.3601512119190571,61166.0,0.015835877258039224,high_c,0.08590963412486279,1.0659581305499888,1.8003578730705558
GO:0031461,cullin-RING ubiquitin ligase complex,cellular_component,47,6011,0.7624424346808512,0.7859632289632339,-0.2041682720436092,111539.0,0.015751450974513807,low_c,0.08590963412486279,1.0659581305499888,1.8026794341791361
GO:0051604,protein maturation,biological_process,95,6011,0.8356802450526317,0.7859632289632339,0.14412120565104436,321509.5,0.01579958614154239,high_c,0.08590963412486279,1.0659581305499888,1.8013542889188963
GO:0016645,"oxidoreductase activity, acting on the CH-NH group of donors",molecular_function,16,6011,0.877337925,0.7859632289632339,0.348206839032527,64660.0,0.0159979463683642,high_c,0.08624979781205046,1.0642419143325283,1.7959357634771707
GO:0000981,"DNA-binding transcription factor activity, RNA polymerase II-specific",molecular_function,162,6011,0.7791586107407408,0.7859632289632339,-0.11080188868414775,421274.5,0.01598276358080626,low_c,0.08624979781205046,1.0642419143325283,1.7963481246387698
GO:0043021,ribonucleoprotein complex binding,molecular_function,86,6011,0.8351875990697675,0.7859632289632339,0.14957119026592092,292882.0,0.017079526131954088,high_c,0.09179584323551794,1.03717698438427,1.76752418289364
GO:0051287,NAD binding,molecular_function,29,6011,0.845284462413793,0.7859632289632339,0.25511015806038806,108867.0,0.017619859227530062,high_c,0.09382845281899445,1.0276654448989464,1.7539975656714806
GO:0098852,lytic vacuole membrane,cellular_component,218,6011,0.8213180442201835,0.7859632289632339,0.09458267412267585,691160.0,0.01758134400459192,high_c,0.09382845281899445,1.0276654448989464,1.7549479283824323
GO:0000329,fungal-type vacuole membrane,cellular_component,218,6011,0.8213180442201835,0.7859632289632339,0.09458267412267585,691160.0,0.01758134400459192,high_c,0.09382845281899445,1.0276654448989464,1.7549479283824323
GO:0009451,RNA modification,biological_process,116,6011,0.8279126042241378,0.7859632289632339,0.12777924015091702,385599.0,0.018257442029541607,high_c,0.09692635890912608,1.0135581014623798,1.7385600696425667
GO:0000026,"alpha-1,2-mannosyltransferase activity",molecular_function,15,6011,0.8852247820000001,0.7859632289632339,0.3517456081832333,60788.0,0.018454780946029196,high_c,0.09737841860883491,1.0115372825220337,1.7338911054125323
GO:0032272,negative regulation of protein polymerization,biological_process,15,6011,0.656459896,0.7859632289632339,-0.351834556370914,29148.0,0.018425194044315637,low_c,0.09737841860883491,1.0115372825220337,1.7345879296869968
GO:0098657,import into cell,biological_process,144,6011,0.8334908714583334,0.7859632289632339,0.11460523076340356,470836.0,0.018617625864739244,high_c,0.09793999545814341,1.0090399204577158,1.7300757014203016
GO:0015171,amino acid transmembrane transporter activity,molecular_function,53,6011,0.8389931113207547,0.7859632289632339,0.18606345044240502,187264.0,0.019513631071852215,high_c,0.10234339438288655,0.9899401830517034,1.7096619101164579
GO:0070592,cell wall polysaccharide biosynthetic process,biological_process,16,6011,0.865795369375,0.7859632289632339,0.33671809841534617,64109.0,0.01983372120219542,high_c,0.10308784433236899,0.9867925418029071,1.7025957958318156
GO:0010383,cell wall polysaccharide metabolic process,biological_process,16,6011,0.865795369375,0.7859632289632339,0.33671809841534617,64109.0,0.01983372120219542,high_c,0.10308784433236899,0.9867925418029071,1.7025957958318156
GO:0005775,vacuolar lumen,cellular_component,22,6011,0.8509432413636364,0.7859632289632339,0.287360160293872,84810.0,0.01980649025353341,high_c,0.10308784433236899,0.9867925418029071,1.703192475423921
GO:0060962,regulation of ribosomal protein gene transcription by RNA polymerase II,biological_process,20,6011,0.7348859925,0.7859632289632339,-0.300751126690035,41892.0,0.020046765322378972,low_c,0.10388413313328326,0.9834507798622425,1.6979556936658704
GO:0016860,intramolecular oxidoreductase activity,molecular_function,19,6011,0.8614074784210526,0.7859632289632339,0.3073308270676691,74418.5,0.020538184458888734,high_c,0.10611395303759179,0.9742275064962614,1.6874379499468906
GO:0005782,peroxisomal matrix,cellular_component,19,6011,0.8447015131578948,0.7859632289632339,0.3069179959243904,74395.0,0.02070854735494375,high_c,0.10636105978752174,0.973217343984513,1.6838503645473313
GO:0031907,microbody lumen,cellular_component,19,6011,0.8447015131578948,0.7859632289632339,0.3069179959243904,74395.0,0.02070854735494375,high_c,0.10636105978752174,0.973217343984513,1.6838503645473313
GO:0019646,aerobic electron transport chain,biological_process,31,6011,0.8588844332258065,0.7859632289632339,0.2398910346315677,114925.5,0.021043202739655858,high_c,0.10776106181723472,0.9675381379690546,1.6768881606064456
GO:0019674,NAD+ metabolic process,biological_process,24,6011,0.8545520179166667,0.7859632289632339,0.2719085797004621,91379.0,0.02131489210517694,high_c,0.10883133145466813,0.9632460575880835,1.6713168613863014
GO:0019200,carbohydrate kinase activity,molecular_function,17,6011,0.8693580482352941,0.7859632289632339,0.322636361852048,67387.0,0.021416361765747897,high_c,0.10902875080744384,0.9624589637973421,1.6692543056453175
GO:0030246,carbohydrate binding,molecular_function,33,6011,0.8521916563636364,0.7859632289632339,0.23173859707817557,121495.0,0.021494129064280366,high_c,0.10910470191693193,0.9621565328894175,1.6676801476737555
GO:0003700,DNA-binding transcription factor activity,molecular_function,179,6011,0.7826188648044693,0.7859632289632339,-0.1001496271773532,469689.5,0.022268004422543727,low_c,0.11238276408971593,0.9493002904992741,1.6523187011119043
GO:0016705,"oxidoreductase activity, acting on paired donors, with incorporation or reduction of molecular oxygen",molecular_function,24,6011,0.8515799395833333,0.7859632289632339,0.2699459940983242,91238.0,0.022269395649114215,high_c,0.11238276408971593,0.9493002904992741,1.6522915687682171
GO:0008233,peptidase activity,molecular_function,111,6011,0.8293157055855855,0.7859632289632339,0.12620247366010084,368775.0,0.022524846347650854,high_c,0.1130791096111061,0.9466176198191096,1.6473381628614394
GO:0015036,disulfide oxidoreductase activity,molecular_function,30,6011,0.8510238103333333,0.7859632289632339,0.24108566014601784,111344.0,0.0225376566390799,high_c,0.1130791096111061,0.9466176198191096,1.6470912418668062
GO:0031160,spore wall,cellular_component,18,6011,0.8677898838888889,0.7859632289632339,0.30963902330496684,70638.0,0.023104243711571177,high_c,0.11533729134340966,0.9380302520617921,1.6363082429975608
GO:0065002,intracellular protein transmembrane transport,biological_process,41,6011,0.8412381936585365,0.7859632289632339,0.20553172365894512,147539.0,0.023120609094185805,high_c,0.11533729134340966,0.9380302520617921,1.6360007289556844
GO:0097035,regulation of membrane lipid distribution,biological_process,24,6011,0.7475053029166666,0.7859632289632339,-0.2679416513557151,52594.0,0.023282357659961766,low_c,0.11581138366101325,0.9362487496053362,1.6329730434866294
GO:0000910,cytokinesis,biological_process,20,6011,0.8606885375,0.7859632289632339,0.2929894842263394,77463.0,0.023484765709076316,high_c,0.11648443791701853,0.9337320916182915,1.6292137681084888
GO:0015918,sterol transport,biological_process,28,6011,0.8444738660714287,0.7859632289632339,0.245887156467133,104358.0,0.024570033787865386,high_c,0.12117493936288155,0.9165871889303323,1.6095942462926744
GO:0031333,negative regulation of protein-containing complex assembly,biological_process,25,6011,0.7053839951999998,0.7859632289632339,-0.26026060808553286,55351.0,0.024513373790523537,low_c,0.12117493936288155,0.9165871889303323,1.6105969124209787
GO:1902930,regulation of alcohol biosynthetic process,biological_process,16,6011,0.703863851875,0.7859632289632339,-0.3246246872393661,32391.0,0.02471607720278502,low_c,0.12154988675363965,0.915245441446662,1.6070204568993125
GO:0031667,response to nutrient levels,biological_process,181,6011,0.8206994349171272,0.7859632289632339,0.09770950408915602,579168.0,0.024954134584145648,high_c,0.12237394813016057,0.9123110281671939,1.6028574869818792
GO:0160215,deacylase activity,molecular_function,35,6011,0.8487168417142859,0.7859632289632339,0.219162363740677,127500.0,0.02515830931684658,high_c,0.12302767598322722,0.9099971798227579,1.5993185476081369
GO:0032259,methylation,biological_process,60,6011,0.8334043900000002,0.7859632289632339,0.16755727328740266,208444.0,0.025316050517559245,high_c,0.12345130252382822,0.9085043235050184,1.5966040463726163
GO:0071035,nuclear polyadenylation-dependent rRNA catabolic process,biological_process,19,6011,0.7491299363157895,0.7859632289632339,-0.2963600590260699,40054.0,0.025504241107795676,low_c,0.12402062342614367,0.9065060898746223,1.5933875946029021
GO:0032156,septin cytoskeleton,cellular_component,31,6011,0.8520933219354839,0.7859632289632339,0.23202071420865256,114196.0,0.025647228135507703,high_c,0.12436756436659602,0.9052928708780936,1.5909595650746924
GO:0003899,DNA-directed RNA polymerase activity,molecular_function,31,6011,0.7446701861290322,0.7859632289632339,-0.23125472003452363,71255.0,0.0261387044277871,low_c,0.12639774620233538,0.8982606698876181,1.582715942149772
GO:0070273,phosphatidylinositol-4-phosphate binding,molecular_function,20,6011,0.862760132,0.7859632289632339,0.285544984142881,77017.0,0.027251868113848825,high_c,0.131414564015671,0.8813565014342337,1.5646037215074196
GO:0006555,L-methionine metabolic process,biological_process,15,6011,0.880262814,0.7859632289632339,0.32855236824549694,59745.0,0.02773694042160266,high_c,0.13338318163961835,0.8748989274028238,1.556941446337639
GO:0016866,intramolecular transferase activity,molecular_function,20,6011,0.8474477275,0.7859632289632339,0.2835085962276749,76895.0,0.02836904978710302,high_c,0.13604605091273714,0.8663140602179147,1.5471552105252222
GO:0090066,regulation of anatomical structure size,biological_process,48,6011,0.7424340545833333,0.7859632289632339,-0.1825842696629213,116982.0,0.029107876420485915,low_c,0.13768739364022767,0.8611058209857205,1.5359894775741043
GO:0032535,regulation of cellular component size,biological_process,48,6011,0.7424340545833333,0.7859632289632339,-0.1825842696629213,116982.0,0.029107876420485915,low_c,0.13768739364022767,0.8611058209857205,1.5359894775741043
GO:0015399,primary active transmembrane transporter activity,molecular_function,75,6011,0.8288996577333334,0.7859632289632339,0.1464106019766398,255191.0,0.029094763726248897,high_c,0.13768739364022767,0.8611058209857205,1.5361851652897136
GO:0005849,mRNA cleavage factor complex,cellular_component,20,6011,0.8747709835000002,0.7859632289632339,0.28250709397429485,76835.0,0.028932809583761415,high_c,0.13768739364022767,0.8611058209857205,1.5386093911885999
GO:0140098,"catalytic activity, acting on RNA",molecular_function,272,6011,0.8165867475367647,0.7859632289632339,0.07832118733536286,841634.0,0.02882324409033727,high_c,0.13768739364022767,0.8611058209857205,1.5402571404115803
GO:0019829,ATPase-coupled monoatomic cation transmembrane transporter activity,molecular_function,32,6011,0.841089689375,0.7859632289632339,0.2220898143502259,116910.0,0.03000718896757779,high_c,0.14079048661544605,0.8514266900092605,1.5227746867827385
GO:0006221,pyrimidine nucleotide biosynthetic process,biological_process,20,6011,0.8194899967000001,0.7859632289632339,0.28068769821398765,76726.0,0.029981669673725776,high_c,0.14079048661544605,0.8514266900092605,1.5231441850336325
GO:0006865,amino acid transport,biological_process,58,6011,0.8322951755172414,0.7859632289632339,0.16539328185730762,201190.0,0.029937401784585562,high_c,0.14079048661544605,0.8514266900092605,1.5237858940257456
GO:0046112,nucleobase biosynthetic process,biological_process,20,6011,0.8217382852,0.7859632289632339,0.27956935403104666,76659.0,0.030642469189394613,high_c,0.14338362941452576,0.843500430682082,1.5136762419075094
GO:0006450,regulation of translational fidelity,biological_process,34,6011,0.8408313373529411,0.7859632289632339,0.21447903236917987,123402.0,0.030790632845384434,high_c,0.14368961994512736,0.8425746039143255,1.511581384872901
GO:0006766,vitamin metabolic process,biological_process,44,6011,0.8548667329545453,0.7859632289632339,0.18856742386154157,156028.0,0.030903903285679858,high_c,0.14383157132423655,0.8421457749617017,1.5099866639934874
GO:0042578,phosphoric ester hydrolase activity,molecular_function,135,6011,0.8298588122222224,0.7859632289632339,0.10838060661069515,439617.0,0.031061695453018758,high_c,0.14417942060545605,0.8410967240500681,1.507774842690061
GO:1990825,sequence-specific mRNA binding,molecular_function,22,6011,0.8300927609090909,0.7859632289632339,0.2653652909121267,83361.0,0.03142504541365589,high_c,0.145477010234951,0.8372056329115606,1.5027240860243147
GO:0005628,prospore membrane,cellular_component,76,6011,0.8330900088157895,0.7859632289632339,0.14320046113599072,257826.0,0.03168558630507362,high_c,0.14629302613193565,0.8347763764352285,1.4991382523480405
GO:0006511,ubiquitin-dependent protein catabolic process,biological_process,188,6011,0.8252692721276597,0.7859632289632339,0.0918240579360643,597623.0,0.03186276736313046,high_c,0.146332709371414,0.8346585863030278,1.4967165073062756
GO:0031124,mRNA 3'-end processing,biological_process,30,6011,0.8547058866666666,0.7859632289632339,0.22687398985676865,110069.0,0.031816639706653244,high_c,0.146332709371414,0.8346585863030278,1.4973456899917585
GO:0072698,protein localization to microtubule cytoskeleton,biological_process,16,6011,0.754229475,0.7859632289632339,-0.3093619683069224,33123.0,0.03233715289233738,low_c,0.1481195182614715,0.8293877091038594,1.4902982199762602
GO:0008361,regulation of cell size,biological_process,26,6011,0.741345705,0.7859632289632339,-0.24263222157958997,58927.0,0.03251707733392421,low_c,0.14855170066234852,0.8281223719044387,1.4878884961281016
GO:0019359,nicotinamide nucleotide biosynthetic process,biological_process,17,6011,0.8497217670588235,0.7859632289632339,0.29951520147598587,66209.0,0.03270453099844025,high_c,0.149015920769796,0.8267673293521758,1.4853920745170297
GO:0008289,lipid binding,molecular_function,144,6011,0.8173790604861111,0.7859632289632339,0.10353104937219482,466158.0,0.03352657095385687,high_c,0.15156803952056125,0.8193923667988912,1.4746108632718333
GO:0005774,vacuolar membrane,cellular_component,285,6011,0.8194994519999999,0.7859632289632339,0.07450778535581004,876750.0,0.03348937592517904,high_c,0.15156803952056125,0.8193923667988912,1.475092945466295
GO:0000781,"chromosome, telomeric region",cellular_component,122,6011,0.7833900844262296,0.7859632289632339,-0.11231554245342112,318882.0,0.03345312835635396,low_c,0.15156803952056125,0.8193923667988912,1.4755632631166606
GO:0015035,protein-disulfide reductase activity,molecular_function,18,6011,0.869513605,0.7859632289632339,0.2888555166212432,69517.0,0.03407178925192354,high_c,0.1536327951723098,0.8135160678846122,1.4676050592165846
GO:0019751,polyol metabolic process,biological_process,37,6011,0.8352168378378377,0.7859632289632339,0.2016576335290765,132806.0,0.034190112271013325,high_c,0.15376692979916873,0.8131370569275943,1.4660994730963124
GO:0016877,"ligase activity, forming carbon-sulfur bonds",molecular_function,19,6011,0.8619147278947369,0.7859632289632339,0.28044410090647176,72888.0,0.03453956603810624,high_c,0.1549371747859236,0.8098443674739173,1.461683123295479
GO:0035770,ribonucleoprotein granule,cellular_component,139,6011,0.8202793860431655,0.7859632289632339,0.10401025228863237,450551.0,0.03581257202619105,high_c,0.16023356968419503,0.7952464919889811,1.445964487235247
GO:0019363,pyridine nucleotide biosynthetic process,biological_process,18,6011,0.8495494966666667,0.7859632289632339,0.2851660270315368,69318.0,0.03642493546539807,high_c,0.16049159382723618,0.7945477099884085,1.4386012090033076
GO:0072525,pyridine-containing compound biosynthetic process,biological_process,31,6011,0.8449022570967742,0.7859632289632339,0.21803862336821656,112900.0,0.03599065323878451,high_c,0.16049159382723618,0.7945477099884085,1.4438102707290041
GO:0006144,purine nucleobase metabolic process,biological_process,16,6011,0.8608996343750001,0.7859632289632339,0.30289824854045033,62487.0,0.03612662187067699,high_c,0.16049159382723618,0.7945477099884085,1.4421726465558347
GO:0000271,polysaccharide biosynthetic process,biological_process,35,6011,0.8384808511428571,0.7859632289632339,0.2048957735704724,126008.0,0.036330187345773424,high_c,0.16049159382723618,0.7945477099884085,1.4397323625824872
GO:0030488,tRNA methylation,biological_process,22,6011,0.8658881609090906,0.7859632289632339,0.25812474384857076,82884.0,0.03635462781786754,high_c,0.16049159382723618,0.7945477099884085,1.43944029710659
GO:0008094,"ATP-dependent activity, acting on DNA",molecular_function,85,6011,0.780192685882353,0.7859632289632339,-0.13213356891862382,218576.5,0.036186414677871016,low_c,0.16049159382723618,0.7945477099884085,1.4414544443234485
GO:0061645,endocytic patch,cellular_component,59,6011,0.8238630435593222,0.7859632289632339,0.15763395297977034,203262.0,0.03691938428389063,high_c,0.16225835725780796,0.7897929252365135,1.4327455504505264
GO:0016042,lipid catabolic process,biological_process,52,6011,0.8363643230769231,0.7859632289632339,0.16746485600320127,180880.0,0.037310035001814464,high_c,0.16356116354330785,0.7863198086175752,1.428174343532536
GO:0000921,septin ring assembly,biological_process,18,6011,0.8606007427777778,0.7859632289632339,0.28279288799896185,69190.0,0.03801059402748457,high_c,0.1662125723720736,0.7793361291360926,1.4200953432134507
GO:0019953,sexual reproduction,biological_process,29,6011,0.8576567562068965,0.7859632289632339,0.22272564820899476,106058.0,0.03824649688085393,high_c,0.16682391604312166,0.7777416883445388,1.417408337111324
GO:0010498,proteasomal protein catabolic process,biological_process,185,6011,0.826107476918919,0.7859632289632339,0.08925877473766253,587007.0,0.03845310014470904,high_c,0.16730471641908495,0.7764918158462661,1.415068640999991
GO:1902495,transmembrane transporter complex,cellular_component,42,6011,0.8419515807142859,0.7859632289632339,0.1849556039537612,148533.0,0.038579977089066374,high_c,0.16743710056654806,0.7761483050877367,1.4136380346002475
GO:0034062,5'-3' RNA polymerase activity,molecular_function,33,6011,0.7514730181818181,0.7859632289632339,-0.2080659387450956,78114.0,0.03898763099429357,low_c,0.16878435762118116,0.7726678048287883,1.409073153049079
GO:0036503,ERAD pathway,biological_process,55,6011,0.8455702343636362,0.7859632289632339,0.16126747664692598,190204.0,0.039225937763161675,high_c,0.16939360188270813,0.7711029973082038,1.4064266650642068
GO:0007029,endoplasmic reticulum organization,biological_process,30,6011,0.747330938666667,0.7859632289632339,-0.21756673911831914,70196.0,0.039528901259248746,low_c,0.1696051143165504,0.7705610560535496,1.4030852570882721
GO:0097747,RNA polymerase activity,molecular_function,34,6011,0.7537275617647059,0.7859632289632339,-0.20442086823017647,80838.0,0.039543920052306496,low_c,0.1696051143165504,0.7705610560535496,1.4029202805787693
GO:0005199,structural constituent of cell wall,molecular_function,41,6011,0.8581516478048781,0.7859632289632339,0.1862401438084733,145178.0,0.0395680134206238,high_c,0.1696051143165504,0.7705610560535496,1.4026557536793542
GO:0016788,"hydrolase activity, acting on ester bonds",molecular_function,276,6011,0.8226459185869566,0.7859632289632339,0.07317261160178412,849341.0,0.03973959654111063,high_c,0.16992103348612822,0.7697528591440719,1.400776546407351
GO:0042393,histone binding,molecular_function,41,6011,0.8402772307317073,0.7859632289632339,0.18590922090125428,145137.5,0.03992024487666641,high_c,0.1702740665992454,0.7688514917348747,1.3988068033501277
GO:0015630,microtubule cytoskeleton,cellular_component,16,6011,0.85464370375,0.7859632289632339,0.2944954128440367,62084.0,0.04161345729052588,high_c,0.17576876364076138,0.7550583020937993,1.3807662010582034
GO:0042364,water-soluble vitamin biosynthetic process,biological_process,43,6011,0.8534860453488373,0.7859632289632339,0.18006889456948683,151417.0,0.041585188410278265,high_c,0.17576876364076138,0.7550583020937993,1.3810613265153584
GO:0016298,lipase activity,molecular_function,40,6011,0.8488225545000001,0.7859632289632339,0.1868614972366438,141735.0,0.04135753171845559,high_c,0.17576876364076138,0.7550583020937993,1.3834453885079736
GO:0009110,vitamin biosynthetic process,biological_process,43,6011,0.8534860453488373,0.7859632289632339,0.18006889456948683,151417.0,0.041585188410278265,high_c,0.17576876364076138,0.7550583020937993,1.3810613265153584
GO:0031399,regulation of protein modification process,biological_process,54,6011,0.8456186175925926,0.7859632289632339,0.15985550768159462,186550.0,0.04284058046271644,high_c,0.18051273709532947,0.7434921485779683,1.3681446533853068
GO:0045333,cellular respiration,biological_process,69,6011,0.8265461120289855,0.7859632289632339,0.14097873648164128,233899.5,0.04375262481946394,high_c,0.18324865535973497,0.7369592034371196,1.358995887546478
GO:0030242,autophagy of peroxisome,biological_process,33,6011,0.8380475263636364,0.7859632289632339,0.2030880906759127,118669.0,0.04391212017836967,high_c,0.18324865535973497,0.7369592034371196,1.35741559365085
GO:0001228,"DNA-binding transcription activator activity, RNA polymerase II-specific",molecular_function,54,6011,0.7740585737037037,0.7859632289632339,-0.15925242012198537,135225.0,0.043630847315634005,low_c,0.18324865535973497,0.7369592034371196,1.3602063528868653
GO:0000425,pexophagy,biological_process,33,6011,0.8380475263636364,0.7859632289632339,0.2030880906759127,118669.0,0.04391212017836967,high_c,0.18324865535973497,0.7369592034371196,1.35741559365085
GO:0071705,nitrogen compound transport,biological_process,247,6011,0.8152081297975708,0.7859632289632339,0.07551829448173364,765612.0,0.044131228434655556,high_c,0.18372137305170755,0.7358403175184747,1.3552539833851902
GO:0061640,cytoskeleton-dependent cytokinesis,biological_process,19,6011,0.8563235394736842,0.7859632289632339,0.26649567844845756,72094.0,0.044581415960215066,high_c,0.1851515265716109,0.732472702848167,1.3508461419136049
GO:0016628,"oxidoreductase activity, acting on the CH-CH group of donors, NAD or NADP as acceptor",molecular_function,17,6011,0.8669885229411766,0.7859632289632339,0.2810457516339868,65268.0,0.0450709927842686,high_c,0.18673805124938014,0.7287671776918333,1.3461028755660112
GO:0001216,DNA-binding transcription activator activity,molecular_function,57,6011,0.7742100428070174,0.7859632289632339,-0.15376364997141834,143597.0,0.045396733224586296,low_c,0.18763983066162335,0.7266749676602647,1.3429753981028374
GO:0046942,carboxylic acid transport,biological_process,79,6011,0.8326908017721519,0.7859632289632339,0.13071348703022445,264942.0,0.04562540080567292,high_c,0.188137044652371,0.7255256823651299,1.3407933073699347
GO:0036260,RNA capping,biological_process,15,6011,0.8655610346666667,0.7859632289632339,0.2980653769179453,58374.0,0.04585273682777107,high_c,0.18862642448580705,0.7243974674602791,1.3386347373390783
GO:0036464,cytoplasmic ribonucleoprotein granule,cellular_component,138,6011,0.8193995326811595,0.7859632289632339,0.09899145438348422,445352.0,0.046510268289361875,high_c,0.19087902068636456,0.719241801835924,1.3324511553013547
GO:0030479,actin cortical patch,cellular_component,58,6011,0.8223890839655171,0.7859632289632339,0.15154920439998376,198800.0,0.046679137056216895,high_c,0.19112024039998238,0.7186933169819116,1.330877181229652
GO:0061919,process utilizing autophagic mechanism,biological_process,195,6011,0.8195370802051282,0.7859632289632339,0.08355905900610172,614443.0,0.04683537477161577,high_c,0.19130873083182348,0.7182652094522692,1.3294260002424307
GO:0005940,septin ring,cellular_component,23,6011,0.8528542539130434,0.7859632289632339,0.23897069501321488,85318.0,0.04758977450293714,high_c,0.1939339167537532,0.7123462312983718,1.322486353036126
GO:0000973,post-transcriptional tethering of RNA polymerase II gene DNA at nuclear periphery,biological_process,17,6011,0.7532006617647058,0.7859632289632339,-0.2771791399242379,36827.0,0.048107281017289796,low_c,0.1954674368552078,0.7089255818588908,1.3177891883594774
GO:0052689,carboxylic ester hydrolase activity,molecular_function,59,6011,0.8382880467796608,0.7859632289632339,0.14925050118461813,201790.0,0.04819128051499363,high_c,0.1954674368552078,0.7089255818588908,1.3170315336861917
GO:0043248,proteasome assembly,biological_process,31,6011,0.846125909032258,0.7859632289632339,0.2041752076815191,111615.0,0.04956543197849812,high_c,0.20057247066357284,0.697728675798928,1.304821104454677
GO:0006813,potassium ion transport,biological_process,19,6011,0.8611669621052631,0.7859632289632339,0.2598201110252265,71714.0,0.050198680013777044,high_c,0.2025761279533468,0.693411734242147,1.2993077025814705
GO:0009060,aerobic respiration,biological_process,62,6011,0.8316130819354838,0.7859632289632339,0.1442882783227324,211028.5,0.05029395803450028,high_c,0.2025761279533468,0.693411734242147,1.2984841849218884
GO:0140110,transcription regulator activity,molecular_function,269,6011,0.7895637813754648,0.7859632289632339,-0.07029466566705378,718010.5,0.0509929559284497,low_c,0.2047435571257855,0.6887897557396753,1.2924898123861985
GO:0019005,SCF ubiquitin ligase complex,cellular_component,22,6011,0.76199386,0.7859632289632339,-0.2404863461801181,50036.0,0.05118588928144638,low_c,0.2047435571257855,0.6887897557396753,1.2908497470676377
GO:0038023,signaling receptor activity,molecular_function,20,6011,0.857987535,0.7859632289632339,0.25219495910532475,75019.0,0.05117439741633243,high_c,0.2047435571257855,0.6887897557396753,1.290947262496477
GO:0001101,response to acid chemical,biological_process,30,6011,0.7533356903333333,0.7859632289632339,-0.20512734771219976,71312.0,0.0522664637861564,low_c,0.2085852439833736,0.6807164182645608,1.2817768821503965
GO:0006220,pyrimidine nucleotide metabolic process,biological_process,21,6011,0.8152548520952382,0.7859632289632339,0.24461403927180214,78280.0,0.05262992360883192,high_c,0.209554007763606,0.6787040287791964,1.2787672603510836
GO:0016757,glycosyltransferase activity,molecular_function,100,6011,0.8267546206999999,0.7859632289632339,0.11239722551175779,328769.0,0.05356644930287406,high_c,0.2119844754271032,0.6736959432373761,1.2711071402479275
GO:0099111,microtubule-based transport,biological_process,32,6011,0.763864516875,0.7859632289632339,-0.19721107208563304,76798.0,0.05399153246571627,low_c,0.2119844754271032,0.6736959432373761,1.2676743455800816
GO:0010970,transport along microtubule,biological_process,32,6011,0.763864516875,0.7859632289632339,-0.19721107208563304,76798.0,0.05399153246571627,low_c,0.2119844754271032,0.6736959432373761,1.2676743455800816
GO:0005216,monoatomic ion channel activity,molecular_function,25,6011,0.8503308660000001,0.7859632289632339,0.2232008018710323,91526.0,0.05376394051386675,high_c,0.2119844754271032,0.6736959432373761,1.2695089080957487
GO:0045324,late endosome to vacuole transport,biological_process,63,6011,0.8311579957142858,0.7859632289632339,0.14085566977295283,213753.0,0.05409511671325271,high_c,0.2119844754271032,0.6736959432373761,1.2668419378547797
GO:0010181,FMN binding,molecular_function,20,6011,0.8461830450000001,0.7859632289632339,0.24982473710565856,74877.0,0.053398165441058965,high_c,0.2119844754271032,0.6736959432373761,1.2724736634304534
GO:0043328,protein transport to vacuole involved in ubiquitin-dependent protein catabolic process via the multivesicular body sorting pathway,biological_process,27,6011,0.8425744162962963,0.7859632289632339,0.2148197662903546,98138.0,0.05375385068421496,high_c,0.2119844754271032,0.6736959432373761,1.2695904193936491
GO:0000097,sulfur amino acid biosynthetic process,biological_process,16,6011,0.872844518125,0.7859632289632339,0.27725187656380323,61257.0,0.055102450923670616,high_c,0.2154456189267842,0.6666623328370092,1.2588290835628624
GO:0051247,positive regulation of protein metabolic process,biological_process,93,6011,0.8271400859139784,0.7859632289632339,0.11557958769854682,306993.0,0.05544436254307008,high_c,0.21577689565620045,0.665995059311133,1.2561426053471394
GO:0022803,passive transmembrane transporter activity,molecular_function,40,6011,0.84270196425,0.7859632289632339,0.17528052252554005,140352.0,0.05568436016934205,high_c,0.21577689565620045,0.665995059311133,1.254266766153462
GO:0006399,tRNA metabolic process,biological_process,202,6011,0.8211733611386139,0.7859632289632339,0.0791030988104835,633119.5,0.055606417131179524,high_c,0.21577689565620045,0.665995059311133,1.2548750867660468
GO:0015267,channel activity,molecular_function,40,6011,0.84270196425,0.7859632289632339,0.17528052252554005,140352.0,0.05568436016934205,high_c,0.21577689565620045,0.665995059311133,1.254266766153462
GO:0006826,iron ion transport,biological_process,40,6011,0.8453104034999999,0.7859632289632339,0.17455200133980897,140265.0,0.05670933284327968,high_c,0.21925924680608805,0.6590420821024999,1.24634546193965
GO:0003333,amino acid transmembrane transport,biological_process,52,6011,0.8279080790384616,0.7859632289632339,0.15246492054681338,178556.0,0.057982034590942894,high_c,0.22368180455528192,0.6503693422450353,1.2367065493101648
GO:0015849,organic acid transport,biological_process,80,6011,0.8314322942499999,0.7859632289632339,0.12312426235036256,266450.0,0.05815769392861933,high_c,0.2238619881598296,0.6500196435085707,1.235392822471083
GO:0034728,nucleosome organization,biological_process,61,6011,0.8272570121311474,0.7859632289632339,0.140688800110208,207006.5,0.05831443487149416,high_c,0.22396871446219882,0.6498126427611944,1.2342239287902854
GO:0032126,eisosome,cellular_component,20,6011,0.8678571615000001,0.7859632289632339,0.24416624937406106,74538.0,0.05903494069397949,high_c,0.22623544601489715,0.6454393498850792,1.2288908687127205
GO:0000131,incipient cellular bud site,cellular_component,70,6011,0.773528961,0.7859632289632339,-0.13092072041743819,180712.0,0.059301591658041,low_c,0.22675674695673825,0.6444397820077202,1.2269336499910894
GO:0120544,polypeptide conformation or assembly isomerase activity,molecular_function,24,6011,0.8518142520833333,0.7859632289632339,0.22245420633595003,87826.0,0.05961925184886331,high_c,0.22747037628489386,0.6430751539682151,1.2246134781515758
GO:0032153,cell division site,cellular_component,33,6011,0.8280068736363636,0.7859632289632339,0.18939140484807937,117318.0,0.060239809734190644,high_c,0.22933401249683105,0.6395315303365234,1.2201164085125615
GO:0000328,fungal-type vacuole lumen,cellular_component,16,6011,0.84887257625,0.7859632289632339,0.2711843202668891,60966.0,0.06064296002070659,high_c,0.23036362931279353,0.6375860879034482,1.217219608674071
GO:0006897,endocytosis,biological_process,113,6011,0.8316192389380531,0.7859632289632339,0.10255763915771654,367413.0,0.06144627308407547,high_c,0.2322151532650174,0.6341094436643986,1.211504453348814
GO:0016667,"oxidoreductase activity, acting on a sulfur group of donors",molecular_function,40,6011,0.8328149899999999,0.7859632289632339,0.17139507620164118,139888.0,0.06133396444069625,high_c,0.2322151532650174,0.6341094436643986,1.2122989629323804
GO:0010467,gene expression,biological_process,32,6011,0.8471021984375,0.7859632289632339,0.191352023749791,113969.5,0.0615316650356613,high_c,0.2322151532650174,0.6341094436643986,1.2109013328232976
GO:0006891,intra-Golgi vesicle-mediated transport,biological_process,38,6011,0.7790261128947368,0.7859632289632339,-0.1753328575079084,93589.0,0.06205341565371448,low_c,0.23367620298231745,0.6313855128524829,1.207234308303308
GO:0046943,carboxylic acid transmembrane transporter activity,molecular_function,66,6011,0.8320889265151514,0.7859632289632339,0.1328541937456993,222249.0,0.06303527765966169,high_c,0.2368598312060015,0.6255085845484081,1.2004163298327557
GO:0016811,"hydrolase activity, acting on carbon-nitrogen (but not peptide) bonds, in linear amides",molecular_function,33,6011,0.8507095336363636,0.7859632289632339,0.18662368076887992,117045.0,0.06408705177366293,high_c,0.23977396956698027,0.6201979667210809,1.193229707006673
GO:1990748,cellular detoxification,biological_process,43,6011,0.8231943465116278,0.7859632289632339,0.16369474406135054,149316.0,0.0639748925126223,high_c,0.23977396956698027,0.6201979667210809,1.19399043511978
GO:0042277,peptide binding,molecular_function,41,6011,0.8238411485365852,0.7859632289632339,0.1667361196225028,142791.0,0.0653761413341646,high_c,0.24407092764754781,0.6124839482115815,1.1845807161621007
GO:0044380,protein localization to cytoskeleton,biological_process,24,6011,0.7756838683333332,0.7859632289632339,-0.21748510661989862,56219.0,0.0655450351169989,low_c,0.24417635399809032,0.6122963953680918,1.1834601995185647
GO:0042546,cell wall biogenesis,biological_process,23,6011,0.8552021508695652,0.7859632289632339,0.22167523452702498,84127.0,0.06611642455801058,high_c,0.2457775439672513,0.609457799954959,1.17969064022932
GO:0046890,regulation of lipid biosynthetic process,biological_process,38,6011,0.7675640944736842,0.7859632289632339,-0.1714601672438253,94028.5,0.06804643480265347,low_c,0.25241156157565475,0.5978907563474272,1.1671946241137763
GO:0000030,mannosyltransferase activity,molecular_function,44,6011,0.8402322168181818,0.7859632289632339,0.1591785121196887,152170.0,0.06846696964117284,high_c,0.25342997717926663,0.5961420155238838,1.1645188936492736
GO:0016859,cis-trans isomerase activity,molecular_function,16,6011,0.8421315675000001,0.7859632289632339,0.26290658882402007,60569.0,0.06893873391195127,high_c,0.2540926583251537,0.5950078831390689,1.1615366968506458
GO:0003755,peptidyl-prolyl cis-trans isomerase activity,molecular_function,16,6011,0.8421315675000001,0.7859632289632339,0.26290658882402007,60569.0,0.06893873391195127,high_c,0.2540926583251537,0.5950078831390689,1.1615366968506458
GO:0098739,import across plasma membrane,biological_process,23,6011,0.8443810326086955,0.7859632289632339,0.218741831489065,83925.0,0.06978316799660747,high_c,0.2555771722407396,0.5924779392953983,1.1562493184617864
GO:0062197,cellular response to chemical stress,biological_process,145,6011,0.8120231885517242,0.7859632289632339,0.0880891637372585,462748.0,0.06955844579877786,high_c,0.2555771722407396,0.5924779392953983,1.1576501303575844
GO:0019725,cellular homeostasis,biological_process,228,6011,0.8130477603070175,0.7859632289632339,0.07070178472291744,705873.0,0.0697526028104026,high_c,0.2555771722407396,0.5924779392953983,1.15643958210304
GO:0009250,glucan biosynthetic process,biological_process,33,6011,0.8336754693939394,0.7859632289632339,0.1819601163863458,116585.0,0.0710272349656514,high_c,0.2595858524218333,0.5857189805255925,1.148575091741199
GO:0004536,DNA nuclease activity,molecular_function,37,6011,0.7701621859459458,0.7859632289632339,-0.17160850170558906,91553.0,0.07150808576527733,low_c,0.26079419514395263,0.5837020795237304,1.1456448476437104
GO:0044732,mitotic spindle pole body,cellular_component,16,6011,0.74017399125,0.7859632289632339,-0.25904920767306083,35536.0,0.07311147920659966,low_c,0.2660828677204549,0.5749830874704001,1.1360144292707592
GO:0032506,cytokinetic process,biological_process,32,6011,0.8380568125000001,0.7859632289632339,0.18302600769359434,113173.0,0.07372733091048847,high_c,0.2677628587042008,0.5722496639874753,1.1323714882158296
GO:0016078,tRNA decay,biological_process,18,6011,0.756970945,0.7859632289632339,-0.2435248530693216,40802.0,0.07399619954763209,low_c,0.2681782931413138,0.5715763776792857,1.1307905851051956
GO:0030001,metal ion transport,biological_process,100,6011,0.8214406095,0.7859632289632339,0.10371510742683143,326203.0,0.07487719026420853,high_c,0.2702428322217588,0.5682458162194998,1.125650460686141
GO:0044085,cellular component biogenesis,biological_process,168,6011,0.8223705004761905,0.7859632289632339,0.08049925429696092,530322.0,0.07481456296852573,high_c,0.2702428322217588,0.5682458162194998,1.126013856663957
GO:0045039,protein insertion into mitochondrial inner membrane,biological_process,23,6011,0.8489750856521737,0.7859632289632339,0.2146466846736952,83643.0,0.07517966867119313,high_c,0.2707715867493595,0.5673969100215086,1.123899592623132
GO:0031123,RNA 3'-end processing,biological_process,69,6011,0.8347100089855073,0.7859632289632339,0.1242542646549496,230471.0,0.07552962913371858,high_c,0.27146881195887257,0.5662800576854057,1.1218826477743666
GO:0034440,lipid oxidation,biological_process,17,6011,0.8611172035294118,0.7859632289632339,0.24836601307189543,63603.0,0.07656720139672415,high_c,0.27406321984476933,0.5621492442498268,1.1159572264880362
GO:0019395,fatty acid oxidation,biological_process,17,6011,0.8611172035294118,0.7859632289632339,0.24836601307189543,63603.0,0.07656720139672415,high_c,0.27406321984476933,0.5621492442498268,1.1159572264880362
GO:0006400,tRNA modification,biological_process,81,6011,0.8271178472839507,0.7859632289632339,0.1141756708929278,267586.0,0.07712598836037686,high_c,0.2754952999868605,0.5598858059126783,1.112799257490858
GO:0030705,cytoskeleton-dependent intracellular transport,biological_process,38,6011,0.7736145721052632,0.7859632289632339,-0.16531408883836918,94726.0,0.0785282255926647,low_c,0.27977363182715803,0.553193219406702,1.1049742156639468
GO:1990837,sequence-specific double-stranded DNA binding,molecular_function,223,6011,0.7881119405829596,0.7859632289632339,-0.0692952172579111,600641.5,0.07864604396984626,low_c,0.27977363182715803,0.553193219406702,1.1043231182444644
GO:0098857,membrane microdomain,cellular_component,30,6011,0.8294059486666667,0.7859632289632339,0.1856099871816308,106367.0,0.07904529373315139,high_c,0.2800461835117364,0.5527703415493815,1.1021239823613411
GO:0045121,membrane raft,cellular_component,30,6011,0.8294059486666667,0.7859632289632339,0.1856099871816308,106367.0,0.07904529373315139,high_c,0.2800461835117364,0.5527703415493815,1.1021239823613411
GO:0045332,phospholipid translocation,biological_process,16,6011,0.74881468625,0.7859632289632339,-0.25329441201000835,35812.0,0.07971876975643505,low_c,0.28102079444126715,0.5512615428103569,1.0984394120803593
GO:0099080,supramolecular complex,cellular_component,248,6011,0.8147785403225807,0.7859632289632339,0.06556285088971348,761464.0,0.07996789887902417,high_c,0.28102079444126715,0.5512615428103569,1.0970843147271832
GO:0031985,Golgi cisterna,cellular_component,21,6011,0.8535504871428572,0.7859632289632339,0.22105095794578267,76798.0,0.07990088862698401,high_c,0.28102079444126715,0.5512615428103569,1.0974483906027852
GO:0071467,cellular response to pH,biological_process,15,6011,0.7409354399999999,0.7859632289632339,-0.261574382921948,33207.0,0.07972509926747202,low_c,0.28102079444126715,0.5512615428103569,1.0984049313350692
GO:0016741,"transferase activity, transferring one-carbon groups",molecular_function,105,6011,0.8184270229523808,0.7859632289632339,0.09945656555883442,340903.0,0.08020116279358748,high_c,0.2810567515537464,0.5512059776106172,1.0958193350677343
GO:0006310,DNA recombination,biological_process,222,6011,0.794075646126126,0.7859632289632339,-0.06903042271845172,598221.5,0.08044757148541108,low_c,0.2810567515537464,0.5512059776106172,1.0944870616507725
GO:0001932,regulation of protein phosphorylation,biological_process,19,6011,0.8617519552631578,0.7859632289632339,0.23192326610919833,70126.0,0.08046382806579029,high_c,0.2810567515537464,0.5512059776106172,1.0943993097177582
GO:0005048,signal sequence binding,molecular_function,40,6011,0.82193207875,0.7859632289632339,0.15999832523865343,138527.0,0.0806960745776607,high_c,0.2813019788490341,0.5508272127327968,1.0931475908135524
GO:0004888,transmembrane signaling receptor activity,molecular_function,16,6011,0.853457919375,0.7859632289632339,0.2513344453711426,60014.0,0.0820769283539624,high_c,0.2855421796041658,0.5443297297428312,1.0857789049599145
GO:0120569,phospholipase activity,molecular_function,19,6011,0.8592375031578947,0.7859632289632339,0.23039491251493227,70039.0,0.0824787249904305,high_c,0.28636613316677473,0.5430783447736784,1.0836580612781328
GO:0070566,adenylyltransferase activity,molecular_function,18,6011,0.8537359355555556,0.7859632289632339,0.2363868958229045,66687.0,0.08287076330125794,high_c,0.28715298421354046,0.541886665990027,1.0815986609632544
GO:0000165,MAPK cascade,biological_process,30,6011,0.848700952,0.7859632289632339,0.1831243381820209,106144.0,0.08314322563095952,high_c,0.28752318664411497,0.541327126885471,1.0801731305809248
GO:0006914,autophagy,biological_process,186,6011,0.8171803180645161,0.7859632289632339,0.07442890765609866,582045.0,0.0835265892620335,high_c,0.28827466989839,0.5401935164971428,1.0781752522816885
GO:0051315,attachment of mitotic spindle microtubules to kinetochore,biological_process,16,6011,0.756473725,0.7859632289632339,-0.24956213511259384,35991.0,0.08425771833125342,low_c,0.2902210298076507,0.5372711211935595,1.0743903055885073
GO:0003779,actin binding,molecular_function,51,6011,0.8267306862745097,0.7859632289632339,0.1398802474009737,173239.0,0.08494574516995244,high_c,0.292011512108985,0.5346000268157794,1.070858369537591
GO:0042325,regulation of phosphorylation,biological_process,24,6011,0.85223419125,0.7859632289632339,0.20235510272256563,86382.0,0.08663763277222357,high_c,0.2972389930683401,0.526894218587115,1.062293422587789
GO:0050821,protein stabilization,biological_process,32,6011,0.8412566421875,0.7859632289632339,0.17482020404749954,112388.0,0.08761359120569372,high_c,0.2994039258525282,0.523742509387383,1.0574285179439369
GO:0032986,protein-DNA complex disassembly,biological_process,24,6011,0.8438892079166668,0.7859632289632339,0.20176354323255952,86339.5,0.08756247979442555,high_c,0.2994039258525282,0.523742509387383,1.05768194758623
GO:0019213,deacetylase activity,molecular_function,18,6011,0.8586959866666667,0.7859632289632339,0.2320114207315942,66451.0,0.0887245245478678,high_c,0.30260466525559626,0.5191243807439494,1.0519563192476638
GO:0071229,cellular response to acid chemical,biological_process,27,6011,0.7525318814814815,0.7859632289632339,-0.18918350168350173,65501.0,0.08938960082632241,low_c,0.30367973979353363,0.5175841813756968,1.0487130020814572
GO:0043650,dicarboxylic acid biosynthetic process,biological_process,21,6011,0.8390932328571429,0.7859632289632339,0.21450035773908893,76386.0,0.08925083351303324,high_c,0.30367973979353363,0.5175841813756968,1.0493877193231012
GO:0005847,mRNA cleavage and polyadenylation specificity factor complex,cellular_component,16,6011,0.8690527368750001,0.7859632289632339,0.24522518765638024,59721.0,0.08979235788050165,high_c,0.30445221343857587,0.5164808641758402,1.0467606240404825
GO:0090150,establishment of protein localization to membrane,biological_process,115,6011,0.8267624966956522,0.7859632289632339,0.09187068609521565,370166.0,0.09105618567246994,high_c,0.3076304304737385,0.5119707067992183,1.0406905461659148
GO:0019843,rRNA binding,molecular_function,67,6011,0.8297066398507463,0.7859632289632339,0.11986500873827355,222992.0,0.09108412515178663,high_c,0.3076304304737385,0.5119707067992183,1.0405573086444158
GO:0003690,double-stranded DNA binding,molecular_function,276,6011,0.7921150558333333,0.7859632289632339,-0.06004258115057559,743910.5,0.09151964540218903,low_c,0.3085011736275731,0.5107431794459444,1.0384856712452264
GO:0005768,endosome,cellular_component,147,6011,0.8248704989115647,0.7859632289632339,0.081304349843621,466046.5,0.09175332983715695,high_c,0.3086894972815978,0.5104781465148,1.0373781657280616
GO:0030447,filamentous growth,biological_process,82,6011,0.8280581652439025,0.7859632289632339,0.10818259978855482,269387.0,0.0919900354489745,high_c,0.3088872370201542,0.5102000360372742,1.0362592137838047
GO:0030880,RNA polymerase complex,cellular_component,37,6011,0.7633049913513513,0.7859632289632339,-0.15937531103249214,92905.0,0.09417766673129846,low_c,0.31501431492395787,0.501669710492218,1.0260520734842333
GO:0000428,DNA-directed RNA polymerase complex,cellular_component,37,6011,0.7633049913513513,0.7859632289632339,-0.15937531103249214,92905.0,0.09417766673129846,low_c,0.31501431492395787,0.501669710492218,1.0260520734842333
GO:0045185,maintenance of protein location,biological_process,38,6011,0.8382981984210526,0.7859632289632339,0.15709288288526446,131315.0,0.09456437000885391,high_c,0.31569951218340464,0.5007260891759462,1.02427246638162
GO:0034204,lipid translocation,biological_process,18,6011,0.7585042894444445,0.7859632289632339,-0.2273393032612121,41675.0,0.09533837087769517,low_c,0.31767257551569833,0.4980202759386414,1.02073227347959
GO:0016485,protein processing,biological_process,41,6011,0.838859421707317,0.7859632289632339,0.1507251705682886,140831.5,0.0957674790503929,high_c,0.31849107975379704,0.49690272680729336,1.0187819446455042
GO:0042592,homeostatic process,biological_process,266,6011,0.8103818475939849,0.7859632289632339,0.06023675376430626,810111.0,0.09623459948365914,high_c,0.31943262849642884,0.4956207248531102,1.016668756826309
GO:0043596,nuclear replication fork,cellular_component,31,6011,0.7706920148387096,0.7859632289632339,-0.1722731686266048,76722.0,0.0975471583495255,low_c,0.3231715017075883,0.4905669436797172,1.0107853775364637
GO:0051087,protein-folding chaperone binding,molecular_function,33,6011,0.8448551669696969,0.7859632289632339,0.16672242667558823,115082.0,0.09810323204337633,high_c,0.3236837546133601,0.48987909688664577,1.0083166844092324
GO:0098687,chromosomal region,cellular_component,164,6011,0.7933965410365854,0.7859632289632339,-0.07558389334534699,443215.0,0.09826113979334146,low_c,0.3236837546133601,0.48987909688664577,1.0076182025145723
GO:0008175,tRNA methyltransferase activity,molecular_function,19,6011,0.85719503,0.7859632289632339,0.21948562996275744,69418.0,0.09807563508879061,high_c,0.3236837546133601,0.48987909688664577,1.0084388709153345
GO:0006279,premeiotic DNA replication,biological_process,15,6011,0.7542977646666666,0.7859632289632339,-0.24625305759395155,33896.0,0.09901625693637925,low_c,0.3255534508362772,0.487377696811601,1.0042934951182618
GO:0000976,transcription cis-regulatory region binding,molecular_function,171,6011,0.7871693560233917,0.7859632289632339,-0.07372927180966116,462505.5,0.09979510213324144,low_c,0.32687603264774934,0.4856169217886172,1.0008907730283012
GO:0042626,ATPase-coupled transmembrane transporter activity,molecular_function,58,6011,0.8221336427586209,0.7859632289632339,0.12539606225780098,194285.0,0.09978161596457938,high_c,0.32687603264774934,0.4856169217886172,1.0009494669350525
GO:0001067,transcription regulatory region nucleic acid binding,molecular_function,173,6011,0.7877352741040463,0.7859632289632339,-0.073228617766398,468007.5,0.10019231881170668,low_c,0.3275590686574817,0.4847103723780261,0.9991655721370301
GO:0004620,glycerophospholipase activity,molecular_function,18,6011,0.857542708888889,0.7859632289632339,0.22364981367150572,66000.0,0.10083546706172221,high_c,0.3290420504119356,0.48274859720233754,0.9963866857477625
GO:0000977,RNA polymerase II transcription regulatory region sequence-specific DNA binding,molecular_function,124,6011,0.7866232616129031,0.7859632289632339,-0.0856520929111163,333731.5,0.10211039513541856,low_c,0.33257719691385856,0.47810753140628043,0.9909300432201813
GO:0030684,preribosome,cellular_component,164,6011,0.8114613024999999,0.7859632289632339,0.0745931830790858,515218.0,0.10274874439786144,high_c,0.33358430317717075,0.4767943932978594,0.9882234765507939
GO:0000154,rRNA modification,biological_process,28,6011,0.8298288067857145,0.7859632289632339,0.1783386261073041,98700.0,0.10299607517451817,high_c,0.33358430317717075,0.4767943932978594,0.9871793244455623
GO:0030686,90S preribosome,cellular_component,81,6011,0.8221385827160493,0.7859632289632339,0.1053317510877938,265462.0,0.10295550213767736,high_c,0.33358430317717075,0.4767943932978594,0.987350438903358
GO:0000776,kinetochore,cellular_component,59,6011,0.7875041188135593,0.7859632289632339,-0.12304651904501551,153979.0,0.1033552621778658,low_c,0.33412427400516764,0.47609197188192226,0.9856674070228397
GO:0005856,cytoskeleton,cellular_component,118,6011,0.8192064709322033,0.7859632289632339,0.08721637564821227,378011.0,0.10424399591524167,high_c,0.3363709607971367,0.47318150428295586,0.9819489494570398
GO:0005643,nuclear pore,cellular_component,46,6011,0.7698783658695653,0.7859632289632339,-0.13854732315317608,118187.0,0.10498643677043959,low_c,0.3371716287888822,0.4721489760959659,0.978866803941796
GO:0007018,microtubule-based movement,biological_process,36,6011,0.772660891111111,0.7859632289632339,-0.15642026964202693,90727.0,0.10512296535686948,low_c,0.3371716287888822,0.4721489760959659,0.9783023968333703
GO:0006361,transcription initiation at RNA polymerase I promoter,biological_process,19,6011,0.7304504494736841,0.7859632289632339,-0.214918136462652,44690.0,0.10526902235228924,low_c,0.3371716287888822,0.4721489760959659,0.9776994103980521
GO:0009218,pyrimidine ribonucleotide metabolic process,biological_process,15,6011,0.7973230102666666,0.7859632289632339,0.2420947298198799,55857.0,0.10484963674591773,high_c,0.3371716287888822,0.4721489760959659,0.979433069819684
GO:0072686,mitotic spindle,cellular_component,21,6011,0.7496358228571429,0.7859632289632339,-0.2043087685825582,50045.0,0.10552952666079493,low_c,0.33738353274979743,0.4718761185768381,0.9766260098284643
GO:0016236,macroautophagy,biological_process,152,6011,0.8146342509868422,0.7859632289632339,0.07673305126615815,479452.0,0.10575713534729277,high_c,0.33748968191709605,0.47173950032915923,0.9756903214714525
GO:0000920,septum digestion after cytokinesis,biological_process,27,6011,0.8379996748148147,0.7859632289632339,0.1795157456922163,95286.0,0.10700123655204669,high_c,0.3396520485478777,0.46896576169932147,0.9706112033930391
GO:0006506,GPI anchor biosynthetic process,biological_process,31,6011,0.772587394516129,0.7859632289632339,-0.16758010572877335,77157.0,0.10702169962885319,low_c,0.3396520485478777,0.46896576169932147,0.9705281562063638
GO:0005816,spindle pole body,cellular_component,67,6011,0.783838539402985,0.7859632289632339,-0.11439103272332818,176346.0,0.10684456824641213,low_c,0.3396520485478777,0.46896576169932147,0.9712475515586115
GO:0032502,developmental process,biological_process,182,6011,0.8158096574725274,0.7859632289632339,0.06992321454493355,567529.0,0.10766223901764277,high_c,0.3404401583508704,0.4679592161506093,0.9679365925409905
GO:0034515,proteasome storage granule,cellular_component,20,6011,0.8510401740000001,0.7859632289632339,0.2080787848439325,72376.0,0.10764053407197995,high_c,0.3404401583508704,0.4679592161506093,0.9680241560965178
GO:0000011,vacuole inheritance,biological_process,19,6011,0.8578627042105262,0.7859632289632339,0.21331951373761515,69067.0,0.10788343145392586,high_c,0.3405193400073005,0.467858217026011,0.9670452483722402
GO:0016651,"oxidoreductase activity, acting on NAD(P)H",molecular_function,31,6011,0.8346838322580645,0.7859632289632339,0.16660912719818755,108133.0,0.10907014312886314,high_c,0.34177936547239424,0.4662541608428691,0.9622941169549124
GO:0015695,organic cation transport,biological_process,44,6011,0.8289440345454545,0.7859632289632339,0.1402105519752579,149680.0,0.1085349917591632,high_c,0.34177936547239424,0.4662541608428691,0.9644302223874759
GO:0044877,protein-containing complex binding,molecular_function,223,6011,0.8120006386547085,0.7859632289632339,0.0631862427598775,686140.0,0.10881121515098939,high_c,0.34177936547239424,0.4662541608428691,0.9633263396822337
GO:0140694,membraneless organelle assembly,biological_process,83,6011,0.8250159032530121,0.7859632289632339,0.10232021202217778,271184.0,0.10888285869001012,high_c,0.34177936547239424,0.4662541608428691,0.9630404853708594
GO:0051204,protein insertion into mitochondrial membrane,biological_process,36,6011,0.8401360113888888,0.7859632289632339,0.15444909344490942,124161.0,0.10957925127525393,high_c,0.3421395327587065,0.46579674204695043,0.9602716713053661
GO:0005732,sno(s)RNA-containing ribonucleoprotein complex,cellular_component,31,6011,0.8472721016129033,0.7859632289632339,0.1664257201424102,108116.0,0.1094605305612631,high_c,0.3421395327587065,0.46579674204695043,0.9607424511389692
GO:0012501,programmed cell death,biological_process,24,6011,0.8415860141666668,0.7859632289632339,0.1879349702132398,85346.0,0.11154138023319138,high_c,0.34454775104060537,0.4627505805014121,0.9525639857728241
GO:0006915,apoptotic process,biological_process,24,6011,0.8415860141666668,0.7859632289632339,0.1879349702132398,85346.0,0.11154138023319138,high_c,0.34454775104060537,0.4627505805014121,0.9525639857728241
GO:0008219,cell death,biological_process,24,6011,0.8415860141666668,0.7859632289632339,0.1879349702132398,85346.0,0.11154138023319138,high_c,0.34454775104060537,0.4627505805014121,0.9525639857728241
GO:0048029,monosaccharide binding,molecular_function,17,6011,0.8506432664705882,0.7859632289632339,0.22338024298808623,62330.0,0.11120637934138174,high_c,0.34454775104060537,0.4627505805014121,0.9538702987854931
GO:0032200,telomere organization,biological_process,82,6011,0.7903654937804878,0.7859632289632339,-0.10223210429102103,218237.5,0.11131528735491739,low_c,0.34454775104060537,0.4627505805014121,0.9534451882441928
GO:0031146,SCF-dependent proteasomal ubiquitin-dependent protein catabolic process,biological_process,20,6011,0.7665657445,0.7859632289632339,-0.20594224670338845,47572.0,0.11130187430041284,low_c,0.34454775104060537,0.4627505805014121,0.9534975221749691
GO:1902493,acetyltransferase complex,cellular_component,62,6011,0.826482092419355,0.7859632289632339,0.1170269874579084,206001.0,0.11237363847431171,high_c,0.34650201845720274,0.4602942311754879,0.9493355571646148
GO:0031982,vesicle,cellular_component,217,6011,0.8223082987096775,0.7859632289632339,0.06312027856562241,668329.5,0.11387652424717923,high_c,0.3505135569026651,0.4552951800535055,0.9435657969106362
GO:0006885,regulation of pH,biological_process,33,6011,0.8311624763636364,0.7859632289632339,0.15912892727881012,114333.0,0.11438673529654568,high_c,0.35146083623858987,0.45412306197582686,0.9416243349968614
GO:0022626,cytosolic ribosome,cellular_component,31,6011,0.8403158925806452,0.7859632289632339,0.16400906246628555,107892.0,0.1147082715347956,high_c,0.3518260766508925,0.4536719746401053,0.940405264292307
GO:0000118,histone deacetylase complex,cellular_component,56,6011,0.82472489375,0.7859632289632339,0.12209427851745236,187098.0,0.11526471015110348,high_c,0.3529092360181934,0.45233697553278346,0.93830363748035
GO:0051015,actin filament binding,molecular_function,36,6011,0.8233880855555555,0.7859632289632339,0.15145513714551373,123839.0,0.11663187736659815,high_c,0.35646644209227885,0.4479813485614229,0.9331827336908771
GO:0046983,protein dimerization activity,molecular_function,71,6011,0.8325743573239437,0.7859632289632339,0.10782472613458527,233607.0,0.1177790038699192,high_c,0.3593398079405619,0.444494668653193,0.9289321230985949
GO:0030846,"termination of RNA polymerase II transcription, poly(A)-coupled",biological_process,18,6011,0.8539102911111112,0.7859632289632339,0.21302630847099402,65427.0,0.11808231136514892,high_c,0.35963314478929564,0.44414028930879923,0.9278151544767809
GO:0000027,ribosomal large subunit assembly,biological_process,48,6011,0.8223604597916667,0.7859632289632339,0.130429314103639,161778.0,0.11906297712070676,high_c,0.36198481310253405,0.44130964969921566,0.9242232622938408
GO:0005933,cellular bud,cellular_component,67,6011,0.7948540734328359,0.7859632289632339,-0.1100093409131998,177218.5,0.12095663948265571,low_c,0.36709917157673133,0.4352165955561064,0.9173702876035553
GO:0016586,RSC-type complex,cellular_component,17,6011,0.8533023717647059,0.7859632289632339,0.21734479577616828,62022.5,0.12119985105110943,high_c,0.3671953602525759,0.4351028150237205,0.9164979138968036
GO:0008033,tRNA processing,biological_process,127,6011,0.8230283589763777,0.7859632289632339,0.08020014238532891,403599.5,0.12146249187002137,high_c,0.36734997541177195,0.4349199848886999,0.9155578133311995
GO:0006337,nucleosome disassembly,biological_process,23,6011,0.840835521304348,0.7859632289632339,0.1866413987395079,81714.5,0.12181452496439947,high_c,0.3677739397186043,0.4344190479021439,0.9143009240529865
GO:0034399,nuclear periphery,cellular_component,57,6011,0.8232388056140351,0.7859632289632339,0.11865235813753405,189823.0,0.12257862015024537,high_c,0.36943834128615616,0.43245803432914715,0.9115852717464081
GO:0007034,vacuolar transport,biological_process,170,6011,0.8249647077647059,0.7859632289632339,0.0691883944127214,530836.0,0.12353838646430632,high_c,0.3697631705207513,0.4320763480068856,0.9081980752844214
GO:0006839,mitochondrial transport,biological_process,18,6011,0.8472051577777777,0.7859632289632339,0.20996718393681513,65262.0,0.12345573426395125,high_c,0.3697631705207513,0.4320763480068856,0.9084887331815841
GO:0030003,intracellular monoatomic cation homeostasis,biological_process,155,6011,0.8160285700645161,0.7859632289632339,0.0724881015335801,486738.0,0.12290688435101302,high_c,0.3697631705207513,0.4320763480068856,0.9104237904095553
GO:0031401,positive regulation of protein modification process,biological_process,27,6011,0.847188951111111,0.7859632289632339,0.1716181422063776,94648.0,0.12333948991822341,high_c,0.3697631705207513,0.4320763480068856,0.9088978519706753
GO:0032954,regulation of cytokinetic process,biological_process,18,6011,0.8502615000000001,0.7859632289632339,0.20883623486660352,65201.0,0.1254899291670764,high_c,0.3734778873962156,0.4277351064753386,0.9013911258376189
GO:0015453,oxidoreduction-driven active transmembrane transporter activity,molecular_function,17,6011,0.8519837088235294,0.7859632289632339,0.21478341086184227,61892.0,0.12564772900900198,high_c,0.3734778873962156,0.4277351064753386,0.9008453565562597
GO:1903509,liposaccharide metabolic process,biological_process,38,6011,0.7807191907894736,0.7859632289632339,-0.14406055319111444,97138.0,0.12525077468688592,low_c,0.3734778873962156,0.4277351064753386,0.9022195793034369
GO:0098754,detoxification,biological_process,46,6011,0.8157381,0.7859632289632339,0.13081380516782692,155142.0,0.12585516366750354,high_c,0.3734778873962156,0.4277351064753386,0.9001289612336312
GO:0006664,glycolipid metabolic process,biological_process,38,6011,0.7807191907894736,0.7859632289632339,-0.14406055319111444,97138.0,0.12525077468688592,low_c,0.3734778873962156,0.4277351064753386,0.9022195793034369
GO:0045454,cell redox homeostasis,biological_process,22,6011,0.8378212745454546,0.7859632289632339,0.18799617480532493,78264.0,0.12743320175134035,high_c,0.3775154236183052,0.4230653003116521,0.8947174051340346
GO:0051094,positive regulation of developmental process,biological_process,17,6011,0.8612351558823529,0.7859632289632339,0.2127225264480166,61787.0,0.12931798302205663,high_c,0.3790000575298893,0.42136072410867814,0.8883410777166995
GO:0051020,GTPase binding,molecular_function,45,6011,0.7635932326666666,0.7859632289632339,-0.13092710544939845,116660.0,0.12968089526080315,low_c,0.3790000575298893,0.42136072410867814,0.8871239999679577
GO:0000307,cyclin-dependent protein kinase holoenzyme complex,cellular_component,39,6011,0.8392043853846155,0.7859632289632339,0.14091400896491324,132864.0,0.12873915906933878,high_c,0.3790000575298893,0.42136072410867814,0.8902893320311805
GO:0000049,tRNA binding,molecular_function,45,6011,0.8355745571111112,0.7859632289632339,0.13097180318098856,151816.0,0.1295500027791981,high_c,0.3790000575298893,0.42136072410867814,0.8875625733613646
GO:0006505,GPI anchor metabolic process,biological_process,36,6011,0.7790961077777777,0.7859632289632339,-0.1465922826592283,91784.0,0.12884094338847224,low_c,0.3790000575298893,0.42136072410867814,0.8899461038856603
GO:0000723,telomere maintenance,biological_process,80,6011,0.79041817675,0.7859632289632339,-0.09877128646096778,213807.5,0.12856556003477423,low_c,0.3790000575298893,0.42136072410867814,0.890875354040238
GO:0071897,DNA biosynthetic process,biological_process,46,6011,0.7822798421739132,0.7859632289632339,-0.12957469295528268,119418.0,0.12948047087655062,low_c,0.3790000575298893,0.42136072410867814,0.887795729884882
GO:0018205,peptidyl-lysine modification,biological_process,32,6011,0.8345899921875,0.7859632289632339,0.15543987288844296,110534.0,0.12882372259660477,high_c,0.3790000575298893,0.42136072410867814,0.8900041552670136
GO:0008608,attachment of spindle microtubules to kinetochore,biological_process,44,6011,0.7848021688636364,0.7859632289632339,-0.1322120145649558,113918.0,0.13021331271676226,low_c,0.3799164888677299,0.4203118570931691,0.8853446122050926
GO:0046961,"proton-transporting ATPase activity, rotational mechanism",molecular_function,19,6011,0.828946075263158,0.7859632289632339,0.1997751387815332,68296.0,0.13214621669981783,high_c,0.38298135591132515,0.41682236760295915,0.8789452660541209
GO:0042625,ATPase-coupled ion transmembrane transporter activity,molecular_function,19,6011,0.828946075263158,0.7859632289632339,0.1997751387815332,68296.0,0.13214621669981783,high_c,0.38298135591132515,0.41682236760295915,0.8789452660541209
GO:0043161,proteasome-mediated ubiquitin-dependent protein catabolic process,biological_process,137,6011,0.8231655119708029,0.7859632289632339,0.07524436524682576,432645.0,0.13160441761005573,high_c,0.38298135591132515,0.41682236760295915,0.8807295323674292
GO:0044769,"ATPase activity, coupled to transmembrane movement of ions, rotational mechanism",molecular_function,19,6011,0.828946075263158,0.7859632289632339,0.1997751387815332,68296.0,0.13214621669981783,high_c,0.38298135591132515,0.41682236760295915,0.8789452660541209
GO:0031126,sno(s)RNA 3'-end processing,biological_process,28,6011,0.8452334042857143,0.7859632289632339,0.16402425921062047,97501.0,0.1337122247504355,high_c,0.3868740369445934,0.4124304147347908,0.8738288851916203
GO:0043408,regulation of MAPK cascade,biological_process,21,6011,0.8427693709523809,0.7859632289632339,0.18915653072581295,74792.0,0.13398499339555373,high_c,0.38701821719580914,0.412268591980029,0.8729438408177627
GO:0000152,nuclear ubiquitin ligase complex,cellular_component,23,6011,0.7680485217391305,0.7859632289632339,-0.18028811245679766,56447.0,0.13503632088660195,low_c,0.38811763751513406,0.41103662084811216,0.8695494030674534
GO:0031267,small GTPase binding,molecular_function,43,6011,0.7607550676744185,0.7859632289632339,-0.13210767504208487,111361.0,0.1349379604685017,low_c,0.38811763751513406,0.41103662084811216,0.8698658583127034
GO:0000466,"maturation of 5.8S rRNA from tricistronic rRNA transcript (SSU-rRNA, 5.8S rRNA, LSU-rRNA)",biological_process,19,6011,0.7378436542105264,0.7859632289632339,-0.19851029442765789,45624.0,0.1346123055034024,low_c,0.38811763751513406,0.41103662084811216,0.870915237526988
GO:0031509,subtelomeric heterochromatin formation,biological_process,71,6011,0.7843630707042254,0.7859632289632339,-0.10289277754066484,189173.0,0.13553743721454994,low_c,0.3889140347181136,0.4101463842100823,0.8679407303980865
GO:0001227,"DNA-binding transcription repressor activity, RNA polymerase II-specific",molecular_function,23,6011,0.752942917826087,0.7859632289632339,-0.17979437135139842,56481.0,0.13610857239689303,low_c,0.38926603242340413,0.4097534914133343,0.8661145211785498
GO:0001217,DNA-binding transcription repressor activity,molecular_function,23,6011,0.752942917826087,0.7859632289632339,-0.17979437135139842,56481.0,0.13610857239689303,low_c,0.38926603242340413,0.4097534914133343,0.8661145211785498
GO:0006386,termination of RNA polymerase III transcription,biological_process,17,6011,0.7721103264705883,0.7859632289632339,-0.20867926750279686,40317.0,0.1367600022976179,low_c,0.3904136083799793,0.40847505283595476,0.8640409005791373
GO:0043934,sporulation,biological_process,79,6011,0.817074855443038,0.7859632289632339,0.09724984422612382,257101.0,0.1369843601299521,high_c,0.3904136083799793,0.40847505283595476,0.8633290145734674
GO:0000077,DNA damage checkpoint signaling,biological_process,44,6011,0.8328682215909091,0.7859632289632339,0.12975151210445324,148307.0,0.137517807551249,high_c,0.3904136083799793,0.40847505283595476,0.8616410602301415
GO:0042770,signal transduction in response to DNA damage,biological_process,44,6011,0.8328682215909091,0.7859632289632339,0.12975151210445324,148307.0,0.137517807551249,high_c,0.3904136083799793,0.40847505283595476,0.8616410602301415
GO:0000280,nuclear division,biological_process,18,6011,0.845844143888889,0.7859632289632339,0.20236572297309818,64852.0,0.137634290511836,high_c,0.3904136083799793,0.40847505283595476,0.8612733515308667
GO:0032271,regulation of protein polymerization,biological_process,38,6011,0.7492717418421053,0.7859632289632339,-0.13938160317921877,97669.0,0.13799297376113223,low_c,0.39079249991733367,0.4080537798452095,0.8601430261672676
GO:0009247,glycolipid biosynthetic process,biological_process,35,6011,0.7786514768571428,0.7859632289632339,-0.14467393383056038,89450.0,0.13941510007360447,low_c,0.394176895322113,0.40430883548068786,0.8556901851799933
GO:0051453,regulation of intracellular pH,biological_process,32,6011,0.82904641,0.7859632289632339,0.1509240675698278,110102.0,0.1403113109700656,high_c,0.3960657493398925,0.4022327125460641,0.8529073176111205
GO:0055080,monoatomic cation homeostasis,biological_process,159,6011,0.8149156852830187,0.7859632289632339,0.06831186026816605,497015.0,0.14103613387288672,high_c,0.39685943598634327,0.40136328916940395,0.8506696055632762
GO:0000407,phagophore assembly site,cellular_component,41,6011,0.7917065224390244,0.7859632289632339,-0.1331862564856804,106085.0,0.1410496958545932,low_c,0.39685943598634327,0.40136328916940395,0.8506278459766353
GO:0032889,"regulation of vacuole fusion, non-autophagic",biological_process,15,6011,0.8614949166666667,0.7859632289632339,0.21903491216366477,54820.0,0.14229449819193757,high_c,0.3997139949210415,0.39825064580899516,0.8468118915606525
GO:0070069,cytochrome complex,cellular_component,18,6011,0.8508276844444445,0.7859632289632339,0.1993622188849955,64690.0,0.14357075202873268,high_c,0.4016329558426325,0.396170658528922,0.842934024761394
GO:0016755,aminoacyltransferase activity,molecular_function,116,6011,0.7912661468965516,0.7859632289632339,-0.07879558948261234,314969.0,0.14552747862013046,low_c,0.4016329558426325,0.396170658528922,0.8370549950880686
GO:0017056,structural constituent of nuclear pore,molecular_function,29,6011,0.7730912431034483,0.7859632289632339,-0.15673457153068404,73144.0,0.14478072471380182,low_c,0.4016329558426325,0.396170658528922,0.8392892537994523
GO:0071025,RNA surveillance,biological_process,36,6011,0.7863305177777777,0.7859632289632339,-0.14096699209669916,92389.0,0.14417774142137035,low_c,0.4016329558426325,0.396170658528922,0.841101782085578
GO:0098771,inorganic ion homeostasis,biological_process,121,6011,0.8179146962809918,0.7859632289632339,0.07711347149532055,383824.0,0.14589115646664794,high_c,0.4016329558426325,0.396170658528922,0.8359710330835148
GO:0031570,DNA integrity checkpoint signaling,biological_process,59,6011,0.8310273950847458,0.7859632289632339,0.10997585201385096,194894.0,0.14545441982382032,high_c,0.4016329558426325,0.396170658528922,0.8372730776074857
GO:0031593,polyubiquitin modification-dependent protein binding,molecular_function,16,6011,0.867959708125,0.7859632289632339,0.2105087572977482,58056.0,0.1453064295082061,high_c,0.4016329558426325,0.396170658528922,0.8377151686465235
GO:0046470,phosphatidylcholine metabolic process,biological_process,17,6011,0.8532162423529412,0.7859632289632339,0.20435141023376313,61360.5,0.14508748626822635,high_c,0.4016329558426325,0.396170658528922,0.8383700436547412
GO:0019787,ubiquitin-like protein transferase activity,molecular_function,114,6011,0.7927383799122807,0.7859632289632339,-0.07980566984699322,309304.0,0.14383586064265605,low_c,0.4016329558426325,0.396170658528922,0.8421328237053978
GO:0140030,modification-dependent protein binding,molecular_function,16,6011,0.867959708125,0.7859632289632339,0.2105087572977482,58056.0,0.1453064295082061,high_c,0.4016329558426325,0.396170658528922,0.8377151686465235
GO:0031410,cytoplasmic vesicle,cellular_component,212,6011,0.8211263474056603,0.7859632289632339,0.05876663835989948,650817.5,0.1455232380442261,high_c,0.4016329558426325,0.396170658528922,0.8370676503306778
GO:0097708,intracellular vesicle,cellular_component,212,6011,0.8211263474056603,0.7859632289632339,0.05876663835989948,650817.5,0.1455232380442261,high_c,0.4016329558426325,0.396170658528922,0.8370676503306778
GO:1902412,regulation of mitotic cytokinesis,biological_process,16,6011,0.8516219924999999,0.7859632289632339,0.21015429524603846,58039.0,0.14598525065478174,high_c,0.4016329558426325,0.396170658528922,0.8356910201252609
GO:0090734,site of DNA damage,cellular_component,24,6011,0.7706302466666667,0.7859632289632339,-0.1714130616335393,59529.0,0.14666799682219223,low_c,0.40287285203057865,0.39483199697139637,0.8336646395294844
GO:1990145,maintenance of translational fidelity,biological_process,16,6011,0.83555239875,0.7859632289632339,0.20938281901584643,58002.0,0.14747107206613908,high_c,0.4041413785177973,0.3934666815000561,0.8312931625615554
GO:0006363,termination of RNA polymerase I transcription,biological_process,17,6011,0.7389152594117645,0.7859632289632339,-0.20308543837955606,40602.0,0.14759541127896514,low_c,0.4041413785177973,0.3934666815000561,0.8309271444587966
GO:0016049,cell growth,biological_process,54,6011,0.8318655577777777,0.7859632289632339,0.11386541821324436,179153.0,0.14913703885780621,high_c,0.4070784582659617,0.3903218789611915,0.8264144841532508
GO:0070210,Rpd3L-Expanded complex,cellular_component,26,6011,0.8209916103846153,0.7859632289632339,0.16375554270291115,90546.0,0.14903682614104263,high_c,0.4070784582659617,0.3903218789611915,0.8267064066632656
GO:0000144,cellular bud neck septin ring,cellular_component,15,6011,0.84784868,0.7859632289632339,0.21432065821658886,54608.0,0.15108265644542504,high_c,0.41112131747041253,0.3860300035900234,0.8207853876951408
GO:0036211,protein modification process,biological_process,273,6011,0.8149348795970696,0.7859632289632339,0.05132163061755257,823434.0,0.151328641626494,high_c,0.41112131747041253,0.3860300035900234,0.8200788662720964
GO:0072593,reactive oxygen species metabolic process,biological_process,19,6011,0.8410833173684211,0.7859632289632339,0.19041177710631718,67763.0,0.15125347073807485,high_c,0.41112131747041253,0.3860300035900234,0.8202946510219397
GO:0042398,modified amino acid biosynthetic process,biological_process,23,6011,0.8542116234782611,0.7859632289632339,0.17294008306468012,80771.0,0.15168136141275926,high_c,0.41143569283210946,0.3856980351312563,0.8190677819878421
GO:0004722,protein serine/threonine phosphatase activity,molecular_function,28,6011,0.8451059153571429,0.7859632289632339,0.15667008906186575,96885.0,0.1520342000622638,high_c,0.41174940921698905,0.38536701528871375,0.8180587066103694
GO:0033260,nuclear DNA replication,biological_process,17,6011,0.766249721764706,0.7859632289632339,-0.20045535731810238,40736.0,0.15291142357746026,low_c,0.4126297552068629,0.38443945775838767,0.8155600684704037
GO:0019985,translesion synthesis,biological_process,20,6011,0.7709150050000001,0.7859632289632339,-0.18467701552328497,48846.0,0.15331001849563744,low_c,0.4126297552068629,0.38443945775838767,0.814429463963593
GO:0090592,DNA synthesis involved in DNA replication,biological_process,20,6011,0.7709150050000001,0.7859632289632339,-0.18467701552328497,48846.0,0.15331001849563744,low_c,0.4126297552068629,0.38443945775838767,0.814429463963593
GO:0044786,cell cycle DNA replication,biological_process,17,6011,0.766249721764706,0.7859632289632339,-0.20045535731810238,40736.0,0.15291142357746026,low_c,0.4126297552068629,0.38443945775838767,0.8155600684704037
GO:0009410,response to xenobiotic stimulus,biological_process,20,6011,0.7770142745000002,0.7859632289632339,-0.18444333166416294,48860.0,0.153830830145699,low_c,0.41275165553776433,0.3843111761161107,0.8129566162878835
GO:0000993,RNA polymerase II complex binding,molecular_function,32,6011,0.8472610740625,0.7859632289632339,0.1460058120086971,109631.5,0.15370205988886876,high_c,0.41275165553776433,0.3843111761161107,0.8133203121204606
GO:0004520,DNA endonuclease activity,molecular_function,27,6011,0.7689527925925925,0.7859632289632339,-0.158372945137651,67990.0,0.15503267688084996,low_c,0.4153344553474622,0.38160203916082963,0.8095767541307094
GO:0120261,regulation of heterochromatin organization,biological_process,17,6011,0.8334956605882353,0.7859632289632339,0.19912068931676785,61094.0,0.15566421869097938,high_c,0.4157432056116003,0.3811748396177675,0.807811203815385
GO:0031445,regulation of heterochromatin formation,biological_process,17,6011,0.8334956605882353,0.7859632289632339,0.19912068931676785,61094.0,0.15566421869097938,high_c,0.4157432056116003,0.3811748396177675,0.807811203815385
GO:0015711,organic anion transport,biological_process,125,6011,0.8179840371999999,0.7859632289632339,0.0739517499150526,395080.0,0.15649542442258077,high_c,0.41732113179354874,0.3795296234623397,0.8054983557346209
GO:0004659,prenyltransferase activity,molecular_function,17,6011,0.8588907211764706,0.7859632289632339,0.19802155096272744,61038.0,0.15795933460624123,high_c,0.4200636979414913,0.3766848487284085,0.8014547043698209
GO:0009272,fungal-type cell wall biogenesis,biological_process,20,6011,0.8474984385000001,0.7859632289632339,0.18259055249540967,70849.0,0.1580078310805264,high_c,0.4200636979414913,0.3766848487284085,0.8013213882938076
GO:0004549,tRNA-specific ribonuclease activity,molecular_function,15,6011,0.7610917053333333,0.7859632289632339,-0.21020680453635754,35517.0,0.15908429485641884,low_c,0.42227880102560106,0.37440072020590337,0.7983726927221092
GO:1990778,protein localization to cell periphery,biological_process,38,6011,0.7762891781578949,0.7859632289632339,-0.1322001638954241,98484.0,0.15946330070634984,low_c,0.4226386107270585,0.3740308299062108,0.7973392507549008
GO:0005543,phospholipid binding,molecular_function,106,6011,0.8105630172641509,0.7859632289632339,0.07885226782547572,337643.0,0.1634565822410209,high_c,0.4309521794893348,0.365570918554186,0.7865975861059677
GO:0043200,response to amino acid,biological_process,20,6011,0.779958969,0.7859632289632339,-0.18032048072108164,49107.0,0.16324202574866298,low_c,0.4309521794893348,0.365570918554186,0.7871680244966148
GO:0006887,exocytosis,biological_process,34,6011,0.8379916652941176,0.7859632289632339,0.13850151069295036,115682.0,0.1631155219368241,high_c,0.4309521794893348,0.365570918554186,0.7875047098931229
GO:0005815,microtubule organizing center,cellular_component,76,6011,0.7898771682894735,0.7859632289632339,-0.09280361814392768,204600.0,0.16384126639571484,low_c,0.4309521794893348,0.365570918554186,0.7855767038527904
GO:0016310,phosphorylation,biological_process,19,6011,0.8406613147368421,0.7859632289632339,0.1848078139273417,67444.0,0.16365624647035482,high_c,0.4309521794893348,0.365570918554186,0.7860674137850373
GO:0003684,damaged DNA binding,molecular_function,23,6011,0.7766986300000001,0.7859632289632339,-0.1671023205831954,57355.0,0.16598441554105436,low_c,0.43592881297922903,0.3605844250765129,0.7799326864313458
GO:0048646,anatomical structure formation involved in morphogenesis,biological_process,129,6011,0.8141474343410853,0.7859632289632339,0.07108007875821376,406356.0,0.16663930892555445,high_c,0.4363285675637444,0.3601863516954257,0.7782225441311256
GO:0019216,regulation of lipid metabolic process,biological_process,53,6011,0.777904919245283,0.7859632289632339,-0.1102370682830125,140482.0,0.1664380722465304,low_c,0.4363285675637444,0.3601863516954257,0.7787473230253458
GO:0071027,nuclear RNA surveillance,biological_process,32,6011,0.7842856315625,0.7859632289632339,-0.1412339019902994,82153.0,0.16760209671271908,low_c,0.43818861429710887,0.3583389111481541,0.7757205526206096
GO:0016758,hexosyltransferase activity,molecular_function,79,6011,0.8236908106329113,0.7859632289632339,0.09016106592009021,255440.0,0.1679831164214559,high_c,0.43852434602653756,0.3580062904359789,0.7747343659733474
GO:0010563,negative regulation of phosphorus metabolic process,biological_process,25,6011,0.8447307959999999,0.7859632289632339,0.15941196124290014,86753.0,0.1683571324724652,high_c,0.43884081377207146,0.35769298827208196,0.7737684799422541
GO:0120013,lipid transfer activity,molecular_function,28,6011,0.84068525,0.7859632289632339,0.15027100594541687,96349.0,0.16948011956034859,high_c,0.44066338579338854,0.35589303301285063,0.7708812382963647
GO:0006351,DNA-templated transcription,biological_process,179,6011,0.7829763153631283,0.7859632289632339,-0.06018422726471562,490550.0,0.16956402172234075,low_c,0.44066338579338854,0.35589303301285063,0.7706662913777781
GO:0005506,iron ion binding,molecular_function,26,6011,0.8398328707692309,0.7859632289632339,0.15565837671100824,89916.0,0.17019096138533396,high_c,0.4416315530118681,0.3549399053662579,0.7690635084389079
GO:0000399,cellular bud neck septin structure,cellular_component,25,6011,0.8377041696,0.7859632289632339,0.15846308052121616,86682.0,0.17090485401111044,high_c,0.44216218563828275,0.3544184016732968,0.7672456023447778
GO:0032161,cleavage apparatus septin structure,cellular_component,25,6011,0.8377041696,0.7859632289632339,0.15846308052121616,86682.0,0.17090485401111044,high_c,0.44216218563828275,0.3544184016732968,0.7672456023447778
GO:0032231,regulation of actin filament bundle assembly,biological_process,15,6011,0.8356689846666666,0.7859632289632339,0.20395819435179008,54142.0,0.1718458104787688,high_c,0.4439350104034861,0.35268060350927566,0.7648610512959235
GO:0000959,mitochondrial RNA metabolic process,biological_process,40,6011,0.8366710487500001,0.7859632289632339,0.12506699045386038,134355.5,0.17215409492662337,high_c,0.44401757453284596,0.35259983985928856,0.764082642533021
GO:0005666,RNA polymerase III complex,cellular_component,16,6011,0.772986109375,0.7859632289632339,-0.1972477064220184,38500.0,0.17238931177139294,low_c,0.44401757453284596,0.35259983985928856,0.7634896641644419
GO:0031113,regulation of microtubule polymerization,biological_process,19,6011,0.7680264157894736,0.7859632289632339,-0.18092544445225212,46625.0,0.17268813810852046,low_c,0.44412830778724666,0.35249154494387896,0.7627374929533272
GO:0000041,transition metal ion transport,biological_process,67,6011,0.8142418094029851,0.7859632289632339,0.0965026817460477,218340.0,0.1737138785385225,high_c,0.44544651867485235,0.3512044308833638,0.7601654830386926
GO:0061014,positive regulation of mRNA catabolic process,biological_process,36,6011,0.7651884583333334,0.7859632289632339,-0.13134356113435608,93424.0,0.1736061605148691,low_c,0.44544651867485235,0.3512044308833638,0.7604348676955733
GO:0045835,negative regulation of meiotic nuclear division,biological_process,23,6011,0.8266384265217389,0.7859632289632339,0.1633992622927014,80114.0,0.1755692187248099,high_c,0.44887800251291604,0.34787167689136717,0.7555516234513385
GO:0004842,ubiquitin-protein transferase activity,molecular_function,96,6011,0.7888456647916667,0.7859632289632339,-0.08050507185122568,261063.0,0.17537920924705552,low_c,0.44887800251291604,0.34787167689136717,0.7560218924093051
GO:0005839,proteasome core complex,cellular_component,15,6011,0.8473817906666664,0.7859632289632339,0.20160106737825223,54036.0,0.17685379045697447,high_c,0.45149732387251135,0.34534481950517215,0.752385627639409
GO:0106354,tRNA surveillance,biological_process,16,6011,0.7703578025,0.7859632289632339,-0.1944537114261885,38634.0,0.1785488364910508,low_c,0.4544879474317657,0.3424776293469233,0.7482429755309175
GO:0071038,TRAMP-dependent tRNA surveillance pathway,biological_process,16,6011,0.7703578025,0.7859632289632339,-0.1944537114261885,38634.0,0.1785488364910508,low_c,0.4544879474317657,0.3424776293469233,0.7482429755309175
GO:0030952,establishment or maintenance of cytoskeleton polarity,biological_process,24,6011,0.7487988412499998,0.7859632289632339,-0.15876064807082013,60438.0,0.17886238426574685,low_c,0.4546194715744313,0.34235196716751287,0.7474809843264534
GO:0070847,core mediator complex,cellular_component,20,6011,0.783990317,0.7859632289632339,-0.17366049073610412,49506.0,0.179352147415484,low_c,0.4551978478264331,0.3417997999506693,0.7462934190710262
GO:0055082,intracellular chemical homeostasis,biological_process,202,6011,0.8103649874752475,0.7859632289632339,0.05532896205785143,619171.0,0.1806281170329782,high_c,0.4570852553534333,0.34000278794699107,0.7432146453745767
GO:0006312,mitotic recombination,biological_process,56,6011,0.7818832575,0.7859632289632339,-0.10372735996161686,149444.5,0.18088569725104187,low_c,0.4570852553534333,0.34000278794699107,0.7425957717279137
GO:0006999,nuclear pore organization,biological_process,21,6011,0.7768752671428572,0.7859632289632339,-0.16896414659352887,52268.0,0.1807034315587095,low_c,0.4570852553534333,0.34000278794699107,0.7430336001072403
GO:0031134,sister chromatid biorientation,biological_process,21,6011,0.78204403,0.7859632289632339,-0.168725653867557,52283.0,0.18131966843018843,low_c,0.4575159075505917,0.33959380117930793,0.7415550837842697
GO:0007124,pseudohyphal growth,biological_process,53,6011,0.8304035362264149,0.7859632289632339,0.106398880211797,174686.0,0.1816930782640298,high_c,0.45779271968992125,0.3393311182224955,0.7406616171553427
GO:0006873,intracellular monoatomic ion homeostasis,biological_process,167,6011,0.8128176473652694,0.7859632289632339,0.06041305479390302,517454.0,0.1824736260594314,high_c,0.45909306498430863,0.33809926759510933,0.7387998976983272
GO:0006302,double-strand break repair,biological_process,177,6011,0.7937513747457628,0.7859632289632339,-0.05867513446405159,486014.5,0.18289678665428222,low_c,0.45949178239049776,0.33772225118619215,0.7377939246524668
GO:0070925,organelle assembly,biological_process,115,6011,0.8222113197391305,0.7859632289632339,0.0723202170963364,363538.0,0.18343955121520383,high_c,0.46018939437802586,0.33706339439439653,0.7365070207781118
GO:0006878,intracellular copper ion homeostasis,biological_process,18,6011,0.845525108888889,0.7859632289632339,0.18117433301815078,63709.0,0.18378840584765577,high_c,0.4603992388910973,0.3368654029954817,0.735681889224148
GO:0031110,regulation of microtubule polymerization or depolymerization,biological_process,22,6011,0.7696385972727274,0.7859632289632339,-0.16369404514336894,55095.0,0.18442635250158013,low_c,0.46041919615515553,0.336846577721517,0.7341770229335969
GO:0060090,molecular adaptor activity,molecular_function,260,6011,0.8188848173076924,0.7859632289632339,0.04857951125556759,783949.5,0.1845230975255866,high_c,0.46041919615515553,0.336846577721517,0.7339492636509228
GO:0055070,copper ion homeostasis,biological_process,20,6011,0.8372169810000001,0.7859632289632339,0.17159071941245196,70190.0,0.18459202795160612,high_c,0.46041919615515553,0.336846577721517,0.733787058951428
GO:0004175,endopeptidase activity,molecular_function,54,6011,0.8327392144444443,0.7859632289632339,0.1044522783653219,177639.0,0.18572702144194775,high_c,0.4607754368897125,0.3365106804259622,0.7311249061180155
GO:0007035,vacuolar acidification,biological_process,26,6011,0.8234446473076922,0.7859632289632339,0.15015744489428706,89488.0,0.18579654713294858,high_c,0.4607754368897125,0.3365106804259622,0.7309623612521785
GO:0007062,sister chromatid cohesion,biological_process,50,6011,0.8329703834000002,0.7859632289632339,0.1085723871833586,165205.0,0.18548918870650621,high_c,0.4607754368897125,0.3365106804259622,0.7316813982965741
GO:0051452,intracellular pH reduction,biological_process,26,6011,0.8234446473076922,0.7859632289632339,0.15015744489428706,89488.0,0.18579654713294858,high_c,0.4607754368897125,0.3365106804259622,0.7309623612521785
GO:1902904,negative regulation of supramolecular fiber organization,biological_process,29,6011,0.7323501396551724,0.7859632289632339,-0.14201224362743403,74421.0,0.18642156434798463,low_c,0.46166595678759104,0.3356721491101028,0.7295038519839172
GO:0005938,cell cortex,cellular_component,66,6011,0.7790359248484847,0.7859632289632339,-0.09421464434080074,177701.5,0.1874119243681015,low_c,0.46345740840886634,0.333990171212961,0.7272027799236287
GO:0000747,conjugation with cellular fusion,biological_process,26,6011,0.8466610884615385,0.7859632289632339,0.1491420859841912,89409.0,0.18878916108106658,high_c,0.4655711669200066,0.3320139236229404,0.7240229433949901
GO:0042162,telomeric repeat DNA binding,molecular_function,31,6011,0.7756298248387096,0.7859632289632339,-0.1366382565541051,80025.0,0.1888030538661778,low_c,0.4655711669200066,0.3320139236229404,0.7239909853213014
GO:0030490,maturation of SSU-rRNA,biological_process,111,6011,0.8150211027927925,0.7859632289632339,0.07250572606504813,351192.0,0.18996067190501398,high_c,0.46709876264462363,0.3305912831667749,0.7213363029554443
GO:0098797,plasma membrane protein complex,cellular_component,15,6011,0.8588126733333332,0.7859632289632339,0.1957082499444074,53771.0,0.18984822684582792,high_c,0.46709876264462363,0.3305912831667749,0.7215934547510403
GO:0045053,protein retention in Golgi apparatus,biological_process,15,6011,0.8481022453333333,0.7859632289632339,0.19497442739604187,53738.0,0.19151442112887906,high_c,0.47025323207883174,0.3276682108351531,0.7177985178787267
GO:1901698,response to nitrogen compound,biological_process,19,6011,0.7703297215789474,0.7859632289632339,-0.17256341789052065,47101.0,0.19339876890718433,low_c,0.47420941076676837,0.3240298316241241,0.7135462947748281
GO:1901875,positive regulation of post-translational protein modification,biological_process,16,6011,0.85047275,0.7859632289632339,0.18761467889908268,56958.0,0.1943143308918508,high_c,0.4744439921635063,0.3238150484210654,0.7114951685317722
GO:1903322,positive regulation of protein modification by small protein conjugation or removal,biological_process,16,6011,0.85047275,0.7859632289632339,0.18761467889908268,56958.0,0.1943143308918508,high_c,0.4744439921635063,0.3238150484210654,0.7114951685317722
GO:0045132,meiotic chromosome segregation,biological_process,24,6011,0.84605403,0.7859632289632339,0.1534574912310005,82869.0,0.193820108622074,high_c,0.4744439921635063,0.3238150484210654,0.7126011673752076
GO:0051246,regulation of protein metabolic process,biological_process,225,6011,0.8143474234666667,0.7859632289632339,0.05081614625340869,684002.5,0.19526159103224283,high_c,0.47608725004490665,0.32231344908479714,0.7093831762884139
GO:0051205,protein insertion into membrane,biological_process,49,6011,0.8320321324489796,0.7859632289632339,0.10708637698621892,161711.0,0.19604505560875296,high_c,0.4768082189162149,0.32165626711178935,0.7076441064314266
GO:0006638,neutral lipid metabolic process,biological_process,17,6011,0.8481466482352942,0.7859632289632339,0.18129894600482843,60186.0,0.19610660616715292,high_c,0.4768082189162149,0.32165626711178935,0.7075077761760881
GO:0006720,isoprenoid metabolic process,biological_process,18,6011,0.840875221111111,0.7859632289632339,0.1760016315330848,63430.0,0.19662419939097497,high_c,0.4773123391934776,0.3211973383671081,0.7063630327134227
GO:0008374,O-acyltransferase activity,molecular_function,25,6011,0.8474837455999998,0.7859632289632339,0.14934847978616772,86000.0,0.19686384496689513,high_c,0.4773123391934776,0.3211973383671081,0.7058340368997257
GO:0072384,organelle transport along microtubule,biological_process,25,6011,0.7703356656000001,0.7859632289632339,-0.14905446040761783,63672.0,0.19774684543799614,low_c,0.4787845518554551,0.31985987069704946,0.7038904358697224
GO:0007097,nuclear migration,biological_process,25,6011,0.7706164032000001,0.7859632289632339,-0.14723688606749086,63808.0,0.203269786486017,low_c,0.4795208160958381,0.31919253527260133,0.6919271690133709
GO:0051647,nucleus localization,biological_process,25,6011,0.7706164032000001,0.7859632289632339,-0.14723688606749086,63808.0,0.203269786486017,low_c,0.4795208160958381,0.31919253527260133,0.6919271690133709
GO:0006612,protein targeting to membrane,biological_process,47,6011,0.8231939231914892,0.7859632289632339,0.10776003538964285,155257.0,0.20251496482308307,high_c,0.4795208160958381,0.31919253527260133,0.6935428791162012
GO:0007005,mitochondrion organization,biological_process,112,6011,0.8125712815178571,0.7859632289632339,0.0703448526384618,353582.0,0.20151771661605467,high_c,0.4795208160958381,0.31919253527260133,0.6956867664441719
GO:0072659,protein localization to plasma membrane,biological_process,27,6011,0.7738430962962964,0.7859632289632339,-0.14266438898791844,69259.0,0.20021809095901022,low_c,0.4795208160958381,0.31919253527260133,0.6984966838561804
GO:1902115,regulation of organelle assembly,biological_process,34,6011,0.8285553067647059,0.7859632289632339,0.1265045419204991,114463.0,0.20271329458558096,high_c,0.4795208160958381,0.31919253527260133,0.6931177679531586
GO:0005261,monoatomic cation channel activity,molecular_function,21,6011,0.8388024433333334,0.7859632289632339,0.16219095317592824,73096.0,0.19881667426285676,high_c,0.4795208160958381,0.31919253527260133,0.7015471952069401
GO:0007015,actin filament organization,biological_process,65,6011,0.8214088376923078,0.7859632289632339,0.09243188698284555,211107.0,0.19928171607483958,high_c,0.4795208160958381,0.31919253527260133,0.7005325456149439
GO:0008173,RNA methyltransferase activity,molecular_function,36,6011,0.8264630522222223,0.7859632289632339,0.12359832635983259,120843.0,0.20038176163822974,high_c,0.4795208160958381,0.31919253527260133,0.6981418096527646
GO:0032185,septin cytoskeleton organization,biological_process,43,6011,0.831051133488372,0.7859632289632339,0.11327857098322847,142847.0,0.19990004401555872,high_c,0.4795208160958381,0.31919253527260133,0.6991871102555091
GO:0000978,RNA polymerase II cis-regulatory region sequence-specific DNA binding,molecular_function,107,6011,0.7895408580373832,0.7859632289632339,-0.07165583922194363,293230.5,0.20329914783786684,low_c,0.4795208160958381,0.31919253527260133,0.6918644417755756
GO:0071028,nuclear mRNA surveillance,biological_process,27,6011,0.786114388148148,0.7859632289632339,-0.14208259061200235,69306.0,0.20205929447483872,low_c,0.4795208160958381,0.31919253527260133,0.6945211677588469
GO:0004529,DNA exonuclease activity,molecular_function,18,6011,0.7875448872222223,0.7859632289632339,-0.1736470326492019,44571.0,0.20267975319481535,low_c,0.4795208160958381,0.31919253527260133,0.693189633225826
GO:0030950,establishment or maintenance of actin cytoskeleton polarity,biological_process,21,6011,0.7420231442857144,0.7859632289632339,-0.16219095317592813,52694.0,0.19881667426285676,low_c,0.4795208160958381,0.31919253527260133,0.7015471952069401
GO:0006334,nucleosome assembly,biological_process,39,6011,0.815571102051282,0.7859632289632339,0.1185790097377506,130263.0,0.20114091926145816,high_c,0.4795208160958381,0.31919253527260133,0.6964995693749011
GO:0062013,positive regulation of small molecule metabolic process,biological_process,29,6011,0.7813908972413792,0.7859632289632339,-0.13778692399036185,74787.5,0.19986837408321512,low_c,0.4795208160958381,0.31919253527260133,0.6992559204779536
GO:0061982,meiosis I cell cycle process,biological_process,48,6011,0.7873124441666667,0.7859632289632339,-0.10707697467717592,127788.0,0.20067355917132113,low_c,0.4795208160958381,0.31919253527260133,0.697509846558196
GO:0070784,regulation of growth of unicellular organism as a thread of attached cells,biological_process,38,6011,0.7763606094736841,0.7859632289632339,-0.11977583335536224,99894.0,0.20243162094239897,low_c,0.4795208160958381,0.31919253527260133,0.6937216473254659
GO:1903313,positive regulation of mRNA metabolic process,biological_process,39,6011,0.7709130625641026,0.7859632289632339,-0.11870781596166724,102630.0,0.20065192839333634,low_c,0.4795208160958381,0.31919253527260133,0.6975566620624102
GO:0044182,filamentous growth of a population of unicellular organisms,biological_process,75,6011,0.823833794,0.7859632289632339,0.08507187780772685,241537.0,0.2048146145288111,high_c,0.4806507392333639,0.3181703854132315,0.6886390575459737
GO:0050801,monoatomic ion homeostasis,biological_process,172,6011,0.8120507942441861,0.7859632289632339,0.056651943427713514,530602.0,0.20472233214900126,high_c,0.4806507392333639,0.3181703854132315,0.6888347797113693
GO:0070783,growth of unicellular organism as a thread of attached cells,biological_process,75,6011,0.823833794,0.7859632289632339,0.08507187780772685,241537.0,0.2048146145288111,high_c,0.4806507392333639,0.3181703854132315,0.6886390575459737
GO:0050000,chromosome localization,biological_process,39,6011,0.7834491358974359,0.7859632289632339,-0.1176000824359833,102759.0,0.2048856837745906,low_c,0.4806507392333639,0.3181703854132315,0.6884883865227284
GO:0045005,DNA-templated DNA replication maintenance of fidelity,biological_process,26,6011,0.7756204603846155,0.7859632289632339,-0.14371827003405946,66623.0,0.20537872603764395,low_c,0.48115717732975694,0.3177130315336717,0.6874445443948166
GO:0040020,regulation of meiotic nuclear division,biological_process,35,6011,0.8266857582857143,0.7859632289632339,0.12379039969401417,117526.0,0.20600694965736566,high_c,0.48197852372666683,0.31697231287068744,0.6861181284321335
GO:0000956,nuclear-transcribed mRNA catabolic process,biological_process,115,6011,0.799063320173913,0.7859632289632339,-0.06868621320276092,315734.0,0.20644737143693714,low_c,0.48235886516086524,0.31662973526956995,0.6851906423494677
GO:0000460,maturation of 5.8S rRNA,biological_process,32,6011,0.7614502599999999,0.7859632289632339,-0.12914994146178294,83309.0,0.2069930280809843,low_c,0.48298373218896334,0.3160674968665959,0.6840442821611903
GO:0045739,positive regulation of DNA repair,biological_process,15,6011,0.7635718353333334,0.7859632289632339,-0.1881254169446298,36510.0,0.2075868468344222,low_c,0.48371914913363345,0.31540671972658113,0.6828001678187614
GO:0140299,molecular sensor activity,molecular_function,27,6011,0.7740173444444446,0.7859632289632339,-0.13999059219647458,69475.0,0.20878173752592988,low_c,0.4858513355831291,0.3134965990768076,0.680307492444612
GO:0006825,copper ion transport,biological_process,19,6011,0.8282753115789475,0.7859632289632339,0.1663797343826856,66395.0,0.20984850589843806,high_c,0.48768006190052005,0.3118649995521427,0.678094118577217
GO:0001558,regulation of cell growth,biological_process,42,6011,0.7699634364285715,0.7859632289632339,-0.11169614436493314,111348.0,0.21157376481447487,low_c,0.4887152104980867,0.31094414402362514,0.6745381858934326
GO:0031297,replication fork processing,biological_process,18,6011,0.7674144150000001,0.7859632289632339,-0.17025418543856718,44754.0,0.21164272754061775,low_c,0.4887152104980867,0.31094414402362514,0.6743966501441083
GO:0072666,establishment of protein localization to vacuole,biological_process,124,6011,0.8258563616129032,0.7859632289632339,0.06549970684449602,388901.0,0.21126878141170646,high_c,0.4887152104980867,0.31094414402362514,0.6751646726698703
GO:1901987,regulation of cell cycle phase transition,biological_process,182,6011,0.8148261795054945,0.7859632289632339,0.054281453663852064,559232.0,0.21170151975493157,high_c,0.4887152104980867,0.31094414402362514,0.674276024272456
GO:0005657,replication fork,cellular_component,43,6011,0.786068031860465,0.7859632289632339,-0.11059760583577527,114121.0,0.21075280064711288,low_c,0.4887152104980867,0.31094414402362514,0.6762266454220565
GO:0030276,clathrin binding,molecular_function,15,6011,0.8428930746666665,0.7859632289632339,0.18496775628196582,53288.0,0.21531781897765534,high_c,0.4964033648674763,0.30416528330057524,0.6669200279403478
GO:0010038,response to metal ion,biological_process,18,6011,0.7641830972222223,0.7859632289632339,-0.16875243339451584,44835.0,0.21570012757556278,low_c,0.4966252274153541,0.3039712230637677,0.6661495980344667
GO:0051169,nuclear transport,biological_process,173,6011,0.8056538507514449,0.7859632289632339,0.05476774649644445,532644.0,0.21888999318179536,high_c,0.5026362806396782,0.29874616693138245,0.659774092270649
GO:0006913,nucleocytoplasmic transport,biological_process,173,6011,0.8056538507514449,0.7859632289632339,0.05476774649644445,532644.0,0.21888999318179536,high_c,0.5026362806396782,0.29874616693138245,0.659774092270649
GO:0007030,Golgi organization,biological_process,38,6011,0.840208355,0.7859632289632339,0.11470036215601787,126504.0,0.22222266674385527,high_c,0.5096149926913247,0.29275780369599674,0.6532116450363972
GO:0019901,protein kinase binding,molecular_function,40,6011,0.8227320595000001,0.7859632289632339,0.11148886283704562,132734.0,0.22357300891855925,high_c,0.5104816742759194,0.2920198439858833,0.6505806282689854
GO:0072665,protein localization to vacuole,biological_process,134,6011,0.8254219307462687,0.7859632289632339,0.06137002582798101,417924.0,0.2237768168916905,high_c,0.5104816742759194,0.2920198439858833,0.6501849080557836
GO:0034655,nucleobase-containing compound catabolic process,biological_process,209,6011,0.8197780340191387,0.7859632289632339,0.049507759244873384,636326.0,0.22329655964645156,high_c,0.5104816742759194,0.2920198439858833,0.6511179680977153
GO:0140303,intramembrane lipid carrier activity,molecular_function,15,6011,0.764160614,0.7859632289632339,-0.1818323326662219,36793.0,0.22319749078045759,low_c,0.5104816742759194,0.2920198439858833,0.6513106921104743
GO:0006366,transcription by RNA polymerase II,biological_process,63,6011,0.8200657380952381,0.7859632289632339,0.08881203232245594,204002.0,0.22459085738994444,high_c,0.5116663102742042,0.29101317740678373,0.6486079269076563
GO:0048278,vesicle docking,biological_process,31,6011,0.7950220219354838,0.7859632289632339,-0.1260330132700399,81008.0,0.22546357076277812,low_c,0.5129813353134768,0.2898984362874595,0.6469236191730521
GO:0048878,chemical homeostasis,biological_process,240,6011,0.8078350399166666,0.7859632289632339,0.04603043955409225,724397.0,0.22624121965872834,high_c,0.5140769074967964,0.28897190434530434,0.6454282666100876
GO:0000302,response to reactive oxygen species,biological_process,17,6011,0.8338741564705883,0.7859632289632339,0.16942432628707138,59581.0,0.22702838105956347,high_c,0.5151912019861467,0.2880315621107703,0.6439198477976258
GO:0016747,"acyltransferase activity, transferring groups other than amino-acyl groups",molecular_function,110,6011,0.8167779410000001,0.7859632289632339,0.06702099798185213,346307.0,0.22774908327885657,high_c,0.5154790203026011,0.2877890055545161,0.6425433624460083
GO:0010638,positive regulation of organelle organization,biological_process,88,6011,0.8180932755681819,0.7859632289632339,0.07480277193682561,280106.5,0.22768624063329546,high_c,0.5154790203026011,0.2877890055545161,0.6426632135552027
GO:0051123,RNA polymerase II preinitiation complex assembly,biological_process,41,6011,0.7863096302439024,0.7859632289632339,-0.1089022347509907,109057.0,0.22877791882530585,low_c,0.517133420678035,0.2863973942584237,0.6405858950673847
GO:0060089,molecular transducer activity,molecular_function,23,6011,0.8346771930434782,0.7859632289632339,0.1447823182597079,78832.0,0.2300658832119057,high_c,0.5193684957813632,0.28452439764716986,0.638147778686212
GO:0010628,positive regulation of gene expression,biological_process,98,6011,0.8122104718367348,0.7859632289632339,0.0704293894117769,310143.0,0.2310731914811659,high_c,0.5209650135211741,0.283191441661878,0.6362504373298693
GO:0016237,microautophagy,biological_process,59,6011,0.8257614866101693,0.7859632289632339,0.09017336431565526,191417.0,0.2326190322194044,high_c,0.523357179852609,0.2812018134394963,0.6333547554299127
GO:0007118,budding cell apical bud growth,biological_process,16,6011,0.764353910625,0.7859632289632339,-0.1724979149291076,39687.0,0.23273717905887914,low_c,0.523357179852609,0.2812018134394963,0.6331342339442332
GO:0006760,folic acid-containing compound metabolic process,biological_process,17,6011,0.8513147970588236,0.7859632289632339,0.16689238257865702,59452.0,0.2340485606986089,high_c,0.5253174217527723,0.2795781959118552,0.6306940252589229
GO:0032879,regulation of localization,biological_process,170,6011,0.7898019021176471,0.7859632289632339,-0.053441695116670185,469952.0,0.23421410393816,low_c,0.5253174217527723,0.2795781959118552,0.6303869560694356
GO:0099512,supramolecular fiber,cellular_component,62,6011,0.8148131024193548,0.7859632289632339,0.0875560544195555,200566.0,0.23491395624888,high_c,0.5255291598557419,0.27940318141862236,0.629091181000907
GO:0099081,supramolecular polymer,cellular_component,62,6011,0.8148131024193548,0.7859632289632339,0.0875560544195555,200566.0,0.23491395624888,high_c,0.5255291598557419,0.27940318141862236,0.629091181000907
GO:0015718,monocarboxylic acid transport,biological_process,31,6011,0.8424463261290323,0.7859632289632339,0.1232711187830402,104116.0,0.23579462381213778,high_c,0.526820420769461,0.2783373991324126,0.6274661011719714
GO:0071805,potassium ion transmembrane transport,biological_process,16,6011,0.84670232125,0.7859632289632339,0.17095496246872388,56159.0,0.2369427949863131,high_c,0.528705259763804,0.2767863690444182,0.6253564928952023
GO:0009268,response to pH,biological_process,22,6011,0.7699499090909092,0.7859632289632339,-0.14519042486983713,56314.0,0.23911065015138655,low_c,0.5296663083141987,0.275997651339631,0.6214010796810884
GO:0120009,intermembrane lipid transfer,biological_process,15,6011,0.8339271246666667,0.7859632289632339,0.17575050033355577,52873.5,0.2390654755710192,high_c,0.5296663083141987,0.275997651339631,0.621483137609031
GO:0046488,phosphatidylinositol metabolic process,biological_process,22,6011,0.8443220354545453,0.7859632289632339,0.14538775634117096,75457.0,0.23847277182647664,high_c,0.5296663083141987,0.275997651339631,0.6225612003578865
GO:0051383,kinetochore organization,biological_process,16,6011,0.8502140093749999,0.7859632289632339,0.1703502919099249,56130.0,0.23860550358136112,high_c,0.5296663083141987,0.275997651339631,0.6223195432832368
GO:0034727,piecemeal microautophagy of the nucleus,biological_process,44,6011,0.8258967325,0.7859632289632339,0.10312019135548556,144811.0,0.2378909018834129,high_c,0.5296663083141987,0.275997651339631,0.6236221671993305
GO:0019902,phosphatase binding,molecular_function,17,6011,0.7635697847058823,0.7859632289632339,-0.1650670278121259,42539.0,0.23920413923867034,low_c,0.5296663083141987,0.275997651339631,0.6212313094956657
GO:0051494,negative regulation of cytoskeleton organization,biological_process,30,6011,0.7389771643333335,0.7859632289632339,-0.12410410745137379,78581.0,0.24028975796699603,low_c,0.5313923819499428,0.2745846759340548,0.6192647400292753
GO:0019205,nucleobase-containing compound kinase activity,molecular_function,16,6011,0.83588063625,0.7859632289632339,0.16949541284403669,56089.0,0.24097025349814316,high_c,0.5319768920779044,0.274107232105355,0.6180365654705866
GO:0044804,nucleophagy,biological_process,50,6011,0.8240042717999999,0.7859632289632339,0.0961113907062574,163348.0,0.24116694358600854,high_c,0.5319768920779044,0.274107232105355,0.6176822205867635
GO:0030515,snoRNA binding,molecular_function,27,6011,0.8258239155555555,0.7859632289632339,0.1301619132501486,91299.0,0.24253640490856831,high_c,0.5343187803569475,0.27219956086846836,0.6152230642193861
GO:0033698,Rpd3L complex,cellular_component,16,6011,0.81492386,0.7859632289632339,0.16845287739783155,56039.0,0.24387636953281888,high_c,0.536279522257948,0.2706087861810095,0.6128302787296614
GO:0140657,ATP-dependent activity,molecular_function,261,6011,0.8110435861685825,0.7859632289632339,0.042570048309178654,782318.5,0.24404425264042562,high_c,0.536279522257948,0.2706087861810095,0.6125314157310412
GO:0007120,axial cellular bud site selection,biological_process,15,6011,0.769294278,0.7859632289632339,-0.17367133644651989,37160.0,0.24466848227607585,low_c,0.5369715363227151,0.2700487346833211,0.6114219720261176
GO:0050779,RNA destabilization,biological_process,32,6011,0.7721820640625,0.7859632289632339,-0.11867578190332828,84311.0,0.2462387009747864,low_c,0.538147769060204,0.26909845579133246,0.6086436886146523
GO:0060260,regulation of transcription initiation by RNA polymerase II,biological_process,45,6011,0.7825381837777781,0.7859632289632339,-0.10030915931016504,120770.0,0.24565139399163527,low_c,0.538147769060204,0.26909845579133246,0.6096807670424618
GO:0019900,kinase binding,molecular_function,41,6011,0.8225106629268292,0.7859632289632339,0.10487396331249754,135220.0,0.24645883761677623,high_c,0.538147769060204,0.26909845579133246,0.6082556041297329
GO:0061157,mRNA destabilization,biological_process,32,6011,0.7721820640625,0.7859632289632339,-0.11867578190332828,84311.0,0.2462387009747864,low_c,0.538147769060204,0.26909845579133246,0.6086436886146523
GO:0000987,cis-regulatory region sequence-specific DNA binding,molecular_function,122,6011,0.791884957704918,0.7859632289632339,-0.061174070022186444,337253.5,0.24675439180410275,low_c,0.538147769060204,0.26909845579133246,0.6077351088941365
GO:0140612,DNA damage sensor activity,molecular_function,16,6011,0.7676339381249999,0.7859632289632339,-0.1673060884070059,39936.0,0.24710143098822468,low_c,0.5382284619768608,0.2690333401050364,0.6071247395493972
GO:0042149,cellular response to glucose starvation,biological_process,33,6011,0.8084988345454546,0.7859632289632339,0.1162139967760576,110100.0,0.24891446740017276,high_c,0.5408651209389443,0.26691102423765756,0.6039498606052857
GO:0046486,glycerolipid metabolic process,biological_process,123,6011,0.8205350529268293,0.7859632289632339,0.06064974372569809,384074.0,0.24893504126164545,high_c,0.5408651209389443,0.26691102423765756,0.6039139657641392
GO:0016239,positive regulation of macroautophagy,biological_process,23,6011,0.7580515673913043,0.7859632289632339,-0.13891551218378784,59296.0,0.24950472994173056,low_c,0.5414252639735553,0.2664614830532953,0.6029212169018248
GO:2000220,regulation of pseudohyphal growth,biological_process,26,6011,0.7786308153846153,0.7859632289632339,-0.13022299338088816,67673.0,0.25119310625777225,low_c,0.5444085299169695,0.2640750787904344,0.5999922835466699
GO:0051056,regulation of small GTPase mediated signal transduction,biological_process,31,6011,0.7765701812903226,0.7859632289632339,-0.11905275650016178,81655.0,0.25221257518262796,low_c,0.5457153342615856,0.26303384264048474,0.5982332635350528
GO:0000395,mRNA 5'-splice site recognition,biological_process,19,6011,0.8434531505263158,0.7859632289632339,0.15185159159581185,65568.0,0.2524247773110906,high_c,0.5457153342615856,0.26303384264048474,0.5978680182022769
GO:0006515,protein quality control for misfolded or incompletely synthesized proteins,biological_process,34,6011,0.8393523514705884,0.7859632289632339,0.11311990079618939,113103.0,0.25467184026386425,high_c,0.5485239636452461,0.2608043944310033,0.5940190734663858
GO:0071824,protein-DNA complex organization,biological_process,144,6011,0.8130604668055555,0.7859632289632339,0.0555022915364658,445869.5,0.25446431243183587,high_c,0.5485239636452461,0.2608043944310033,0.5943731170628009
GO:1901992,positive regulation of mitotic cell cycle phase transition,biological_process,38,6011,0.7773190107894736,0.7859632289632339,-0.10706072061117133,101337.0,0.2545634032004779,low_c,0.5485239636452461,0.2608043944310033,0.5942040316741246
GO:0032886,regulation of microtubule-based process,biological_process,33,6011,0.7768215987878788,0.7859632289632339,-0.11457161105873048,87336.0,0.25566589587312816,low_c,0.5499826458931233,0.25965101398168583,0.5923272001000885
GO:0051301,cell division,biological_process,37,6011,0.7834958897297297,0.7859632289632339,-0.10788190265927122,98596.0,0.2572305912776711,low_c,0.5526637456163824,0.25753902392043604,0.5896773839863229
GO:0004527,exonuclease activity,molecular_function,42,6011,0.7984523276190477,0.7859632289632339,-0.10093419173667117,112697.0,0.2589485208137825,low_c,0.5556670360107867,0.2551853662220831,0.586786565450284
GO:0007584,response to nutrient,biological_process,19,6011,0.8319472600000001,0.7859632289632339,0.14932190288806124,65424.0,0.2604141910472124,high_c,0.5567475808595576,0.2543416613556712,0.584335352954969
GO:1905369,endopeptidase complex,cellular_component,23,6011,0.8480599465217391,0.7859632289632339,0.13590950015973968,78221.0,0.2598975709479405,high_c,0.5567475808595576,0.2543416613556712,0.5851977794787313
GO:0000281,mitotic cytokinesis,biological_process,16,6011,0.83912439375,0.7859632289632339,0.16278148457047537,55767.0,0.2601166561007652,high_c,0.5567475808595576,0.2543416613556712,0.5848318376501463
GO:0032507,maintenance of protein location in cell,biological_process,35,6011,0.8301029542857141,0.7859632289632339,0.10997322623828643,116081.0,0.26124116006605336,high_c,0.557828602551868,0.2534992211349149,0.5829583963813199
GO:0042790,nucleolar large rRNA transcription by RNA polymerase I,biological_process,35,6011,0.7713297337142857,0.7859632289632339,-0.10988716771849305,93088.0,0.26161454998610123,low_c,0.5579396299457884,0.2534127899509567,0.5823381059022286
GO:0046527,glucosyltransferase activity,molecular_function,16,6011,0.825738839375,0.7859632289632339,0.16203085904920767,55731.0,0.2623209293737453,high_c,0.558759672874628,0.25277494557864066,0.5811670576791371
GO:0006301,DNA damage tolerance,biological_process,35,6011,0.7856586671428571,0.7859632289632339,-0.10950468540829983,93128.0,0.2632785226608424,low_c,0.5601121511510079,0.2517250055840906,0.5795845676707025
GO:0005798,Golgi-associated vesicle,cellular_component,17,6011,0.8504489041176471,0.7859632289632339,0.1567842352156077,58937.0,0.26360286392906307,high_c,0.5601157549337252,0.2517222113259943,0.579049875634052
GO:0006402,mRNA catabolic process,biological_process,121,6011,0.8013822895867768,0.7859632289632339,-0.059083191850594186,335291.0,0.26520224793172076,low_c,0.5623477815077803,0.24999501383445943,0.5764227990447741
GO:0065009,regulation of molecular function,biological_process,22,6011,0.8441961986363637,0.7859632289632339,0.1373882420801773,74930.0,0.26530117111455764,high_c,0.5623477815077803,0.24999501383445943,0.576260832914514
GO:0010927,cellular component assembly involved in morphogenesis,biological_process,71,6011,0.8223734102816902,0.7859632289632339,0.0767155119267795,227047.0,0.2657655130535119,high_c,0.5626450373913374,0.2497655073153461,0.5755013757721025
GO:0010499,proteasomal ubiquitin-independent protein catabolic process,biological_process,17,6011,0.8320416794117648,0.7859632289632339,0.15542993974366515,58868.0,0.2677500193878415,high_c,0.566155948425448,0.24706392532770835,0.5722704890487407
GO:0000075,cell cycle checkpoint signaling,biological_process,107,6011,0.8203499611214955,0.7859632289632339,0.062368614340349016,335564.0,0.26815765753483956,high_c,0.5663280942584933,0.24693189347007116,0.5716097967704938
GO:0016895,"DNA exonuclease activity, producing 5'-phosphomonoesters",molecular_function,17,6011,0.791140084117647,0.7859632289632339,-0.1550962727433316,43047.0,0.26877863034576854,low_c,0.5669498205106369,0.2464553778614456,0.5706052634896489
GO:1902410,mitotic cytokinetic process,biological_process,21,6011,0.8281767271428573,0.7859632289632339,0.13905715875665803,71641.0,0.27061487273481644,high_c,0.5701303629461667,0.24402582952939153,0.5676483386727489
GO:0006031,chitin biosynthetic process,biological_process,20,6011,0.7830890585,0.7859632289632339,-0.1417960273743949,51415.0,0.2729200269732399,low_c,0.5722091386781938,0.24244521041433173,0.5639645944699246
GO:1990351,transporter complex,cellular_component,60,6011,0.8223639601666667,0.7859632289632339,0.08230549487481098,193224.0,0.27194677306573634,high_c,0.5722091386781938,0.24244521041433173,0.565516090178683
GO:1901073,glucosamine-containing compound biosynthetic process,biological_process,20,6011,0.7830890585,0.7859632289632339,-0.1417960273743949,51415.0,0.2729200269732399,low_c,0.5722091386781938,0.24244521041433173,0.5639645944699246
GO:0006023,aminoglycan biosynthetic process,biological_process,20,6011,0.7830890585,0.7859632289632339,-0.1417960273743949,51415.0,0.2729200269732399,low_c,0.5722091386781938,0.24244521041433173,0.5639645944699246
GO:0033750,ribosome localization,biological_process,68,6011,0.8162625502941178,0.7859632289632339,0.07710009798972584,217641.0,0.27358806638402355,high_c,0.5727955921248832,0.24200033274490376,0.5629028499950429
GO:0006367,transcription initiation at RNA polymerase II promoter,biological_process,40,6011,0.8304979227499999,0.7859632289632339,0.1002344665885111,131390.0,0.27385964370026095,high_c,0.5727955921248832,0.24200033274490376,0.562471961209303
GO:0030258,lipid modification,biological_process,30,6011,0.8355114649999998,0.7859632289632339,0.11536532352449425,100065.0,0.27502061630976626,high_c,0.5745316364786452,0.24068605197167045,0.5606347490280326
GO:0031106,septin ring organization,biological_process,36,6011,0.8265663824999999,0.7859632289632339,0.10510460251046028,118854.0,0.2762136080339066,high_c,0.5751316991763389,0.2402326950036131,0.5587549291301125
GO:0070786,positive regulation of growth of unicellular organism as a thread of attached cells,biological_process,17,6011,0.7648461541176471,0.7859632289632339,-0.15268209385856446,43170.0,0.2763017494890937,low_c,0.5751316991763389,0.2402326950036131,0.5586163652063475
GO:0007121,bipolar cellular bud site selection,biological_process,16,6011,0.77744786875,0.7859632289632339,-0.15742285237698084,40410.0,0.27613524055122685,low_c,0.5751316991763389,0.2402326950036131,0.5588781648917295
GO:0006639,acylglycerol metabolic process,biological_process,16,6011,0.843867968125,0.7859632289632339,0.1571517931609674,55497.0,0.2769630183814734,high_c,0.5751969732986009,0.24018340788799442,0.557578216441258
GO:0045936,negative regulation of phosphate metabolic process,biological_process,24,6011,0.8399240249999999,0.7859632289632339,0.12838928790156445,81068.0,0.2769957774640728,high_c,0.5751969732986009,0.24018340788799442,0.5575268512894511
GO:0016469,proton-transporting two-sector ATPase complex,cellular_component,16,6011,0.821072123125,0.7859632289632339,0.15696413678065047,55488.0,0.27753708493514107,high_c,0.5756324724580704,0.23985471471533235,0.5566789775625455
GO:0070507,regulation of microtubule cytoskeleton organization,biological_process,31,6011,0.7781528696774195,0.7859632289632339,-0.11274139605135403,82240.0,0.2782365076908101,low_c,0.5757104903865865,0.23979585691710995,0.5555858863912789
GO:0051536,iron-sulfur cluster binding,molecular_function,38,6011,0.8260035578947368,0.7859632289632339,0.10181782935490413,125042.0,0.27856959212254184,high_c,0.5757104903865865,0.23979585691710995,0.5550662916957014
GO:0051540,metal cluster binding,molecular_function,38,6011,0.8260035578947368,0.7859632289632339,0.10181782935490413,125042.0,0.27856959212254184,high_c,0.5757104903865865,0.23979585691710995,0.5550662916957014
GO:0009304,tRNA transcription,biological_process,18,6011,0.7845303161111112,0.7859632289632339,-0.14717170031703652,45999.0,0.2802720478655121,low_c,0.5772577225517691,0.23863024838188096,0.5524202132032976
GO:1902911,protein kinase complex,cellular_component,63,6011,0.8194953241269842,0.7859632289632339,0.07895411022512566,202155.0,0.28031581803637173,high_c,0.5772577225517691,0.23863024838188096,0.5523523945976118
GO:0042797,tRNA transcription by RNA polymerase III,biological_process,18,6011,0.7845303161111112,0.7859632289632339,-0.14717170031703652,45999.0,0.2802720478655121,low_c,0.5772577225517691,0.23863024838188096,0.5524202132032976
GO:0051235,maintenance of location,biological_process,43,6011,0.8215723034883723,0.7859632289632339,0.0950028056612009,140502.0,0.2823637243082223,high_c,0.5779344912811232,0.238121385952253,0.5491910985009503
GO:1905368,peptidase complex,cellular_component,48,6011,0.8306351904166668,0.7859632289632339,0.08999944099726087,155992.0,0.2821324237136672,high_c,0.5779344912811232,0.238121385952253,0.5495470002297752
GO:0005656,nuclear pre-replicative complex,cellular_component,16,6011,0.77278957125,0.7859632289632339,-0.15558798999165968,40498.0,0.2817716632156664,low_c,0.5779344912811232,0.238121385952253,0.5501026844979945
GO:0036387,pre-replicative complex,cellular_component,16,6011,0.77278957125,0.7859632289632339,-0.15558798999165968,40498.0,0.2817716632156664,low_c,0.5779344912811232,0.238121385952253,0.5501026844979945
GO:0071230,cellular response to amino acid stimulus,biological_process,17,6011,0.7833805570588235,0.7859632289632339,-0.15079785668020962,43266.0,0.2822723180336477,low_c,0.5779344912811232,0.238121385952253,0.5493317102863448
GO:0000467,"exonucleolytic trimming to generate mature 3'-end of 5.8S rRNA from tricistronic rRNA transcript (SSU-rRNA, 5.8S rRNA, LSU-rRNA)",biological_process,18,6011,0.7819711505555555,0.7859632289632339,-0.1464486345180488,46038.0,0.2826419257475078,low_c,0.5779344912811232,0.238121385952253,0.5487634165487735
GO:0006644,phospholipid metabolic process,biological_process,149,6011,0.818309416375839,0.7859632289632339,0.05142666107954996,459178.0,0.2829982960464743,high_c,0.5779824022784463,0.23808538426063003,0.5482161793868103
GO:0040007,growth,biological_process,99,6011,0.8157611042424243,0.7859632289632339,0.06262557920203382,310971.0,0.2845171937759883,high_c,0.5783024819933206,0.23784494376126772,0.5458914834467495
GO:0022627,cytosolic small ribosomal subunit,cellular_component,59,6011,0.8159026706779661,0.7859632289632339,0.08063946601057048,189743.0,0.2857760315615415,high_c,0.5783024819933206,0.23784494376126772,0.5439741989077989
GO:0030135,coated vesicle,cellular_component,45,6011,0.8322646282222221,0.7859632289632339,0.09221886989235295,146614.0,0.28582000550130704,high_c,0.5783024819933206,0.23784494376126772,0.5439073767530354
GO:0030658,transport vesicle membrane,cellular_component,23,6011,0.7778965952173913,0.7859632289632339,-0.1288809503064099,59987.0,0.28535527171542663,low_c,0.5783024819933206,0.23784494376126772,0.5446140997900829
GO:0006895,Golgi to endosome transport,biological_process,32,6011,0.8309668509375,0.7859632289632339,0.10969643753135983,106158.0,0.2838115523964633,high_c,0.5783024819933206,0.23784494376126772,0.5469699307956507
GO:0005802,trans-Golgi network,cellular_component,49,6011,0.7948579036734695,0.7859632289632339,-0.0886704228823364,133117.0,0.2843715657714022,low_c,0.5783024819933206,0.23784494376126772,0.5461138307479481
GO:0018193,peptidyl-amino acid modification,biological_process,54,6011,0.8206322462962962,0.7859632289632339,0.08439495396017138,174413.0,0.28497583841556107,high_c,0.5783024819933206,0.23784494376126772,0.5451919599480386
GO:0106310,protein serine kinase activity,molecular_function,120,6011,0.8032370953333333,0.7859632289632339,0.05685226051038317,373555.0,0.28562927417830175,high_c,0.5783024819933206,0.23784494376126772,0.5441972837216107
GO:0012505,endomembrane system,cellular_component,56,6011,0.8312255303571429,0.7859632289632339,0.08266762624445234,180524.0,0.2862588222833796,high_c,0.5785160832176333,0.2376845628045805,0.5432411198138113
GO:0070063,RNA polymerase binding,molecular_function,37,6011,0.8322527202702704,0.7859632289632339,0.10136266162379326,121721.5,0.2871049528456936,high_c,0.5788782789083904,0.23741274604074059,0.5419593154275589
GO:0043175,RNA polymerase core enzyme binding,molecular_function,37,6011,0.8322527202702704,0.7859632289632339,0.10136266162379326,121721.5,0.2871049528456936,high_c,0.5788782789083904,0.23741274604074059,0.5419593154275589
GO:0042254,ribosome biogenesis,biological_process,53,6011,0.8199232745283019,0.7859632289632339,0.08458581137142396,171242.0,0.2883510638971387,high_c,0.580716295737161,0.23603598686588514,0.5400784418816454
GO:0030688,"preribosome, small subunit precursor",cellular_component,22,6011,0.8136525195454543,0.7859632289632339,0.13026912976821148,74461.0,0.29086609336996716,high_c,0.5829517511827156,0.23436738874395793,0.5363069020618881
GO:0000184,"nuclear-transcribed mRNA catabolic process, nonsense-mediated decay",biological_process,24,6011,0.7643128766666667,0.7859632289632339,-0.12467290239964368,62887.0,0.29114007389136776,low_c,0.5829517511827156,0.23436738874395793,0.5358980121082207
GO:0030010,establishment of cell polarity,biological_process,67,6011,0.7840141105970148,0.7859632289632339,-0.07499849340109677,184190.0,0.29041055951697636,low_c,0.5829517511827156,0.23436738874395793,0.5369875964547969
GO:0051248,negative regulation of protein metabolic process,biological_process,63,6011,0.826974407936508,0.7859632289632339,0.07727287283440609,201840.0,0.29068490552548776,high_c,0.5829517511827156,0.23436738874395793,0.5365775193722905
GO:0004518,nuclease activity,molecular_function,97,6011,0.79756295185567,0.7859632289632339,-0.0625076264952289,268900.0,0.290263251627908,low_c,0.5829517511827156,0.23436738874395793,0.5372079439321851
GO:0004402,histone acetyltransferase activity,molecular_function,20,6011,0.7594113490000001,0.7859632289632339,-0.13615423134702054,51753.0,0.2924610648946412,low_c,0.5830728482723361,0.234277181731155,0.5339319430071701
GO:2000217,regulation of invasive growth in response to glucose limitation,biological_process,20,6011,0.7782872009999999,0.7859632289632339,-0.13603738941745958,51760.0,0.2928754518105968,low_c,0.5830728482723361,0.234277181731155,0.5333170284207676
GO:0051783,regulation of nuclear division,biological_process,73,6011,0.814880074109589,0.7859632289632339,0.07162597987422537,232261.0,0.2921622129900062,high_c,0.5830728482723361,0.234277181731155,0.5343759545588964
GO:0031400,negative regulation of protein modification process,biological_process,16,6011,0.853378023125,0.7859632289632339,0.1520433694745622,55252.0,0.29287990996168034,high_c,0.5830728482723361,0.234277181731155,0.5333104176390608
GO:0003006,developmental process involved in reproduction,biological_process,141,6011,0.8118822021985816,0.7859632289632339,0.05189507895658907,435311.0,0.291599362932772,high_c,0.5830728482723361,0.234277181731155,0.5352134291712233
GO:0072657,protein localization to membrane,biological_process,57,6011,0.7857116894736842,0.7859632289632339,-0.08073004142873141,155990.0,0.2934702271238153,low_c,0.5835788250709547,0.23390047469783973,0.5324359518327432
GO:0046982,protein heterodimerization activity,molecular_function,34,6011,0.8312131455882352,0.7859632289632339,0.10422305110767738,112199.0,0.2939557672596578,high_c,0.583875528561517,0.23367972655280775,0.5317180147588778
GO:0016241,regulation of macroautophagy,biological_process,43,6011,0.7764859232558138,0.7859632289632339,-0.09258681962715876,116432.0,0.29478382977107787,low_c,0.5848511182658185,0.23295467536185588,0.5304963431800157
GO:0019903,protein phosphatase binding,molecular_function,16,6011,0.7638102525,0.7859632289632339,-0.1513344453711426,40702.0,0.2951363654876995,low_c,0.5848821124276785,0.23293166055280887,0.5299772752252012
GO:0051666,actin cortical patch localization,biological_process,15,6011,0.8431892126666668,0.7859632289632339,0.15617078052034694,51993.0,0.2954890213408956,high_c,0.5849132737147034,0.2329085228739166,0.5294586503483493
GO:1900428,regulation of filamentous growth of a population of unicellular organisms,biological_process,46,6011,0.7876346610869566,0.7859632289632339,-0.08919421261707783,124958.0,0.29664809112769763,low_c,0.5852383488538492,0.23266722364389558,0.5277584419173746
GO:0140719,constitutive heterochromatin formation,biological_process,89,6011,0.7915360874157303,0.7859632289632339,-0.06435344876654936,246570.0,0.2966646008014904,low_c,0.5852383488538492,0.23266722364389558,0.5277342723342
GO:0030148,sphingolipid biosynthetic process,biological_process,36,6011,0.7774053836111112,0.7859632289632339,-0.10078103207810318,96711.0,0.2964524519613333,low_c,0.5852383488538492,0.23266722364389558,0.5280449532499566
GO:0006904,vesicle docking involved in exocytosis,biological_process,15,6011,0.7829500293333334,0.7859632289632339,-0.15543695797198132,37980.0,0.2977642186925913,low_c,0.5867408440980005,0.23155367870208382,0.526127491130509
GO:0044839,cell cycle G2/M phase transition,biological_process,42,6011,0.8308485366666665,0.7859632289632339,0.09273308921491186,136973.0,0.29966478679062347,high_c,0.5869724014031791,0.2313823181733114,0.523364287421427
GO:0051125,regulation of actin nucleation,biological_process,17,6011,0.8222670823529413,0.7859632289632339,0.14579285167520473,58377.0,0.2985539291848306,high_c,0.5869724014031791,0.2313823181733114,0.5249772088162781
GO:0071444,cellular response to pheromone,biological_process,41,6011,0.7923550507317074,0.7859632289632339,-0.09389222535441433,110894.0,0.2994440695627085,low_c,0.5869724014031791,0.2313823181733114,0.5236842836206641
GO:0045931,positive regulation of mitotic cell cycle,biological_process,47,6011,0.7859425227659574,0.7859632289632339,-0.0876535810608331,127869.0,0.29991155112672896,low_c,0.5869724014031791,0.2313823181733114,0.5230068070181
GO:1900101,regulation of endoplasmic reticulum unfolded protein response,biological_process,17,6011,0.790945084117647,0.7859632289632339,-0.14528253743940023,43547.0,0.3002485555564649,low_c,0.5869724014031791,0.2313823181733114,0.5225190732351834
GO:0062012,regulation of small molecule metabolic process,biological_process,70,6011,0.7861883468571431,0.7859632289632339,-0.07191670473946188,192981.0,0.3002183455941715,low_c,0.5869724014031791,0.2313823181733114,0.5225627726294664
GO:0000086,G2/M transition of mitotic cell cycle,biological_process,42,6011,0.8308485366666665,0.7859632289632339,0.09273308921491186,136973.0,0.29966478679062347,high_c,0.5869724014031791,0.2313823181733114,0.523364287421427
GO:0003730,mRNA 3'-UTR binding,molecular_function,19,6011,0.7776304668421052,0.7859632289632339,-0.1373234488089382,49107.0,0.3006795770910272,low_c,0.5871538198312972,0.23124810939498866,0.521896069265248
GO:0140352,export from cell,biological_process,63,6011,0.8231529903174604,0.7859632289632339,0.0754848902125298,201505.0,0.3019921102600026,high_c,0.5890542734959152,0.229844688924453,0.5200044031200133
GO:0061659,ubiquitin-like protein ligase activity,molecular_function,77,6011,0.7929060548051948,0.7859632289632339,-0.06806472933874352,212909.0,0.3040775219318669,low_c,0.592213591896021,0.2275216293383079,0.5170156826567984
GO:0006605,protein targeting,biological_process,149,6011,0.8221374296644295,0.7859632289632339,0.049203263425681154,458207.0,0.3043307801531473,high_c,0.592213591896021,0.2275216293383079,0.516654120679506
GO:0051130,positive regulation of cellular component organization,biological_process,142,6011,0.8074982002816901,0.7859632289632339,0.05033969363977353,437675.5,0.3046352174902919,high_c,0.592213591896021,0.2275216293383079,0.5162198912902346
GO:0022613,ribonucleoprotein complex biogenesis,biological_process,138,6011,0.8150858945652173,0.7859632289632339,0.050659243849895175,425766.0,0.30832034439055334,high_c,0.5987070669597322,0.22278561554146759,0.510997817586023
GO:1905354,exoribonuclease complex,cellular_component,18,6011,0.7860164455555556,0.7859632289632339,-0.13869885236479595,46456.0,0.30889451675504076,low_c,0.5991518224432969,0.2224631153490107,0.5101898008735718
GO:0000054,ribosomal subunit export from nucleus,biological_process,67,6011,0.81504661119403,0.7859632289632339,0.0720455595508327,213470.0,0.309822876052376,high_c,0.6002818223514785,0.22164480768856226,0.5088865188669102
GO:0050790,regulation of catalytic activity,biological_process,18,6011,0.8415801066666666,0.7859632289632339,0.1381797282014201,61390.0,0.310708896149099,high_c,0.601327362000932,0.22088903414609146,0.5076463119424726
GO:0051321,meiotic cell cycle,biological_process,53,6011,0.8304082939622641,0.7859632289632339,0.08042460747243285,170585.0,0.3127294964656109,high_c,0.6041362703157918,0.2188650899034632,0.5048311544202955
GO:0006521,regulation of amino acid metabolic process,biological_process,18,6011,0.7667352938888888,0.7859632289632339,-0.13756790329458446,46517.0,0.3128562828421064,low_c,0.6041362703157918,0.2188650899034632,0.5046551190107076
GO:0000151,ubiquitin ligase complex,cellular_component,96,6011,0.7969663253125,0.7859632289632339,-0.059728092420400114,266962.0,0.31471420708074505,low_c,0.607048737213526,0.21677643997383417,0.5020836513749825
GO:0005681,spliceosomal complex,cellular_component,83,6011,0.7878907243373494,0.7859632289632339,-0.06409036957546788,230245.0,0.31527879952166193,low_c,0.6074628146166539,0.21648030192894493,0.501305231790355
GO:0004672,protein kinase activity,molecular_function,138,6011,0.8038943338405797,0.7859632289632339,0.04979801943060491,425417.0,0.3166174094224652,high_c,0.6093656571589796,0.21512202554266893,0.4994652088412003
GO:0080135,regulation of cellular response to stress,biological_process,91,6011,0.8174540579120879,0.7859632289632339,0.06095931095931095,285780.0,0.31757848352660545,high_c,0.6100629930171348,0.2146253189117419,0.49814892942570455
GO:0016763,pentosyltransferase activity,molecular_function,17,6011,0.8245900752941177,0.7859632289632339,0.1401401401401401,58089.0,0.3176825724006278,high_c,0.6100629930171348,0.2146253189117419,0.4980066092768517
GO:0070887,cellular response to chemical stimulus,biological_process,255,6011,0.8070619210196078,0.7859632289632339,0.036808649797653636,760903.5,0.3191786802486477,high_c,0.6122587722780689,0.21306498370481403,0.4959661253400838
GO:0006368,transcription elongation by RNA polymerase II,biological_process,71,6011,0.8228830828169014,0.7859632289632339,0.06847583819414815,225309.5,0.3205465942477682,high_c,0.6135268882184406,0.21216639927926179,0.49410883305963965
GO:0008654,phospholipid biosynthetic process,biological_process,111,6011,0.8177497392792793,0.7859632289632339,0.05495190105359593,345444.0,0.32053162579117134,high_c,0.6135268882184406,0.21216639927926179,0.49412911363664447
GO:0000470,maturation of LSU-rRNA,biological_process,58,6011,0.8033438015517241,0.7859632289632339,0.0756095159206891,185690.0,0.3209955915198862,high_c,0.6137096331261261,0.2120370597359708,0.49350093205535883
GO:0016722,"oxidoreductase activity, acting on metal ions",molecular_function,15,6011,0.8574440913333332,0.7859632289632339,0.14792083611296425,51622.0,0.3217405823823696,high_c,0.6144572618435573,0.21150831878402307,0.49249415640252875
GO:2000142,regulation of DNA-templated transcription initiation,biological_process,46,6011,0.7856468482608697,0.7859632289632339,-0.08395349684755271,125677.0,0.3259397383319814,low_c,0.6186524055217425,0.20855329405653716,0.48686268744462236
GO:1901988,negative regulation of cell cycle phase transition,biological_process,115,6011,0.8186604563478261,0.7859632289632339,0.053586809037814875,357187.0,0.32430264666465725,high_c,0.6186524055217425,0.20855329405653716,0.4890495069941078
GO:0097576,vacuole fusion,biological_process,35,6011,0.8235440828571429,0.7859632289632339,0.09619430101357818,114640.0,0.32575816364683774,high_c,0.6186524055217425,0.20855329405653716,0.4871046918629649
GO:0010507,negative regulation of autophagy,biological_process,23,6011,0.7786691582608695,0.7859632289632339,-0.11846882170137374,60704.0,0.32607543263386773,low_c,0.6186524055217425,0.20855329405653716,0.486681920830562
GO:1903046,meiotic cell cycle process,biological_process,258,6011,0.8119432124806202,0.7859632289632339,0.03609845621495755,768927.0,0.32590243497929994,high_c,0.6186524055217425,0.20855329405653716,0.48691239469250247
GO:0016814,"hydrolase activity, acting on carbon-nitrogen (but not peptide) bonds, in cyclic amidines",molecular_function,17,6011,0.8203576811764705,0.7859632289632339,0.1380203733144909,57981.0,0.3250584858633745,high_c,0.6186524055217425,0.20855329405653716,0.48803849193635157
GO:1901873,regulation of post-translational protein modification,biological_process,34,6011,0.8333580823529411,0.7859632289632339,0.09717643122164366,111483.0,0.3278155622028339,high_c,0.6188008562972486,0.20844909399511252,0.48437043325974977
GO:0140359,ABC-type transporter activity,molecular_function,22,6011,0.7738291090909091,0.7859632289632339,-0.120584708328906,57935.0,0.32822391923905925,low_c,0.6188008562972486,0.20844909399511252,0.48382977302389363
GO:0043543,protein acylation,biological_process,22,6011,0.8367724645454545,0.7859632289632339,0.1206909637365472,73830.0,0.3277978517917004,high_c,0.6188008562972486,0.20844909399511252,0.4843938968853108
GO:1903320,regulation of protein modification by small protein conjugation or removal,biological_process,34,6011,0.8333580823529411,0.7859632289632339,0.09717643122164366,111483.0,0.3278155622028339,high_c,0.6188008562972486,0.20844909399511252,0.48437043325974977
GO:0004674,protein serine/threonine kinase activity,molecular_function,125,6011,0.8029108480799998,0.7859632289632339,0.05118314644920141,386704.0,0.32674566172486474,high_c,0.6188008562972486,0.20844909399511252,0.48579016993398244
GO:0051447,negative regulation of meiotic cell cycle,biological_process,30,6011,0.818322457,0.7859632289632339,0.10331605640082486,98984.0,0.3282923897752108,high_c,0.6188008562972486,0.20844909399511252,0.48373918463873666
GO:0019236,response to pheromone,biological_process,42,6011,0.7941644233333334,0.7859632289632339,-0.08726036904961343,114411.0,0.3290934744610392,low_c,0.6191083768210174,0.208233319743303,0.48268072917223065
GO:0030473,nuclear migration along microtubule,biological_process,23,6011,0.7752939782608695,0.7859632289632339,-0.11771368824605732,60756.0,0.32916879712315616,low_c,0.6191083768210174,0.208233319743303,0.482581339557864
GO:0016311,dephosphorylation,biological_process,22,6011,0.8266215445454546,0.7859632289632339,0.12003825194675088,73787.0,0.33042079447899053,high_c,0.6207905835665882,0.20705487927577892,0.4809326288961453
GO:0006986,response to unfolded protein,biological_process,16,6011,0.83619700875,0.7859632289632339,0.13997080900750625,54673.0,0.33289354185581255,high_c,0.6247602039585844,0.20428664198547802,0.47769463008691854
GO:0051031,tRNA transport,biological_process,25,6011,0.8132782148000001,0.7859632289632339,0.11152689609087862,83170.0,0.3351949782934298,high_c,0.628400088895674,0.20176376219524386,0.4747024963537826
GO:0035861,site of double-strand break,cellular_component,22,6011,0.7894009827272727,0.7859632289632339,-0.11871764902320925,58058.0,0.3357691021946456,low_c,0.628797369374223,0.20148928387171577,0.47395927056769177
GO:0048584,positive regulation of response to stimulus,biological_process,73,6011,0.7896934573972602,0.7859632289632339,-0.06526804375810313,202591.0,0.33711453323653173,low_c,0.6297959786996019,0.20080011669748776,0.472222524345308
GO:0008299,isoprenoid biosynthetic process,biological_process,17,6011,0.8340981282352942,0.7859632289632339,0.134585565958115,57806.0,0.3372448344907949,high_c,0.6297959786996019,0.20080011669748776,0.47205469360364716
GO:0031503,protein-containing complex localization,biological_process,41,6011,0.7898543114634146,0.7859632289632339,-0.08680802385913311,111761.0,0.3373907028747868,low_c,0.6297959786996019,0.20080011669748776,0.4718668889840257
GO:0051784,negative regulation of nuclear division,biological_process,45,6011,0.8155443013333336,0.7859632289632339,0.08269825306365708,145336.0,0.3384962287338735,high_c,0.6311809377894785,0.19984612566975737,0.47044616552888785
GO:0051294,establishment of spindle orientation,biological_process,17,6011,0.7536293294117646,0.7859632289632339,-0.13383972207501615,44130.0,0.3399293304739567,low_c,0.6315415488180243,0.19959807214140177,0.46861136112029583
GO:0005685,U1 snRNP,cellular_component,18,6011,0.8369962566666667,0.7859632289632339,0.13018892411517147,60959.0,0.339522902316892,high_c,0.6315415488180243,0.19959807214140177,0.4691309253175624
GO:0006298,mismatch repair,biological_process,23,6011,0.7831546939130434,0.7859632289632339,-0.11507072115244987,60938.0,0.3401447857977262,low_c,0.6315415488180243,0.19959807214140177,0.46833618210935707
GO:0000132,establishment of mitotic spindle orientation,biological_process,17,6011,0.7536293294117646,0.7859632289632339,-0.13383972207501615,44130.0,0.3399293304739567,low_c,0.6315415488180243,0.19959807214140177,0.46861136112029583
GO:0006338,chromatin remodeling,biological_process,287,6011,0.8078756935888503,0.7859632289632339,0.03328914016902962,848737.5,0.3405415529561434,high_c,0.6316027093289155,0.19955601570605816,0.467829887808426
GO:0012507,ER to Golgi transport vesicle membrane,cellular_component,16,6011,0.775452175,0.7859632289632339,-0.13709341117597995,41385.0,0.3429283749003269,low_c,0.6353507564855576,0.19698644864539896,0.4647965785980938
GO:0005876,spindle microtubule,cellular_component,19,6011,0.7746025678947369,0.7859632289632339,-0.12565877310097673,49771.0,0.3436095318608724,low_c,0.6359340589663907,0.19658791471593767,0.46393479717734626
GO:0034976,response to endoplasmic reticulum stress,biological_process,82,6011,0.823449830487805,0.7859632289632339,0.06075141203427559,257857.0,0.34403822943641293,high_c,0.6360493783829743,0.19650916748551753,0.46339329605987967
GO:1900430,positive regulation of filamentous growth of a population of unicellular organisms,biological_process,23,6011,0.7820319334782609,0.7859632289632339,-0.1139815863611281,61013.0,0.3447353295067467,low_c,0.6366601404507578,0.19609233927416056,0.4625142065149351
GO:0002182,cytoplasmic translational elongation,biological_process,24,6011,0.8479443987499998,0.7859632289632339,0.11121318412115144,79834.0,0.346370776301949,high_c,0.6379544085541115,0.19521035704821482,0.46045875703054406
GO:0032880,regulation of protein localization,biological_process,81,6011,0.7807555054320987,0.7859632289632339,-0.060833177190681376,225555.0,0.34630842896922187,low_c,0.6379544085541115,0.19521035704821482,0.4605369378173552
GO:0015935,small ribosomal subunit,cellular_component,94,6011,0.8177428734042553,0.7859632289632339,0.05650505755144741,293813.0,0.3465385986558336,high_c,0.6379544085541115,0.19521035704821482,0.4602483851513595
GO:0097435,supramolecular fiber organization,biological_process,80,6011,0.8170777373749999,0.7859632289632339,0.06093407519811156,251696.0,0.3484636619660736,high_c,0.6407224392682542,0.19333006595705382,0.4578425037365226
GO:0048471,perinuclear region of cytoplasm,cellular_component,22,6011,0.8146563509090909,0.7859632289632339,0.11556034548186833,73492.0,0.3487803600855416,high_c,0.6407224392682542,0.19333006595705382,0.457447978288264
GO:0015174,basic amino acid transmembrane transporter activity,molecular_function,16,6011,0.818650524375,0.7859632289632339,0.1352793994995829,54448.0,0.349353000067826,high_c,0.6410959916678075,0.1930769384524011,0.4567355228910814
GO:0008168,methyltransferase activity,molecular_function,94,6011,0.8123887857446807,0.7859632289632339,0.056127494165746805,293708.0,0.3497705654843386,high_c,0.6411844790716069,0.19301699900525834,0.45621674084245795
GO:0031145,anaphase-promoting complex-dependent catabolic process,biological_process,17,6011,0.7793147652941177,0.7859632289632339,-0.13091522895444463,44279.0,0.35058709360410767,low_c,0.64200336972229,0.19246269241719746,0.4552040759196043
GO:0040001,establishment of mitotic spindle localization,biological_process,19,6011,0.7590757157894736,0.7859632289632339,-0.12323448808938231,49909.0,0.35300056287820536,low_c,0.6430314555682733,0.19176778190378804,0.45222460210593474
GO:0032509,endosome transport via multivesicular body sorting pathway,biological_process,55,6011,0.8131924878181819,0.7859632289632339,0.07267232431772386,175693.0,0.3528392844514412,high_c,0.6430314555682733,0.19176778190378804,0.4524230673308087
GO:0007049,cell cycle,biological_process,89,6011,0.8222548378651685,0.7859632289632339,0.05741303613644044,278659.0,0.3518238157397713,high_c,0.6430314555682733,0.19176778190378804,0.45367476552015695
GO:0071985,multivesicular body sorting pathway,biological_process,55,6011,0.8131924878181819,0.7859632289632339,0.07267232431772386,175693.0,0.3528392844514412,high_c,0.6430314555682733,0.19176778190378804,0.4524230673308087
GO:0031647,regulation of protein stability,biological_process,47,6011,0.8180478670212766,0.7859632289632339,0.07854217503603178,151162.0,0.35295962317040397,high_c,0.6430314555682733,0.19176778190378804,0.452274972904629
GO:0051495,positive regulation of cytoskeleton organization,biological_process,38,6011,0.8193740971052632,0.7859632289632339,0.08686457479711329,123345.0,0.35527817186557686,high_c,0.6465019982794984,0.1894301284163509,0.4494314745527289
GO:0006261,DNA-templated DNA replication,biological_process,50,6011,0.7925034206000001,0.7859632289632339,-0.0757255494044623,137740.0,0.3557666432207902,low_c,0.6467129765772689,0.18928842465770687,0.4488347739144336
GO:0051273,beta-glucan metabolic process,biological_process,24,6011,0.8145780754166667,0.7859632289632339,0.10867991759924278,79652.0,0.3574675334687901,high_c,0.6484468527709714,0.188125613248615,0.4467633963122445
GO:0051274,beta-glucan biosynthetic process,biological_process,24,6011,0.8145780754166667,0.7859632289632339,0.10867991759924278,79652.0,0.3574675334687901,high_c,0.6484468527709714,0.188125613248615,0.4467633963122445
GO:0034398,telomere tethering at nuclear periphery,biological_process,20,6011,0.7855974035000001,0.7859632289632339,-0.11879485895509934,52793.0,0.3583529837870991,low_c,0.649374509242593,0.18750476331174348,0.44568897507367217
GO:0004601,peroxidase activity,molecular_function,15,6011,0.8078763839999998,0.7859632289632339,0.13675783855903934,51120.0,0.35961265764757855,high_c,0.6502995559127046,0.18688654257018494,0.4441650303710897
GO:0016684,"oxidoreductase activity, acting on peroxide as acceptor",molecular_function,15,6011,0.8078763839999998,0.7859632289632339,0.13675783855903934,51120.0,0.35961265764757855,high_c,0.6502995559127046,0.18688654257018494,0.4441650303710897
GO:0030674,protein-macromolecule adaptor activity,molecular_function,218,6011,0.8173268372018349,0.7859632289632339,0.03635200344610778,654391.0,0.36148658709520143,high_c,0.6503012592717821,0.1868854050044701,0.44190781250115063
GO:0031248,protein acetyltransferase complex,cellular_component,57,6011,0.8175607726315791,0.7859632289632339,0.07024026306949782,181608.0,0.36070059048129244,high_c,0.6503012592717821,0.1868854050044701,0.442853146723619
GO:0043173,nucleotide salvage,biological_process,18,6011,0.8119106116666667,0.7859632289632339,0.12449709846672974,60652.0,0.36105938816715066,high_c,0.6503012592717821,0.1868854050044701,0.44242135811651
GO:0042558,pteridine-containing compound metabolic process,biological_process,18,6011,0.8418710805555556,0.7859632289632339,0.12460833935888171,60658.0,0.360630438029812,high_c,0.6503012592717821,0.1868854050044701,0.44293762062384445
GO:0098869,cellular oxidant detoxification,biological_process,31,6011,0.7988246238709676,0.7859632289632339,0.09491854568993419,101488.0,0.361310874394949,high_c,0.6503012592717821,0.1868854050044701,0.44211896724833494
GO:0009896,positive regulation of catabolic process,biological_process,91,6011,0.7847798068131867,0.7859632289632339,-0.055333011583011626,254455.5,0.3643017197432653,low_c,0.654687148524129,0.18396618417321536,0.4385387785981952
GO:0015748,organophosphate ester transport,biological_process,94,6011,0.7942408554255318,0.7859632289632339,-0.053971787025483775,263089.5,0.3685881672214083,low_c,0.6617053343292294,0.17933536428278946,0.4334586110402609
GO:0000447,"endonucleolytic cleavage in ITS1 to separate SSU-rRNA from 5.8S rRNA and LSU-rRNA from tricistronic rRNA transcript (SSU-rRNA, 5.8S rRNA, LSU-rRNA)",biological_process,44,6011,0.8121445029545457,0.7859632289632339,0.07847707847707852,141576.0,0.36907430759554516,high_c,0.6618935929606058,0.1792118228025978,0.43288618633467724
GO:0015079,potassium ion transmembrane transporter activity,molecular_function,15,6011,0.8406926293333333,0.7859632289632339,0.13299977762953086,50951.0,0.3729682577609942,high_c,0.6681866826347637,0.17510218436366295,0.4283281281533708
GO:0016973,poly(A)+ mRNA export from nucleus,biological_process,34,6011,0.817867223235294,0.7859632289632339,0.088318948124674,110583.0,0.37382688066762293,high_c,0.6690344998340139,0.1745514865651833,0.42732947313941155
GO:0030435,sporulation resulting in formation of a cellular spore,biological_process,69,6011,0.8070553194202897,0.7859632289632339,0.062117376182322825,217733.0,0.3742931642657108,high_c,0.6691791278736086,0.17445761342195934,0.42678810435442754
GO:0061630,ubiquitin protein ligase activity,molecular_function,69,6011,0.7912341579710146,0.7859632289632339,-0.06205396123883533,192278.0,0.374781075576339,low_c,0.6693092235907825,0.1743731900465837,0.42622234676042675
GO:0048585,negative regulation of response to stimulus,biological_process,61,6011,0.8172515150819671,0.7859632289632339,0.0659043945447031,193435.0,0.3751370245125757,high_c,0.6693092235907825,0.1743731900465837,0.42581007061870485
GO:0051653,spindle localization,biological_process,21,6011,0.7662608447619047,0.7859632289632339,-0.11096271563717308,55916.0,0.37936694174079444,low_c,0.6727078762635538,0.17217348743868655,0.4209405164760218
GO:0051293,establishment of spindle localization,biological_process,21,6011,0.7662608447619047,0.7859632289632339,-0.11096271563717308,55916.0,0.37936694174079444,low_c,0.6727078762635538,0.17217348743868655,0.4209405164760218
GO:0008028,monocarboxylic acid transmembrane transporter activity,molecular_function,20,6011,0.8465275160000001,0.7859632289632339,0.11387080620931389,66732.0,0.37862473035437016,high_c,0.6727078762635538,0.17217348743868655,0.4217910229510015
GO:0004860,protein kinase inhibitor activity,molecular_function,18,6011,0.7611558616666667,0.7859632289632339,-0.12010308322672747,47459.0,0.37825824445843315,low_c,0.6727078762635538,0.17217348743868655,0.4222115973859832
GO:0031902,late endosome membrane,cellular_component,22,6011,0.781927799090909,0.7859632289632339,-0.10853230923359491,58729.0,0.3788750739649007,low_c,0.6727078762635538,0.17217348743868655,0.4215039658403026
GO:0010629,negative regulation of gene expression,biological_process,293,6011,0.8015457323208192,0.7859632289632339,-0.030467227019161047,812165.0,0.37836663624868905,low_c,0.6727078762635538,0.17217348743868655,0.42208716595922446
GO:0032511,late endosome to vacuole transport via multivesicular body sorting pathway,biological_process,50,6011,0.815162948,0.7859632289632339,0.07182687468545557,159729.0,0.3810757797265405,high_c,0.6741612475176717,0.17123621543554673,0.41898865307873645
GO:0042144,"vacuole fusion, non-autophagic",biological_process,32,6011,0.8197433215625001,0.7859632289632339,0.08960528516474331,104236.0,0.3813100780526053,high_c,0.6741612475176717,0.17123621543554673,0.4187217161404543
GO:0032465,regulation of cytokinesis,biological_process,28,6011,0.8249788146428573,0.7859632289632339,0.09571165922494695,91779.0,0.38155267787881575,high_c,0.6741612475176717,0.17123621543554673,0.4184454940583919
GO:0003678,DNA helicase activity,molecular_function,43,6011,0.7981125813953488,0.7859632289632339,-0.07729986283434132,118393.5,0.38173992298955717,low_c,0.6741612475176717,0.17123621543554673,0.41823241844388426
GO:0070071,proton-transporting two-sector ATPase complex assembly,biological_process,21,6011,0.7902864780952382,0.7859632289632339,-0.11008824230860959,55971.0,0.3831346692280727,low_c,0.6759367741665999,0.17009392523400496,0.41664854764313664
GO:0016746,acyltransferase activity,molecular_function,242,6011,0.8109517772727274,0.7859632289632339,0.03293035302679326,721036.0,0.38476366937009876,high_c,0.6781215533263872,0.16869245184484744,0.4148059421877088
GO:0032365,intracellular lipid transport,biological_process,20,6011,0.8402935715,0.7859632289632339,0.11225171089968278,66635.0,0.3854416510333457,high_c,0.6786274910688521,0.16836855114879512,0.41404135704805706
GO:1905039,carboxylic acid transmembrane transport,biological_process,53,6011,0.8190919526415096,0.7859632289632339,0.06856802649996507,168713.0,0.38941517814996096,high_c,0.6842656891730736,0.16477523609076275,0.40958712508535394
GO:0070822,Sin3-type complex,cellular_component,21,6011,0.8102661728571429,0.7859632289632339,0.10859368789251933,69725.0,0.3896268969275989,high_c,0.6842656891730736,0.16477523609076275,0.4093510703148898
GO:0044818,mitotic G2/M transition checkpoint,biological_process,19,6011,0.84610696,0.7859632289632339,0.11409950108917144,63419.0,0.3898264784517107,high_c,0.6842656891730736,0.16477523609076275,0.40912866533405645
GO:0022603,regulation of anatomical structure morphogenesis,biological_process,20,6011,0.8214009745,0.7859632289632339,0.11096644967451175,66558.0,0.39090605863441563,high_c,0.6854675937266116,0.16401307216314182,0.40792759840606496
GO:0070603,SWI/SNF superfamily-type complex,cellular_component,60,6011,0.8164987383333334,0.7859632289632339,0.06421609813476725,189994.5,0.39137302315440103,high_c,0.6855939134167913,0.1639330466584213,0.4074091130136191
GO:0005680,anaphase-promoting complex,cellular_component,16,6011,0.7785075031249999,0.7859632289632339,-0.12316513761467895,42053.0,0.3941954012270261,low_c,0.6870715025402784,0.1629980641881931,0.40428844660496743
GO:0000462,"maturation of SSU-rRNA from tricistronic rRNA transcript (SSU-rRNA, 5.8S rRNA, LSU-rRNA)",biological_process,69,6011,0.815696680289855,0.7859632289632339,0.05967346182176492,217232.0,0.3933799448762728,high_c,0.6870715025402784,0.1629980641881931,0.40518778486300944
GO:0006900,vesicle budding from membrane,biological_process,20,6011,0.826999649,0.7859632289632339,0.11034885661826066,66521.0,0.393548466276489,high_c,0.6870715025402784,0.1629980641881931,0.4050017757819341
GO:1901700,response to oxygen-containing compound,biological_process,65,6011,0.8107429533846152,0.7859632289632339,0.06139615513984831,205109.5,0.3938835410220124,high_c,0.6870715025402784,0.1629980641881931,0.40463216641772093
GO:2000243,positive regulation of reproductive process,biological_process,43,6011,0.8062024700000002,0.7859632289632339,0.07551125381881674,138001.0,0.39285309598942497,high_c,0.6870715025402784,0.1629980641881931,0.40576981992566635
GO:0071214,cellular response to abiotic stimulus,biological_process,71,6011,0.7837858350704225,0.7859632289632339,-0.05844833309622044,198545.0,0.39651169976517087,low_c,0.6892336678661267,0.16163351617562477,0.4017439935456496
GO:0104004,cellular response to environmental stimulus,biological_process,71,6011,0.7837858350704225,0.7859632289632339,-0.05844833309622044,198545.0,0.39651169976517087,low_c,0.6892336678661267,0.16163351617562477,0.4017439935456496
GO:0016567,protein ubiquitination,biological_process,117,6011,0.7957597666666667,0.7859632289632339,-0.04565848508841386,329056.0,0.3970240022270315,low_c,0.6892336678661267,0.16163351617562477,0.40118323701609787
GO:0042274,ribosomal small subunit biogenesis,biological_process,39,6011,0.8319404348717949,0.7859632289632339,0.0786147319971835,125609.0,0.3967340392621268,high_c,0.6892336678661267,0.16163351617562477,0.40150053602822455
GO:0051651,maintenance of location in cell,biological_process,36,6011,0.8166420813888888,0.7859632289632339,0.08104137610413753,116266.0,0.40115350792762605,high_c,0.6957067829793795,0.15757376235148512,0.3966894057126396
GO:0005875,microtubule associated complex,cellular_component,20,6011,0.7780376935000001,0.7859632289632339,-0.10832916040727758,53420.0,0.4022650931825059,low_c,0.6962119301283111,0.15725853901711134,0.3954876519824347
GO:0006278,RNA-templated DNA biosynthetic process,biological_process,18,6011,0.7809828094444444,0.7859632289632339,-0.11407753490182992,47784.0,0.40264791350738727,low_c,0.6962119301283111,0.15725853901711134,0.3950745470485839
GO:0140597,protein carrier activity,molecular_function,37,6011,0.7924108062162161,0.7859632289632339,-0.0797419448239669,101706.0,0.4023527711345556,low_c,0.6962119301283111,0.15725853901711134,0.39539300319920695
GO:0006650,glycerophospholipid metabolic process,biological_process,109,6011,0.8163231317431192,0.7859632289632339,0.046567949287910526,336638.0,0.4040964043363924,high_c,0.6966349135332445,0.15699476362043754,0.39351501390729265
GO:0000018,regulation of DNA recombination,biological_process,34,6011,0.8098736538235294,0.7859632289632339,0.0828962001397513,110032.0,0.4038751065004621,high_c,0.6966349135332445,0.15699476362043754,0.3937529144523388
GO:0005684,U2-type spliceosomal complex,cellular_component,59,6011,0.78543662220339,0.7859632289632339,-0.0630467468562056,164514.0,0.4039718675902848,low_c,0.6966349135332445,0.15699476362043754,0.3936488778985813
GO:0061733,protein-lysine-acetyltransferase activity,molecular_function,23,6011,0.7706710056521741,0.7859632289632339,-0.10051988034039094,61940.0,0.40470242451644056,low_c,0.6969875088894255,0.15677500507129574,0.3928641938022624
GO:1903829,positive regulation of protein localization,biological_process,29,6011,0.825872663448276,0.7859632289632339,0.08946379367989032,94499.0,0.40522581305887295,high_c,0.6971972363431155,0.15664434308142722,0.3923028976849898
GO:0005085,guanyl-nucleotide exchange factor activity,molecular_function,51,6011,0.7877434890196079,0.7859632289632339,-0.06736412685879722,141742.0,0.40676703968001093,low_c,0.6991560206777218,0.15542589813351876,0.3906542451913493
GO:0006493,protein O-linked glycosylation,biological_process,25,6011,0.8390667176000001,0.7859632289632339,0.09523554961577019,81951.0,0.4105529458824153,high_c,0.7049652957980939,0.1518322620360634,0.3866308272855354
GO:0016407,acetyltransferase activity,molecular_function,54,6011,0.8146094114814816,0.7859632289632339,0.0648909779344562,171276.0,0.4110192460807067,high_c,0.7050685881384455,0.15176863336156288,0.38613784169825566
GO:0098799,outer mitochondrial membrane protein complex,cellular_component,18,6011,0.8379848649999999,0.7859632289632339,0.11150045423364285,59951.0,0.4133606747496962,high_c,0.7083851247438031,0.14973056706060694,0.38367084254079964
GO:0000109,nucleotide-excision repair complex,cellular_component,18,6011,0.7927477083333333,0.7859632289632339,-0.11116673155718704,47941.0,0.41476017699715706,low_c,0.7099629296290981,0.14876432716519256,0.3822029488612085
GO:0033043,regulation of organelle organization,biological_process,277,6011,0.8046432838267147,0.7859632289632339,0.02894823328829621,817148.5,0.415099293533142,high_c,0.7099629296290981,0.14876432716519256,0.38184800575643396
GO:0031167,rRNA methylation,biological_process,17,6011,0.807748905882353,0.7859632289632339,0.11407485917289839,56761.0,0.4160076725284294,high_c,0.7102518948231648,0.1485875989846155,0.38089865950298984
GO:0031011,Ino80 complex,cellular_component,16,6011,0.8233969875,0.7859632289632339,0.11755629691409508,53598.0,0.4160865075087319,high_c,0.7102518948231648,0.1485875989846155,0.380816366902344
GO:0000422,autophagy of mitochondrion,biological_process,47,6011,0.8113495557446807,0.7859632289632339,0.06860310800976066,149769.0,0.4171841663896507,high_c,0.7114260440593652,0.1478702401001513,0.37967218293988453
GO:0030474,spindle pole body duplication,biological_process,16,6011,0.780407104375,0.7859632289632339,-0.11611759799833199,42391.0,0.4218152430048627,low_c,0.7186175288090694,0.1435021935157183,0.374877730349765
GO:0051445,regulation of meiotic cell cycle,biological_process,59,6011,0.8151096401694915,0.7859632289632339,0.06062625296154556,186229.0,0.42225962649529636,high_c,0.7186693250939553,0.1434708917047295,0.374420440783285
GO:1901701,cellular response to oxygen-containing compound,biological_process,40,6011,0.77413393825,0.7859632289632339,-0.0733671076871546,110658.5,0.4231863450116704,low_c,0.71906924710566,0.14322928459935877,0.3734683541622787
GO:0046854,phosphatidylinositol phosphate biosynthetic process,biological_process,20,6011,0.8230193379999999,0.7859632289632339,0.10355533299949915,66114.0,0.42332302450575143,high_c,0.71906924710566,0.14322928459935877,0.373328109641138
GO:0003727,single-stranded RNA binding,molecular_function,26,6011,0.8114936119230769,0.7859632289632339,0.09023841655420606,84826.0,0.42654609575787084,high_c,0.721719319917801,0.14163166878926214,0.3700340288539378
GO:0046873,metal ion transmembrane transporter activity,molecular_function,58,6011,0.806186095862069,0.7859632289632339,0.06062431576081595,183103.0,0.426195963577887,high_c,0.721719319917801,0.14163166878926214,0.37039066772400225
GO:0036267,invasive filamentous growth,biological_process,47,6011,0.8205354987234043,0.7859632289632339,0.06734734649028917,149593.0,0.4257621571765713,high_c,0.721719319917801,0.14163166878926214,0.3708329423804634
GO:0031929,TOR signaling,biological_process,26,6011,0.7756192096153846,0.7859632289632339,-0.09046976415397467,70766.0,0.4253613089239745,low_c,0.721719319917801,0.14163166878926214,0.371242016278642
GO:0008380,RNA splicing,biological_process,124,6011,0.7935192258870967,0.7859632289632339,-0.041569176479613335,349821.5,0.42757256640558894,low_c,0.7220504578698247,0.1414324522797509,0.3689901674503509
GO:0031032,actomyosin structure organization,biological_process,15,6011,0.8122120513333333,0.7859632289632339,0.1184345118968202,50296.0,0.4275736582316704,high_c,0.7220504578698247,0.1414324522797509,0.3689890584609671
GO:0016776,"phosphotransferase activity, phosphate group as acceptor",molecular_function,17,6011,0.8090258235294117,0.7859632289632339,0.11111111111111116,56610.0,0.42822464600192345,high_c,0.7224470218263742,0.14119399489952172,0.3683283409775619
GO:0016891,"RNA endonuclease activity producing 5'-phosphomonoesters, hydrolytic mechanism",molecular_function,20,6011,0.7868076565,0.7859632289632339,-0.10160240360540806,53823.0,0.43212027690736365,low_c,0.7228732993462742,0.14093781642156364,0.3643953542803829
GO:0090033,positive regulation of filamentous growth,biological_process,24,6011,0.7868026445833333,0.7859632289632339,-0.09242247090919209,65204.0,0.4338975874410165,low_c,0.7228732993462742,0.14093781642156364,0.3626127646298724
GO:0001046,core promoter sequence-specific DNA binding,molecular_function,17,6011,0.7711998270588235,0.7859632289632339,-0.10985495299220793,45352.0,0.4334650584016182,low_c,0.7228732993462742,0.14093781642156364,0.3630459052350037
GO:0019208,phosphatase regulator activity,molecular_function,41,6011,0.7908104987804878,0.7859632289632339,-0.07092372431262006,113705.0,0.43316648558325777,low_c,0.7228732993462742,0.14093781642156364,0.36334515243755605
GO:0016226,iron-sulfur cluster assembly,biological_process,30,6011,0.8351416693333332,0.7859632289632339,0.08335283954745587,97193.0,0.43031052345895704,high_c,0.7228732993462742,0.14093781642156364,0.36621803289892046
GO:0051168,nuclear export,biological_process,128,6011,0.80346554,0.7859632289632339,0.0404369581845998,391737.0,0.43314210814171417,high_c,0.7228732993462742,0.14093781642156364,0.3633695940474507
GO:1901879,regulation of protein depolymerization,biological_process,15,6011,0.7230869446666667,0.7859632289632339,-0.11725594841005116,39697.0,0.43218687068222084,low_c,0.7228732993462742,0.14093781642156364,0.36432843059685793
GO:0000722,telomere maintenance via recombination,biological_process,39,6011,0.798365031025641,0.7859632289632339,-0.07314905456231646,107935.5,0.43037789469051324,low_c,0.7228732993462742,0.14093781642156364,0.3661500432442518
GO:0071071,regulation of phospholipid biosynthetic process,biological_process,16,6011,0.7850410449999999,0.7859632289632339,-0.11312552126772313,42534.5,0.4338763833456829,low_c,0.7228732993462742,0.14093781642156364,0.36263398863960067
GO:0031163,metallo-sulfur cluster assembly,biological_process,30,6011,0.8351416693333332,0.7859632289632339,0.08335283954745587,97193.0,0.43031052345895704,high_c,0.7228732993462742,0.14093781642156364,0.36621803289892046
GO:0046503,glycerolipid catabolic process,biological_process,16,6011,0.82424350875,0.7859632289632339,0.11311509591326097,53385.0,0.43391875374664224,high_c,0.7228732993462742,0.14093781642156364,0.3625915794797408
GO:0032543,mitochondrial translation,biological_process,101,6011,0.8236967613861386,0.7859632289632339,0.045303312057094036,311976.0,0.434306941945947,high_c,0.7228732993462742,0.14093781642156364,0.3622032288355059
GO:0006356,regulation of transcription by RNA polymerase I,biological_process,47,6011,0.8038535629787237,0.7859632289632339,0.0662842302039186,149444.0,0.43310401655350717,high_c,0.7228732993462742,0.14093781642156364,0.3634077886577451
GO:0015179,L-amino acid transmembrane transporter activity,molecular_function,31,6011,0.8205738048387097,0.7859632289632339,0.0813464235624124,100230.0,0.4340182692655019,high_c,0.7228732993462742,0.14093781642156364,0.3624919892105208
GO:0006384,transcription initiation at RNA polymerase III promoter,biological_process,23,6011,0.795834693478261,0.7859632289632339,-0.09331706892044955,62436.0,0.43920236497547305,low_c,0.7303211739438901,0.13648610782947138,0.35733533000370116
GO:0004721,phosphoprotein phosphatase activity,molecular_function,50,6011,0.8222949700000001,0.7859632289632339,0.06313034725717159,158433.0,0.44138394731863084,high_c,0.7332464426269313,0.134750035338534,0.3551834657319343
GO:0040008,regulation of growth,biological_process,67,6011,0.7876043211940299,0.7859632289632339,-0.0545187923103192,188268.0,0.4421793715379231,low_c,0.7338655726480253,0.13438348559331473,0.3544015219025324
GO:0022406,membrane docking,biological_process,47,6011,0.7991502795744678,0.7859632289632339,-0.06437918289881128,131131.0,0.44644183643974755,low_c,0.7339593142871981,0.1343280137491799,0.35023511406248836
GO:1901981,phosphatidylinositol phosphate binding,molecular_function,70,6011,0.8037725132857142,0.7859632289632339,0.053281073412364544,219014.0,0.4427791268626958,high_c,0.7339593142871981,0.1343280137491799,0.35381286047176425
GO:0140677,molecular function activator activity,molecular_function,172,6011,0.8035428935465116,0.7859632289632339,-0.034222569172006945,484969.0,0.4436177327641596,low_c,0.7339593142871981,0.1343280137491799,0.352991102090731
GO:0140056,organelle localization by membrane tethering,biological_process,47,6011,0.7991502795744678,0.7859632289632339,-0.06437918289881128,131131.0,0.44644183643974755,low_c,0.7339593142871981,0.1343280137491799,0.35023511406248836
GO:0015605,organophosphate ester transmembrane transporter activity,molecular_function,30,6011,0.7857194526666668,0.7859632289632339,-0.08063311597837597,82481.0,0.44550786588587077,low_c,0.7339593142871981,0.1343280137491799,0.3511446236570248
GO:0003743,translation initiation factor activity,molecular_function,31,6011,0.8070404616129032,0.7859632289632339,0.07933973459920174,100044.0,0.44544321886405513,high_c,0.7339593142871981,0.1343280137491799,0.3512076480932163
GO:0008186,"ATP-dependent activity, acting on RNA",molecular_function,45,6011,0.8072804744444445,0.7859632289632339,0.0657801616567959,143065.0,0.44646373034981635,high_c,0.7339593142871981,0.1343280137491799,0.35021381639185956
GO:0007064,mitotic sister chromatid cohesion,biological_process,34,6011,0.8254631164705882,0.7859632289632339,0.07575116377486246,109306.0,0.44560086817305244,high_c,0.7339593142871981,0.1343280137491799,0.3510539716889085
GO:0070193,synaptonemal complex organization,biological_process,19,6011,0.7872492047368421,0.7859632289632339,-0.10143349026772541,51150.0,0.4445901886789895,low_c,0.7339593142871981,0.1343280137491799,0.35204012564420567
GO:0006362,transcription elongation by RNA polymerase I,biological_process,17,6011,0.7601509958823529,0.7859632289632339,-0.10734263675440148,45480.0,0.44405640479183006,low_c,0.7339593142871981,0.1343280137491799,0.35256186156556296
GO:0032940,secretion by cell,biological_process,48,6011,0.8206970287500001,0.7859632289632339,0.06348174856056787,152197.0,0.44807483069699283,high_c,0.7352154121833455,0.1335853974924239,0.34864945063373004
GO:0046903,secretion,biological_process,48,6011,0.8206970287500001,0.7859632289632339,0.06348174856056787,152197.0,0.44807483069699283,high_c,0.7352154121833455,0.1335853974924239,0.34864945063373004
GO:0000922,spindle pole,cellular_component,25,6011,0.795933436,0.7859632289632339,-0.08764450384229872,68267.0,0.44885644868032004,low_c,0.7356975606594323,0.13330068393834144,0.34789253096586475
GO:0015629,actin cytoskeleton,cellular_component,27,6011,0.8161777622222223,0.7859632289632339,0.0841998415527827,87586.0,0.44966342158440475,high_c,0.7356975606594323,0.13330068393834144,0.34711243920581225
GO:0000375,"RNA splicing, via transesterification reactions",biological_process,112,6011,0.7940059559821429,0.7859632289632339,-0.0415581938827404,316615.5,0.4505167660711574,low_c,0.7356975606594323,0.13330068393834144,0.3462890420285462
GO:0140115,export across plasma membrane,biological_process,15,6011,0.8310120673333333,0.7859632289632339,0.11247498332221473,50028.0,0.4511939807308938,high_c,0.7356975606594323,0.13330068393834144,0.34563670280307207
GO:0000725,recombinational repair,biological_process,129,6011,0.7992797141085272,0.7859632289632339,-0.03867270795937683,364717.0,0.45175898598096476,low_c,0.7356975606594323,0.13330068393834144,0.34509320008826105
GO:0010565,regulation of ketone metabolic process,biological_process,15,6011,0.832381706,0.7859632289632339,0.11268623526795651,50037.5,0.45034426645037406,high_c,0.7356975606594323,0.13330068393834144,0.34645536209712
GO:0055074,calcium ion homeostasis,biological_process,24,6011,0.8278634579166667,0.7859632289632339,0.08894270920327374,78234.0,0.45140533487973367,high_c,0.7356975606594323,0.13330068393834144,0.3454333125707538
GO:0060261,positive regulation of transcription initiation by RNA polymerase II,biological_process,38,6011,0.7900390389473685,0.7859632289632339,-0.07099491571721872,105430.0,0.4499437901228689,low_c,0.7356975606594323,0.13330068393834144,0.34684173770072885
GO:0044087,regulation of cellular component biogenesis,biological_process,174,6011,0.7986371609195401,0.7859632289632339,0.03334652701060814,524753.0,0.4528415652921445,high_c,0.7364763519844653,0.13284119365168207,0.3440537170924546
GO:0010948,negative regulation of cell cycle process,biological_process,144,6011,0.8087859735416667,0.7859632289632339,0.03633789746794691,437774.0,0.45561838238093655,high_c,0.7364763519844653,0.13284119365168207,0.3413987621926863
GO:0071470,cellular response to osmotic stress,biological_process,49,6011,0.7858786863265305,0.7859632289632339,-0.06186802127761537,137032.0,0.4550980695726927,low_c,0.7364763519844653,0.13284119365168207,0.3418950066727004
GO:0008023,transcription elongation factor complex,cellular_component,22,6011,0.8218239599999998,0.7859632289632339,0.0922145144886839,71954.0,0.45466627140256943,high_c,0.7364763519844653,0.13284119365168207,0.3423072619529214
GO:0008757,S-adenosylmethionine-dependent methyltransferase activity,molecular_function,82,6011,0.8094644551219512,0.7859632289632339,0.04814286125657685,254792.0,0.4533578016713914,high_c,0.7364763519844653,0.13284119365168207,0.3435589062521675
GO:0034762,regulation of transmembrane transport,biological_process,19,6011,0.7963590415789473,0.7859632289632339,-0.09899163797343824,51289.0,0.45563110716089616,low_c,0.7364763519844653,0.13284119365168207,0.34138663312861833
GO:0051302,regulation of cell division,biological_process,31,6011,0.8239450441935483,0.7859632289632339,0.07774301434890485,99896.0,0.4546552156372061,high_c,0.7364763519844653,0.13284119365168207,0.34231782248175346
GO:0005730,nucleolus,cellular_component,278,6011,0.8041872002877698,0.7859632289632339,0.02657089399124346,818061.0,0.45367153289253404,high_c,0.7364763519844653,0.13284119365168207,0.3432584711099189
GO:0032446,protein modification by small protein conjugation,biological_process,144,6011,0.797497979375,0.7859632289632339,-0.03627398064503906,407101.0,0.4564114970228975,low_c,0.7368554631944099,0.1326176921858966,0.34064342422158356
GO:0007129,homologous chromosome pairing at meiosis,biological_process,18,6011,0.8360006327777779,0.7859632289632339,0.10145169364258311,59409.0,0.456714561288701,high_c,0.7368554631944099,0.1326176921858966,0.34035514169599934
GO:0044088,regulation of vacuole organization,biological_process,32,6011,0.826835135,0.7859632289632339,0.0759324301722697,102928.0,0.458155750060976,high_c,0.738494319504043,0.13165284093095747,0.338986858473449
GO:1903725,regulation of phospholipid metabolic process,biological_process,17,6011,0.7886808894117646,0.7859632289632339,-0.10393727060393732,45653.5,0.45864578508330767,low_c,0.7385984071471449,0.13159163327852963,0.3385225932682829
GO:0031967,organelle envelope,cellular_component,124,6011,0.8120739352419355,0.7859632289632339,0.03844446758028908,379026.0,0.4631224757750212,high_c,0.7451164207093945,0.1277758656120802,0.33430414176964257
GO:1990816,vacuole-mitochondrion membrane contact site,cellular_component,15,6011,0.830877196,0.7859632289632339,0.10887258172114733,49866.0,0.4658227558972897,high_c,0.7472770894515093,0.12651833244650904,0.33177929957285274
GO:0015914,phospholipid transport,biological_process,42,6011,0.7946762309523808,0.7859632289632339,-0.06516605637061323,117180.5,0.46611059553037126,low_c,0.7472770894515093,0.12651833244650904,0.3315110246621975
GO:0000812,Swr1 complex,cellular_component,15,6011,0.8208513839999999,0.7859632289632339,0.10878363353346665,49862.0,0.46618726260137355,high_c,0.7472770894515093,0.12651833244650904,0.3314395966616618
GO:0009651,response to salt stress,biological_process,25,6011,0.7996810152,0.7859632289632339,-0.08437019712662885,68512.0,0.46598457720466135,low_c,0.7472770894515093,0.12651833244650904,0.33162845701333254
GO:0004386,helicase activity,molecular_function,92,6011,0.7920303464130436,0.7859632289632339,-0.04381064662802914,260345.5,0.4701989193083833,low_c,0.7481808651873084,0.1259934031276958,0.32771837337982707
GO:0043130,ubiquitin binding,molecular_function,48,6011,0.8275678477083334,0.7859632289632339,0.060449158700877526,151763.0,0.47005718825293274,high_c,0.7481808651873084,0.1259934031276958,0.3278493015711309
GO:2001251,negative regulation of chromosome organization,biological_process,31,6011,0.7894890812903228,0.7859632289632339,-0.0755313410292372,85689.0,0.4675905953143412,low_c,0.7481808651873084,0.1259934031276958,0.33013423242072
GO:0005881,cytoplasmic microtubule,cellular_component,16,6011,0.7856017337500001,0.7859632289632339,-0.10477481234361963,42935.0,0.46857348859808123,low_c,0.7481808651873084,0.1259934031276958,0.32922228697523376
GO:0006488,dolichol-linked oligosaccharide biosynthetic process,biological_process,17,6011,0.8356149141176471,0.7859632289632339,0.10159178786629774,56125.0,0.4688486812111846,high_c,0.7481808651873084,0.1259934031276958,0.3289673012481757
GO:0007117,budding cell bud growth,biological_process,25,6011,0.7785441548,0.7859632289632339,-0.08387570998997662,68549.0,0.46860245932093425,low_c,0.7481808651873084,0.1259934031276958,0.3291954364673782
GO:0110053,regulation of actin filament organization,biological_process,43,6011,0.7905026827906978,0.7859632289632339,0.06389893384874368,136511.0,0.4696506261275796,high_c,0.7481808651873084,0.1259934031276958,0.32822509433544883
GO:0034389,lipid droplet organization,biological_process,18,6011,0.7658719116666667,0.7859632289632339,-0.0986521311900922,48616.0,0.46923292582249676,low_c,0.7481808651873084,0.1259934031276958,0.3286115212766352
GO:0016779,nucleotidyltransferase activity,molecular_function,80,6011,0.810308019,0.7859632289632339,0.046682684201652336,248315.0,0.4725820746661843,high_c,0.7512843238282929,0.12419567298094962,0.32552275545270426
GO:0016209,antioxidant activity,molecular_function,30,6011,0.7945123413333331,0.7859632289632339,0.07568411079529613,96505.0,0.4739319173730707,high_c,0.752740904446158,0.12335448347074426,0.32428404236151454
GO:0016482,cytosolic transport,biological_process,78,6011,0.8266543523076922,0.7859632289632339,0.047038079062350135,242271.0,0.47475226689740324,high_c,0.7533546026818025,0.12300055402764612,0.3235329528707072
GO:0000076,DNA replication checkpoint signaling,biological_process,19,6011,0.8408668784210526,0.7859632289632339,0.09454711545218175,62306.0,0.4761177262196912,high_c,0.7541426758370291,0.12254648242339705,0.32228564911551977
GO:0030117,membrane coat,cellular_component,36,6011,0.8256081297222222,0.7859632289632339,0.06881450488145058,114951.0,0.4759143638315765,high_c,0.7541426758370291,0.12254648242339705,0.3224711873242653
GO:0042579,microbody,cellular_component,115,6011,0.807178233826087,0.7859632289632339,0.038484455194383704,352067.0,0.47903207395820235,high_c,0.757068354907735,0.12086490673634215,0.3196354070933322
GO:0000479,"endonucleolytic cleavage of tricistronic rRNA transcript (SSU-rRNA, 5.8S rRNA, LSU-rRNA)",biological_process,59,6011,0.8101800355932203,0.7859632289632339,0.05344450519409505,184968.0,0.47929418333496987,high_c,0.757068354907735,0.12086490673634215,0.3193978415295018
GO:0005777,peroxisome,cellular_component,115,6011,0.807178233826087,0.7859632289632339,0.038484455194383704,352067.0,0.47903207395820235,high_c,0.757068354907735,0.12086490673634215,0.3196354070933322
GO:0005669,transcription factor TFIID complex,cellular_component,16,6011,0.8289240325,0.7859632289632339,0.10216847372810678,52860.0,0.47970921105904873,high_c,0.757068354907735,0.12086490673634215,0.31902194241859017
GO:0043687,post-translational protein modification,biological_process,181,6011,0.798480280441989,0.7859632289632339,-0.03073453180823138,511399.0,0.48065990217286714,low_c,0.7578797367593981,0.1203997044016546,0.3181621062703759
GO:1900180,regulation of protein localization to nucleus,biological_process,21,6011,0.816594784761905,0.7859632289632339,0.08841720327530012,68456.0,0.48365157222964716,high_c,0.7619048361076838,0.11809926978147718,0.3154673961061841
GO:0043094,metabolic compound salvage,biological_process,25,6011,0.8017188256,0.7859632289632339,0.08094888072168382,80882.0,0.48426297789878137,high_c,0.7621763641271845,0.117944523273508,0.31491873167379053
GO:0000794,condensed nuclear chromosome,cellular_component,29,6011,0.8295133420689654,0.7859632289632339,0.07475299461603191,93223.0,0.4867707896068093,high_c,0.7654294300338957,0.11609484358054803,0.312675491027841
GO:0000182,rDNA binding,molecular_function,18,6011,0.7851721005555555,0.7859632289632339,-0.09438789699093386,48846.0,0.4886600125410442,low_c,0.7677047798834866,0.11480575538043886,0.31099319819978244
GO:0006413,translational initiation,biological_process,59,6011,0.8051286805084745,0.7859632289632339,0.052248496446145376,184758.0,0.4891848096919601,high_c,0.76783438483295,0.11473244339230297,0.3105270372640966
GO:0023051,regulation of signaling,biological_process,156,6011,0.7970361993589743,0.7859632289632339,-0.03235236155816856,441915.0,0.4897753572240253,low_c,0.7680668655292755,0.11460096998630051,0.3100030699480508
GO:0007007,inner mitochondrial membrane organization,biological_process,38,6011,0.818582039736842,0.7859632289632339,0.06481799677496092,120843.0,0.4903378589444458,high_c,0.7682549847721641,0.11449461317113363,0.30950457361919576
GO:0048285,organelle fission,biological_process,33,6011,0.8152741906060607,0.7859632289632339,0.06939586564879296,105482.0,0.4911539428639081,high_c,0.7688397157905721,0.11416419050186138,0.30878236519317437
GO:0051300,spindle pole body organization,biological_process,21,6011,0.7854021076190476,0.7859632289632339,-0.08628666825661813,57468.0,0.494251812813999,low_c,0.7716017509398402,0.11260679551409407,0.3060517291085285
GO:0031023,microtubule organizing center organization,biological_process,21,6011,0.7854021076190476,0.7859632289632339,-0.08628666825661813,57468.0,0.494251812813999,low_c,0.7716017509398402,0.11260679551409407,0.3060517291085285
GO:0000055,ribosomal large subunit export from nucleus,biological_process,32,6011,0.7801421884375,0.7859632289632339,-0.06998452918548248,88969.0,0.4941204384021711,low_c,0.7716017509398402,0.11260679551409407,0.30616718192984343
GO:0010972,negative regulation of G2/M transition of mitotic cell cycle,biological_process,21,6011,0.8420750604761906,0.7859632289632339,0.08495110899117586,68238.0,0.500959569648175,high_c,0.7716644302655118,0.11257151801548096,0.3001973228098475
GO:0034212,protein N-acetyltransferase activity,molecular_function,31,6011,0.7832220835483871,0.7859632289632339,-0.07035278886611285,86169.0,0.4986611594000335,low_c,0.7716644302655118,0.11257151801548096,0.30219445755896707
GO:1902750,negative regulation of cell cycle G2/M phase transition,biological_process,21,6011,0.8420750604761906,0.7859632289632339,0.08495110899117586,68238.0,0.500959569648175,high_c,0.7716644302655118,0.11257151801548096,0.3001973228098475
GO:0043937,regulation of sporulation,biological_process,17,6011,0.8216742670588235,0.7859632289632339,0.09470254568293779,55774.0,0.49953074724735,high_c,0.7716644302655118,0.11257151801548096,0.3014377748075992
GO:0035556,intracellular signal transduction,biological_process,281,6011,0.8080214314234876,0.7859632289632339,0.023988125182438758,824377.0,0.496546335314238,high_c,0.7716644302655118,0.11257151801548096,0.30404021900674133
GO:0002098,tRNA wobble uridine modification,biological_process,29,6011,0.8182154927586207,0.7859632289632339,0.07294296683152912,93066.0,0.4973828351196815,high_c,0.7716644302655118,0.11257151801548096,0.3033092064835219
GO:0000228,nuclear chromosome,cellular_component,44,6011,0.8242467140909091,0.7859632289632339,0.05908252967076488,139030.0,0.498902389001998,high_c,0.7716644302655118,0.11257151801548096,0.3019844164298284
GO:0005507,copper ion binding,molecular_function,20,6011,0.8306750645,0.7859632289632339,0.08704723752295118,65125.0,0.5009334028334049,high_c,0.7716644302655118,0.11257151801548096,0.30022000807379956
GO:0010564,regulation of cell cycle process,biological_process,272,6011,0.806644709007353,0.7859632289632339,0.024366306899131773,799522.0,0.49648157381027447,high_c,0.7716644302655118,0.11257151801548096,0.30409686507598577
GO:0140186,protein N-acyltransferase activity,molecular_function,31,6011,0.7832220835483871,0.7859632289632339,-0.07035278886611285,86169.0,0.4986611594000335,low_c,0.7716644302655118,0.11257151801548096,0.30219445755896707
GO:0046822,regulation of nucleocytoplasmic transport,biological_process,21,6011,0.7814227657142856,0.7859632289632339,-0.08499880753637012,57549.0,0.5007191790274825,low_c,0.7716644302655118,0.11257151801548096,0.30040577351764247
GO:0008276,protein methyltransferase activity,molecular_function,41,6011,0.7867421197560974,0.7859632289632339,-0.06091432773624217,114930.0,0.5008432769268731,low_c,0.7716644302655118,0.11257151801548096,0.3002981516057457
GO:0051170,import into nucleus,biological_process,69,6011,0.803390496231884,0.7859632289632339,0.047639256776862426,214765.0,0.49563566941831616,high_c,0.7716644302655118,0.11257151801548096,0.30483744629494025
GO:0030120,vesicle coat,cellular_component,23,6011,0.8242521878260868,0.7859632289632339,0.08194650169905038,74505.0,0.4969613945626037,high_c,0.7716644302655118,0.11257151801548096,0.3036773472417929
GO:0006665,sphingolipid metabolic process,biological_process,46,6011,0.7873049939130432,0.7859632289632339,-0.057523962243521964,129303.0,0.5009063823737809,low_c,0.7716644302655118,0.11257151801548096,0.30024343464696884
GO:0009116,nucleoside metabolic process,biological_process,16,6011,0.777757675625,0.7859632289632339,-0.09716430358632189,43300.0,0.5014885381046004,low_c,0.7717944167992785,0.11249836746199851,0.2997389886551481
GO:0099116,tRNA 5'-end processing,biological_process,16,6011,0.78751252875,0.7859632289632339,-0.09700792326939112,43307.5,0.5021774788348088,low_c,0.7721701534607865,0.11228698908569865,0.2991427680012039
GO:0000123,histone acetyltransferase complex,cellular_component,49,6011,0.8133004730612247,0.7859632289632339,0.05519309367490699,154131.0,0.5051868570838616,high_c,0.7761100742456493,0.11007667919631732,0.2965479565533707
GO:1902554,serine/threonine protein kinase complex,cellular_component,55,6011,0.8157024740000001,0.7859632289632339,0.052042249221564196,172314.0,0.5058362068444928,high_c,0.7764205615225813,0.1099029719473087,0.2959900878623265
GO:0098562,cytoplasmic side of membrane,cellular_component,29,6011,0.8018801041379312,0.7859632289632339,-0.07120211208337657,80563.0,0.507704411995102,low_c,0.7785996989606864,0.1086857685342941,0.29438906252251457
GO:0000387,spliceosomal snRNP assembly,biological_process,18,6011,0.7768549588888889,0.7859632289632339,-0.09006804234569965,49079.0,0.5087742305783571,low_c,0.7788642542187195,0.10853822754036897,0.29347489382395425
GO:0010008,endosome membrane,cellular_component,112,6011,0.8168215482142858,0.7859632289632339,0.03640901605599023,342371.5,0.5085744614215844,high_c,0.7788642542187195,0.10853822754036897,0.29364545214724735
GO:0004519,endonuclease activity,molecular_function,69,6011,0.7960608668115943,0.7859632289632339,-0.045980712101034604,195573.0,0.5107632123776252,low_c,0.7795862865297781,0.10813580903213184,0.29178039025894315
GO:0034243,regulation of transcription elongation by RNA polymerase II,biological_process,71,6011,0.8200655769014085,0.7859632289632339,0.045065680276947795,220373.0,0.5132875146909772,high_c,0.7795862865297781,0.10813580903213184,0.2896392994773232
GO:0051253,negative regulation of RNA metabolic process,biological_process,189,6011,0.8107482941798942,0.7859632289632339,0.027990890237540977,565579.0,0.5119048683680574,high_c,0.7795862865297781,0.10813580903213184,0.29081074015999225
GO:0061951,establishment of protein localization to plasma membrane,biological_process,17,6011,0.8385779411764706,0.7859632289632339,0.09217060197452365,55645.0,0.511069256420301,high_c,0.7795862865297781,0.10813580903213184,0.29152024342081406
GO:0045807,positive regulation of endocytosis,biological_process,23,6011,0.7738187313043478,0.7859632289632339,-0.07894048967500222,63426.0,0.5128807917300165,low_c,0.7795862865297781,0.10813580903213184,0.2899835657068547
GO:0016592,mediator complex,cellular_component,27,6011,0.8039831970370371,0.7859632289632339,-0.07328183798772037,74864.0,0.5105745475304895,low_c,0.7795862865297781,0.10813580903213184,0.29194083885134514
GO:0051983,regulation of chromosome segregation,biological_process,51,6011,0.7910464688235294,0.7859632289632339,-0.05316489011712067,143900.0,0.5126463016891618,low_c,0.7795862865297781,0.10813580903213184,0.2901821713472766
GO:0034511,U3 snoRNA binding,molecular_function,16,6011,0.81126559125,0.7859632289632339,0.09489157631359468,52511.0,0.5115501668870612,high_c,0.7795862865297781,0.10813580903213184,0.2911117693147293
GO:0050657,nucleic acid transport,biological_process,83,6011,0.8009302893975903,0.7859632289632339,0.04180690372827334,256297.0,0.5124387428514807,high_c,0.7795862865297781,0.10813580903213184,0.29035804291927364
GO:0007114,cell budding,biological_process,31,6011,0.8012934274193549,0.7859632289632339,-0.06754773977775386,86429.0,0.5159383575481933,low_c,0.7822436582564747,0.10665794904515408,0.2874021832097204
GO:0019954,asexual reproduction,biological_process,31,6011,0.8012934274193549,0.7859632289632339,-0.06754773977775386,86429.0,0.5159383575481933,low_c,0.7822436582564747,0.10665794904515408,0.2874021832097204
GO:0046173,polyol biosynthetic process,biological_process,19,6011,0.7958131863157893,0.7859632289632339,0.08606211791160145,61823.0,0.5165925116355308,high_c,0.7825520071546958,0.10648679030578413,0.28685189351488605
GO:0080134,regulation of response to stress,biological_process,98,6011,0.8125430785714285,0.7859632289632339,0.03810352146947049,300777.0,0.5170442427260166,high_c,0.7825534484501873,0.1064859904278251,0.2864722933670305
GO:0007096,regulation of exit from mitosis,biological_process,44,6011,0.8207111413636364,0.7859632289632339,0.055799320505202754,138599.0,0.523058447977419,high_c,0.7902703132522496,0.10222433216034692,0.28144977917134834
GO:0090575,RNA polymerase II transcription regulator complex,cellular_component,74,6011,0.7949382239189188,0.7859632289632339,-0.043137629797559085,210193.0,0.5230305786566591,low_c,0.7902703132522496,0.10222433216034692,0.2814729196343779
GO:0060589,nucleoside-triphosphatase regulator activity,molecular_function,112,6011,0.8005522587499999,0.7859632289632339,-0.03513610054972993,318737.0,0.5235085600461331,low_c,0.7902703132522496,0.10222433216034692,0.28107621264720833
GO:0007017,microtubule-based process,biological_process,109,6011,0.7947341090825688,0.7859632289632339,-0.03552519904619489,310232.0,0.5244667179820245,low_c,0.790342206959023,0.10218482464062587,0.28028206639390574
GO:0070647,protein modification by small protein conjugation or removal,biological_process,175,6011,0.7979939750285715,0.7859632289632339,-0.028220894937824315,496239.0,0.5240827202638001,low_c,0.790342206959023,0.10218482464062587,0.2806001593544488
GO:0032266,phosphatidylinositol-3-phosphate binding,molecular_function,35,6011,0.8122991708571429,0.7859632289632339,0.06217249952189707,111082.0,0.5253505369060665,high_c,0.7909874519244853,0.10183040601329654,0.2795508195590707
GO:1903338,regulation of cell wall organization or biogenesis,biological_process,29,6011,0.8148398079310345,0.7859632289632339,0.06769734490828805,92611.0,0.5288203758508109,high_c,0.7924386760491996,0.10103433628234552,0.27669181950371835
GO:0017025,TBP-class protein binding,molecular_function,15,6011,0.8137764266666667,0.7859632289632339,0.09419613075383593,49206.0,0.5280595030497497,high_c,0.7924386760491996,0.10103433628234552,0.2773171373333346
GO:0032968,positive regulation of transcription elongation by RNA polymerase II,biological_process,68,6011,0.8198384379411764,0.7859632289632339,0.04432797854123982,211019.0,0.5290536315282538,high_c,0.7924386760491996,0.10103433628234552,0.2765003001837972
GO:0043144,sno(s)RNA processing,biological_process,43,6011,0.818471036744186,0.7859632289632339,0.055591059292973366,135445.0,0.529326643574529,high_c,0.7924386760491996,0.10103433628234552,0.2762762453131436
GO:0010506,regulation of autophagy,biological_process,73,6011,0.7911220278082192,0.7859632289632339,-0.042706136930934724,207481.0,0.5299661883024889,low_c,0.7924386760491996,0.10103433628234552,0.2757518373842448
GO:0006267,pre-replicative complex assembly involved in nuclear cell cycle DNA replication,biological_process,19,6011,0.7873597099999999,0.7859632289632339,-0.08333918909423088,52180.0,0.5299492843268394,low_c,0.7924386760491996,0.10103433628234552,0.2757656900046414
GO:1902299,pre-replicative complex assembly involved in cell cycle DNA replication,biological_process,19,6011,0.7873597099999999,0.7859632289632339,-0.08333918909423088,52180.0,0.5299492843268394,low_c,0.7924386760491996,0.10103433628234552,0.2757656900046414
GO:0007163,establishment or maintenance of cell polarity,biological_process,102,6011,0.789433487745098,0.7859632289632339,-0.03644490458224248,290376.0,0.5273790893362418,low_c,0.7924386760491996,0.10103433628234552,0.277877094045656
GO:0015931,nucleobase-containing compound transport,biological_process,135,6011,0.8016951122962963,0.7859632289632339,0.03135163754632786,409065.0,0.5328001510079203,high_c,0.792891024439905,0.10078649835279437,0.2734356607486089
GO:0005819,spindle,cellular_component,40,6011,0.78760933775,0.7859632289632339,-0.05710936191592697,112600.0,0.533009116083738,low_c,0.792891024439905,0.10078649835279437,0.27326536314789723
GO:0051276,chromosome organization,biological_process,258,6011,0.8033333052713177,0.7859632289632339,-0.023024724545468,725049.5,0.5309219167293184,low_c,0.792891024439905,0.10078649835279437,0.27496934638959986
GO:0000423,mitophagy,biological_process,19,6011,0.8234623078947368,0.7859632289632339,0.08295270887499129,61646.0,0.5318592069047556,high_c,0.792891024439905,0.10078649835279437,0.27420331837570755
GO:0051054,positive regulation of DNA metabolic process,biological_process,36,6011,0.8187800797222222,0.7859632289632339,0.06024174802417481,114029.0,0.5325796433883461,high_c,0.792891024439905,0.10078649835279437,0.27361543747099454
GO:0051049,regulation of transport,biological_process,118,6011,0.7988645677118643,0.7859632289632339,-0.03359055702398994,336008.0,0.5315185166901264,low_c,0.792891024439905,0.10078649835279437,0.2744816012135579
GO:0006888,endoplasmic reticulum to Golgi vesicle-mediated transport,biological_process,94,6011,0.806358980212766,0.7859632289632339,-0.0371234704188077,267775.0,0.5362892634247225,low_c,0.7928958083860472,0.10078387802404867,0.27060089757743633
GO:0006892,post-Golgi vesicle-mediated transport,biological_process,87,6011,0.8213526778160919,0.7859632289632339,0.038681537016771905,267662.0,0.5350617530890054,high_c,0.7928958083860472,0.10078387802404867,0.27159609185147493
GO:0017004,cytochrome complex assembly,biological_process,43,6011,0.8258717467441861,0.7859632289632339,0.05467142589937035,135327.0,0.5361617814344181,high_c,0.7928958083860472,0.10078387802404867,0.27070414653310176
GO:0009966,regulation of signal transduction,biological_process,155,6011,0.7976334761290322,0.7859632289632339,-0.028935307597391158,440708.0,0.5380364414048178,low_c,0.7928958083860472,0.10078387802404867,0.26918830841343894
GO:0019210,kinase inhibitor activity,molecular_function,19,6011,0.7695507673684212,0.7859632289632339,-0.08209191202304833,52251.0,0.5361256228640439,low_c,0.7928958083860472,0.10078387802404867,0.2707334361946795
GO:0034504,protein localization to nucleus,biological_process,71,6011,0.8070763364788733,0.7859632289632339,0.042523829847773476,219837.0,0.537331678836084,high_c,0.7928958083860472,0.10078387802404867,0.2697575544840867
GO:0015175,neutral L-amino acid transmembrane transporter activity,molecular_function,15,6011,0.8063931813333334,0.7859632289632339,0.09252835223482325,49131.0,0.5353907373417651,high_c,0.7928958083860472,0.10078387802404867,0.27132914670186353
GO:0010646,regulation of cell communication,biological_process,155,6011,0.7976334761290322,0.7859632289632339,-0.028935307597391158,440708.0,0.5380364414048178,low_c,0.7928958083860472,0.10078387802404867,0.26918830841343894
GO:0044389,ubiquitin-like protein ligase binding,molecular_function,21,6011,0.8328247199999999,0.7859632289632339,0.07773272915176088,67784.0,0.5380321304296563,high_c,0.7928958083860472,0.10078387802404867,0.2691917881781552
GO:0007031,peroxisome organization,biological_process,56,6011,0.7933180566071429,0.7859632289632339,-0.04807184838670986,158724.5,0.5352031979894596,low_c,0.7928958083860472,0.10078387802404867,0.271481300200947
GO:0046349,amino sugar biosynthetic process,biological_process,23,6011,0.7930600613043479,0.7859632289632339,-0.07435160175423305,63742.0,0.5376855799962592,low_c,0.7928958083860472,0.10078387802404867,0.26947161056031654
GO:0045182,translation regulator activity,molecular_function,19,6011,0.832026917368421,0.7859632289632339,0.0813628697913007,61555.5,0.5397524415907342,high_c,0.7942967767576177,0.10001719980642007,0.26780538444165264
GO:0019209,kinase activator activity,molecular_function,25,6011,0.7946979476000001,0.7859632289632339,-0.0709388573337788,69517.0,0.5399021869665834,low_c,0.7942967767576177,0.10001719980642007,0.26768491334076777
GO:0060237,regulation of fungal-type cell wall organization,biological_process,21,6011,0.8171818100000001,0.7859632289632339,0.07716034660942839,67748.0,0.54102966099754,high_c,0.7946087068457948,0.09984668051603655,0.2667789248112731
GO:0007006,mitochondrial membrane organization,biological_process,54,6011,0.8181108379629629,0.7859632289632339,0.04825322216626571,168600.0,0.5409956202314277,high_c,0.7946087068457948,0.09984668051603655,0.2668062508213834
GO:0006376,mRNA splice site recognition,biological_process,22,6011,0.8234966390909091,0.7859632289632339,0.0751681112342324,70831.0,0.5422342557466318,high_c,0.7949104143273016,0.09968181317446696,0.26581304925683424
GO:0044232,organelle membrane contact site,cellular_component,71,6011,0.8064963440845071,0.7859632289632339,0.041973727889220935,219721.0,0.5426087793651223,high_c,0.7949104143273016,0.09968181317446696,0.26551318366881743
GO:0007130,synaptonemal complex assembly,biological_process,17,6011,0.7875075241176471,0.7859632289632339,-0.08539912461481092,46598.0,0.5425986182795977,low_c,0.7949104143273016,0.09968181317446696,0.2655213164983267
GO:0000741,karyogamy,biological_process,17,6011,0.8376874352941176,0.7859632289632339,0.08528135979116369,55294.0,0.5431554121076512,high_c,0.7949646017405363,0.09965220921902679,0.26507588870987514
GO:2000242,negative regulation of reproductive process,biological_process,38,6011,0.8109864194736841,0.7859632289632339,0.05708142782873815,119965.0,0.5435616257292722,high_c,0.7949646017405363,0.09965220921902679,0.2647512111049086
GO:0016180,snRNA processing,biological_process,27,6011,0.8280679022222222,0.7859632289632339,0.06703060011883544,86199.0,0.5472983847342534,high_c,0.7997558888035892,0.09704255341267297,0.26177583360797135
GO:0140527,reciprocal homologous recombination,biological_process,52,6011,0.8250104446153846,0.7859632289632339,0.04823344133631102,162407.0,0.5486835013691356,high_c,0.8004324019973271,0.09667533917148816,0.2606780986194305
GO:0007131,reciprocal meiotic recombination,biological_process,52,6011,0.8250104446153846,0.7859632289632339,0.04823344133631102,162407.0,0.5486835013691356,high_c,0.8004324019973271,0.09667533917148816,0.2606780986194305
GO:0019888,protein phosphatase regulator activity,molecular_function,40,6011,0.795372295,0.7859632289632339,-0.054798191257745765,112876.0,0.5497144827706604,low_c,0.8006391972304003,0.09656315177256068,0.2598628209667337
GO:0006874,intracellular calcium ion homeostasis,biological_process,23,6011,0.8244896952173911,0.7859632289632339,0.072158810374372,73831.0,0.5497476515545145,high_c,0.8006391972304003,0.09656315177256068,0.2598366172088161
GO:0141188,nucleic acid catabolic process,biological_process,159,6011,0.8063005744025157,0.7859632289632339,-0.02770218857607143,452346.0,0.5505764271431195,low_c,0.8011740800674396,0.09627310963529377,0.259182386805425
GO:0017148,negative regulation of translation,biological_process,39,6011,0.820258472051282,0.7859632289632339,0.05524928297868681,122888.0,0.5514593835523629,high_c,0.8017868424178409,0.09594107494034014,0.25848646898746297
GO:0009628,response to abiotic stimulus,biological_process,190,6011,0.8043354257368421,0.7859632289632339,0.025240734545520338,566953.0,0.5532190918924328,high_c,0.8036722539960363,0.09492102500847323,0.2571028405647898
GO:0044773,mitotic DNA damage checkpoint signaling,biological_process,29,6011,0.8179905055172415,0.7859632289632339,0.0636391934423961,92259.0,0.5538168460578481,high_c,0.803867930398348,0.09481529678717292,0.25663383797525396
GO:0005788,endoplasmic reticulum lumen,cellular_component,17,6011,0.8235688194117646,0.7859632289632339,0.08261202378849442,55158.0,0.5558518628802516,high_c,0.8040433634680382,0.09472052835721942,0.25504093450736204
GO:0110085,mitotic actomyosin contractile ring,cellular_component,19,6011,0.7910914605263158,0.7859632289632339,-0.0781217061344951,52477.0,0.556023706259233,low_c,0.8040433634680382,0.09472052835721942,0.2549066917307261
GO:0009303,rRNA transcription,biological_process,48,6011,0.7902552597916667,0.7859632289632339,-0.0492411537816535,136065.0,0.5562375565233413,low_c,0.8040433634680382,0.09472052835721942,0.2547396914154084
GO:0015802,basic amino acid transport,biological_process,19,6011,0.7983337931578948,0.7859632289632339,0.07835008080950034,61384.0,0.5548694278548936,high_c,0.8040433634680382,0.09472052835721942,0.25580920324438355
GO:1901989,positive regulation of cell cycle phase transition,biological_process,44,6011,0.7909224393181818,0.7859632289632339,-0.051411551411551404,124525.0,0.5562535020305955,low_c,0.8040433634680382,0.09472052835721942,0.25472724179478645
GO:0062014,negative regulation of small molecule metabolic process,biological_process,20,6011,0.822817461,0.7859632289632339,0.07599732932732439,64463.0,0.5568147572265545,high_c,0.8041850403871037,0.09464400999182446,0.2542892631655769
GO:0030150,protein import into mitochondrial matrix,biological_process,28,6011,0.8243306810714286,0.7859632289632339,0.06406246269191285,89128.0,0.5580974423945964,high_c,0.804374191009391,0.09454187253827821,0.2532899677296374
GO:0008408,3'-5' exonuclease activity,molecular_function,27,6011,0.8074406807407407,0.7859632289632339,-0.06526044761338878,75512.0,0.5579298650870428,low_c,0.804374191009391,0.09454187253827821,0.2534203908833036
GO:0007186,G protein-coupled receptor signaling pathway,biological_process,19,6011,0.8213207068421052,0.7859632289632339,0.07766495678448448,61345.0,0.5583357719852051,high_c,0.804374191009391,0.09454187253827821,0.2531045464678641
GO:0000282,cellular bud site selection,biological_process,43,6011,0.788813336511628,0.7859632289632339,-0.051600785585136255,121691.0,0.559301327922612,low_c,0.8044300789342621,0.09451169880261656,0.2523541495457404
GO:0051646,mitochondrion localization,biological_process,32,6011,0.7819332971874999,0.7859632289632339,-0.05979260745944137,89944.0,0.5590962738906438,low_c,0.8044300789342621,0.09451169880261656,0.252513402096764
GO:0031369,translation initiation factor binding,molecular_function,23,6011,0.7669442260869563,0.7859632289632339,-0.07015480235833982,64031.0,0.5608866562290236,low_c,0.8052768584494225,0.09405478121568916,0.251124891948117
GO:0008134,transcription factor binding,molecular_function,72,6011,0.8000406447222222,0.7859632289632339,-0.03977240837402485,205300.5,0.5612816812925122,low_c,0.8052768584494225,0.09405478121568916,0.2508191317397122
GO:0006360,transcription by RNA polymerase I,biological_process,40,6011,0.7836039072500001,0.7859632289632339,-0.05334114888628372,113050.0,0.5603771245638403,low_c,0.8052768584494225,0.09405478121568916,0.25151960157767406
GO:0003724,RNA helicase activity,molecular_function,44,6011,0.8043419706818181,0.7859632289632339,0.050451726922315254,137897.0,0.5636495489357753,high_c,0.8073396179476122,0.09294373519915379,0.2489908362093595
GO:0015804,neutral amino acid transport,biological_process,22,6011,0.8151385872727274,0.7859632289632339,0.07123666115150495,70572.0,0.5635613864421996,high_c,0.8073396179476122,0.09294373519915379,0.24905877111550204
GO:0030134,COPII-coated ER to Golgi transport vesicle,cellular_component,25,6011,0.8299371228,0.7859632289632339,0.0666354827931841,79811.0,0.5647684449023824,high_c,0.8080607412986633,0.09255599241929893,0.24812957645272765
GO:0042176,regulation of protein catabolic process,biological_process,21,6011,0.821117357142857,0.7859632289632339,0.07259718578583363,67461.0,0.5652209293531116,high_c,0.8080607412986633,0.09255599241929893,0.24778176519878292
GO:0015297,antiporter activity,molecular_function,25,6011,0.8174143051999999,0.7859632289632339,0.06650183762111594,79801.0,0.5655494243536152,high_c,0.8080607412986633,0.09255599241929893,0.247529435325441
GO:0045934,negative regulation of nucleobase-containing compound metabolic process,biological_process,225,6011,0.8080474361333333,0.7859632289632339,0.022463417444406053,665547.0,0.5669680176920044,high_c,0.8088392182447062,0.09213779923909199,0.24644143869374133
GO:0000217,DNA secondary structure binding,molecular_function,27,6011,0.794241941111111,0.7859632289632339,-0.06373786888492772,75635.0,0.5671540655542908,low_c,0.8088392182447062,0.09213779923909199,0.24629895039926356
GO:2000001,regulation of DNA damage checkpoint,biological_process,16,6011,0.810841975625,0.7859632289632339,0.0826522101751459,51924.0,0.56749203215556,high_c,0.8088392182447062,0.09213779923909199,0.2460402317827085
GO:0033157,regulation of intracellular protein transport,biological_process,17,6011,0.8221067241176471,0.7859632289632339,0.08008008008008005,55029.0,0.5680271490096627,high_c,0.8089377610178625,0.09208489134979109,0.24563090657188227
GO:0048869,cellular developmental process,biological_process,64,6011,0.80026955140625,0.7859632289632339,0.04135488481587357,198174.0,0.568753834947632,high_c,0.809308735630401,0.09188577183331736,0.24507566199904224
GO:2000144,positive regulation of DNA-templated transcription initiation,biological_process,39,6011,0.7935133392307693,0.7859632289632339,-0.05246706854208527,110344.0,0.5716788312559422,low_c,0.8104458548358674,0.09127599467295339,0.2428478890152952
GO:0031125,rRNA 3'-end processing,biological_process,23,6011,0.799984594347826,0.7859632289632339,-0.06839766489500743,64152.0,0.5707425070268745,low_c,0.8104458548358674,0.09127599467295339,0.24355978142028065
GO:0034315,regulation of Arp2/3 complex-mediated actin nucleation,biological_process,15,6011,0.8091432846666666,0.7859632289632339,0.0843895930620413,48765.0,0.571887195952729,high_c,0.8104458548358674,0.09127599467295339,0.24268962681287523
GO:0010570,regulation of filamentous growth,biological_process,51,6011,0.7975573801960784,0.7859632289632339,-0.04597315436241611,144993.0,0.5712908671838653,low_c,0.8104458548358674,0.09127599467295339,0.24314271863742892
GO:0000792,heterochromatin,cellular_component,15,6011,0.7958152913333333,0.7859632289632339,0.08474538581276403,48781.0,0.5702673055556859,high_c,0.8104458548358674,0.09127599467295339,0.24392152658037614
GO:0000028,ribosomal small subunit assembly,biological_process,25,6011,0.7775015524,0.7859632289632339,-0.06529903107250246,69939.0,0.5726014853635495,low_c,0.810781514049994,0.09109616185076477,0.242147529726302
GO:0008194,UDP-glycosyltransferase activity,molecular_function,24,6011,0.7804211354166667,0.7859632289632339,-0.06656088191080678,67062.0,0.573058132338331,low_c,0.810781514049994,0.09109616185076477,0.24180131996423362
GO:0030865,cortical cytoskeleton organization,biological_process,38,6011,0.7736712378947369,0.7859632289632339,-0.05273731793068814,107502.0,0.5746583047366458,low_c,0.8123834014843788,0.09023895862688695,0.2405903126622112
GO:0045786,negative regulation of cell cycle,biological_process,148,6011,0.8066783527702702,0.7859632289632339,0.026833417077319455,445504.0,0.5766117681761038,high_c,0.8137131154874737,0.08952868395776856,0.23911649826104475
GO:0004532,RNA exonuclease activity,molecular_function,20,6011,0.8009201295,0.7859632289632339,-0.07214154565181108,55588.0,0.5770050951411752,low_c,0.8137131154874737,0.08952868395776856,0.23882035186692538
GO:0016896,"RNA exonuclease activity, producing 5'-phosphomonoesters",molecular_function,20,6011,0.8009201295,0.7859632289632339,-0.07214154565181108,55588.0,0.5770050951411752,low_c,0.8137131154874737,0.08952868395776856,0.23882035186692538
GO:0006606,protein import into nucleus,biological_process,63,6011,0.8032658625396827,0.7859632289632339,0.040712631163202895,194990.0,0.5777443494720229,high_c,0.8140943106196686,0.08932528035754939,0.23826429336961583
GO:0007346,regulation of mitotic cell cycle,biological_process,176,6011,0.807948346534091,0.7859632289632339,0.02449949365116466,526060.0,0.5791788714426082,high_c,0.8147929666323888,0.08895272852548948,0.2371872896687397
GO:0005667,transcription regulator complex,cellular_component,103,6011,0.7994221517475728,0.7859632289632339,-0.03186398564395154,294567.0,0.5787419220075061,low_c,0.8147929666323888,0.08895272852548948,0.2375150577485883
GO:0012506,vesicle membrane,cellular_component,161,6011,0.8130030690683231,0.7859632289632339,0.025497690715082122,482932.5,0.5804380748557121,high_c,0.8152832761027581,0.08869146626272462,0.23624410699002363
GO:0065004,protein-DNA complex assembly,biological_process,120,6011,0.8064015571666666,0.7859632289632339,0.0294290725966162,363862.0,0.5804666643220098,high_c,0.8152832761027581,0.08869146626272462,0.23622271635040068
GO:0061024,membrane organization,biological_process,204,6011,0.8118744192156863,0.7859632289632339,0.02258177250579929,605689.5,0.5829953981014435,high_c,0.8180390879773937,0.08722594414369707,0.2343348733491116
GO:0030295,protein kinase activator activity,molecular_function,24,6011,0.7943898637499999,0.7859632289632339,-0.06477924391737655,67190.0,0.5833711929239709,low_c,0.8180390879773937,0.08722594414369707,0.23405502030007094
GO:0048311,mitochondrion distribution,biological_process,27,6011,0.7762669274074073,0.7859632289632339,-0.060370865517924366,75907.0,0.5878078410852607,low_c,0.8214292932279147,0.08542981370491527,0.2307646249368531
GO:0034085,establishment of sister chromatid cohesion,biological_process,23,6011,0.8156049960869567,0.7859632289632339,0.06556591443757087,73377.0,0.5867972782340147,high_c,0.8214292932279147,0.08542981370491527,0.2315119092300668
GO:0006353,DNA-templated transcription termination,biological_process,68,6011,0.7871045499999998,0.7859632289632339,-0.038181350278627346,194347.0,0.587704739887486,low_c,0.8214292932279147,0.08542981370491527,0.23084080665044898
GO:0003713,transcription coactivator activity,molecular_function,50,6011,0.8024290287999999,0.7859632289632339,-0.04440530112397245,142407.5,0.5881636440059922,low_c,0.8214292932279147,0.08542981370491527,0.2305018239220446
GO:0030476,ascospore wall assembly,biological_process,51,6011,0.8129676682352944,0.7859632289632339,0.04386103434662458,158646.0,0.5891010772285449,high_c,0.8214292932279147,0.08542981370491527,0.22981018311363316
GO:0032786,"positive regulation of DNA-templated transcription, elongation",biological_process,76,6011,0.8197395507894737,0.7859632289632339,0.036137099277258056,233680.0,0.5877362598512937,high_c,0.8214292932279147,0.08542981370491527,0.23081751505800355
GO:0042244,spore wall assembly,biological_process,51,6011,0.8129676682352944,0.7859632289632339,0.04386103434662458,158646.0,0.5891010772285449,high_c,0.8214292932279147,0.08542981370491527,0.22981018311363316
GO:0030695,GTPase regulator activity,molecular_function,104,6011,0.8000788236538461,0.7859632289632339,-0.03077834642080457,297710.0,0.5899854596123406,low_c,0.8220022133924746,0.08512701304043158,0.2291586915577539
GO:0009894,regulation of catabolic process,biological_process,170,6011,0.7979832265882354,0.7859632289632339,-0.024072227761160914,484533.5,0.5920843230714119,low_c,0.8236044750416435,0.08428130231552629,0.2276164378095942
GO:0070726,cell wall assembly,biological_process,53,6011,0.8128004328301888,0.7859632289632339,0.04271409299055651,164631.0,0.5918617077169768,high_c,0.8236044750416435,0.08428130231552629,0.2277797571140951
GO:0006397,mRNA processing,biological_process,163,6011,0.8111542273619632,0.7859632289632339,0.024509454231114614,488293.5,0.5929820568091639,high_c,0.8240763772916371,0.08403253502726969,0.22695844786114414
GO:0055029,nuclear DNA-directed RNA polymerase complex,cellular_component,16,6011,0.79577459875,0.7859632289632339,-0.07718932443703086,44258.0,0.5933729675199,low_c,0.8240763772916371,0.08403253502726969,0.22667224285968637
GO:0071692,protein localization to extracellular region,biological_process,15,6011,0.7871253039999999,0.7859632289632339,-0.07949744273960413,41395.0,0.5943794151394806,low_c,0.8248142803214535,0.08364382855489977,0.22593623970195295
GO:0048193,Golgi vesicle transport,biological_process,207,6011,0.8107163030434782,0.7859632289632339,-0.02171416014942218,587670.0,0.5949679302731139,low_c,0.8249715071518576,0.08356105084451237,0.2255064428105746
GO:0048284,organelle fusion,biological_process,93,6011,0.8178791406451612,0.7859632289632339,0.03129144908734793,283798.0,0.6040829832434851,high_c,0.8276934166581096,0.0821304990967011,0.21890339798605069
GO:0004857,enzyme inhibitor activity,molecular_function,56,6011,0.7884176767857143,0.7859632289632339,-0.039696533525248934,160121.0,0.6086214267468428,low_c,0.8276934166581096,0.0821304990967011,0.21565276220769902
GO:0010508,positive regulation of autophagy,biological_process,36,6011,0.7818726213888889,0.7859632289632339,-0.049558344955834444,102220.0,0.6076785447337516,low_c,0.8276934166581096,0.0821304990967011,0.21632609698859082
GO:0031501,mannosyltransferase complex,cellular_component,18,6011,0.7807088783333334,0.7859632289632339,-0.07136103231547919,50088.0,0.6006284051386124,low_c,0.8276934166581096,0.0821304990967011,0.22139413283758963
GO:0000139,Golgi membrane,cellular_component,176,6011,0.8120615665909091,0.7859632289632339,0.0228684661525278,525222.5,0.6046939798701747,high_c,0.8276934166581096,0.0821304990967011,0.21846435506228717
GO:0000400,four-way junction DNA binding,molecular_function,15,6011,0.7943416653333332,0.7859632289632339,-0.07642873026462083,41533.0,0.6086913690639073,low_c,0.8276934166581096,0.0821304990967011,0.21560285627967363
GO:0043487,regulation of RNA stability,biological_process,47,6011,0.7885359348936171,0.7859632289632339,-0.04354495768939881,134051.0,0.6065828920220793,low_c,0.8276934166581096,0.0821304990967011,0.21710984263264585
GO:0031625,ubiquitin protein ligase binding,molecular_function,20,6011,0.8303345040000002,0.7859632289632339,0.06646636621599056,63892.0,0.6073346634802239,high_c,0.8276934166581096,0.0821304990967011,0.21657193091667515
GO:0035825,homologous recombination,biological_process,62,6011,0.8219635245161291,0.7859632289632339,0.03814140625423623,191453.0,0.6048699957458796,high_c,0.8276934166581096,0.0821304990967011,0.21833795790492033
GO:0045017,glycerolipid biosynthetic process,biological_process,85,6011,0.8121812570588234,0.7859632289632339,0.03253856385618703,260050.0,0.6059675777220374,high_c,0.8276934166581096,0.0821304990967011,0.21755061212595808
GO:0010389,regulation of G2/M transition of mitotic cell cycle,biological_process,24,6011,0.8354633933333333,0.7859632289632339,0.062092867880407576,76305.0,0.599082823153965,high_c,0.8276934166581096,0.0821304990967011,0.22251313228142927
GO:0006995,cellular response to nitrogen starvation,biological_process,50,6011,0.8047044785999999,0.7859632289632339,0.04268411340379141,155386.0,0.6027092009295225,high_c,0.8276934166581096,0.0821304990967011,0.21989217856291776
GO:0051055,negative regulation of lipid biosynthetic process,biological_process,17,6011,0.8017249017647058,0.7859632289632339,-0.0731319554848967,47223.0,0.6020782444435435,low_c,0.8276934166581096,0.0821304990967011,0.22034706535026935
GO:0016075,rRNA catabolic process,biological_process,28,6011,0.7871470753571428,0.7859632289632339,-0.0559084071536019,79079.0,0.609269066815177,low_c,0.8276934166581096,0.0821304990967011,0.21519087087028219
GO:0005769,early endosome,cellular_component,15,6011,0.8133761780000001,0.7859632289632339,-0.07798532354903265,41463.0,0.601412478749195,low_c,0.8276934166581096,0.0821304990967011,0.2208275649357145
GO:0043488,regulation of mRNA stability,biological_process,46,6011,0.7875167715217392,0.7859632289632339,-0.04379897226575313,131186.0,0.608326556489675,low_c,0.8276934166581096,0.0821304990967011,0.21586322400201657
GO:0006401,RNA catabolic process,biological_process,155,6011,0.8074259475483871,0.7859632289632339,-0.024235413361537117,442841.0,0.6060215817810393,low_c,0.8276934166581096,0.0821304990967011,0.21751190936256035
GO:0032204,regulation of telomere maintenance,biological_process,23,6011,0.7984431004347826,0.7859632289632339,-0.06316981789666287,64512.0,0.6005433443776145,low_c,0.8276934166581096,0.0821304990967011,0.22145564180864977
GO:0045833,negative regulation of lipid metabolic process,biological_process,17,6011,0.8017249017647058,0.7859632289632339,-0.0731319554848967,47223.0,0.6020782444435435,low_c,0.8276934166581096,0.0821304990967011,0.22034706535026935
GO:1901990,regulation of mitotic cell cycle phase transition,biological_process,124,6011,0.8126207097580644,0.7859632289632339,0.027090856288048526,374882.0,0.6051401782525863,high_c,0.8276934166581096,0.0821304990967011,0.21814401114936235
GO:0010833,telomere maintenance via telomere lengthening,biological_process,16,6011,0.7842138937500001,0.7859632289632339,-0.07539616346955802,44344.0,0.6019845469346791,low_c,0.8276934166581096,0.0821304990967011,0.22041465702645338
GO:0010639,negative regulation of organelle organization,biological_process,89,6011,0.7812354657303371,0.7859632289632339,-0.032284871873683785,255021.0,0.6005951502080371,low_c,0.8276934166581096,0.0821304990967011,0.2214181790407869
GO:1902749,regulation of cell cycle G2/M phase transition,biological_process,24,6011,0.8354633933333333,0.7859632289632339,0.062092867880407576,76305.0,0.599082823153965,high_c,0.8276934166581096,0.0821304990967011,0.22251313228142927
GO:1901264,carbohydrate derivative transport,biological_process,49,6011,0.8157345767346939,0.7859632289632339,0.04280168961244346,152321.0,0.6053382790578373,high_c,0.8276934166581096,0.0821304990967011,0.2180018622547172
GO:0043562,cellular response to nitrogen levels,biological_process,50,6011,0.8047044785999999,0.7859632289632339,0.04268411340379141,155386.0,0.6027092009295225,high_c,0.8276934166581096,0.0821304990967011,0.21989217856291776
GO:0009895,negative regulation of catabolic process,biological_process,38,6011,0.7975622823684211,0.7859632289632339,-0.04802312159101929,108037.0,0.6093272963646682,low_c,0.8276934166581096,0.0821304990967011,0.21514936611479285
GO:0051640,organelle localization,biological_process,210,6011,0.800712303190476,0.7859632289632339,-0.020669671074773688,596515.0,0.610332447562818,low_c,0.8284105777709554,0.08175436434373753,0.21443354070555665
GO:0006282,regulation of DNA repair,biological_process,34,6011,0.8159582523529412,0.7859632289632339,0.050261295751360624,106716.0,0.6127970443389619,high_c,0.8311059913847171,0.08034358687993462,0.21268333807253936
GO:0000398,"mRNA splicing, via spliceosome",biological_process,104,6011,0.7967039482692309,0.7859632289632339,-0.028842898256306038,298304.5,0.6135798204536567,low_c,0.8315180080464856,0.08012834089962599,0.2121289319954128
GO:0030659,cytoplasmic vesicle membrane,cellular_component,160,6011,0.8125096295,0.7859632289632339,0.023300504187318438,478986.5,0.6145540098325324,high_c,0.8321885811772826,0.07977824764631479,0.21143994330398927
GO:0051051,negative regulation of transport,biological_process,18,6011,0.7990202033333333,0.7859632289632339,-0.06819066688914843,50259.0,0.6169085198124272,low_c,0.8332194062090081,0.07924062361226668,0.20977923189255218
GO:0035966,response to topologically incorrect protein,biological_process,21,6011,0.8186496180952381,0.7859632289632339,0.06310517529215365,66864.0,0.6171444171486868,high_c,0.8332194062090081,0.07924062361226668,0.2096131953966894
GO:1904949,ATPase complex,cellular_component,72,6011,0.8098485479166667,0.7859632289632339,0.03421591738227536,221119.5,0.6172351131248759,high_c,0.8332194062090081,0.07924062361226668,0.20954937586453648
GO:0005801,cis-Golgi network,cellular_component,17,6011,0.8274234911764706,0.7859632289632339,0.07024671730554077,54528.0,0.616483470773239,high_c,0.8332194062090081,0.07924062361226668,0.21007856326647775
GO:0006896,Golgi to vacuole transport,biological_process,28,6011,0.8321525260714286,0.7859632289632339,0.054416083665624004,88320.0,0.6188557138144386,high_c,0.8341098751411998,0.07877673710268349,0.20841059491936328
GO:0033044,regulation of chromosome organization,biological_process,81,6011,0.793860597037037,0.7859632289632339,-0.03217787770907499,232437.0,0.6183862756768235,low_c,0.8341098751411998,0.07877673710268349,0.20874015761490095
GO:0019887,protein kinase regulator activity,molecular_function,67,6011,0.7930681917910448,0.7859632289632339,-0.03520921636769048,192113.0,0.6196754675268707,low_c,0.8345668049857623,0.07853889340601826,0.2078356968930883
GO:0008080,N-acetyltransferase activity,molecular_function,40,6011,0.7940054272499999,0.7859632289632339,-0.04522693016245183,114019.0,0.62151931057818,low_c,0.8364011807470701,0.07758536276066043,0.20654537330188458
GO:0043189,H4/H2A histone acetyltransferase complex,cellular_component,17,6011,0.8084764952941177,0.7859632289632339,0.06869614712751959,54449.0,0.6242869843308435,high_c,0.8388252359120312,0.07632851233583399,0.20461571951724178
GO:0035267,NuA4 histone acetyltransferase complex,cellular_component,17,6011,0.8084764952941177,0.7859632289632339,0.06869614712751959,54449.0,0.6242869843308435,high_c,0.8388252359120312,0.07632851233583399,0.20461571951724178
GO:0003682,chromatin binding,molecular_function,148,6011,0.7967590235135136,0.7859632289632339,-0.02347290152168202,423678.0,0.6252571881742612,low_c,0.8388303544594417,0.07632586226044487,0.20394130676823638
GO:0000377,"RNA splicing, via transesterification reactions with bulged adenosine as nucleophile",biological_process,105,6011,0.7972428573333334,0.7859632289632339,-0.027776433973521697,301452.5,0.6251326207690846,low_c,0.8388303544594417,0.07632586226044487,0.20402783808268768
GO:0000209,protein polyubiquitination,biological_process,45,6011,0.8184918337777778,0.7859632289632339,0.04203076693857777,139877.0,0.6266563727165964,high_c,0.8395401436007508,0.07595853272728312,0.2029705394598621
GO:1902531,regulation of intracellular signal transduction,biological_process,134,6011,0.7994979811940299,0.7859632289632339,-0.024532772584245688,384099.0,0.6267534712595466,low_c,0.8395401436007508,0.07595853272728312,0.20290325203318174
GO:1901678,iron coordination entity transport,biological_process,21,6011,0.8239404585714286,0.7859632289632339,0.0612290325145084,66746.0,0.6276498326082202,high_c,0.8400926055573401,0.07567283790741136,0.20228258266380436
GO:0141124,intracellular signaling cassette,biological_process,96,6011,0.8119090930208333,0.7859632289632339,0.028659481544097032,292057.0,0.6295230236353322,high_c,0.8419506695153596,0.0747133533755038,0.2009883817516265
GO:0045930,negative regulation of mitotic cell cycle,biological_process,95,6011,0.7990696978947369,0.7859632289632339,-0.02852567524287397,272994.0,0.6328789114654076,low_c,0.8427346361632537,0.07430915632741966,0.1986793754690675
GO:0120545,nucleic acid conformation isomerase activity,molecular_function,99,6011,0.7962727785858589,0.7859632289632339,-0.028015267697270363,284445.5,0.6321200562413268,low_c,0.8427346361632537,0.07430915632741966,0.19920042992733664
GO:0001403,invasive growth in response to glucose limitation,biological_process,43,6011,0.8144136918604652,0.7859632289632339,0.042116092025687335,133716.0,0.6336832326855983,high_c,0.8427346361632537,0.07430915632741966,0.19812778419314556
GO:0140029,exocytic process,biological_process,23,6011,0.8044369008695651,0.7859632289632339,-0.05747727338735442,64904.0,0.6337695145478874,low_c,0.8427346361632537,0.07430915632741966,0.1980686549880211
GO:0006271,DNA strand elongation involved in DNA replication,biological_process,24,6011,0.8024437420833334,0.7859632289632339,-0.05660876343188015,67777.0,0.6317375978978534,low_c,0.8427346361632537,0.07430915632741966,0.19946327527650157
GO:0008047,enzyme activator activity,molecular_function,142,6011,0.8081188247887324,0.7859632289632339,-0.023482177783003988,406914.0,0.6320500061474195,low_c,0.8427346361632537,0.07430915632741966,0.19924856011199618
GO:0019904,protein domain specific binding,molecular_function,17,6011,0.8181937488235295,0.7859632289632339,0.067067067067067,54366.0,0.632531245014385,high_c,0.8427346361632537,0.07430915632741966,0.1989180168680606
GO:0016514,SWI/SNF complex,cellular_component,15,6011,0.8208329019999999,0.7859632289632339,0.0710807204803201,48166.5,0.6339927619983925,high_c,0.8427346361632537,0.07430915632741966,0.19791570022883764
GO:0032993,protein-DNA complex,cellular_component,54,6011,0.8027092964814814,0.7859632289632339,-0.037509559248689706,154806.0,0.6346511680489011,low_c,0.8429643670488847,0.07419078305155033,0.1974649163114791
GO:0034293,sexual sporulation,biological_process,56,6011,0.8011355751785716,0.7859632289632339,0.0366798608612211,172856.0,0.6361222030314677,high_c,0.8429833163836855,0.07418102048107325,0.1964594456657821
GO:0071561,nucleus-vacuole junction,cellular_component,20,6011,0.782039479,0.7859632289632339,-0.0613086296110833,56237.0,0.6354999521568032,low_c,0.8429833163836855,0.07418102048107325,0.1968844778055468
GO:0043935,sexual sporulation resulting in formation of a cellular spore,biological_process,56,6011,0.8011355751785716,0.7859632289632339,0.0366798608612211,172856.0,0.6361222030314677,high_c,0.8429833163836855,0.07418102048107325,0.1964594456657821
GO:0006446,regulation of translational initiation,biological_process,35,6011,0.7897535882857144,0.7859632289632339,-0.04594090648307514,99775.5,0.6388596442895257,low_c,0.8447450697239491,0.07327433426503005,0.1945945446678494
GO:0042054,histone methyltransferase activity,molecular_function,18,6011,0.7807640733333333,0.7859632289632339,-0.06322190703969444,50527.0,0.642804284046853,low_c,0.8447450697239491,0.07327433426503005,0.19192123749097598
GO:0005934,cellular bud tip,cellular_component,103,6011,0.8003037982524271,0.7859632289632339,-0.026654659471113673,296152.0,0.6423273719504077,low_c,0.8447450697239491,0.07327433426503005,0.19224357069377337
GO:1902275,regulation of chromatin organization,biological_process,26,6011,0.8030437261538462,0.7859632289632339,0.05274725274725278,81909.0,0.6421124711603562,high_c,0.8447450697239491,0.07327433426503005,0.19238889509903448
GO:1902533,positive regulation of intracellular signal transduction,biological_process,41,6011,0.8056961743902438,0.7859632289632339,0.041990440004902485,127524.0,0.6426321119655243,high_c,0.8447450697239491,0.07327433426503005,0.19203757679105796
GO:0005826,actomyosin contractile ring,cellular_component,21,6011,0.797504919047619,0.7859632289632339,-0.05903489943556717,59182.0,0.6400321282807708,low_c,0.8447450697239491,0.07327433426503005,0.19379822478980535
GO:0032774,RNA biosynthetic process,biological_process,260,6011,0.7949782698461538,0.7859632289632339,-0.017121437074488766,734829.5,0.6400258065499576,low_c,0.8447450697239491,0.07327433426503005,0.1938025144281625
GO:0000724,double-strand break repair via homologous recombination,biological_process,116,6011,0.8017748021551725,0.7859632289632339,-0.025117721037699936,333322.0,0.642679122769019,low_c,0.8447450697239491,0.07327433426503005,0.19200580778133497
GO:0070938,contractile ring,cellular_component,21,6011,0.797504919047619,0.7859632289632339,-0.05903489943556717,59182.0,0.6400321282807708,low_c,0.8447450697239491,0.07327433426503005,0.19379822478980535
GO:0043495,protein-membrane adaptor activity,molecular_function,27,6011,0.8274380025925927,0.7859632289632339,0.05227520301049715,85007.0,0.6388377868870245,high_c,0.8447450697239491,0.07327433426503005,0.1946094035054181
GO:0006869,lipid transport,biological_process,84,6011,0.812510451547619,0.7859632289632339,0.029475684317931572,256271.5,0.6422460184771519,high_c,0.8447450697239491,0.07327433426503005,0.19229857940690595
GO:0034605,cellular response to heat,biological_process,60,6011,0.790405466,0.7859632289632339,-0.03422393995406936,172420.0,0.6478222828773359,low_c,0.8453594119280091,0.07295860770034626,0.18854411781977148
GO:0034061,DNA polymerase activity,molecular_function,15,6011,0.8005566066666667,0.7859632289632339,-0.06766733377807432,41927.0,0.6503706336084352,low_c,0.8453594119280091,0.07295860770034626,0.1868390768078086
GO:0045927,positive regulation of growth,biological_process,27,6011,0.7969005729629629,0.7859632289632339,-0.05117349970291152,76650.0,0.6459238489253168,low_c,0.8453594119280091,0.07295860770034626,0.18981868005593372
GO:0022616,DNA strand elongation,biological_process,27,6011,0.8056347737037037,0.7859632289632339,-0.050765002970885376,76683.0,0.6485594973530435,low_c,0.8453594119280091,0.07295860770034626,0.18805017657780984
GO:0005686,U2 snRNP,cellular_component,17,6011,0.7835862023529412,0.7859632289632339,-0.06392667176980904,47692.0,0.6485526211341639,low_c,0.8453594119280091,0.07295860770034626,0.18805478112027496
GO:0048583,regulation of response to stimulus,biological_process,221,6011,0.7996130352036198,0.7859632289632339,-0.01803233848342045,628258.0,0.6486504244479896,low_c,0.8453594119280091,0.07295860770034626,0.18798929339307374
GO:0010608,post-transcriptional regulation of gene expression,biological_process,183,6011,0.798763374043716,0.7859632289632339,-0.01980546148047302,522700.5,0.6477582709219163,low_c,0.8453594119280091,0.07295860770034626,0.18858703300394225
GO:0009653,anatomical structure morphogenesis,biological_process,18,6011,0.8156986183333333,0.7859632289632339,0.0618684761851791,57274.0,0.6499356384533825,high_c,0.8453594119280091,0.07295860770034626,0.1871296483548362
GO:0046915,transition metal ion transmembrane transporter activity,molecular_function,31,6011,0.7870825748387099,0.7859632289632339,0.04766425720142409,97108.0,0.64667900596457,high_c,0.8453594119280091,0.07295860770034626,0.18931123792676152
GO:0000902,cell morphogenesis,biological_process,18,6011,0.8156986183333333,0.7859632289632339,0.0618684761851791,57274.0,0.6499356384533825,high_c,0.8453594119280091,0.07295860770034626,0.1871296483548362
GO:0071459,"protein localization to chromosome, centromeric region",biological_process,20,6011,0.807314538,0.7859632289632339,-0.05858788182273411,56400.0,0.650576137290219,low_c,0.8453594119280091,0.07295860770034626,0.1867018704012925
GO:0015807,L-amino acid transport,biological_process,29,6011,0.8253882303448277,0.7859632289632339,0.04938954795420747,91023.0,0.6458962768855135,high_c,0.8453594119280091,0.07295860770034626,0.18983721883622356
GO:0006997,nucleus organization,biological_process,55,6011,0.8033034567272729,0.7859632289632339,-0.03597289211795596,157898.0,0.6455994626888648,low_c,0.8453594119280091,0.07295860770034626,0.19003683973480598
GO:0140223,general transcription initiation factor activity,molecular_function,34,6011,0.8055401411764705,0.7859632289632339,0.04518300544243137,106200.0,0.6491479439492667,high_c,0.8453594119280091,0.07295860770034626,0.18765631411079056
GO:0005654,nucleoplasm,cellular_component,168,6011,0.8072799202976191,0.7859632289632339,0.02083282397333397,501037.0,0.6447607481926059,high_c,0.8453594119280091,0.07295860770034626,0.19060140941983172
GO:1902850,microtubule cytoskeleton organization involved in mitosis,biological_process,42,6011,0.7889540473809523,0.7859632289632339,-0.04015189590662871,120316.0,0.6533994776157885,low_c,0.8475619004466227,0.0718285739028265,0.18482121707311763
GO:0044774,mitotic DNA integrity checkpoint signaling,biological_process,40,6011,0.81644710225,0.7859632289632339,0.041031652989449,124320.0,0.6542266297502872,high_c,0.8475619004466227,0.0718285739028265,0.18427178225593777
GO:0005770,late endosome,cellular_component,41,6011,0.8123830478048781,0.7859632289632339,0.04047064591248928,127338.0,0.6547122744809453,high_c,0.8475619004466227,0.0718285739028265,0.18394951689170072
GO:0030687,"preribosome, large subunit precursor",cellular_component,58,6011,0.7801669368965518,0.7859632289632339,-0.034204718571337556,166732.0,0.6534793965164603,low_c,0.8475619004466227,0.0718285739028265,0.18476810069287494
GO:0003714,transcription corepressor activity,molecular_function,29,6011,0.7826860462068966,0.7859632289632339,-0.048167490978683225,82561.0,0.6540806941207067,low_c,0.8475619004466227,0.0718285739028265,0.1843686693370484
GO:1902562,H4 histone acetyltransferase complex,cellular_component,18,6011,0.8096019544444445,0.7859632289632339,0.060477965033279624,57199.0,0.6572959141261607,high_c,0.850272508884512,0.07044186235913888,0.18223906736663872
GO:0099513,polymeric cytoskeletal fiber,cellular_component,54,6011,0.8059497846296295,0.7859632289632339,0.03461225200355633,166406.0,0.6610362566586834,high_c,0.8544742677285736,0.06830101141224088,0.17977471958399863
GO:0022413,reproductive process in single-celled organism,biological_process,98,6011,0.8039581202040817,0.7859632289632339,0.025619786219916785,297160.0,0.6631076860278646,high_c,0.8565140944526585,0.06726548606373492,0.17841593818640156
GO:0005096,GTPase activator activity,molecular_function,47,6011,0.8065415274468084,0.7859632289632339,-0.036602594289139145,135024.0,0.6651230199622149,low_c,0.8584784852449108,0.06627058443608487,0.17709802093813115
GO:0070897,transcription preinitiation complex assembly,biological_process,47,6011,0.7978610919148934,0.7859632289632339,-0.03647416413373861,135042.0,0.6662269304539199,low_c,0.8586265414016369,0.06619569097174871,0.17637781608923617
GO:0046474,glycerophospholipid biosynthetic process,biological_process,82,6011,0.8105543518292683,0.7859632289632339,0.027726470551937776,249829.0,0.6658661640120054,high_c,0.8586265414016369,0.06619569097174871,0.17661305322012574
GO:0001671,ATPase activator activity,molecular_function,23,6011,0.7984946469565217,0.7859632289632339,-0.051944468647439845,65285.0,0.6667877021487343,low_c,0.8587117588502987,0.06615259000819289,0.17601241864936495
GO:1901976,regulation of cell cycle checkpoint,biological_process,26,6011,0.8052682980769231,0.7859632289632339,0.04821026926290095,81556.0,0.6710059756412741,high_c,0.8593230951527923,0.06584351595961095,0.1732736122058583
GO:0033108,mitochondrial respiratory chain complex assembly,biological_process,57,6011,0.8208870026315791,0.7859632289632339,0.03290725975166331,175273.0,0.6685061252364723,high_c,0.8593230951527923,0.06584351595961095,0.17489460912867846
GO:0071013,catalytic step 2 spliceosome,cellular_component,34,6011,0.800112054117647,0.7859632289632339,-0.0419943115275222,97342.0,0.6724150301763097,low_c,0.8593230951527923,0.06584351595961095,0.17236258754416767
GO:1905037,autophagosome organization,biological_process,28,6011,0.8073869532142857,0.7859632289632339,-0.04658437000071636,79860.0,0.670204588757042,low_c,0.8593230951527923,0.06584351595961095,0.1737926029629381
GO:0000045,autophagosome assembly,biological_process,28,6011,0.8073869532142857,0.7859632289632339,-0.04658437000071636,79860.0,0.670204588757042,low_c,0.8593230951527923,0.06584351595961095,0.1737926029629381
GO:0009968,negative regulation of signal transduction,biological_process,56,6011,0.8114755692857143,0.7859632289632339,0.03269761305025787,172192.0,0.6732024247740769,high_c,0.8593230951527923,0.06584351595961095,0.17185432842986653
GO:0023057,negative regulation of signaling,biological_process,56,6011,0.8114755692857143,0.7859632289632339,0.03269761305025787,172192.0,0.6732024247740769,high_c,0.8593230951527923,0.06584351595961095,0.17185432842986653
GO:0010648,negative regulation of cell communication,biological_process,56,6011,0.8114755692857143,0.7859632289632339,0.03269761305025787,172192.0,0.6732024247740769,high_c,0.8593230951527923,0.06584351595961095,0.17185432842986653
GO:0051880,G-quadruplex DNA binding,molecular_function,17,6011,0.7789661394117647,0.7859632289632339,-0.059176823882706286,47934.0,0.6730951240002236,low_c,0.8593230951527923,0.06584351595961095,0.17192355552476768
GO:0016074,sno(s)RNA metabolic process,biological_process,54,6011,0.8086497657407407,0.7859632289632339,0.033437163871946396,166217.0,0.6718611661034193,high_c,0.8593230951527923,0.06584351595961095,0.1727204606134932
GO:0032120,ascospore-type prospore membrane formation,biological_process,16,6011,0.8141312681249999,0.7859632289632339,0.06184320266889065,50926.0,0.6688084273974793,high_c,0.8593230951527923,0.06584351595961095,0.174698263157014
GO:0009266,response to temperature stimulus,biological_process,81,6011,0.8067658307407406,0.7859632289632339,0.02766015031332625,246808.0,0.668508257388381,high_c,0.8593230951527923,0.06584351595961095,0.17489322398006593
GO:0007033,vacuole organization,biological_process,85,6011,0.8170372609411766,0.7859632289632339,0.026463639792737803,258520.0,0.6748320806426729,high_c,0.8607703835383395,0.06511268415810617,0.17080427979524454
GO:0140718,facultative heterochromatin formation,biological_process,27,6011,0.8049743374074075,0.7859632289632339,0.04654387007328187,84544.0,0.6760475435584113,high_c,0.8610554186481307,0.06496889588834667,0.17002276089414625
GO:0000183,rDNA heterochromatin formation,biological_process,27,6011,0.8049743374074075,0.7859632289632339,0.04654387007328187,84544.0,0.6760475435584113,high_c,0.8610554186481307,0.06496889588834667,0.17002276089414625
GO:0000966,RNA 5'-end processing,biological_process,69,6011,0.8083631624637682,0.7859632289632339,0.028968433992361042,210937.5,0.678643566608294,high_c,0.8637281756832832,0.06362291304763314,0.16835826356764613
GO:0034397,telomere localization,biological_process,23,6011,0.8000339065217392,0.7859632289632339,-0.049664546484272876,65442.0,0.6805884654879767,low_c,0.8655689202103498,0.06269834607238539,0.16711541553608364
GO:0120543,macromolecular conformation isomerase activity,molecular_function,123,6011,0.8071101392682927,0.7859632289632339,0.021494730911983062,369895.5,0.6828378236271826,high_c,0.8677938959127299,0.0615834090359633,0.1656824305309227
GO:0001676,long-chain fatty acid metabolic process,biological_process,15,6011,0.837574124,0.7859632289632339,0.06088503446742277,47708.0,0.6834125148122592,high_c,0.8678888995713839,0.061535866288103376,0.16531707256075415
GO:0032784,regulation of DNA-templated transcription elongation,biological_process,80,6011,0.816235488,0.7859632289632339,0.02636992075535316,243496.0,0.6849429952731696,high_c,0.8685617529541434,0.06119929867477962,0.16434557138126268
GO:0035091,phosphatidylinositol binding,molecular_function,32,6011,0.8095039106249999,0.7859632289632339,0.04153077437698616,99637.0,0.6849281890261653,high_c,0.8685617529541434,0.06119929867477962,0.16435495952146978
GO:0005793,endoplasmic reticulum-Golgi intermediate compartment,cellular_component,16,6011,0.83857492125,0.7859632289632339,0.058465387823186,50764.0,0.685907669546211,high_c,0.8691501564468775,0.060905187322476705,0.16373434100654302
GO:0031573,mitotic intra-S DNA damage checkpoint signaling,biological_process,21,6011,0.7965452042857143,0.7859632289632339,-0.05054455839096905,59716.0,0.688871276288501,low_c,0.8709982051251549,0.0599827399464632,0.16186192355018117
GO:0045727,positive regulation of translation,biological_process,56,6011,0.8067907269642858,0.7859632289632339,0.03107232817560268,171921.0,0.6885740341029366,high_c,0.8709982051251549,0.0599827399464632,0.1620493584225632
GO:0071940,fungal-type cell wall assembly,biological_process,52,6011,0.8107577776923078,0.7859632289632339,0.032207262447235596,159924.0,0.6888240839149162,high_c,0.8709982051251549,0.0599827399464632,0.16189167669886095
GO:0005637,nuclear inner membrane,cellular_component,19,6011,0.8166690578947368,0.7859632289632339,0.052965357318530026,59939.0,0.6897843151114684,high_c,0.8713704648879993,0.05979716456729085,0.16128668520490644
GO:0034497,protein localization to phagophore assembly site,biological_process,18,6011,0.8043805227777779,0.7859632289632339,-0.05434117581622999,51006.0,0.6901695790443543,low_c,0.8713704648879993,0.05979716456729085,0.1610441872414825
GO:0008064,regulation of actin polymerization or depolymerization,biological_process,18,6011,0.7462063138888888,0.7859632289632339,-0.053525409273782354,51050.0,0.6945855475936046,low_c,0.8744021106762129,0.05828880273501648,0.15827425739963982
GO:0030832,regulation of actin filament length,biological_process,18,6011,0.7462063138888888,0.7859632289632339,-0.053525409273782354,51050.0,0.6945855475936046,low_c,0.8744021106762129,0.05828880273501648,0.15827425739963982
GO:0051050,positive regulation of transport,biological_process,59,6011,0.7955473067796609,0.7859632289632339,-0.02979770366320389,170352.0,0.693277033278985,low_c,0.8744021106762129,0.05828880273501648,0.15909318676995154
GO:0030833,regulation of actin filament polymerization,biological_process,18,6011,0.7462063138888888,0.7859632289632339,-0.053525409273782354,51050.0,0.6945855475936046,low_c,0.8744021106762129,0.05828880273501648,0.15827425739963982
GO:0030866,cortical actin cytoskeleton organization,biological_process,37,6011,0.7766097862162163,0.7859632289632339,-0.03715198291696453,106413.0,0.6964375143879945,low_c,0.8760982065054772,0.05744720872591088,0.15711784316514749
GO:1901505,carbohydrate derivative transmembrane transporter activity,molecular_function,29,6011,0.820175853448276,0.7859632289632339,0.04149229297086654,90338.0,0.6995011868758279,high_c,0.8783570177428798,0.056328924503514115,0.15521154428411146
GO:0043255,regulation of carbohydrate biosynthetic process,biological_process,36,6011,0.7834424677777777,0.7859632289632339,-0.037229195722919606,103546.0,0.6997510112548403,low_c,0.8783570177428798,0.056328924503514115,0.15505646523467662
GO:0017171,serine hydrolase activity,molecular_function,21,6011,0.8265959442857144,0.7859632289632339,0.048716114158518176,65959.0,0.6995699510066888,high_c,0.8783570177428798,0.056328924503514115,0.15516885327033636
GO:0000819,sister chromatid segregation,biological_process,32,6011,0.7955974390625,0.7859632289632339,-0.03932513798294024,91902.0,0.7008331182497113,low_c,0.8790796916773835,0.05597175281365684,0.15438538353339096
GO:0048856,anatomical structure development,biological_process,52,6011,0.7968029721153845,0.7859632289632339,0.030445221836394865,159651.0,0.7050289451636345,high_c,0.8791344652546145,0.05594469369544942,0.15179305255924902
GO:0045892,negative regulation of DNA-templated transcription,biological_process,179,6011,0.8079021754748603,0.7859632289632339,0.016562444919572927,530609.0,0.7054345104260819,high_c,0.8791344652546145,0.05594469369544942,0.151543298111959
GO:0000001,mitochondrion inheritance,biological_process,24,6011,0.7755359837499999,0.7859632289632339,-0.044888926006347085,68619.0,0.7039131514086403,low_c,0.8791344652546145,0.05594469369544942,0.15248092067422617
GO:1903008,organelle disassembly,biological_process,34,6011,0.825369672647059,0.7859632289632339,0.03802812742965678,105473.0,0.7017967872141798,high_c,0.8791344652546145,0.05594469369544942,0.15378862429152604
GO:0048468,cell development,biological_process,52,6011,0.7968029721153845,0.7859632289632339,0.030445221836394865,159651.0,0.7050289451636345,high_c,0.8791344652546145,0.05594469369544942,0.15179305255924902
GO:0030437,ascospore formation,biological_process,52,6011,0.7968029721153845,0.7859632289632339,0.030445221836394865,159651.0,0.7050289451636345,high_c,0.8791344652546145,0.05594469369544942,0.15179305255924902
GO:1902679,negative regulation of RNA biosynthetic process,biological_process,179,6011,0.8079021754748603,0.7859632289632339,0.016562444919572927,530609.0,0.7054345104260819,high_c,0.8791344652546145,0.05594469369544942,0.151543298111959
GO:0000793,condensed chromosome,cellular_component,32,6011,0.8189046181249999,0.7859632289632339,0.03880247533032288,99376.0,0.7046216750533538,high_c,0.8791344652546145,0.05594469369544942,0.15204400150209155
GO:0005694,chromosome,cellular_component,110,6011,0.8020119276363636,0.7859632289632339,-0.0210349555545285,317728.0,0.7050241090021153,low_c,0.8791344652546145,0.05594469369544942,0.15179603162199443
GO:0036388,pre-replicative complex assembly,biological_process,20,6011,0.7940588194999999,0.7859632289632339,-0.04878985144383241,56987.0,0.7060254222323165,low_c,0.8792396936838605,0.05589271371612235,0.15117966079460488
GO:0050793,regulation of developmental process,biological_process,47,6011,0.808123379361702,0.7859632289632339,0.031757923427087276,144605.0,0.7072486199614361,high_c,0.8801316159520093,0.05545237806848938,0.15042789129934608
GO:0017069,snRNA binding,molecular_function,23,6011,0.7902773426086958,0.7859632289632339,-0.044886875199674714,65771.0,0.7098532227999255,low_c,0.8803230823262217,0.0553579106673121,0.14883144158778888
GO:0050658,RNA transport,biological_process,81,6011,0.7975489614814816,0.7859632289632339,0.024145899693960304,245964.0,0.7085610313051817,high_c,0.8803230823262217,0.0553579106673121,0.149622736217489
GO:0019914,cyclin-dependent protein kinase regulator activity,molecular_function,32,6011,0.8068274140625,0.7859632289632339,0.03807074761665841,99306.0,0.7099379696179207,high_c,0.8803230823262217,0.0553579106673121,0.1487795958295472
GO:0016538,cyclin-dependent protein serine/threonine kinase regulator activity,molecular_function,32,6011,0.8068274140625,0.7859632289632339,0.03807074761665841,99306.0,0.7099379696179207,high_c,0.8803230823262217,0.0553579106673121,0.1487795958295472
GO:0051236,establishment of RNA localization,biological_process,81,6011,0.7975489614814816,0.7859632289632339,0.024145899693960304,245964.0,0.7085610313051817,high_c,0.8803230823262217,0.0553579106673121,0.149622736217489
GO:0070873,regulation of glycogen metabolic process,biological_process,15,6011,0.797892842,0.7859632289632339,0.05523682454969969,47454.0,0.7114033516078073,high_c,0.8809082306453386,0.05506933222384911,0.1478840930701887
GO:0009408,response to heat,biological_process,79,6011,0.8053274813924051,0.7859632289632339,0.024194030232935315,239983.0,0.7114247346571225,high_c,0.8809082306453386,0.05506933222384911,0.14787103943368238
GO:0006623,protein targeting to vacuole,biological_process,103,6011,0.8209611042718448,0.7859632289632339,0.021077229493002836,310675.0,0.7134275920292097,high_c,0.8827585885692858,0.05415804838950041,0.14665009820161357
GO:0051537,"2 iron, 2 sulfur cluster binding",molecular_function,17,6011,0.8247656205882352,0.7859632289632339,0.05136509058077676,53566.0,0.7142153978676432,high_c,0.8831039392437525,0.05398817798136575,0.14617079102805236
GO:0006409,tRNA export from nucleus,biological_process,20,6011,0.795562265,0.7859632289632339,0.047137372725755355,62734.0,0.7155431074636771,high_c,0.883487080054725,0.0537997971498224,0.1453641973064903
GO:0006111,regulation of gluconeogenesis,biological_process,19,6011,0.800012825263158,0.7859632289632339,-0.04838029653573184,54170.0,0.7154182562313101,low_c,0.883487080054725,0.0537997971498224,0.14543998160477967
GO:0016278,lysine N-methyltransferase activity,molecular_function,24,6011,0.8038460279166667,0.7859632289632339,0.042814988029619805,74920.0,0.7169917642359278,high_c,0.884018254768161,0.05353876681585782,0.1444858328502375
GO:0016279,protein-lysine N-methyltransferase activity,molecular_function,24,6011,0.8038460279166667,0.7859632289632339,0.042814988029619805,74920.0,0.7169917642359278,high_c,0.884018254768161,0.05353876681585782,0.1444858328502375
GO:0030100,regulation of endocytosis,biological_process,31,6011,0.7858167383870968,0.7859632289632339,-0.037501348581292504,89214.0,0.7183728690567843,low_c,0.8850924774184369,0.05301135039335856,0.14365007812447522
GO:0030136,clathrin-coated vesicle,cellular_component,16,6011,0.8208848375,0.7859632289632339,0.05181401167639699,50445.0,0.7200455031730684,high_c,0.8865241088712389,0.05230944933844637,0.14264005752353962
GO:0071709,membrane assembly,biological_process,22,6011,0.8068482413636363,0.7859632289632339,0.04398973876349066,68777.0,0.7213699154131437,high_c,0.887525282180877,0.051819266717650095,0.1418419738037754
GO:0007010,cytoskeleton organization,biological_process,193,6011,0.7956614318134715,0.7859632289632339,-0.015031072052607897,552998.0,0.7220057280365675,low_c,0.8876784305038817,0.05174433281425249,0.14145935693894057
GO:0032006,regulation of TOR signaling,biological_process,40,6011,0.79902584875,0.7859632289632339,-0.03250711773572268,115538.0,0.7227127498274843,low_c,0.887918849044949,0.05162672456200583,0.14103428355392036
GO:0019783,ubiquitin-like protein peptidase activity,molecular_function,26,6011,0.788031435,0.7859632289632339,-0.03971467129361861,74715.0,0.7264097303284176,low_c,0.8918297679279582,0.04971803565193271,0.13881834703152518
GO:1902475,L-alpha-amino acid transmembrane transport,biological_process,25,6011,0.8205849128,0.7859632289632339,0.04022719679251585,77835.0,0.7281662412970419,high_c,0.892175145972184,0.04954987941034053,0.13776945937387114
GO:0080025,"phosphatidylinositol-3,5-bisphosphate binding",molecular_function,15,6011,0.7893727886666666,0.7859632289632339,0.05187903046475428,47303.0,0.7282328236420418,high_c,0.892175145972184,0.04954987941034053,0.13772975000335327
GO:0003712,transcription coregulator activity,molecular_function,96,6011,0.8035438797916666,0.7859632289632339,-0.02067307692307696,278050.5,0.7278684587748876,low_c,0.892175145972184,0.04954987941034053,0.13794709979408304
GO:0043467,regulation of generation of precursor metabolites and energy,biological_process,30,6011,0.8062833926666665,0.7859632289632339,0.03623697263556824,92966.0,0.731723409536082,high_c,0.8946757456505279,0.04833433607004104,0.13565305065238603
GO:0140297,DNA-binding transcription factor binding,molecular_function,47,6011,0.8092694374468085,0.7859632289632339,-0.028864677426259644,136108.5,0.7328507547897757,low_c,0.8946757456505279,0.04833433607004104,0.13498446051676666
GO:0040029,epigenetic regulation of gene expression,biological_process,144,6011,0.8085298816666666,0.7859632289632339,0.016630210404711798,429449.0,0.7327765883487527,high_c,0.8946757456505279,0.04833433607004104,0.13502841449491393
GO:0002183,cytoplasmic translational initiation,biological_process,16,6011,0.80169919625,0.7859632289632339,0.049708090075062605,50344.0,0.730975363385375,high_c,0.8946757456505279,0.04833433607004104,0.13609726015033352
GO:0051017,actin filament bundle assembly,biological_process,16,6011,0.78321209375,0.7859632289632339,0.04945788156797337,50332.0,0.7322776488399603,high_c,0.8946757456505279,0.04833433607004104,0.13532422154198281
GO:1990822,basic amino acid transmembrane transport,biological_process,18,6011,0.7911701927777778,0.7859632289632339,0.04592394831006552,56414.0,0.7362156373114221,high_c,0.8981520353988959,0.046650141566552415,0.13299496232274116
GO:0006972,hyperosmotic response,biological_process,32,6011,0.78919528375,0.7859632289632339,-0.03416123097507939,92396.0,0.7385762233507909,low_c,0.9003991037478742,0.04556494596554954,0.13160467750518506
GO:0000288,"nuclear-transcribed mRNA catabolic process, deadenylation-dependent decay",biological_process,16,6011,0.815377885625,0.7859632289632339,-0.04797748123436196,45659.0,0.7399985065607741,low_c,0.9014999350101782,0.04503430025020042,0.13076915674614453
GO:0072663,establishment of protein localization to peroxisome,biological_process,21,6011,0.7908461714285716,0.7859632289632339,-0.04140233722871456,60291.0,0.7429448856595127,low_c,0.9026128360965807,0.044498494651153984,0.129043402580945
GO:0008170,N-methyltransferase activity,molecular_function,44,6011,0.7906308263636365,0.7859632289632339,-0.02881758764111708,127491.0,0.7415481806920525,low_c,0.9026128360965807,0.044498494651153984,0.12986062625541103
GO:0051129,negative regulation of cellular component organization,biological_process,119,6011,0.7847118675630251,0.7859632289632339,-0.01753124875204659,344428.0,0.7429917873168282,low_c,0.9026128360965807,0.044498494651153984,0.12901598670065687
GO:0072662,protein localization to peroxisome,biological_process,21,6011,0.7908461714285716,0.7859632289632339,-0.04140233722871456,60291.0,0.7429448856595127,low_c,0.9026128360965807,0.044498494651153984,0.129043402580945
GO:0030662,coated vesicle membrane,cellular_component,38,6011,0.8128653902631581,0.7859632289632339,0.03058500092521621,116958.0,0.7448400343147905,high_c,0.9042253843150184,0.043723305183613705,0.127936988559025
GO:0007032,endosome organization,biological_process,22,6011,0.7937700804545454,0.7859632289632339,-0.04004310933681443,63241.0,0.7454631239785399,low_c,0.9043493942884313,0.04366374795891308,0.1275738350396098
GO:1904669,ATP export,biological_process,17,6011,0.8062729947058823,0.7859632289632339,0.04512355492747644,53248.0,0.7476846054715465,high_c,0.9043600008301419,0.043658654423655865,0.12628156121180245
GO:0030968,endoplasmic reticulum unfolded protein response,biological_process,19,6011,0.7980707236842105,0.7859632289632339,-0.042811467922141855,54487.0,0.7469866669499772,low_c,0.9043600008301419,0.043658654423655865,0.12668714988704957
GO:0030036,actin cytoskeleton organization,biological_process,86,6011,0.7880732783720931,0.7859632289632339,-0.020107938376999313,249652.0,0.7485100780892393,low_c,0.9043600008301419,0.043658654423655865,0.1258023478538892
GO:0000056,ribosomal small subunit export from nucleus,biological_process,15,6011,0.8079304006666668,0.7859632289632339,-0.04829886591060706,42798.0,0.7463221100808377,low_c,0.9043600008301419,0.043658654423655865,0.1270736920472114
GO:0044843,cell cycle G1/S phase transition,biological_process,61,6011,0.8003397390163934,0.7859632289632339,-0.023948202231712346,177129.0,0.7472607426090213,low_c,0.9043600008301419,0.043658654423655865,0.1265278328329657
GO:0000082,G1/S transition of mitotic cell cycle,biological_process,60,6011,0.7997230346666667,0.7859632289632339,-0.02401277096286336,174243.0,0.7485975352493743,low_c,0.9043600008301419,0.043658654423655865,0.12575160712990333
GO:0000785,chromatin,cellular_component,176,6011,0.8024962510795455,0.7859632289632339,0.014109605047908369,520725.0,0.7494355462232796,high_c,0.904742773465656,0.04347487708577337,0.12526571187938268
GO:0043162,ubiquitin-dependent protein catabolic process via the multivesicular body sorting pathway,biological_process,21,6011,0.7917274057142857,0.7859632289632339,-0.04005087844820732,60376.0,0.7510547984837895,low_c,0.9058601804919318,0.04293883049852933,0.12432837483217601
GO:0007264,small GTPase-mediated signal transduction,biological_process,48,6011,0.7989513712499999,0.7859632289632339,-0.026510704902453996,139318.0,0.7514047580117407,low_c,0.9058601804919318,0.04293883049852933,0.12412605924375279
GO:0051028,mRNA transport,biological_process,62,6011,0.789397950967742,0.7859632289632339,-0.02322971060465573,180135.0,0.7526781948235617,low_c,0.9061253082152577,0.04281173951598083,0.12339066534605699
GO:0008081,phosphoric diester hydrolase activity,molecular_function,19,6011,0.8017044036842107,0.7859632289632339,-0.0418101328086572,54544.0,0.7527101084836858,low_c,0.9061253082152577,0.04281173951598083,0.12337225159000366
GO:0016197,endosomal transport,biological_process,126,6011,0.8027652930952381,0.7859632289632339,-0.016347722889778926,364694.0,0.7531905643747794,low_c,0.9061253082152577,0.04281173951598083,0.12309512926295968
GO:0045943,positive regulation of transcription by RNA polymerase I,biological_process,33,6011,0.8004447727272728,0.7859632289632339,0.03162099415026809,101756.0,0.7537612773671677,high_c,0.9061839179428001,0.04278364951798382,0.12276617712483667
GO:0022618,protein-RNA complex assembly,biological_process,184,6011,0.8003242534239131,0.7859632289632339,0.013478298177151293,543309.5,0.7552408337724308,high_c,0.906736284382959,0.042519004991363255,0.12191453697981995
GO:0042138,meiotic DNA double-strand break formation,biological_process,18,6011,0.8065424844444445,0.7859632289632339,-0.042494020802046784,51645.0,0.7552653613005522,low_c,0.906736284382959,0.042519004991363255,0.12190043287332433
GO:0006260,DNA replication,biological_process,78,6011,0.8043964192307691,0.7859632289632339,-0.02039440418001015,226668.0,0.7566483740114789,low_c,0.9071419732623808,0.04232473788010855,0.12110589685945355
GO:0006417,regulation of translation,biological_process,145,6011,0.7999683985517242,0.7859632289632339,-0.015045204980189797,418886.5,0.756610538305492,low_c,0.9071419732623808,0.04232473788010855,0.12112761401333742
GO:0015919,peroxisomal membrane transport,biological_process,24,6011,0.79670254375,0.7859632289632339,-0.03630087411614058,69236.0,0.7585974552048699,low_c,0.9072894345216895,0.04225414649695838,0.1199886185174048
GO:0007530,sex determination,biological_process,16,6011,0.802547568125,0.7859632289632339,-0.04424520433694745,45838.0,0.7595788072435272,low_c,0.9072894345216895,0.04225414649695838,0.11942716087234062
GO:0043574,peroxisomal transport,biological_process,24,6011,0.79670254375,0.7859632289632339,-0.03630087411614058,69236.0,0.7585974552048699,low_c,0.9072894345216895,0.04225414649695838,0.1199886185174048
GO:0043244,regulation of protein-containing complex disassembly,biological_process,34,6011,0.7836681364705882,0.7859632289632339,0.030509108445118116,104709.0,0.7587070378511382,high_c,0.9072894345216895,0.04225414649695838,0.11992588735317607
GO:0007531,mating type determination,biological_process,16,6011,0.802547568125,0.7859632289632339,-0.04424520433694745,45838.0,0.7595788072435272,low_c,0.9072894345216895,0.04225414649695838,0.11942716087234062
GO:0008287,protein serine/threonine phosphatase complex,cellular_component,27,6011,0.804566147037037,0.7859632289632339,-0.03404139433551201,78034.0,0.7599071646281892,low_c,0.9072894345216895,0.04225414649695838,0.11923946081441249
GO:0140463,chromatin-protein adaptor activity,molecular_function,23,6011,0.8184758991304347,0.7859632289632339,0.03678371235224076,71395.0,0.7604592375178679,high_c,0.9073245610522466,0.042237332719010624,0.11892406023755764
GO:0005319,lipid carrier activity,molecular_function,43,6011,0.8119669125581396,0.7859632289632339,0.026864205997880086,131759.0,0.7611613787208387,high_c,0.9075385669363846,0.042134910036469554,0.11852325589992427
GO:0005546,"phosphatidylinositol-4,5-bisphosphate binding",molecular_function,17,6011,0.7733622494117647,0.7859632289632339,-0.04229719915994423,48794.0,0.7630028190708354,low_c,0.9088429785999197,0.041511143640713205,0.11747385745187419
GO:0016925,protein sumoylation,biological_process,15,6011,0.8240935246666667,0.7859632289632339,0.04496330887258182,46992.0,0.7633024555291953,high_c,0.9088429785999197,0.041511143640713205,0.11730334049923044
GO:0031577,spindle checkpoint signaling,biological_process,38,6011,0.803757820263158,0.7859632289632339,-0.02793271476028092,110317.0,0.7662955193537587,low_c,0.9117813718972756,0.04010928487463883,0.11560371382166029
GO:0071826,protein-RNA complex organization,biological_process,193,6011,0.800052242953368,0.7859632289632339,0.012495613933531269,568452.5,0.7674113637308775,high_c,0.9124836489293174,0.03977490905602945,0.1149717741120655
GO:0045814,"negative regulation of gene expression, epigenetic",biological_process,129,6011,0.8036363743410854,0.7859632289632339,-0.01486073660543663,373751.0,0.7724731492536052,low_c,0.912875008239795,0.039588682430463436,0.11211660748068007
GO:0032182,ubiquitin-like protein binding,molecular_function,55,6011,0.821156828,0.7859632289632339,0.023017278222113635,167560.0,0.7685721961298986,high_c,0.912875008239795,0.039588682430463436,0.11431533062599196
GO:0006906,vesicle fusion,biological_process,39,6011,0.8203152812820513,0.7859632289632339,0.027006371614543,119599.0,0.77097569718535,high_c,0.912875008239795,0.039588682430463436,0.11295931163081604
GO:0007155,cell adhesion,biological_process,16,6011,0.8245349418750001,0.7859632289632339,0.04207673060884076,49978.0,0.7710271780973288,high_c,0.912875008239795,0.039588682430463436,0.11293031314272962
GO:0030466,silent mating-type cassette heterochromatin formation,biological_process,46,6011,0.8020139921739128,0.7859632289632339,-0.02471664419257258,133804.0,0.7724474612013567,low_c,0.912875008239795,0.039588682430463436,0.11213104987890808
GO:0070828,heterochromatin organization,biological_process,129,6011,0.8036363743410854,0.7859632289632339,-0.01486073660543663,373751.0,0.7724731492536052,low_c,0.912875008239795,0.039588682430463436,0.11211660748068007
GO:0032881,regulation of polysaccharide metabolic process,biological_process,20,6011,0.8059044815,0.7859632289632339,0.03757302620597569,62161.0,0.7714596595630093,high_c,0.912875008239795,0.039588682430463436,0.11268677872232943
GO:0006289,nucleotide-excision repair,biological_process,60,6011,0.8094328551666669,0.7859632289632339,0.02202430963983648,182462.0,0.7687985142994602,high_c,0.912875008239795,0.039588682430463436,0.1141874646113238
GO:0031507,heterochromatin formation,biological_process,129,6011,0.8036363743410854,0.7859632289632339,-0.01486073660543663,373751.0,0.7724731492536052,low_c,0.912875008239795,0.039588682430463436,0.11211660748068007
GO:0007052,mitotic spindle organization,biological_process,26,6011,0.8020861103846154,0.7859632289632339,-0.03264571685624318,75265.0,0.7736419325931877,low_c,0.9133299436899022,0.03937230369435055,0.11145999885229153
GO:0098798,mitochondrial protein-containing complex,cellular_component,148,6011,0.8135945905405404,0.7859632289632339,0.01380623331842834,439852.0,0.7739103382303261,high_c,0.9133299436899022,0.03937230369435055,0.11130935180729354
GO:0072344,rescue of stalled cytosolic ribosome,biological_process,19,6011,0.8368623168421054,0.7859632289632339,0.037523715831635274,59060.0,0.7773608003388097,high_c,0.9149763435006213,0.03859013437066063,0.10937736314619356
GO:0034198,cellular response to amino acid starvation,biological_process,22,6011,0.8205314531818181,0.7859632289632339,0.035033925833725554,68187.0,0.7764023573378269,high_c,0.9149763435006213,0.03859013437066063,0.10991315466278866
GO:1990928,response to amino acid starvation,biological_process,22,6011,0.8205314531818181,0.7859632289632339,0.035033925833725554,68187.0,0.7764023573378269,high_c,0.9149763435006213,0.03859013437066063,0.10991315466278866
GO:0005811,lipid droplet,cellular_component,66,6011,0.8075127096969699,0.7859632289632339,0.020205418355123905,200149.0,0.7774136559121063,high_c,0.9149763435006213,0.03859013437066063,0.10934783489695188
GO:0008649,rRNA methyltransferase activity,molecular_function,15,6011,0.7796920753333335,0.7859632289632339,-0.04180564820991772,43090.0,0.7794829487362986,low_c,0.9161695321639908,0.03802415507583964,0.10819338060436322
GO:0045047,protein targeting to ER,biological_process,24,6011,0.8076054916666665,0.7859632289632339,0.03311341239351928,74223.0,0.7792221250070701,high_c,0.9161695321639908,0.03802415507583964,0.10833872472278401
GO:0140993,histone modifying activity,molecular_function,60,6011,0.7909592570000001,0.7859632289632339,-0.02066879516047726,174840.0,0.7826608083579736,low_c,0.9192822485178905,0.03655112609580176,0.10642641287746794
GO:0016071,mRNA metabolic process,biological_process,282,6011,0.811690855070922,0.7859632289632339,0.009550142425806651,815503.5,0.7862818143431327,high_c,0.9216927388654976,0.03541383388697451,0.1044217688736848
GO:0120114,Sm-like protein family complex,cellular_component,58,6011,0.8071018360344827,0.7859632289632339,-0.020517038641774343,169095.0,0.7877226440241436,low_c,0.9216927388654976,0.03541383388697451,0.10362667003990696
GO:0031201,SNARE complex,cellular_component,26,6011,0.8192377715384614,0.7859632289632339,0.030537883169462043,80181.0,0.7878986316108285,high_c,0.9216927388654976,0.03541383388697451,0.1035296537844394
GO:1902905,positive regulation of supramolecular fiber organization,biological_process,29,6011,0.7937520931034483,0.7859632289632339,-0.029087261785356033,84216.0,0.786716755807645,low_c,0.9216927388654976,0.03541383388697451,0.10418159995505137
GO:1902903,regulation of supramolecular fiber organization,biological_process,65,6011,0.7812646441538462,0.7859632289632339,-0.019586535227302138,189460.0,0.7856453203940371,low_c,0.9216927388654976,0.03541383388697451,0.10477347197601766
GO:0006893,Golgi to plasma membrane transport,biological_process,35,6011,0.8103094065714285,0.7859632289632339,-0.02636259323006307,101823.0,0.7877162642470859,low_c,0.9216927388654976,0.03541383388697451,0.10363018741142474
GO:0016410,N-acyltransferase activity,molecular_function,46,6011,0.7978955823913045,0.7859632289632339,-0.022887131455227916,134055.0,0.788878468666554,low_c,0.9222175229664227,0.035166630050547654,0.10298989723778958
GO:0016251,RNA polymerase II general transcription initiation factor activity,molecular_function,21,6011,0.788795551904762,0.7859632289632339,-0.033643373877096705,60779.0,0.7898664945623839,low_c,0.922751167268034,0.03491539675517662,0.10244630817109324
GO:1902806,regulation of cell cycle G1/S phase transition,biological_process,26,6011,0.8108150469230768,0.7859632289632339,0.030049482681061557,80143.0,0.7912123717741976,high_c,0.9237018677874963,0.03446817820350853,0.10170693052202742
GO:0042147,"retrograde transport, endosome to Golgi",biological_process,54,6011,0.8124772138888888,0.7859632289632339,-0.020666629362281586,157515.0,0.7934772666801145,low_c,0.9238608551017296,0.03439343398770559,0.10046551137518411
GO:0097346,INO80-type complex,cellular_component,27,6011,0.8059903433333333,0.7859632289632339,0.029213705684293823,83144.0,0.7931250077559409,high_c,0.9238608551017296,0.03439343398770559,0.1006583563142699
GO:0016073,snRNA metabolic process,biological_process,31,6011,0.823445852580645,0.7859632289632339,0.02733843996116092,95224.0,0.7926369782991457,high_c,0.9238608551017296,0.03439343398770559,0.10092567071409503
GO:0000967,rRNA 5'-end processing,biological_process,37,6011,0.7933865008108109,0.7859632289632339,-0.025027370859309284,107753.0,0.7927066162292788,low_c,0.9238608551017296,0.03439343398770559,0.10088751700544558
GO:0071782,endoplasmic reticulum tubular network,cellular_component,35,6011,0.8051344694285715,0.7859632289632339,0.025387263339070598,107235.0,0.7953936297696445,high_c,0.9248515346819175,0.033927978443002084,0.0994178915584498
GO:0098827,endoplasmic reticulum subcompartment,cellular_component,35,6011,0.8051344694285715,0.7859632289632339,0.025387263339070598,107235.0,0.7953936297696445,high_c,0.9248515346819175,0.033927978443002084,0.0994178915584498
GO:0055088,lipid homeostasis,biological_process,46,6011,0.8021002913043478,0.7859632289632339,0.022005175115711317,140214.0,0.796833567967605,high_c,0.9252007073853965,0.03376404385055694,0.09863237880621303
GO:0140006,histone H3 reader activity,molecular_function,18,6011,0.8015112027777778,0.7859632289632339,-0.0350594211765578,52046.0,0.7970570848101997,low_c,0.9252007073853965,0.03376404385055694,0.09851057354709007
GO:0019207,kinase regulator activity,molecular_function,70,6011,0.7970359317142858,0.7859632289632339,-0.017832495731839315,204227.0,0.797292775488798,low_c,0.9252007073853965,0.03376404385055694,0.09838217116258745
GO:0046889,positive regulation of lipid biosynthetic process,biological_process,16,6011,0.8056363556249999,0.7859632289632339,-0.0358006672226856,46243.0,0.8044352111383337,low_c,0.9261201067166889,0.03333268685826271,0.09450892804496262
GO:0045926,negative regulation of growth,biological_process,17,6011,0.8237925535294117,0.7859632289632339,0.0354864668590158,52757.0,0.8002879783846812,high_c,0.9261201067166889,0.03333268685826271,0.09675370686014577
GO:0060258,negative regulation of filamentous growth,biological_process,17,6011,0.8237925535294117,0.7859632289632339,0.0354864668590158,52757.0,0.8002879783846812,high_c,0.9261201067166889,0.03333268685826271,0.09675370686014577
GO:0071004,U2-type prespliceosome,cellular_component,30,6011,0.8142111723333334,0.7859632289632339,0.0260937412918687,92056.0,0.8050203001356472,high_c,0.9261201067166889,0.03333268685826271,0.09419316792314597
GO:0051539,"4 iron, 4 sulfur cluster binding",molecular_function,17,6011,0.8106431164705882,0.7859632289632339,0.034701368034701474,52717.0,0.8046171728104451,high_c,0.9261201067166889,0.03333268685826271,0.09441070259097362
GO:0051668,localization within membrane,biological_process,194,6011,0.8086479263917523,0.7859632289632339,0.010582207500589247,570220.0,0.8017391515072116,high_c,0.9261201067166889,0.03333268685826271,0.09596690788524757
GO:0140566,histone reader activity,molecular_function,21,6011,0.8155982719047618,0.7859632289632339,0.03198982431035846,64907.0,0.7999719738884956,high_c,0.9261201067166889,0.03333268685826271,0.09692522775653382
GO:0051656,establishment of organelle localization,biological_process,112,6011,0.8030202801785714,0.7859632289632339,0.01370086939674997,334870.0,0.803560192213203,high_c,0.9261201067166889,0.03333268685826271,0.09498158602329146
GO:0098552,side of membrane,cellular_component,36,6011,0.8074223555555556,0.7859632289632339,-0.024551371455137194,104909.5,0.7992554320800078,low_c,0.9261201067166889,0.03333268685826271,0.09731440339614827
GO:0006109,regulation of carbohydrate metabolic process,biological_process,54,6011,0.7954263774074076,0.7859632289632339,-0.01953506301332386,157697.0,0.8045511364713822,low_c,0.9261201067166889,0.03333268685826271,0.09444634736164276
GO:0071010,prespliceosome,cellular_component,30,6011,0.8142111723333334,0.7859632289632339,0.0260937412918687,92056.0,0.8050203001356472,high_c,0.9261201067166889,0.03333268685826271,0.09419316792314597
GO:0061013,regulation of mRNA catabolic process,biological_process,52,6011,0.7934019600000001,0.7859632289632339,-0.02013760698103706,151814.0,0.8023032454358471,low_c,0.9261201067166889,0.03333268685826271,0.0956614510082379
GO:0006405,RNA export from nucleus,biological_process,74,6011,0.794855560945946,0.7859632289632339,0.016961883561176228,223395.0,0.8017280309613501,high_c,0.9261201067166889,0.03333268685826271,0.09597293182107398
GO:0070651,nonfunctional rRNA decay,biological_process,21,6011,0.8040750976190475,0.7859632289632339,0.03067016455998095,64824.0,0.808061110579728,high_c,0.9283878808513618,0.03227053744676631,0.09255579394821403
GO:0032456,endocytic recycling,biological_process,22,6011,0.8245535027272727,0.7859632289632339,0.030024742330636567,67857.0,0.8077005107826297,high_c,0.9283878808513618,0.03227053744676631,0.09274964247461141
GO:0010962,regulation of glucan biosynthetic process,biological_process,16,6011,0.7975118525,0.7859632289632339,0.034716430358632255,49625.0,0.8102449375830636,high_c,0.9296663659247841,0.03167288094543171,0.0913836737627181
GO:0032885,regulation of polysaccharide biosynthetic process,biological_process,16,6011,0.7975118525,0.7859632289632339,0.034716430358632255,49625.0,0.8102449375830636,high_c,0.9296663659247841,0.03167288094543171,0.0913836737627181
GO:0042273,ribosomal large subunit biogenesis,biological_process,60,6011,0.8030745061666666,0.7859632289632339,0.01767770122668466,181686.0,0.8134888630213354,high_c,0.9327719063441469,0.030224542670232803,0.08964838834665198
GO:0140102,"catalytic activity, acting on a rRNA",molecular_function,17,6011,0.7837251823529412,0.7859632289632339,-0.03293489567999375,49271.0,0.8143796016702278,low_c,0.9331768900986902,0.030036024943534592,0.08917311294568392
GO:0034087,establishment of mitotic sister chromatid cohesion,biological_process,20,6011,0.8070478804999999,0.7859632289632339,0.03001168419295608,61708.0,0.8165390952067612,high_c,0.9350342145639429,0.029172497229668755,0.08802301677410712
GO:0008301,"DNA binding, bending",molecular_function,22,6011,0.8130817986363635,0.7859632289632339,-0.028461269903914732,64004.0,0.8175352893822136,low_c,0.9355003798320043,0.028956031831624908,0.08749349169130576
GO:0000742,karyogamy involved in conjugation with cellular fusion,biological_process,15,6011,0.82902926,0.7859632289632339,0.03435623749166106,46515.0,0.8180239496457272,high_c,0.9355003798320043,0.028956031831624908,0.08723398111263647
GO:0051174,regulation of phosphorus metabolic process,biological_process,70,6011,0.805100688,0.7859632289632339,0.015891985476230497,211239.5,0.8189480387803185,high_c,0.9359406157489354,0.02875170582462074,0.08674365280230746
GO:0031965,nuclear membrane,cellular_component,93,6011,0.8021098966666667,0.7859632289632339,-0.013548968519588533,271458.5,0.822363544874727,low_c,0.937122322618756,0.028203716933945012,0.08493615006409327
GO:0072599,establishment of protein localization to endoplasmic reticulum,biological_process,27,6011,0.8048705703703705,0.7859632289632339,0.02511635967518311,82813.0,0.8216178165751223,high_c,0.937122322618756,0.028203716933945012,0.08533015174236652
GO:0008234,cysteine-type peptidase activity,molecular_function,31,6011,0.8008986535483871,0.7859632289632339,0.023432948538137932,94862.0,0.8217263910897374,high_c,0.937122322618756,0.028203716933945012,0.08527276472335815
GO:0065008,regulation of biological quality,biological_process,245,6011,0.7927921988163265,0.7859632289632339,-0.008510126214897995,700324.0,0.8212568860215723,low_c,0.937122322618756,0.028203716933945012,0.08552097597263945
GO:0006607,NLS-bearing protein import into nucleus,biological_process,16,6011,0.786864965625,0.7859632289632339,-0.032402001668056735,46406.0,0.8226811173219954,low_c,0.937122322618756,0.028203716933945012,0.08476847077083645
GO:0044089,positive regulation of cellular component biogenesis,biological_process,70,6011,0.7993574785714285,0.7859632289632339,0.01529324067617277,211115.0,0.8256585847394162,high_c,0.9392813257586019,0.027204311966214513,0.08319949918782593
GO:0071174,mitotic spindle checkpoint signaling,biological_process,37,6011,0.8042513894594595,0.7859632289632339,-0.021009962087966794,108197.0,0.8253996110116231,low_c,0.9392813257586019,0.027204311966214513,0.08333574012972646
GO:0030071,regulation of mitotic metaphase/anaphase transition,biological_process,37,6011,0.8032301816216216,0.7859632289632339,0.02083804594685068,112822.0,0.826805851918313,high_c,0.9399705035561174,0.02688577442562491,0.0825964582096768
GO:0051493,regulation of cytoskeleton organization,biological_process,95,6011,0.7890377644210527,0.7859632289632339,-0.013010213159673989,277354.0,0.8275481447633505,low_c,0.9401986775583615,0.02678036400663685,0.0822067306074388
GO:0043332,mating projection tip,cellular_component,119,6011,0.8019060089075629,0.7859632289632339,0.011438383907534488,354584.0,0.8306036372912485,high_c,0.9418209760533034,0.026031641263486012,0.08060617140569809
GO:0006406,mRNA export from nucleus,biological_process,61,6011,0.7902915518032787,0.7859632289632339,-0.015925058548009408,178585.0,0.8303291760304812,low_c,0.9418209760533034,0.026031641263486012,0.08074970160893855
GO:0061629,RNA polymerase II-specific DNA-binding transcription factor binding,molecular_function,41,6011,0.8164650882926828,0.7859632289632339,-0.0193855456142501,120012.5,0.8303921493585904,low_c,0.9418209760533034,0.026031641263486012,0.080716765355878
GO:0070129,regulation of mitochondrial translation,biological_process,19,6011,0.8054562410526316,0.7859632289632339,-0.0282833251352681,55314.0,0.831239026876,low_c,0.9419262080004804,0.025983119195967255,0.0802740747398552
GO:1903241,U2-type prespliceosome assembly,biological_process,22,6011,0.8020682595454545,0.7859632289632339,-0.026017395528165288,64165.0,0.8329652400160876,low_c,0.9431605318362518,0.02541438132726418,0.07937312150339539
GO:0044772,mitotic cell cycle phase transition,biological_process,93,6011,0.80688812827957,0.7859632289632339,0.012693186814784152,278680.0,0.8334148939152133,high_c,0.9431605318362518,0.02541438132726418,0.07913874255477513
GO:1905897,regulation of response to endoplasmic reticulum stress,biological_process,19,6011,0.8101160752631579,0.7859632289632339,-0.027791441219872093,55342.0,0.8341318702989796,low_c,0.9433569555954584,0.025323944047339984,0.0787652850746078
GO:0044770,cell cycle phase transition,biological_process,94,6011,0.8072121056382979,0.7859632289632339,0.012348120633299597,281533.0,0.8370366594681932,high_c,0.9449338736710514,0.024598582289254066,0.07725552091223972
GO:0030663,COPI-coated vesicle membrane,cellular_component,17,6011,0.7976255999999999,0.7859632289632339,-0.028832754322950405,49480.0,0.837159157664791,low_c,0.9449338736710514,0.024598582289254066,0.07719196766431491
GO:0008092,cytoskeletal protein binding,molecular_function,112,6011,0.8061875365178571,0.7859632289632339,0.011333640084275842,334088.0,0.8369784568239484,high_c,0.9449338736710514,0.024598582289254066,0.07728572026586782
GO:0030174,regulation of DNA-templated DNA replication initiation,biological_process,28,6011,0.7770833146428572,0.7859632289632339,-0.02238485231966758,81887.0,0.8378763966218702,low_c,0.9451289308223305,0.024508942680923983,0.07682004368991838
GO:0007008,outer mitochondrial membrane organization,biological_process,17,6011,0.8189101294117647,0.7859632289632339,0.02830281261653811,52391.0,0.8401123859959446,high_c,0.9470357805772467,0.023633612323333237,0.07566261232734328
GO:0070550,rDNA chromatin condensation,biological_process,16,6011,0.7955337362499999,0.7859632289632339,0.028669724770642224,49335.0,0.8428287183316653,high_c,0.9482505865351724,0.02307687999463136,0.07426067477195619
GO:0097526,spliceosomal tri-snRNP complex,cellular_component,27,6011,0.8168836785185185,0.7859632289632339,-0.02215785304020601,78994.0,0.8423408325859454,low_c,0.9482505865351724,0.02307687999463136,0.07451214631435399
GO:0046540,U4/U6 x U5 tri-snRNP complex,cellular_component,27,6011,0.8168836785185185,0.7859632289632339,-0.02215785304020601,78994.0,0.8423408325859454,low_c,0.9482505865351724,0.02307687999463136,0.07451214631435399
GO:0000463,"maturation of LSU-rRNA from tricistronic rRNA transcript (SSU-rRNA, 5.8S rRNA, LSU-rRNA)",biological_process,43,6011,0.7842774941860466,0.7859632289632339,0.017317164411746466,130534.0,0.8446727661024509,high_c,0.9490950951157636,0.022690271013212582,0.07331150809283224
GO:0015932,nucleobase-containing compound transmembrane transporter activity,molecular_function,30,6011,0.8015486826666667,0.7859632289632339,0.02074346541826899,91576.0,0.8444308979441801,high_c,0.9490950951157636,0.022690271013212582,0.07343588412662921
GO:0140053,mitochondrial gene expression,biological_process,23,6011,0.8173502060869565,0.7859632289632339,0.02348900699950618,70479.5,0.8456557508810254,high_c,0.9495849828780466,0.022466162108191155,0.07280639336635814
GO:0034963,box C/D sno(s)RNA processing,biological_process,16,6011,0.8041831481249999,0.7859632289632339,0.027502085070892468,49279.0,0.849153724228155,high_c,0.9498265884407714,0.02235567740351858,0.07101368132182205
GO:0000727,double-strand break repair via break-induced replication,biological_process,64,6011,0.80531525921875,0.7859632289632339,-0.013856776525979497,187667.0,0.8485818880726084,low_c,0.9498265884407714,0.02235567740351858,0.07130624194727975
GO:0003688,DNA replication origin binding,molecular_function,39,6011,0.7973530102564101,0.7859632289632339,-0.017861129716454593,114374.0,0.8473446225696671,low_c,0.9498265884407714,0.02235567740351858,0.07193992232498071
GO:0000480,"endonucleolytic cleavage in 5'-ETS of tricistronic rRNA transcript (SSU-rRNA, 5.8S rRNA, LSU-rRNA)",biological_process,33,6011,0.7985101018181819,0.7859632289632339,0.01925241035311287,100536.0,0.8485519685000522,high_c,0.9498265884407714,0.02235567740351858,0.07132155471145926
GO:0033967,box C/D sno(s)RNA metabolic process,biological_process,16,6011,0.8041831481249999,0.7859632289632339,0.027502085070892468,49279.0,0.849153724228155,high_c,0.9498265884407714,0.02235567740351858,0.07101368132182205
GO:0032541,cortical endoplasmic reticulum,cellular_component,31,6011,0.8040205096774194,0.7859632289632339,0.019894271226669646,94534.0,0.8482981975603278,high_c,0.9498265884407714,0.02235567740351858,0.07145145577381092
GO:0006303,double-strand break repair via nonhomologous end joining,biological_process,34,6011,0.8008268394117648,0.7859632289632339,-0.01873357675009102,99705.5,0.8504073027245845,low_c,0.9506162765807333,0.021994753928615995,0.0703730190405306
GO:0030660,Golgi-associated vesicle membrane,cellular_component,18,6011,0.8070504088888888,0.7859632289632339,0.025251682518493856,55299.0,0.8530723667466746,high_c,0.9517568307662128,0.02147399756751919,0.06901412575432213
GO:0090329,regulation of DNA-templated DNA replication,biological_process,47,6011,0.7877358514893619,0.7859632289632339,0.015704154002026405,142355.0,0.8526891290804214,high_c,0.9517568307662128,0.02147399756751919,0.06920927379455977
GO:0034475,U4 snRNA 3'-end processing,biological_process,15,6011,0.8028092793333332,0.7859632289632339,-0.027662886368690187,43726.0,0.8530355399535647,low_c,0.9517568307662128,0.02147399756751919,0.06903287447821409
GO:0032107,regulation of response to nutrient levels,biological_process,25,6011,0.8151455435999999,0.7859632289632339,0.02094219846308043,76392.0,0.8564347528640344,high_c,0.9525964449687073,0.021091043581676197,0.06730571798800225
GO:0043570,maintenance of DNA repeat elements,biological_process,26,6011,0.8180154992307691,0.7859632289632339,0.02069275753486277,79415.0,0.8553582679757001,high_c,0.9525964449687073,0.021091043581676197,0.06785194233030663
GO:0032970,regulation of actin filament-based process,biological_process,63,6011,0.7903172442857144,0.7859632289632339,0.013220396878769414,189839.0,0.8565685775323457,high_c,0.9525964449687073,0.021091043581676197,0.06723786135973178
GO:0015865,purine nucleotide transport,biological_process,34,6011,0.8051403197058822,0.7859632289632339,0.01801021563050509,103439.0,0.8561207489585468,high_c,0.9525964449687073,0.021091043581676197,0.0674649772526887
GO:0032956,regulation of actin cytoskeleton organization,biological_process,63,6011,0.7903172442857144,0.7859632289632339,0.013220396878769414,189839.0,0.8565685775323457,high_c,0.9525964449687073,0.021091043581676197,0.06723786135973178
GO:0051223,regulation of protein transport,biological_process,26,6011,0.8060550857692308,0.7859632289632339,0.020422852001799274,79394.0,0.8572250777606325,high_c,0.9527162195854404,0.02103644104199283,0.06690513234118436
GO:0062125,regulation of mitochondrial gene expression,biological_process,21,6011,0.8149820661904761,0.7859632289632339,0.020907862310199476,64210.0,0.8684842497745114,high_c,0.9536297644582871,0.020620202299456644,0.06123805320772069
GO:1902555,endoribonuclease complex,cellular_component,21,6011,0.8069954085714286,0.7859632289632339,0.020955560855393962,64213.0,0.8681868421952538,high_c,0.9536297644582871,0.020620202299456644,0.06138680039699297
GO:0006275,regulation of DNA replication,biological_process,60,6011,0.786382025,0.7859632289632339,-0.01291099535092144,176225.0,0.8632010693775013,low_c,0.9536297644582871,0.020620202299456644,0.06388803029866265
GO:0070461,SAGA-type complex,cellular_component,21,6011,0.8058096704761905,0.7859632289632339,0.02124175212656021,64231.0,0.8664027898577837,high_c,0.9536297644582871,0.020620202299456644,0.06228015793180111
GO:0009967,positive regulation of signal transduction,biological_process,43,6011,0.800850676744186,0.7859632289632339,0.014768688820998799,130207.0,0.8673063018049607,high_c,0.9536297644582871,0.020620202299456644,0.06182749803585569
GO:0097525,spliceosomal snRNP complex,cellular_component,53,6011,0.814723834528302,0.7859632289632339,0.01339565638716289,160002.0,0.8664945821252802,high_c,0.9536297644582871,0.020620202299456644,0.062234148426637215
GO:0010647,positive regulation of cell communication,biological_process,43,6011,0.800850676744186,0.7859632289632339,0.014768688820998799,130207.0,0.8673063018049607,high_c,0.9536297644582871,0.020620202299456644,0.06182749803585569
GO:0031491,nucleosome binding,molecular_function,31,6011,0.7993465032258066,0.7859632289632339,0.018232819074333717,94380.0,0.8608356725408775,high_c,0.9536297644582871,0.020620202299456644,0.06507974438835491
GO:0061572,actin filament bundle organization,biological_process,18,6011,0.7840994333333334,0.7859632289632339,0.022693141998998856,55161.0,0.8678200423395745,high_c,0.9536297644582871,0.020620202299456644,0.061570324042059185
GO:0000122,negative regulation of transcription by RNA polymerase II,biological_process,155,6011,0.8062226430322581,0.7859632289632339,-0.007930107526881724,450241.0,0.8659955869576321,low_c,0.9536297644582871,0.020620202299456644,0.062484321106016046
GO:0004540,RNA nuclease activity,molecular_function,56,6011,0.8103659658928571,0.7859632289632339,-0.012876334412858292,164593.0,0.8681060914007935,low_c,0.9536297644582871,0.020620202299456644,0.06142719637372028
GO:0006970,response to osmotic stress,biological_process,88,6011,0.7975449763636363,0.7859632289632339,-0.010774638159409378,257804.0,0.8620732955639652,low_c,0.9536297644582871,0.020620202299456644,0.0644558078345346
GO:0005762,mitochondrial large ribosomal subunit,cellular_component,45,6011,0.8108512086666666,0.7859632289632339,-0.015145081387119563,132202.0,0.8608813641895829,low_c,0.9536297644582871,0.020620202299456644,0.06505669341019395
GO:0090068,positive regulation of cell cycle process,biological_process,87,6011,0.8076054999999999,0.7859632289632339,0.010508587704797234,260402.0,0.8661952706095325,high_c,0.9536297644582871,0.020620202299456644,0.062384191829669935
GO:0061709,reticulophagy,biological_process,26,6011,0.8093385792307692,0.7859632289632339,-0.01989589358010413,76257.0,0.8608720949357984,low_c,0.9536297644582871,0.020620202299456644,0.06506136955676846
GO:0006890,"retrograde vesicle-mediated transport, Golgi to endoplasmic reticulum",biological_process,36,6011,0.8146056169444446,0.7859632289632339,0.016308693630869397,109304.0,0.8658639640542474,high_c,0.9536297644582871,0.020620202299456644,0.06255033465856855
GO:0060627,regulation of vesicle-mediated transport,biological_process,54,6011,0.7984459679629627,0.7859632289632339,-0.013516622212274343,158665.0,0.8640583426941405,low_c,0.9536297644582871,0.020620202299456644,0.06345693222634298
GO:0000315,organellar large ribosomal subunit,cellular_component,45,6011,0.8108512086666666,0.7859632289632339,-0.015145081387119563,132202.0,0.8608813641895829,low_c,0.9536297644582871,0.020620202299456644,0.06505669341019395
GO:0043242,negative regulation of protein-containing complex disassembly,biological_process,17,6011,0.779862765882353,0.7859632289632339,0.02418104378888697,52181.0,0.8631556906282769,high_c,0.9536297644582871,0.020620202299456644,0.06391086189505678
GO:0110156,mRNA methylguanosine-cap decapping,biological_process,21,6011,0.824487412857143,0.7859632289632339,0.020732967644486733,64199.0,0.8695749031427888,high_c,0.9542237875195205,0.020349761263051082,0.06069300294186644
GO:0033045,regulation of sister chromatid segregation,biological_process,43,6011,0.7965178141860464,0.7859632289632339,-0.014417981170895988,126462.0,0.8704299782041716,low_c,0.9545587126736841,0.020197354011012802,0.06026615998913001
GO:0046695,SLIK (SAGA-like) complex,cellular_component,16,6011,0.796991130625,0.7859632289632339,-0.02335279399499579,46840.0,0.8717060180735633,low_c,0.9547518279972907,0.02010950144024152,0.0596299557269443
GO:0032008,positive regulation of TOR signaling,biological_process,15,6011,0.8040739846666667,0.7859632289632339,0.024149432955303585,46056.0,0.8715349195552055,high_c,0.9547518279972907,0.02010950144024152,0.059715207445188496
GO:0000124,SAGA complex,cellular_component,19,6011,0.7964601442105264,0.7859632289632339,-0.020448317054318044,55760.0,0.8775638455771004,low_c,0.9590709893705625,0.01814924564386309,0.05672127739984569
GO:0005935,cellular bud neck,cellular_component,197,6011,0.8052885811167514,0.7859632289632339,-0.0063491065675534974,569043.0,0.8793714522604289,low_c,0.9590709893705625,0.01814924564386309,0.0558276373369738
GO:0031137,regulation of conjugation with cellular fusion,biological_process,35,6011,0.7773055839999999,0.7859632289632339,0.015165423599158512,106166.0,0.8769123428013291,high_c,0.9590709893705625,0.01814924564386309,0.05704381705623036
GO:0005484,SNAP receptor activity,molecular_function,23,6011,0.8096639743478261,0.7859632289632339,-0.01834102988585873,67599.0,0.8791968392206653,low_c,0.9590709893705625,0.01814924564386309,0.05591388190336826
GO:0006354,DNA-templated transcription elongation,biological_process,85,6011,0.8011616705882353,0.7859632289632339,0.009563042226678142,254263.5,0.8795167137545712,high_c,0.9590709893705625,0.01814924564386309,0.0557559030826859
GO:0000932,P-body,cellular_component,57,6011,0.8055621921052633,0.7859632289632339,-0.01169197767680874,167705.0,0.8790963835558685,low_c,0.9590709893705625,0.01814924564386309,0.0559635065511568
GO:0032790,ribosome disassembly,biological_process,22,6011,0.8240483086363636,0.7859632289632339,-0.018974179935943192,64629.0,0.8777750944713791,low_c,0.9590709893705625,0.01814924564386309,0.05661674575932527
GO:0000070,mitotic sister chromatid segregation,biological_process,24,6011,0.80316662875,0.7859632289632339,0.01766327041924165,73113.0,0.8811536319614071,high_c,0.9602527966635296,0.017614419311164302,0.05494836435050589
GO:0140104,molecular carrier activity,molecular_function,107,6011,0.8043102895327101,0.7859632289632339,-0.008367525264037723,313221.0,0.8819199538247763,low_c,0.9604849685318768,0.017509427402748114,0.05457083118312767
GO:0005874,microtubule,cellular_component,44,6011,0.7994197777272727,0.7859632289632339,-0.01282813047518927,129590.0,0.8832995307864548,low_c,0.961384316893596,0.017102966815365286,0.053892000262638476
GO:0048280,vesicle fusion with Golgi apparatus,biological_process,16,6011,0.8186172700000001,0.7859632289632339,0.020788156797331148,48957.0,0.8856989319664127,high_c,0.9627885697518425,0.0164690743205311,0.052713879022521254
GO:0070192,chromosome organization involved in meiotic cell cycle,biological_process,38,6011,0.8150306831578947,0.7859632289632339,0.013569836192691698,115027.0,0.8852094028018604,high_c,0.9627885697518425,0.0164690743205311,0.052953981591510144
GO:0000472,"endonucleolytic cleavage to generate mature 5'-end of SSU-rRNA from (SSU-rRNA, 5.8S rRNA, LSU-rRNA)",biological_process,34,6011,0.7994285032352941,0.7859632289632339,0.013866881870700398,103018.0,0.888983283121455,high_c,0.9651258026240985,0.015416073366588666,0.05110640563987298
GO:1902532,negative regulation of intracellular signal transduction,biological_process,48,6011,0.8038733256250001,0.7859632289632339,-0.011627256973559152,141448.0,0.889516868777971,low_c,0.9651258026240985,0.015416073366588666,0.05084581155113699
GO:1905348,endonuclease complex,cellular_component,23,6011,0.8024249513043479,0.7859632289632339,0.016787197583572944,70018.0,0.8893662831269092,high_c,0.9651258026240985,0.015416073366588666,0.05091933916580477
GO:0000775,"chromosome, centromeric region",cellular_component,45,6011,0.8175698120000002,0.7859632289632339,0.011815100383655519,135821.0,0.8912602192862268,high_c,0.9661652288750232,0.014948596304514037,0.04999547744395139
GO:0045834,positive regulation of lipid metabolic process,biological_process,20,6011,0.805852069,0.7859632289632339,-0.017634785511600692,58853.5,0.8915879589042552,low_c,0.9661652288750232,0.014948596304514037,0.0498358053967683
GO:1900429,negative regulation of filamentous growth of a population of unicellular organisms,biological_process,15,6011,0.8134416273333333,0.7859632289632339,-0.020213475650433632,44061.0,0.8923422093302182,low_c,0.9663793358685332,0.01485236516149657,0.0494685636478248
GO:0006270,DNA replication initiation,biological_process,37,6011,0.8097033981081081,0.7859632289632339,0.01261321582714281,111913.0,0.894651841733396,high_c,0.9664689466391881,0.014812095613602276,0.048345939690730824
GO:0071474,cellular hyperosmotic response,biological_process,23,6011,0.791734191304348,0.7859632289632339,-0.0160030205338213,67760.0,0.8945055545698046,low_c,0.9664689466391881,0.014812095613602276,0.048416958269860685
GO:1905818,regulation of chromosome separation,biological_process,34,6011,0.7991576635294118,0.7859632289632339,-0.013237016406027036,100264.0,0.8939972124031358,low_c,0.9664689466391881,0.014812095613602276,0.048663835387329935
GO:0008298,intracellular mRNA localization,biological_process,19,6011,0.8060867978947368,0.7859632289632339,-0.017848359215796528,55908.0,0.8930375526877075,low_c,0.9664689466391881,0.014812095613602276,0.049130278421478386
GO:0032005,signal transduction involved in positive regulation of conjugation with cellular fusion,biological_process,24,6011,0.7705513399999999,0.7859632289632339,-0.015450141974277631,70734.0,0.8959596210369749,low_c,0.9666786215787373,0.014717885868734609,0.047711562610178115
GO:0000750,pheromone-dependent signal transduction involved in conjugation with cellular fusion,biological_process,24,6011,0.7705513399999999,0.7859632289632339,-0.015450141974277631,70734.0,0.8959596210369749,low_c,0.9666786215787373,0.014717885868734609,0.047711562610178115
GO:0045787,positive regulation of cell cycle,biological_process,89,6011,0.8003842588764044,0.7859632289632339,-0.008002914290267893,261420.0,0.8967599272755105,low_c,0.966941138975333,0.014599962107536684,0.04732380691616005
GO:0051052,regulation of DNA metabolic process,biological_process,147,6011,0.7997071097278912,0.7859632289632339,0.0060973912075061865,433632.0,0.8993873908913408,high_c,0.9681339715289702,0.014064540346714564,0.046053205387932956
GO:0048308,organelle inheritance,biological_process,59,6011,0.8019146566101696,0.7859632289632339,-0.009539593584836914,173909.0,0.8995392258503623,low_c,0.9681339715289702,0.014064540346714564,0.04597989379822614
GO:1901991,negative regulation of mitotic cell cycle phase transition,biological_process,70,6011,0.8147792097142859,0.7859632289632339,0.008848919133382926,209775.0,0.8985930018530951,high_c,0.9681339715289702,0.014064540346714564,0.046436967969144115
GO:0034708,methyltransferase complex,cellular_component,20,6011,0.806417693,0.7859632289632339,-0.016190953096311134,58940.0,0.900419983683477,low_c,0.9684814694389815,0.013908684493024693,0.04555487494744621
GO:2000045,regulation of G1/S transition of mitotic cell cycle,biological_process,24,6011,0.8057216520833332,0.7859632289632339,0.014434051556149408,72881.0,0.9027698163057685,high_c,0.9690741521243528,0.013642990104755294,0.044422969788101424
GO:1905819,negative regulation of chromosome separation,biological_process,23,6011,0.8031437178260868,0.7859632289632339,-0.014507275420405974,67863.0,0.9043203493326333,low_c,0.9690741521243528,0.013642990104755294,0.04367769640259748
GO:0032386,regulation of intracellular transport,biological_process,33,6011,0.7990270700000001,0.7859632289632339,-0.012236787412431394,97430.0,0.9034063472494467,low_c,0.9690741521243528,0.013642990104755294,0.04411686245104013
GO:1902100,negative regulation of metaphase/anaphase transition of cell cycle,biological_process,23,6011,0.8031437178260868,0.7859632289632339,-0.014507275420405974,67863.0,0.9043203493326333,low_c,0.9690741521243528,0.013642990104755294,0.04367769640259748
GO:0051985,negative regulation of chromosome segregation,biological_process,23,6011,0.8031437178260868,0.7859632289632339,-0.014507275420405974,67863.0,0.9043203493326333,low_c,0.9690741521243528,0.013642990104755294,0.04367769640259748
GO:0004521,RNA endonuclease activity,molecular_function,39,6011,0.8127229846153846,0.7859632289632339,0.011163206072784204,117754.0,0.9042455939514797,high_c,0.9690741521243528,0.013642990104755294,0.04371359871477647
GO:0034045,phagophore assembly site membrane,cellular_component,28,6011,0.8263916139285714,0.7859632289632339,0.012750411881282675,84830.0,0.9072383042045518,high_c,0.9716012930901308,0.01251191587026781,0.042278621862225994
GO:0034502,protein localization to chromosome,biological_process,32,6011,0.8045657040625,0.7859632289632339,-0.011550844622846612,94559.0,0.910179132284827,low_c,0.973316386199636,0.011745965028837367,0.04087312580330153
GO:0101005,deubiquitinase activity,molecular_function,23,6011,0.7944640482608696,0.7859632289632339,-0.013563358601260456,67928.0,0.9105217806383692,low_c,0.973316386199636,0.011745965028837367,0.040709660964153946
GO:0004843,cysteine-type deubiquitinase activity,molecular_function,23,6011,0.7944640482608696,0.7859632289632339,-0.013563358601260456,67928.0,0.9105217806383692,low_c,0.973316386199636,0.011745965028837367,0.040709660964153946
GO:1902099,regulation of metaphase/anaphase transition of cell cycle,biological_process,38,6011,0.8021789110526317,0.7859632289632339,0.010441724602817892,114672.0,0.9115544749639897,high_c,0.9738206575615299,0.011521017046413316,0.04021737257199324
GO:0007088,regulation of mitotic nuclear division,biological_process,39,6011,0.8021402094871797,0.7859632289632339,0.00991807924158894,117609.0,0.9148868301080197,high_c,0.9767795430919571,0.01020344449244536,0.0386326240748691
GO:0006369,termination of RNA polymerase II transcription,biological_process,34,6011,0.8047414085294118,0.7859632289632339,-0.01044198840653876,100548.0,0.9162949216444574,low_c,0.9776816127687634,0.009802552502780917,0.03796472040639525
GO:0000149,SNARE binding,molecular_function,33,6011,0.8139233806060606,0.7859632289632339,-0.010452467126940146,97606.0,0.9174423904465578,low_c,0.9783046620486636,0.00952587686670945,0.03742119715400011
GO:0140142,nucleocytoplasmic carrier activity,molecular_function,15,6011,0.8000839206666667,0.7859632289632339,0.014921058483433391,45641.0,0.9204350400681963,high_c,0.9788242066504547,0.00929529893945149,0.036006856519476556
GO:0061695,"transferase complex, transferring phosphorus-containing groups",cellular_component,132,6011,0.8063327062121212,0.7859632289632339,0.005100331431340033,389993.0,0.9200735953858047,high_c,0.9788242066504547,0.00929529893945149,0.036177432663559904
GO:0033617,mitochondrial respiratory chain complex IV assembly,biological_process,28,6011,0.8203309028571429,0.7859632289632339,0.011090948162651326,84691.0,0.9192724826571145,high_c,0.9788242066504547,0.00929529893945149,0.03655573978434113
GO:0008535,respiratory chain complex IV assembly,biological_process,28,6011,0.8203309028571429,0.7859632289632339,0.011090948162651326,84691.0,0.9192724826571145,high_c,0.9788242066504547,0.00929529893945149,0.03655573978434113
GO:0098813,nuclear chromosome segregation,biological_process,46,6011,0.8072770289130433,0.7859632289632339,0.008506140894347425,138362.0,0.9207488072927376,high_c,0.9788242066504547,0.00929529893945149,0.03585883504325644
GO:0004222,metalloendopeptidase activity,molecular_function,18,6011,0.8162964338888891,0.7859632289632339,0.013182045720006696,54648.0,0.9230070044594296,high_c,0.9795976393711997,0.008952270106426258,0.034795003214026725
GO:0032040,small-subunit processome,cellular_component,61,6011,0.8014254875409837,0.7859632289632339,0.007169031547044957,182776.0,0.92316920392355,high_c,0.9795976393711997,0.008952270106426258,0.03471869161159516
GO:0006040,amino sugar metabolic process,biological_process,31,6011,0.8079147316129033,0.7859632289632339,0.01004423346639327,93621.0,0.9230813290301028,high_c,0.9795976393711997,0.008952270106426258,0.03476003332624286
GO:0070646,protein modification by small protein removal,biological_process,31,6011,0.8002979548387096,0.7859632289632339,0.009839249109936388,93602.0,0.9246472147423165,high_c,0.979967988273908,0.00878811078002141,0.03402393419609479
GO:0000278,mitotic cell cycle,biological_process,40,6011,0.8025609890000001,0.7859632289632339,-0.008683637581644588,118383.0,0.9245103360540189,low_c,0.979967988273908,0.00878811078002141,0.034088229051988245
GO:0015868,purine ribonucleotide transport,biological_process,31,6011,0.7975629183870967,0.7859632289632339,-0.00958032150178012,91802.0,0.9266255922855701,low_c,0.9808670903705791,0.00838983648263621,0.03309570927541143
GO:0015867,ATP transport,biological_process,31,6011,0.7975629183870967,0.7859632289632339,-0.00958032150178012,91802.0,0.9266255922855701,low_c,0.9808670903705791,0.00838983648263621,0.03309570927541143
GO:0140678,molecular function inhibitor activity,molecular_function,64,6011,0.7977503184374999,0.7859632289632339,-0.006610475870186594,189046.0,0.9274411624900015,low_c,0.9811321499589535,0.008272492994483236,0.03271363278186312
GO:0031396,regulation of protein ubiquitination,biological_process,18,6011,0.832007515,0.7859632289632339,0.011587592932495339,54562.0,0.932302415506353,high_c,0.9832010629731923,0.0073576605903347475,0.030443190562250855
GO:0010562,positive regulation of phosphorus metabolic process,biological_process,25,6011,0.8086688460000001,0.7859632289632339,0.009849649181423281,75562.0,0.9322152241973207,high_c,0.9832010629731923,0.0073576605903347475,0.03048380879358734
GO:0015215,nucleotide transmembrane transporter activity,molecular_function,19,6011,0.7934674205263157,0.7859632289632339,-0.011102522661794678,56292.0,0.9333613777533531,low_c,0.9832010629731923,0.0073576605903347475,0.029950174069710823
GO:0006403,RNA localization,biological_process,21,6011,0.8116132538095239,0.7859632289632339,0.010763971698863228,63572.0,0.9320889321106995,high_c,0.9832010629731923,0.0073576605903347475,0.03054264893104661
GO:0030029,actin filament-based process,biological_process,98,6011,0.7961245918367348,0.7859632289632339,0.005118434994495047,291220.0,0.9306652047586652,high_c,0.9832010629731923,0.0073576605903347475,0.031206522966687314
GO:0045937,positive regulation of phosphate metabolic process,biological_process,22,6011,0.8065874177272728,0.7859632289632339,0.010610361420179348,66578.0,0.931488357587782,high_c,0.9832010629731923,0.0073576605903347475,0.030822568858968207
GO:0003697,single-stranded DNA binding,molecular_function,69,6011,0.8108139817391304,0.7859632289632339,0.0058634432363084965,206201.0,0.9331893582164855,high_c,0.9832010629731923,0.0073576605903347475,0.030030222401013055
GO:0000245,spliceosomal complex assembly,biological_process,35,6011,0.8112611914285714,0.7859632289632339,-0.008094281889462596,103733.5,0.9341344846737278,low_c,0.9834187176431726,0.007261529936661351,0.029590595132615676
GO:0031578,mitotic spindle orientation checkpoint signaling,biological_process,16,6011,0.81147791,0.7859632289632339,-0.011572143452877381,47405.0,0.9362463217847384,low_c,0.9850446149201855,0.0065440988680242835,0.028609875494591125
GO:0061025,membrane fusion,biological_process,50,6011,0.8136041856,0.7859632289632339,-0.006374769334004382,148075.0,0.9380651962720582,low_c,0.985333180049715,0.0064168925580056725,0.027766976762474117
GO:0051503,adenine nucleotide transport,biological_process,33,6011,0.8025643009090908,0.7859632289632339,0.00781653943246452,99408.0,0.9382233563491814,high_c,0.985333180049715,0.0064168925580056725,0.02769375982703129
GO:0005635,nuclear envelope,cellular_component,111,6011,0.8027897764864864,0.7859632289632339,-0.004357917239273146,326023.0,0.9372293320325644,low_c,0.985333180049715,0.0064168925580056725,0.02815412794901378
GO:0030261,chromosome condensation,biological_process,24,6011,0.7940853029166667,0.7859632289632339,-0.0086854852179723,71220.0,0.9414190158725713,low_c,0.9880915426570639,0.00520281793349821,0.026217033557443432
GO:0005778,peroxisomal membrane,cellular_component,43,6011,0.811913941627907,0.7859632289632339,0.006359498721865364,129128.0,0.9426646788715811,high_c,0.9882040353388072,0.005153376998111493,0.025642765389723217
GO:0031903,microbody membrane,cellular_component,43,6011,0.811913941627907,0.7859632289632339,0.006359498721865364,129128.0,0.9426646788715811,high_c,0.9882040353388072,0.005153376998111493,0.025642765389723217
GO:1903311,regulation of mRNA metabolic process,biological_process,61,6011,0.8019753796721312,0.7859632289632339,0.004562611930017946,182303.0,0.9510679630486255,high_c,0.988513023061525,0.005017604745350406,0.021788447392381484
GO:0007089,traversing start control point of mitotic cell cycle,biological_process,17,6011,0.7985621723529412,0.7859632289632339,0.007536948713419367,51333.0,0.9571949261327325,high_c,0.988513023061525,0.005017604745350406,0.01899961214635249
GO:0004725,protein tyrosine phosphatase activity,molecular_function,17,6011,0.8126138347058823,0.7859632289632339,0.008871616714754005,51401.0,0.9496143148319484,high_c,0.988513023061525,0.005017604745350406,0.022452747290968605
GO:0003774,cytoskeletal motor activity,molecular_function,17,6011,0.81492719,0.7859632289632339,0.008066890419831552,51360.0,0.9541844757178678,high_c,0.988513023061525,0.005017604745350406,0.020367653554614427
GO:0032258,cytoplasm to vacuole targeting by the Cvt pathway,biological_process,49,6011,0.8179913306122448,0.7859632289632339,0.004463643894323965,146721.0,0.9570531097972655,high_c,0.988513023061525,0.005017604745350406,0.019063961228491987
GO:1902808,positive regulation of cell cycle G1/S phase transition,biological_process,17,6011,0.7985621723529412,0.7859632289632339,0.007536948713419367,51333.0,0.9571949261327325,high_c,0.988513023061525,0.005017604745350406,0.01899961214635249
GO:0000175,3'-5'-RNA exonuclease activity,molecular_function,15,6011,0.8216120026666666,0.7859632289632339,0.008716922392706161,45362.0,0.9534917102990762,high_c,0.988513023061525,0.005017604745350406,0.020683078377826455
GO:0033047,regulation of mitotic sister chromatid segregation,biological_process,31,6011,0.8045169316129033,0.7859632289632339,0.00558852087603845,93208.0,0.9571755849862014,high_c,0.988513023061525,0.005017604745350406,0.01900838761919189
GO:0006497,protein lipidation,biological_process,16,6011,0.8157754775,0.7859632289632339,0.009216013344453655,48402.0,0.9492187009400305,high_c,0.988513023061525,0.005017604745350406,0.022633714159864527
GO:1901682,sulfur compound transmembrane transporter activity,molecular_function,24,6011,0.8070304320833334,0.7859632289632339,0.007808585268080925,72405.0,0.9473290957179279,high_c,0.988513023061525,0.005017604745350406,0.02349912382043866
GO:0007051,spindle organization,biological_process,37,6011,0.8134711856756757,0.7859632289632339,0.0067409223753380765,111264.0,0.9435985513034936,high_c,0.988513023061525,0.005017604745350406,0.025212734553485036
GO:0030532,small nuclear ribonucleoprotein complex,cellular_component,55,6011,0.8135564223636365,0.7859632289632339,0.004969778374748213,164604.0,0.9493676281014909,high_c,0.988513023061525,0.005017604745350406,0.022565581103630963
GO:0043254,regulation of protein-containing complex assembly,biological_process,95,6011,0.7870116750526315,0.7859632289632339,-0.003750756200846972,279956.0,0.9499395647738894,low_c,0.988513023061525,0.005017604745350406,0.02230402367968143
GO:0010906,regulation of glucose metabolic process,biological_process,22,6011,0.8101759645454546,0.7859632289632339,-0.007043215592222096,65415.0,0.9545067543132442,low_c,0.988513023061525,0.005017604745350406,0.020220994090018565
GO:0031984,organelle subcompartment,cellular_component,109,6011,0.8095821573394495,0.7859632289632339,0.0031353078881672936,322667.5,0.9552244694853836,high_c,0.988513023061525,0.005017604745350406,0.01989456097772613
GO:0140296,general transcription initiation factor binding,molecular_function,31,6011,0.8013295148387097,0.7859632289632339,-0.005615492501887975,92169.5,0.9569689039670735,low_c,0.988513023061525,0.005017604745350406,0.01910217408827846
GO:0016050,vesicle organization,biological_process,90,6011,0.811574148888889,0.7859632289632339,0.004267297190789776,267582.0,0.9445474168080266,high_c,0.988513023061525,0.005017604745350406,0.024776235369272797
GO:2000765,regulation of cytoplasmic translation,biological_process,18,6011,0.7841099833333334,0.7859632289632339,-0.009121753156460355,53445.0,0.9466956210757653,low_c,0.988513023061525,0.005017604745350406,0.02378963169959767
GO:0140534,endoplasmic reticulum protein-containing complex,cellular_component,75,6011,0.8147786512,0.7859632289632339,-0.0045732255166217595,221582.0,0.9456822007063312,low_c,0.988513023061525,0.005017604745350406,0.024254785022894753
GO:0045912,negative regulation of carbohydrate metabolic process,biological_process,18,6011,0.8073017633333334,0.7859632289632339,0.008046424532324847,54371.0,0.9529780881848657,high_c,0.988513023061525,0.005017604745350406,0.020917084975318058
GO:0000290,deadenylation-dependent decapping of nuclear-transcribed mRNA,biological_process,18,6011,0.8256411983333334,0.7859632289632339,-0.008825110777388456,53461.0,0.9484284010872699,low_c,0.988513023061525,0.005017604745350406,0.022995449368248874
GO:0110154,RNA decapping,biological_process,25,6011,0.8149262744000001,0.7859632289632339,-0.0069361844303375,74306.0,0.9522501387793917,low_c,0.988513023061525,0.005017604745350406,0.021248955373637725
GO:0043101,purine-containing compound salvage,biological_process,16,6011,0.7853011331249999,0.7859632289632339,0.008611342785654674,48373.0,0.9525502055416187,high_c,0.988513023061525,0.005017604745350406,0.021112124927859712
GO:0034472,snRNA 3'-end processing,biological_process,20,6011,0.8156329615000001,0.7859632289632339,0.008579535970622665,60424.0,0.9471580128990962,high_c,0.988513023061525,0.005017604745350406,0.02357756227909176
GO:1900087,positive regulation of G1/S transition of mitotic cell cycle,biological_process,17,6011,0.7985621723529412,0.7859632289632339,0.007536948713419367,51333.0,0.9571949261327325,high_c,0.988513023061525,0.005017604745350406,0.01899961214635249
GO:1903293,phosphatase complex,cellular_component,29,6011,0.8119817368965517,0.7859632289632339,0.005464669871684036,87213.0,0.9594927938012515,high_c,0.9902969619732299,0.004234553273853094,0.017958282652432843
GO:0051286,cell tip,cellular_component,129,6011,0.7989645289147287,0.7859632289632339,-0.002316883199038444,378510.0,0.9640616055625132,low_c,0.9903023356547472,0.004232196653578334,0.015895212880377874
GO:0060187,cell pole,cellular_component,129,6011,0.7989645289147287,0.7859632289632339,-0.002316883199038444,378510.0,0.9640616055625132,low_c,0.9903023356547472,0.004232196653578334,0.015895212880377874
GO:1902936,phosphatidylinositol bisphosphate binding,molecular_function,30,6011,0.7777074133333335,0.7859632289632339,0.004815248286239804,90147.0,0.9637001717688121,high_c,0.9903023356547472,0.004232196653578334,0.016058063607955128
GO:0051053,negative regulation of DNA metabolic process,biological_process,40,6011,0.78819109825,0.7859632289632339,0.004421369954781484,119948.0,0.9615388878377176,high_c,0.9903023356547472,0.004232196653578334,0.017033146753831923
GO:0005794,Golgi apparatus,cellular_component,183,6011,0.8083322796721313,0.7859632289632339,0.0020037054956101308,534330.5,0.9631487144208062,high_c,0.9903023356547472,0.004232196653578334,0.016306650709413246
GO:0016579,protein deubiquitination,biological_process,23,6011,0.799243302173913,0.7859632289632339,0.0058377624814847096,69264.0,0.9614492478743121,high_c,0.9903023356547472,0.004232196653578334,0.017073635970348902
GO:0005509,calcium ion binding,molecular_function,27,6011,0.8090193981481482,0.7859632289632339,0.005100019805902134,81196.0,0.9635194005545955,high_c,0.9903023356547472,0.004232196653578334,0.01613953635987078
GO:0031334,positive regulation of protein-containing complex assembly,biological_process,37,6011,0.785763964054054,0.7859632289632339,-0.00431599996380716,110042.0,0.9638837836668684,low_c,0.9903023356547472,0.004232196653578334,0.015975326216254
GO:0031490,chromatin DNA binding,molecular_function,18,6011,0.8201738627777778,0.7859632289632339,0.005988468027513516,54260.0,0.9650092502504345,high_c,0.9906895673771463,0.004062410394340851,0.015468523637072233
GO:0007059,chromosome segregation,biological_process,93,6011,0.8074815021505376,0.7859632289632339,-0.0024383419274892626,274516.0,0.9677913127382326,low_c,0.992958462714877,0.003068918464364942,0.01421828060183332
GO:0031139,positive regulation of conjugation with cellular fusion,biological_process,26,6011,0.7783989830769232,0.7859632289632339,0.004061435640382971,78121.0,0.97149576428892,high_c,0.9942403625582594,0.002508610055890079,0.012559088579339342
GO:0051222,positive regulation of protein transport,biological_process,19,6011,0.8046222810526317,0.7859632289632339,0.0046904644789544925,57191.0,0.9718508304026513,high_c,0.9942403625582594,0.002508610055890079,0.012400389913809031
GO:1904951,positive regulation of establishment of protein localization,biological_process,19,6011,0.8046222810526317,0.7859632289632339,0.0046904644789544925,57191.0,0.9718508304026513,high_c,0.9942403625582594,0.002508610055890079,0.012400389913809031
GO:0006352,DNA-templated transcription initiation,biological_process,76,6011,0.8032390982894737,0.7859632289632339,0.0024475679510487236,226082.0,0.9707347562673251,high_c,0.9942403625582594,0.002508610055890079,0.012899420582032287
GO:0098791,Golgi apparatus subcompartment,cellular_component,75,6011,0.8133324322666666,0.7859632289632339,0.002365229110512068,223126.5,0.97190431754687,high_c,0.9942403625582594,0.002508610055890079,0.012376488578687355
GO:0001100,negative regulation of exit from mitosis,biological_process,25,6011,0.8108852040000001,0.7859632289632339,0.002980287337119858,75048.0,0.9794994713295196,high_c,0.9945199219685321,0.0023865127765046626,0.008995794073261502
GO:0090174,organelle membrane fusion,biological_process,45,6011,0.8139977075555556,0.7859632289632339,-0.0023317316646179753,133922.0,0.9785033498683865,low_c,0.9945199219685321,0.0023865127765046626,0.009437683213067326
GO:0036452,ESCRT complex,cellular_component,17,6011,0.8002838052941176,0.7859632289632339,0.0044750632985928185,51177.0,0.974599258657892,high_c,0.9945199219685321,0.0023865127765046626,0.011173923306570258
GO:2000816,negative regulation of mitotic sister chromatid separation,biological_process,22,6011,0.8039458977272727,0.7859632289632339,-0.0022920809362619865,65728.0,0.9852210232611578,low_c,0.9945199219685321,0.0023865127765046626,0.0064663294873214565
GO:0007093,mitotic cell cycle checkpoint signaling,biological_process,82,6011,0.8068259975609756,0.7859632289632339,-0.0011806375442738881,242802.0,0.9853538397384074,low_c,0.9945199219685321,0.0023865127765046626,0.006407786709428841
GO:0033046,negative regulation of sister chromatid segregation,biological_process,22,6011,0.8039458977272727,0.7859632289632339,-0.0022920809362619865,65728.0,0.9852210232611578,low_c,0.9945199219685321,0.0023865127765046626,0.0064663294873214565
GO:0045841,negative regulation of mitotic metaphase/anaphase transition,biological_process,22,6011,0.8039458977272727,0.7859632289632339,-0.0022920809362619865,65728.0,0.9852210232611578,low_c,0.9945199219685321,0.0023865127765046626,0.0064663294873214565
GO:0010965,regulation of mitotic sister chromatid separation,biological_process,33,6011,0.8002448078787879,0.7859632289632339,-0.002301367640946128,98410.0,0.9818232217439321,low_c,0.9945199219685321,0.0023865127765046626,0.007966700331500178
GO:0044396,actin cortical patch organization,biological_process,23,6011,0.7845356395652175,0.7859632289632339,-0.003935407045976058,68591.0,0.9740219288328615,low_c,0.9945199219685321,0.0023865127765046626,0.011431265437708752
GO:0070201,regulation of establishment of protein localization,biological_process,29,6011,0.7994956020689655,0.7859632289632339,-0.0022250660026055247,86546.0,0.9835260073134569,low_c,0.9945199219685321,0.0023865127765046626,0.007214151572414819
GO:0006284,base-excision repair,biological_process,20,6011,0.8170347485,0.7859632289632339,-0.002520447337673204,59759.0,0.9845023542121184,low_c,0.9945199219685321,0.0023865127765046626,0.006783241008737736
GO:0033048,negative regulation of mitotic sister chromatid segregation,biological_process,22,6011,0.8039458977272727,0.7859632289632339,-0.0022920809362619865,65728.0,0.9852210232611578,low_c,0.9945199219685321,0.0023865127765046626,0.0064663294873214565
GO:0071173,spindle assembly checkpoint signaling,biological_process,22,6011,0.8039458977272727,0.7859632289632339,-0.0022920809362619865,65728.0,0.9852210232611578,low_c,0.9945199219685321,0.0023865127765046626,0.0064663294873214565
GO:0098876,vesicle-mediated transport to the plasma membrane,biological_process,56,6011,0.8157857025,0.7859632289632339,-0.0020930790452201586,166391.0,0.9784901951829997,low_c,0.9945199219685321,0.0023865127765046626,0.009443521768119464
GO:1903432,regulation of TORC1 signaling,biological_process,30,6011,0.8065553806666668,0.7859632289632339,0.00250794181574987,89940.0,0.9811092398077633,high_c,0.9945199219685321,0.0023865127765046626,0.008282634205746842
GO:0023056,positive regulation of signaling,biological_process,44,6011,0.7986599409090908,0.7859632289632339,0.0019196489784725213,131526.0,0.982504755136192,high_c,0.9945199219685321,0.0023865127765046626,0.00766533904473779
GO:0000226,microtubule cytoskeleton organization,biological_process,69,6011,0.7951830230434781,0.7859632289632339,-0.0022195230220635187,204544.0,0.9747016946432899,low_c,0.9945199219685321,0.0023865127765046626,0.011128278858315863
GO:0007094,mitotic spindle assembly checkpoint signaling,biological_process,22,6011,0.8039458977272727,0.7859632289632339,-0.0022920809362619865,65728.0,0.9852210232611578,low_c,0.9945199219685321,0.0023865127765046626,0.0064663294873214565
GO:0045839,negative regulation of mitotic nuclear division,biological_process,22,6011,0.8039458977272727,0.7859632289632339,-0.0022920809362619865,65728.0,0.9852210232611578,low_c,0.9945199219685321,0.0023865127765046626,0.0064663294873214565
GO:0015698,inorganic anion transport,biological_process,29,6011,0.8081953796551725,0.7859632289632339,-0.002144364126863363,86553.0,0.9841249810466295,low_c,0.9945199219685321,0.0023865127765046626,0.0069497439140487885
GO:0006022,aminoglycan metabolic process,biological_process,27,6011,0.8103519496296298,0.7859632289632339,-0.0028594771241829964,80553.0,0.9795606563191949,low_c,0.9945199219685321,0.0023865127765046626,0.00896866646954493
GO:0007231,osmosensory signaling pathway,biological_process,15,6011,0.7944542926666666,0.7859632289632339,-0.0040249054925506345,44789.0,0.9785479090194502,low_c,0.9945199219685321,0.0023865127765046626,0.009417906732159404
GO:0006030,chitin metabolic process,biological_process,27,6011,0.8103519496296298,0.7859632289632339,-0.0028594771241829964,80553.0,0.9795606563191949,low_c,0.9945199219685321,0.0023865127765046626,0.00896866646954493
GO:0072348,sulfur compound transport,biological_process,28,6011,0.8103278575000001,0.7859632289632339,0.001802726773477259,83913.0,0.9868931102063327,high_c,0.9954947352226575,0.0019610324419904054,0.005729882954903229
GO:0008236,serine-type peptidase activity,molecular_function,18,6011,0.8179482111111112,0.7859632289632339,-0.0019652557613512034,53831.0,0.9885501351549854,low_c,0.9956358166554656,0.0018994886242710617,0.005001300180332723
GO:0000314,organellar small ribosomal subunit,cellular_component,34,6011,0.8180390479411765,0.7859632289632339,-0.0013384641124309926,101473.0,0.9892856370393954,low_c,0.9956358166554656,0.0018994886242710617,0.004678296188753968
GO:0005763,mitochondrial small ribosomal subunit,cellular_component,34,6011,0.8180390479411765,0.7859632289632339,-0.0013384641124309926,101473.0,0.9892856370393954,low_c,0.9956358166554656,0.0018994886242710617,0.004678296188753968
GO:0006862,nucleotide transport,biological_process,39,6011,0.7981245307692307,0.7859632289632339,0.0012451268311950425,116599.0,0.9893270643609897,high_c,0.9956358166554656,0.0018994886242710617,0.00466011005545125
GO:0019899,enzyme binding,molecular_function,181,6011,0.8011510232596685,0.7859632289632339,0.0004368715824984992,527845.5,0.992018799389743,high_c,0.9975205677686814,0.0010781408779520594,0.0034800976100682365
GO:0030427,site of polarized growth,cellular_component,277,6011,0.8039081008303249,0.7859632289632339,0.0003412414894246041,794430.0,0.9923490901708023,high_c,0.9975205677686814,0.0010781408779520594,0.0033355241509663565
GO:0044743,protein transmembrane import into intracellular organelle,biological_process,19,6011,0.796377752631579,0.7859632289632339,-0.0005270184807814049,56894.0,0.9968834119049943,low_c,0.9983430021481473,0.0007202218915747184,0.0013556305820899967
GO:0060341,regulation of cellular localization,biological_process,37,6011,0.802755975945946,0.7859632289632339,-0.0003981215899528934,110475.0,0.9967018094154211,low_c,0.9983430021481473,0.0007202218915747184,0.001434753318852116
GO:2000241,regulation of reproductive process,biological_process,120,6011,0.7943194489166667,0.7859632289632339,-0.0002065297346234285,353387.0,0.9969262184707648,low_c,0.9983430021481473,0.0007202218915747184,0.0013369822066152466
GO:0098800,inner mitochondrial membrane protein complex,cellular_component,35,6011,0.8052006794285713,0.7859632289632339,0.0005259131765156244,104635.0,0.9957520799665285,high_c,0.9983430021481473,0.0007202218915747184,0.0018487777461087347
GO:0016558,protein import into peroxisome matrix,biological_process,19,6011,0.796377752631579,0.7859632289632339,-0.0005270184807814049,56894.0,0.9968834119049943,low_c,0.9983430021481473,0.0007202218915747184,0.0013556305820899967
GO:0002097,tRNA wobble base modification,biological_process,34,6011,0.7982857179411764,0.7859632289632339,-0.0003542993238787595,101573.0,0.9971928373991288,low_c,0.9983430021481473,0.0007202218915747184,0.00122084959185629
GO:0006383,transcription by RNA polymerase III,biological_process,30,6011,0.8132822146666666,0.7859632289632339,-0.0008025413810399673,89643.0,0.9939830611818182,low_c,0.9983430021481473,0.0007202218915747184,0.002621016506054658
GO:0031261,DNA replication preinitiation complex,cellular_component,22,6011,0.819103794090909,0.7859632289632339,0.00022769015923129743,65894.0,0.998576031201393,high_c,0.9986251335242925,0.0005975077646358949,0.0006188625167407882
GO:0000963,mitochondrial RNA processing,biological_process,22,6011,0.8129698713636363,0.7859632289632339,-0.00022010048725695786,65864.5,0.9986251335242925,low_c,0.9986251335242925,0.0005975077646358949,0.0005975077646358949
