GO_id,term,namespace,p_raw,p_fdr,neg_log10_fdr,neg_log10_raw,study_count,study_n,pop_count,pop_n,gene_ratio,fold_enrich,direction,group
GO:0044281,small molecule metabolic process,biological_process,3.17362246153121e-27,1.2718292014586324e-23,22.895571207747786,26.49844473877397,150,601,629,6011,0.24958402662229617,2.3851344738102105,enriched,High cross-weight c
GO:0008152,metabolic process,biological_process,1.1387233961244164e-19,1.8253736039874395e-16,15.738648233922827,18.943581756276973,414,601,3094,6011,0.6888519134775375,1.3382963322280148,enriched,High cross-weight c
GO:0055086,nucleobase-containing small molecule metabolic process,biological_process,1.4687080037534295e-17,1.471461831260467e-14,13.832250998727774,16.833064538425994,66,601,218,6011,0.10981697171381032,3.0280266833564857,enriched,High cross-weight c
GO:0009058,biosynthetic process,biological_process,1.6616578287019765e-17,1.4797986107829268e-14,13.82979738472456,16.7794584019754,216,601,1299,6011,0.3594009983361065,1.6630942270964866,enriched,High cross-weight c
GO:0006753,nucleoside phosphate metabolic process,biological_process,4.874136039706088e-17,3.5514727598403906e-14,13.449591512062284,16.312102353594224,63,601,206,6011,0.1048252911813644,3.0587612878212687,enriched,High cross-weight c
GO:0044283,small molecule biosynthetic process,biological_process,9.278175204038112e-16,6.197047855030456e-13,12.207815150115383,15.032537430757921,73,601,276,6011,0.12146422628951747,2.6453676240082955,enriched,High cross-weight c
GO:0019752,carboxylic acid metabolic process,biological_process,8.168269531783109e-15,4.67633430694583e-12,11.33009444907734,14.087869940089265,75,601,299,6011,0.12479201331114809,2.5087785686063917,enriched,High cross-weight c
GO:0072521,purine-containing compound metabolic process,biological_process,1.2691212934227537e-14,6.781338111188914e-12,11.168684601565639,13.89649686920012,50,601,156,6011,0.08319467554076539,3.2056615043303895,enriched,High cross-weight c
GO:0043436,oxoacid metabolic process,biological_process,4.3484043824613116e-14,1.936247840301523e-11,10.713039053646245,13.361670075233103,76,601,314,6011,0.1264559068219634,2.4207848914229997,enriched,High cross-weight c
GO:0006082,organic acid metabolic process,biological_process,6.136980264727544e-14,2.588836674831119e-11,10.586895347578654,13.212045273315988,76,601,316,6011,0.1264559068219634,2.4054634680595632,enriched,High cross-weight c
GO:0006520,amino acid metabolic process,biological_process,7.680414939774709e-13,3.0779262871147146e-10,9.511741785246144,12.114615316272328,55,601,200,6011,0.09151414309484193,2.7504575707154744,enriched,High cross-weight c
GO:0006796,phosphate-containing compound metabolic process,biological_process,6.421587585062533e-12,2.147572633556807e-09,8.66805213887298,11.192357589657552,88,601,425,6011,0.1464226289517471,2.0709327591269453,enriched,High cross-weight c
GO:0044238,primary metabolic process,biological_process,6.430086045745124e-12,2.147572633556807e-09,8.66805213887298,11.191783215420683,346,601,2663,6011,0.5757071547420965,1.2995027064043343,enriched,High cross-weight c
GO:0005975,carbohydrate metabolic process,biological_process,6.430660412397176e-12,2.147572633556807e-09,8.66805213887298,11.191744423851537,52,601,192,6011,0.08652246256239601,2.7087839711591797,enriched,High cross-weight c
GO:1901605,alpha-amino acid metabolic process,biological_process,7.350151730130065e-12,2.3564586446796987e-09,8.627740177608144,11.133703695626272,42,601,136,6011,0.06988352745424292,3.088749143584222,enriched,High cross-weight c
GO:0019637,organophosphate metabolic process,biological_process,8.562544522931876e-12,2.6395690135114993e-09,8.578466978559634,11.067397157278979,82,601,386,6011,0.13643926788685523,2.124705801212142,enriched,High cross-weight c
GO:0006793,phosphorus metabolic process,biological_process,9.279353248053997e-12,2.7545931956723253e-09,8.55994252963245,11.032482292163627,90,601,442,6011,0.1497504159733777,2.036537896868718,enriched,High cross-weight c
GO:0170039,proteinogenic amino acid metabolic process,biological_process,1.56132965086486e-11,4.469306125600662e-09,8.349759897273884,10.806505392621828,40,601,128,6011,0.06655574043261231,3.1255199667221296,enriched,High cross-weight c
GO:0170033,L-amino acid metabolic process,biological_process,2.2663781195636326e-11,6.26380021665604e-09,8.203162102512616,10.644667631303824,39,601,124,6011,0.064891846921797,3.145684611668724,enriched,High cross-weight c
GO:0019693,ribose phosphate metabolic process,biological_process,2.8688988078356994e-11,7.664741314934377e-09,8.115502498003652,10.542284769974152,32,601,89,6011,0.05324459234608985,3.5961038718241136,enriched,High cross-weight c
GO:0006163,purine nucleotide metabolic process,biological_process,3.5510093535371485e-11,9.181077409225886e-09,8.03710635088749,10.449648183743381,37,601,115,6011,0.06156405990016639,3.2179266439991316,enriched,High cross-weight c
GO:0006066,alcohol metabolic process,biological_process,2.2977297199471802e-10,5.416559913346073e-08,7.266276448697371,9.63870105834528,35,601,111,6011,0.05823627287853577,3.1536778042601665,enriched,High cross-weight c
GO:0009117,nucleotide metabolic process,biological_process,2.427279925187337e-10,5.5584710286790015e-08,7.2550446535844895,9.614880135924377,42,601,150,6011,0.06988352745424292,2.800465890183028,enriched,High cross-weight c
GO:0009150,purine ribonucleotide metabolic process,biological_process,3.0654931591012914e-10,6.824979908388014e-08,7.165898622776446,9.513499648699323,26,601,67,6011,0.04326123128119801,3.881242704944496,enriched,High cross-weight c
GO:0009259,ribonucleotide metabolic process,biological_process,3.928761570220248e-10,8.510547023058187e-08,7.070042524350137,9.405744326973306,29,601,82,6011,0.048252911813643926,3.5371738159977273,enriched,High cross-weight c
GO:1901135,carbohydrate derivative metabolic process,biological_process,1.329407912481932e-09,2.663801104635671e-07,6.574498205321525,8.876341740683726,63,601,291,6011,0.1048252911813644,2.1653086779765682,enriched,High cross-weight c
GO:1901607,alpha-amino acid biosynthetic process,biological_process,2.4908066580215097e-09,4.6427477590796275e-07,6.33322491095274,8.603659982063318,30,601,93,6011,0.04991680532445923,3.2263431914551015,enriched,High cross-weight c
GO:0009056,catabolic process,biological_process,2.9896419423987353e-09,5.445904583710423e-07,6.263929972090998,8.524380822294974,138,601,865,6011,0.22961730449251247,1.5956411760745577,enriched,High cross-weight c
GO:0170038,proteinogenic amino acid biosynthetic process,biological_process,4.755140566645283e-09,8.295097041675965e-07,6.08117852893825,8.322836640363567,29,601,90,6011,0.048252911813643926,3.222758365686818,enriched,High cross-weight c
GO:0046394,carboxylic acid biosynthetic process,biological_process,4.864249045025207e-09,8.295097041675965e-07,6.08117852893825,8.312984197692696,40,601,152,6011,0.06655574043261231,2.6320168140817937,enriched,High cross-weight c
GO:0016053,organic acid biosynthetic process,biological_process,4.864249045025207e-09,8.295097041675965e-07,6.08117852893825,8.312984197692696,40,601,152,6011,0.06655574043261231,2.6320168140817937,enriched,High cross-weight c
GO:0008652,amino acid biosynthetic process,biological_process,5.811392941299521e-09,9.505778453982788e-07,6.0220123117889965,8.235719758450648,30,601,96,6011,0.04991680532445923,3.1255199667221296,enriched,High cross-weight c
GO:0006090,pyruvate metabolic process,biological_process,6.494307036887189e-09,1.0410374180130164e-06,5.982533660360234,8.187467182714379,18,601,39,6011,0.029950083194675542,4.616152566235761,enriched,High cross-weight c
GO:0006091,generation of precursor metabolites and energy,biological_process,5.380120145077819e-08,7.985493141259021e-06,5.097698258997696,7.269208025864891,38,601,152,6011,0.0632279534109817,2.500415973377704,enriched,High cross-weight c
GO:0009067,aspartate family amino acid biosynthetic process,biological_process,5.514996273453033e-08,8.03685366031383e-06,5.094913939485592,7.2584547766815115,15,601,31,6011,0.024958402662229616,4.839514787182652,enriched,High cross-weight c
GO:0016051,carbohydrate biosynthetic process,biological_process,6.731540186908353e-08,9.63451689251258e-06,5.016170057466876,7.171885557150839,21,601,58,6011,0.03494176372712146,3.6212920993746054,enriched,High cross-weight c
GO:0170034,L-amino acid biosynthetic process,biological_process,1.2956329876596777e-07,1.674919096143922e-05,4.77600616590883,6.88751800310074,26,601,86,6011,0.04326123128119801,3.0237588515265257,enriched,High cross-weight c
GO:0009167,purine ribonucleoside monophosphate metabolic process,biological_process,1.4711438939953558e-07,1.8423778609957463e-05,4.734621293728774,6.832344846435051,13,601,25,6011,0.021630615640599003,5.200865224625625,enriched,High cross-weight c
GO:0009126,purine nucleoside monophosphate metabolic process,biological_process,1.4711438939953558e-07,1.8423778609957463e-05,4.734621293728774,6.832344846435051,13,601,25,6011,0.021630615640599003,5.200865224625625,enriched,High cross-weight c
GO:0009123,nucleoside monophosphate metabolic process,biological_process,1.4961298438026027e-07,1.844843184319671e-05,4.7340405439109166,6.825030713958225,18,601,46,6011,0.029950083194675542,3.913694567025971,enriched,High cross-weight c
GO:0072522,purine-containing compound biosynthetic process,biological_process,1.8899168340285908e-07,2.1953164383679938e-05,4.658502870623664,6.723557306576573,25,601,82,6011,0.04159733777038269,3.0492877724118337,enriched,High cross-weight c
GO:0009156,ribonucleoside monophosphate biosynthetic process,biological_process,2.2335258504441397e-07,2.4521322262783866e-05,4.6104561150692955,6.651009016713398,16,601,38,6011,0.026622296173044926,4.2112269025308695,enriched,High cross-weight c
GO:0009127,purine nucleoside monophosphate biosynthetic process,biological_process,2.2639773517729332e-07,2.4521322262783866e-05,4.6104561150692955,6.6451279220284825,12,601,22,6011,0.019966722129783693,5.455453032824081,enriched,High cross-weight c
GO:0009168,purine ribonucleoside monophosphate biosynthetic process,biological_process,2.2639773517729332e-07,2.4521322262783866e-05,4.6104561150692955,6.6451279220284825,12,601,22,6011,0.019966722129783693,5.455453032824081,enriched,High cross-weight c
GO:0016052,carbohydrate catabolic process,biological_process,2.748974506210212e-07,2.899082982536164e-05,4.537739353343946,6.560829287753318,24,601,78,6011,0.03993344425956739,3.077435044157174,enriched,High cross-weight c
GO:0046390,ribose phosphate biosynthetic process,biological_process,3.498302898609977e-07,3.641415289916749e-05,4.438729788565574,6.456142590083256,20,601,58,6011,0.033277870216306155,3.448849618452005,enriched,High cross-weight c
GO:0046165,alcohol biosynthetic process,biological_process,5.757700476904973e-07,5.559996303902814e-05,4.254925497122105,6.239750931436196,22,601,70,6011,0.036605657237936774,3.1433800808176846,enriched,High cross-weight c
GO:0051156,glucose 6-phosphate metabolic process,biological_process,6.607801846338502e-07,6.298099977161671e-05,4.200790449576737,6.179942989043012,11,601,20,6011,0.018302828618968387,5.500915141430949,enriched,High cross-weight c
GO:0009124,nucleoside monophosphate biosynthetic process,biological_process,7.766652375369979e-07,6.840628438306635e-05,4.164903998462385,6.109766132831455,16,601,41,6011,0.026622296173044926,3.9030883486871475,enriched,High cross-weight c
GO:0005984,disaccharide metabolic process,biological_process,1.2632104013186004e-06,0.00010619207761461336,3.9739078822808898,5.898524306989095,11,601,21,6011,0.018302828618968387,5.238966801362809,enriched,High cross-weight c
GO:0009260,ribonucleotide biosynthetic process,biological_process,1.271920081223067e-06,0.00010619207761461336,3.9739078822808898,5.895540175931485,18,601,52,6011,0.029950083194675542,3.462114424676821,enriched,High cross-weight c
GO:0034308,primary alcohol metabolic process,biological_process,1.3134257112428649e-06,0.00010852687706816043,3.964462693917787,5.881594486341705,13,601,29,6011,0.021630615640599003,4.483504503987607,enriched,High cross-weight c
GO:1901293,nucleoside phosphate biosynthetic process,biological_process,1.427178033300812e-06,0.00011672277486638784,3.9328443964501467,5.845521847447816,29,601,114,6011,0.048252911813643926,2.5442829202790667,enriched,High cross-weight c
GO:0009152,purine ribonucleotide biosynthetic process,biological_process,1.4543914866831143e-06,0.00011774694712894102,3.9290503441756486,5.8373186762682625,15,601,38,6011,0.024958402662229616,3.9480252211226903,enriched,High cross-weight c
GO:0006790,sulfur compound metabolic process,biological_process,2.528740848237921e-06,0.00020067186038244493,3.697513523065259,5.59709567597278,29,601,117,6011,0.048252911813643926,2.479044896682168,enriched,High cross-weight c
GO:0072524,pyridine-containing compound metabolic process,biological_process,4.640472651163003e-06,0.0003508810216893535,3.454840121093472,5.333437782518866,23,601,84,6011,0.03826955074875208,2.738550827985104,enriched,High cross-weight c
GO:0009311,oligosaccharide metabolic process,biological_process,6.746567831145344e-06,0.000496089368501192,3.304440080060652,5.170917108810192,11,601,24,6011,0.018302828618968387,4.584095951192458,enriched,High cross-weight c
GO:0046496,nicotinamide nucleotide metabolic process,biological_process,7.587263935891416e-06,0.000547855139154682,3.2613342600968176,5.119914808000324,20,601,69,6011,0.033277870216306155,2.8990330126118304,enriched,High cross-weight c
GO:0006457,protein folding,biological_process,8.049211476678282e-06,0.0005760216962997895,3.239561158233351,5.094246662253333,31,601,136,6011,0.051580698835274545,2.2797910345502594,enriched,High cross-weight c
GO:1901292,nucleoside phosphate catabolic process,biological_process,8.84359448350505e-06,0.0006171167432437068,3.2096326704067004,5.053371179889546,15,601,43,6011,0.024958402662229616,3.488952520992145,enriched,High cross-weight c
GO:0009205,purine ribonucleoside triphosphate metabolic process,biological_process,1.6637101448383118e-05,0.001139712547938382,2.9432046702301364,4.778922335174138,15,601,45,6011,0.024958402662229616,3.333887964503605,enriched,High cross-weight c
GO:0009134,nucleoside diphosphate catabolic process,biological_process,1.7315191998132846e-05,0.001176112405635888,2.929551169063873,4.761572688447911,11,601,26,6011,0.018302828618968387,4.231473185716115,enriched,High cross-weight c
GO:0046434,organophosphate catabolic process,biological_process,2.111186410828716e-05,0.0013867888440686977,2.857989660654877,4.675473418222403,18,601,62,6011,0.029950083194675542,2.9037088723095916,enriched,High cross-weight c
GO:0009132,nucleoside diphosphate metabolic process,biological_process,2.1142553159145444e-05,0.0013867888440686977,2.857989660654877,4.674842568779999,12,601,31,6011,0.019966722129783693,3.8716118297461217,enriched,High cross-weight c
GO:0043248,proteasome assembly,biological_process,2.1142553159145444e-05,0.0013867888440686977,2.857989660654877,4.674842568779999,12,601,31,6011,0.019966722129783693,3.8716118297461217,enriched,High cross-weight c
GO:0006979,response to oxidative stress,biological_process,2.3415054254421517e-05,0.0014723904950515664,2.8319769947841724,4.630504831588133,28,601,123,6011,0.04658901830282862,2.2768015367341694,enriched,High cross-weight c
GO:0009179,purine ribonucleoside diphosphate metabolic process,biological_process,2.6609719550479813e-05,0.0016405915553622747,2.7849995282287905,4.574959702612118,11,601,27,6011,0.018302828618968387,4.0747519566155175,enriched,High cross-weight c
GO:0009135,purine nucleoside diphosphate metabolic process,biological_process,2.6609719550479813e-05,0.0016405915553622747,2.7849995282287905,4.574959702612118,11,601,27,6011,0.018302828618968387,4.0747519566155175,enriched,High cross-weight c
GO:0032787,monocarboxylic acid metabolic process,biological_process,2.7216998780808976e-05,0.0016652232460166714,2.7785275351223366,4.565159766156736,30,601,135,6011,0.04991680532445923,2.2225919763357367,enriched,High cross-weight c
GO:0009144,purine nucleoside triphosphate metabolic process,biological_process,2.997741481773517e-05,0.0018065336824371983,2.7431539366920052,4.523205822415083,15,601,47,6011,0.024958402662229616,3.192020391546005,enriched,High cross-weight c
GO:0009141,nucleoside triphosphate metabolic process,biological_process,3.116285894778703e-05,0.0018499137739620944,2.73284851395654,4.50636270606072,17,601,58,6011,0.028286189683860232,2.9315221756842043,enriched,High cross-weight c
GO:1902652,secondary alcohol metabolic process,biological_process,3.185129142941597e-05,0.0018499137739620944,2.73284851395654,4.496872954245467,14,601,42,6011,0.02329450915141431,3.3338879645036053,enriched,High cross-weight c
GO:0042026,protein refolding,biological_process,3.9916148495005506e-05,0.002237258253059225,2.650283881167136,4.398851370392238,11,601,28,6011,0.018302828618968387,3.9292251010221064,enriched,High cross-weight c
GO:0006696,ergosterol biosynthetic process,biological_process,3.9916148495005506e-05,0.002237258253059225,2.650283881167136,4.398851370392238,11,601,28,6011,0.018302828618968387,3.9292251010221064,enriched,High cross-weight c
GO:0016129,phytosteroid biosynthetic process,biological_process,3.9916148495005506e-05,0.002237258253059225,2.650283881167136,4.398851370392238,11,601,28,6011,0.018302828618968387,3.9292251010221064,enriched,High cross-weight c
GO:0009137,purine nucleoside diphosphate catabolic process,biological_process,4.953087057901434e-05,0.002664361930810738,2.574406780298523,4.3051240385764125,10,601,24,6011,0.016638935108153077,4.1673599556295065,enriched,High cross-weight c
GO:0006096,glycolytic process,biological_process,4.953087057901434e-05,0.002664361930810738,2.574406780298523,4.3051240385764125,10,601,24,6011,0.016638935108153077,4.1673599556295065,enriched,High cross-weight c
GO:0009181,purine ribonucleoside diphosphate catabolic process,biological_process,4.953087057901434e-05,0.002664361930810738,2.574406780298523,4.3051240385764125,10,601,24,6011,0.016638935108153077,4.1673599556295065,enriched,High cross-weight c
GO:0046032,ADP catabolic process,biological_process,4.953087057901434e-05,0.002664361930810738,2.574406780298523,4.3051240385764125,10,601,24,6011,0.016638935108153077,4.1673599556295065,enriched,High cross-weight c
GO:0044272,sulfur compound biosynthetic process,biological_process,5.0458693378357264e-05,0.002678320711440619,2.5721374202778997,4.297063999674894,17,601,60,6011,0.028286189683860232,2.833804769828064,enriched,High cross-weight c
GO:0006164,purine nucleotide biosynthetic process,biological_process,5.0458693378357264e-05,0.002678320711440619,2.5721374202778997,4.297063999674894,17,601,60,6011,0.028286189683860232,2.833804769828064,enriched,High cross-weight c
GO:0009185,ribonucleoside diphosphate metabolic process,biological_process,5.8573863839770816e-05,0.0030485033680244353,2.5159133208278512,4.232296126681551,11,601,29,6011,0.018302828618968387,3.793734580297206,enriched,High cross-weight c
GO:0009191,ribonucleoside diphosphate catabolic process,biological_process,7.523813605727295e-05,0.0038166687373357134,2.4183155324245686,4.12356197216031,10,601,25,6011,0.016638935108153077,4.000665557404326,enriched,High cross-weight c
GO:0046034,ATP metabolic process,biological_process,8.23223635514531e-05,0.004123835899155604,2.38469862503478,4.084482169069019,13,601,40,6011,0.021630615640599003,3.2505407653910154,enriched,High cross-weight c
GO:0006006,glucose metabolic process,biological_process,8.42427092622687e-05,0.004167934041586936,2.3800791624536104,4.074467674601143,11,601,30,6011,0.018302828618968387,3.667276760953966,enriched,High cross-weight c
GO:1902653,secondary alcohol biosynthetic process,biological_process,8.42427092622687e-05,0.004167934041586936,2.3800791624536104,4.074467674601143,11,601,30,6011,0.018302828618968387,3.667276760953966,enriched,High cross-weight c
GO:0019364,pyridine nucleotide catabolic process,biological_process,0.00011143997609423554,0.005103950905115988,2.292093511743744,3.9529589897476134,10,601,26,6011,0.016638935108153077,3.846793805196467,enriched,High cross-weight c
GO:0046031,ADP metabolic process,biological_process,0.00011143997609423554,0.005103950905115988,2.292093511743744,3.9529589897476134,10,601,26,6011,0.016638935108153077,3.846793805196467,enriched,High cross-weight c
GO:0009154,purine ribonucleotide catabolic process,biological_process,0.00011143997609423554,0.005103950905115988,2.292093511743744,3.9529589897476134,10,601,26,6011,0.016638935108153077,3.846793805196467,enriched,High cross-weight c
GO:0005996,monosaccharide metabolic process,biological_process,0.0001189209586026754,0.005355992010554365,2.2711600794895173,3.9247415986751863,16,601,58,6011,0.026622296173044926,2.759079694761604,enriched,High cross-weight c
GO:0006637,acyl-CoA metabolic process,biological_process,0.00014146139966686352,0.00626416087475089,2.2031370973550577,3.8493620491760367,9,601,22,6011,0.014975041597337771,4.091589774618061,enriched,High cross-weight c
GO:0006739,NADP+ metabolic process,biological_process,0.00014146139966686352,0.00626416087475089,2.2031370973550577,3.8493620491760367,9,601,22,6011,0.014975041597337771,4.091589774618061,enriched,High cross-weight c
GO:0009261,ribonucleotide catabolic process,biological_process,0.00016134012700232716,0.007027940858280719,2.1531719018481152,3.7922576055287425,10,601,27,6011,0.016638935108153077,3.704319960559561,enriched,High cross-weight c
GO:0008204,ergosterol metabolic process,biological_process,0.0001651245174935603,0.007153908149788572,2.1454566401300266,3.7821884384171764,11,601,32,6011,0.018302828618968387,3.438071963394343,enriched,High cross-weight c
GO:0006412,translation,biological_process,0.00018877265540713427,0.007921533157529744,2.101190755605409,3.7240609150478448,45,601,260,6011,0.07487520798668885,1.7310572123384105,enriched,High cross-weight c
GO:0009166,nucleotide catabolic process,biological_process,0.00022566279099665816,0.009323130256898016,2.0304382480480765,3.646540044808014,11,601,33,6011,0.018302828618968387,3.3338879645036053,enriched,High cross-weight c
GO:0016126,sterol biosynthetic process,biological_process,0.00022566279099665816,0.009323130256898016,2.0304382480480765,3.646540044808014,11,601,33,6011,0.018302828618968387,3.3338879645036053,enriched,High cross-weight c
GO:0170035,L-amino acid catabolic process,biological_process,0.00022566279099665816,0.009323130256898016,2.0304382480480765,3.646540044808014,11,601,33,6011,0.018302828618968387,3.3338879645036053,enriched,High cross-weight c
GO:0072526,pyridine-containing compound catabolic process,biological_process,0.00022879789283972805,0.009356199546481736,2.028900524249402,3.6405479795830895,10,601,28,6011,0.016638935108153077,3.5720228191110053,enriched,High cross-weight c
GO:0019318,hexose metabolic process,biological_process,0.00026517809587870426,0.010680414263657359,1.971411901901915,3.576462352182372,14,601,50,6011,0.02329450915141431,2.8004658901830286,enriched,High cross-weight c
GO:0006694,steroid biosynthetic process,biological_process,0.0003039494593745137,0.01206017285587489,1.9186464675014527,3.5171986247449927,11,601,34,6011,0.018302828618968387,3.235832436135852,enriched,High cross-weight c
GO:0016125,sterol metabolic process,biological_process,0.0003119960311625584,0.012318463989004462,1.909443441740387,3.5058509305173375,13,601,45,6011,0.021630615640599003,2.889369569236458,enriched,High cross-weight c
GO:0006195,purine nucleotide catabolic process,biological_process,0.00031838948705023145,0.012509273228958848,1.9027679214673718,3.497041280731637,10,601,29,6011,0.016638935108153077,3.448849618452005,enriched,High cross-weight c
GO:0009165,nucleotide biosynthetic process,biological_process,0.0003431512235442734,0.013286749066219088,1.8765812670114934,3.4645144482447394,20,601,86,6011,0.033277870216306155,2.3259683473280965,enriched,High cross-weight c
GO:0000271,polysaccharide biosynthetic process,biological_process,0.0004039078387646145,0.015564044844703775,1.8078775265332054,3.3937177182606075,11,601,35,6011,0.018302828618968387,3.1433800808176846,enriched,High cross-weight c
GO:0009112,nucleobase metabolic process,biological_process,0.000435462875944213,0.016010252067398475,1.7956018304405719,3.361048863526131,10,601,30,6011,0.016638935108153077,3.333887964503605,enriched,High cross-weight c
GO:0000096,sulfur amino acid metabolic process,biological_process,0.000435462875944213,0.016010252067398475,1.7956018304405719,3.361048863526131,10,601,30,6011,0.016638935108153077,3.333887964503605,enriched,High cross-weight c
GO:0090407,organophosphate biosynthetic process,biological_process,0.0004520811945961879,0.01638284962632149,1.7856105549963057,3.3447835581127263,42,601,246,6011,0.06988352745424292,1.7076011525506267,enriched,High cross-weight c
GO:0072523,purine-containing compound catabolic process,biological_process,0.00046344147352479824,0.016582515224559186,1.7803495952996593,3.3340051036556604,12,601,41,6011,0.019966722129783693,2.9273162615153607,enriched,High cross-weight c
GO:0008202,steroid metabolic process,biological_process,0.0004982584844919452,0.017515534005276057,1.7565766175806938,3.3025452972704037,13,601,47,6011,0.021630615640599003,2.7664176726732044,enriched,High cross-weight c
GO:0009063,amino acid catabolic process,biological_process,0.0006221425479192702,0.021039968445455488,1.6769549158479011,3.206110096527961,13,601,48,6011,0.021630615640599003,2.7087839711591797,enriched,High cross-weight c
GO:1901606,alpha-amino acid catabolic process,biological_process,0.0006874243893722248,0.022767382152142076,1.6426869027287025,3.162775063438435,11,601,37,6011,0.018302828618968387,2.973467644016729,enriched,High cross-weight c
GO:0006414,translational elongation,biological_process,0.0007710333391142764,0.025431408283954425,1.594629589764682,3.1129268428565333,13,601,49,6011,0.021630615640599003,2.6535026656253184,enriched,High cross-weight c
GO:0044282,small molecule catabolic process,biological_process,0.0008269596376908072,0.027053393861599266,1.5677782446828064,3.0825156870084376,27,601,140,6011,0.04492512479201331,1.928892322319943,enriched,High cross-weight c
GO:0097435,supramolecular fiber organization,biological_process,0.0009327553955610424,0.03002423492137251,1.5225280504915695,3.0302322300859967,18,601,80,6011,0.029950083194675542,2.2503743760399337,enriched,High cross-weight c
GO:0019538,protein metabolic process,biological_process,0.0011200069320033488,0.034394082605390196,1.4635162700123228,2.9507792893642053,114,601,863,6011,0.1896838602329451,1.321193144681614,enriched,High cross-weight c
GO:0006099,tricarboxylic acid cycle,biological_process,0.001134248075544869,0.03469846689119132,1.4596897135493216,2.9452919489197398,9,601,28,6011,0.014975041597337771,3.214820537199905,enriched,High cross-weight c
GO:1901137,carbohydrate derivative biosynthetic process,biological_process,0.0012192972495156163,0.03701767975328661,1.4315908060564728,2.9138904058768054,35,601,204,6011,0.05823627287853577,1.715971746435679,enriched,High cross-weight c
GO:0043161,proteasome-mediated ubiquitin-dependent protein catabolic process,biological_process,0.0012542157813868922,0.03710196632023616,1.4306030731504853,2.901627738940892,26,601,137,6011,0.04326123128119801,1.898125994388914,enriched,High cross-weight c
GO:0007015,actin filament organization,biological_process,0.0015046996088217608,0.04385515405347786,1.3579793590722238,2.8225501919321245,15,601,65,6011,0.024958402662229616,2.3080762831178805,enriched,High cross-weight c
GO:0043632,modification-dependent macromolecule catabolic process,biological_process,0.0016048135629965646,0.046217196205217526,1.3351964048010267,2.794575413891407,34,601,199,6011,0.056572379367720464,1.7088269968812448,enriched,High cross-weight c
GO:0008219,cell death,biological_process,0.0016399757021007947,0.046283117085696726,1.3345773997736388,2.785162586416765,8,601,24,6011,0.013311148086522463,3.3338879645036053,enriched,High cross-weight c
GO:0006915,apoptotic process,biological_process,0.0016399757021007947,0.046283117085696726,1.3345773997736388,2.785162586416765,8,601,24,6011,0.013311148086522463,3.3338879645036053,enriched,High cross-weight c
GO:0012501,programmed cell death,biological_process,0.0016399757021007947,0.046283117085696726,1.3345773997736388,2.785162586416765,8,601,24,6011,0.013311148086522463,3.3338879645036053,enriched,High cross-weight c
GO:0044038,cell wall macromolecule biosynthetic process,biological_process,0.0016792482177038998,0.04657153794081923,1.331879420040583,2.774885103974199,10,601,35,6011,0.016638935108153077,2.857618255288804,enriched,High cross-weight c
GO:0044036,cell wall macromolecule metabolic process,biological_process,0.0016792482177038998,0.04657153794081923,1.331879420040583,2.774885103974199,10,601,35,6011,0.016638935108153077,2.857618255288804,enriched,High cross-weight c
GO:0010498,proteasomal protein catabolic process,biological_process,0.0016987124316411508,0.04694889703311663,1.3283746061254065,2.769880134916614,32,601,185,6011,0.05324459234608985,1.730017538337006,enriched,High cross-weight c
GO:0065002,intracellular protein transmembrane transport,biological_process,0.001753922158933242,0.04814276062962306,1.3174690097852002,2.7559896850269454,11,601,41,6011,0.018302828618968387,2.683373239722414,enriched,High cross-weight c
GO:0006081,aldehyde metabolic process,biological_process,0.001753922158933242,0.04814276062962306,1.3174690097852002,2.7559896850269454,11,601,41,6011,0.018302828618968387,2.683373239722414,enriched,High cross-weight c
GO:0005829,cytosol,cellular_component,3.179289157374086e-17,2.54820025963533e-14,13.593766444375545,16.497669971065708,179,601,1002,6011,0.2978369384359401,1.7867243881621118,enriched,High cross-weight c
GO:0005737,cytoplasm,cellular_component,2.561355752913852e-14,1.2076039035061483e-11,10.91807549181618,13.59153009712807,325,601,2370,6011,0.540765391014975,1.3715361879286982,enriched,High cross-weight c
GO:0010494,cytoplasmic stress granule,cellular_component,5.251190502937645e-09,8.768394141884422e-07,6.0570799367568,8.279742226071376,31,601,101,6011,0.051580698835274545,3.0698176306815377,enriched,High cross-weight c
GO:0036464,cytoplasmic ribonucleoprotein granule,cellular_component,3.7434127250483915e-08,5.769894806012088e-06,5.238832104623286,7.426732287678651,36,601,138,6011,0.059900166389351084,2.6091297113506475,enriched,High cross-weight c
GO:0035770,ribonucleoprotein granule,cellular_component,4.584113549033589e-08,6.9323905840574e-06,5.159116976292489,7.338744633381863,36,601,139,6011,0.059900166389351084,2.590358994002801,enriched,High cross-weight c
GO:0005739,mitochondrion,cellular_component,1.5541134568856703e-07,1.8873059631725224e-05,4.724157687886976,6.808517279035271,160,601,1105,6011,0.26622296173044924,1.4482047266621993,enriched,High cross-weight c
GO:0043229,intracellular organelle,cellular_component,1.832278372971925e-07,2.166395551712651e-05,4.6642622447363795,6.737008544499245,474,601,4195,6011,0.7886855241264559,1.1301045734264903,enriched,High cross-weight c
GO:0043226,organelle,cellular_component,1.837989987728762e-07,2.166395551712651e-05,4.6642622447363795,6.735656858720307,474,601,4197,6011,0.7886855241264559,1.1295660437274544,enriched,High cross-weight c
GO:0043232,intracellular membraneless organelle,cellular_component,3.9565088513010776e-07,4.014103600402296e-05,4.396411422954059,6.402687858353781,141,601,959,6011,0.23460898502495842,1.4705261824661366,enriched,High cross-weight c
GO:0043228,membraneless organelle,cellular_component,3.9565088513010776e-07,4.014103600402296e-05,4.396411422954059,6.402687858353781,141,601,959,6011,0.23460898502495842,1.4705261824661366,enriched,High cross-weight c
GO:0005886,plasma membrane,cellular_component,8.670749879358559e-07,7.553919595984659e-05,4.121827642119829,6.0619433414644375,92,601,562,6011,0.15307820299500832,1.637283057300703,enriched,High cross-weight c
GO:0099080,supramolecular complex,cellular_component,2.17195725416128e-06,0.0001740823739210266,3.7592451995682383,5.663148726258402,49,601,248,6011,0.08153078202995008,1.9761352047662497,enriched,High cross-weight c
GO:0015629,actin cytoskeleton,cellular_component,3.7958791947190565e-06,0.00029253818986224264,3.533817430218417,5.420687617609801,12,601,27,6011,0.019966722129783693,4.445183952671473,enriched,High cross-weight c
GO:0005759,mitochondrial matrix,cellular_component,5.380008782610964e-06,0.0004029978541366998,3.39469726636279,5.269217015367744,32,601,140,6011,0.05324459234608985,2.2860946042310433,enriched,High cross-weight c
GO:0005840,ribosome,cellular_component,7.04996693990404e-06,0.0005136862274848262,3.28930207805126,5.1518129195831985,41,601,202,6011,0.06821963394342762,2.030040691257146,enriched,High cross-weight c
GO:0043233,organelle lumen,cellular_component,2.1628023145176195e-05,0.0013867888440686977,2.857989660654877,4.664983174336984,52,601,291,6011,0.08652246256239601,1.7872389088060565,enriched,High cross-weight c
GO:0070013,intracellular organelle lumen,cellular_component,2.1628023145176195e-05,0.0013867888440686977,2.857989660654877,4.664983174336984,52,601,291,6011,0.08652246256239601,1.7872389088060565,enriched,High cross-weight c
GO:0031974,membrane-enclosed lumen,cellular_component,2.1628023145176195e-05,0.0013867888440686977,2.857989660654877,4.664983174336984,52,601,291,6011,0.08652246256239601,1.7872389088060565,enriched,High cross-weight c
GO:0005856,cytoskeleton,cellular_component,3.0657433014175096e-05,0.0018337263105120403,2.736665483662829,4.513464211988185,27,601,118,6011,0.04492512479201331,2.288516314616882,enriched,High cross-weight c
GO:0009295,nucleoid,cellular_component,3.170407776740227e-05,0.0018499137739620944,2.73284851395654,4.498884875385189,10,601,23,6011,0.016638935108153077,4.348549518917745,enriched,High cross-weight c
GO:0042645,mitochondrial nucleoid,cellular_component,3.170407776740227e-05,0.0018499137739620944,2.73284851395654,4.498884875385189,10,601,23,6011,0.016638935108153077,4.348549518917745,enriched,High cross-weight c
GO:0030479,actin cortical patch,cellular_component,0.0001189209586026754,0.005355992010554365,2.2711600794895173,3.9247415986751863,16,601,58,6011,0.026622296173044926,2.759079694761604,enriched,High cross-weight c
GO:0061645,endocytic patch,cellular_component,0.00014836621646819977,0.006498115983566236,2.187212541286931,3.8286649782466653,16,601,59,6011,0.026622296173044926,2.7123156321385267,enriched,High cross-weight c
GO:1990204,oxidoreductase complex,cellular_component,0.00022879789283972805,0.009356199546481736,2.028900524249402,3.6405479795830895,10,601,28,6011,0.016638935108153077,3.5720228191110053,enriched,High cross-weight c
GO:0009277,fungal-type cell wall,cellular_component,0.0004272028853000915,0.0158519959522233,1.7999160472340952,3.369365822773328,26,601,127,6011,0.04326123128119801,2.0475847341045763,enriched,High cross-weight c
GO:0005618,cell wall,cellular_component,0.0004799675661849672,0.017097511302100053,1.7670671005097993,3.3187881090886004,26,601,129,6011,0.04326123128119801,2.015839234351017,enriched,High cross-weight c
GO:0030312,external encapsulating structure,cellular_component,0.0005153659539547297,0.01803780838841554,1.743816230798394,3.2878842751486697,26,601,130,6011,0.04326123128119801,2.0003327787021634,enriched,High cross-weight c
GO:0044391,ribosomal subunit,cellular_component,0.001065962194156157,0.03286033456216,1.4833280191797071,2.9722581978990528,37,601,216,6011,0.06156405990016639,1.7132479817587971,enriched,High cross-weight c
GO:0015934,large ribosomal subunit,cellular_component,0.0011762026756788415,0.03584511196032667,1.4455700587797968,2.9295178369802026,24,601,123,6011,0.03993344425956739,1.9515441743435735,enriched,High cross-weight c
GO:0043231,intracellular membrane-bounded organelle,cellular_component,0.0012273699786327927,0.03710196632023616,1.4306030731504853,2.911024503728942,422,601,3861,6011,0.7021630615640599,1.0931629533958984,enriched,High cross-weight c
GO:0043227,membrane-bounded organelle,cellular_component,0.0012323712184122162,0.03710196632023616,1.4306030731504853,2.909258453028512,422,601,3863,6011,0.7021630615640599,1.092596987590361,enriched,High cross-weight c
GO:0003824,catalytic activity,molecular_function,5.877272591075423e-21,1.5702113272489838e-17,16.804041894035457,20.23082416600596,332,601,2242,6011,0.5524126455906821,1.4810670886019583,enriched,High cross-weight c
GO:1901363,heterocyclic compound binding,molecular_function,1.923448351585701e-14,9.635274086224621e-12,11.016135926837084,13.715919470871322,137,601,737,6011,0.22795341098169716,1.859196680340545,enriched,High cross-weight c
GO:0043168,anion binding,molecular_function,3.760829632122025e-12,1.4353833095932396e-09,8.843032107980878,11.424716339937124,136,601,777,6011,0.22628951747088186,1.7506129852219703,enriched,High cross-weight c
GO:0005488,binding,molecular_function,8.331867858552961e-11,2.0868725276969366e-08,7.680504078106837,10.079257626477096,436,601,3632,6011,0.7254575707154742,1.2006402691549327,enriched,High cross-weight c
GO:0036094,small molecule binding,molecular_function,1.4255880958164197e-10,3.462451087263213e-08,7.460616352998029,9.846005939810304,212,601,1456,6011,0.3527454242928453,1.4562862262529486,enriched,High cross-weight c
GO:0000166,nucleotide binding,molecular_function,1.151175688668545e-09,2.4280718801785234e-07,6.61473846063516,8.938858390708514,117,601,686,6011,0.194675540765391,1.7058231421877046,enriched,High cross-weight c
GO:1901265,nucleoside phosphate binding,molecular_function,1.1978303284888233e-09,2.461694893035364e-07,6.608765775321164,8.921604694984827,117,601,687,6011,0.194675540765391,1.7033401390695275,enriched,High cross-weight c
GO:0043167,ion binding,molecular_function,1.902701952030142e-09,3.7195502793955093e-07,6.429509566296522,8.72062923626695,200,601,1387,6011,0.33277870216306155,1.442200994017421,enriched,High cross-weight c
GO:0016491,oxidoreductase activity,molecular_function,2.1804075058160317e-09,4.1609443235989276e-07,6.380808095337918,8.661462331630181,64,601,300,6011,0.1064891846921797,2.1336882972823075,enriched,High cross-weight c
GO:0019842,vitamin binding,molecular_function,1.2767034400383152e-08,2.00642707292296e-06,5.697576620830574,7.893909971422802,20,601,49,6011,0.033277870216306155,4.08231179326972,enriched,High cross-weight c
GO:0030170,pyridoxal phosphate binding,molecular_function,2.2335258504441397e-07,2.4521322262783866e-05,4.6104561150692955,6.651009016713398,16,601,38,6011,0.026622296173044926,4.2112269025308695,enriched,High cross-weight c
GO:0070279,vitamin B6 binding,molecular_function,2.2335258504441397e-07,2.4521322262783866e-05,4.6104561150692955,6.651009016713398,16,601,38,6011,0.026622296173044926,4.2112269025308695,enriched,High cross-weight c
GO:0000287,magnesium ion binding,molecular_function,2.4313003859964164e-07,2.5982496791681702e-05,4.585319117668375,6.614161380966839,22,601,67,6011,0.036605657237936774,3.2841284426453425,enriched,High cross-weight c
GO:0017076,purine nucleotide binding,molecular_function,4.6194651381203157e-07,4.570989269386954e-05,4.3399897982362665,6.33540830604778,101,601,626,6011,0.16805324459234608,1.6136869860137257,enriched,High cross-weight c
GO:0097367,carbohydrate derivative binding,molecular_function,5.146547462234273e-07,5.030436330464353e-05,4.298394343434239,6.288484017740687,99,601,612,6011,0.16472545757071547,1.6179162180679258,enriched,High cross-weight c
GO:0032553,ribonucleotide binding,molecular_function,9.186282525803529e-07,7.916995101539278e-05,4.101439623770042,6.03686020190627,97,601,603,6011,0.16139767054908485,1.608891206750496,enriched,High cross-weight c
GO:0032555,purine ribonucleotide binding,molecular_function,4.0428733924472655e-06,0.0003086060022901413,3.510595631298999,5.393309858919225,92,601,583,6011,0.15307820299500832,1.5783071667289796,enriched,High cross-weight c
GO:0044183,protein folding chaperone,molecular_function,8.84359448350505e-06,0.0006171167432437068,3.2096326704067004,5.053371179889546,15,601,43,6011,0.024958402662229616,3.488952520992145,enriched,High cross-weight c
GO:0043022,ribosome binding,molecular_function,1.1195007221678685e-05,0.0007735170938082298,3.111530084466798,4.950975621930043,19,601,65,6011,0.03161397670549085,2.9235632919493155,enriched,High cross-weight c
GO:0051015,actin filament binding,molecular_function,2.3057532964981094e-05,0.0014667152913835195,2.833654180213362,4.637187161785963,13,601,36,6011,0.021630615640599003,3.6117119615455726,enriched,High cross-weight c
GO:0003729,mRNA binding,molecular_function,2.3514158872938306e-05,0.0014723904950515664,2.8319769947841724,4.628670551826468,45,601,240,6011,0.07487520798668885,1.8753119800332778,enriched,High cross-weight c
GO:0035639,purine ribonucleoside triphosphate binding,molecular_function,2.8598432019073052e-05,0.001736488126006595,2.7603281820206216,4.543657777504936,88,601,577,6011,0.1464226289517471,1.5253837480571089,enriched,High cross-weight c
GO:0016787,hydrolase activity,molecular_function,5.7842618217568575e-05,0.0030301214706785107,2.5185399612706383,4.2377520571432035,119,601,851,6011,0.19800332778702162,1.398587547976248,enriched,High cross-weight c
GO:0030554,adenyl nucleotide binding,molecular_function,5.9401987424756715e-05,0.0030519674949322124,2.515420096158425,4.226199024494127,82,601,538,6011,0.13643926788685523,1.5244171733603844,enriched,High cross-weight c
GO:0031072,heat shock protein binding,molecular_function,7.523813605727295e-05,0.0038166687373357134,2.4183155324245686,4.12356197216031,10,601,25,6011,0.016638935108153077,4.000665557404326,enriched,High cross-weight c
GO:0005515,protein binding,molecular_function,7.710148583395998e-05,0.003886593767038926,2.4104308501464895,4.112937252516201,305,601,2593,6011,0.5074875207986689,1.1764394475591202,enriched,High cross-weight c
GO:0016829,lyase activity,molecular_function,8.951445671174157e-05,0.0044015850953656975,2.3563908975585792,4.048106819844785,25,601,112,6011,0.04159733777038269,2.2325142619443783,enriched,High cross-weight c
GO:0051082,unfolded protein binding,molecular_function,9.721010656054866e-05,0.004637732167159509,2.333694335836749,4.01228858080105,20,601,81,6011,0.033277870216306155,2.4695466403730406,enriched,High cross-weight c
GO:0016614,"oxidoreductase activity, acting on CH-OH group of donors",molecular_function,0.0001112069060254452,0.005103950905115988,2.292093511743744,3.9538682419301026,21,601,88,6011,0.03494176372712146,2.3867607018605352,enriched,High cross-weight c
GO:0046906,tetrapyrrole binding,molecular_function,0.00011143997609423554,0.005103950905115988,2.292093511743744,3.9529589897476134,10,601,26,6011,0.016638935108153077,3.846793805196467,enriched,High cross-weight c
GO:0020037,heme binding,molecular_function,0.00011143997609423554,0.005103950905115988,2.292093511743744,3.9529589897476134,10,601,26,6011,0.016638935108153077,3.846793805196467,enriched,High cross-weight c
GO:0015926,glucosidase activity,molecular_function,0.00011894779511898652,0.005355992010554365,2.2711600794895173,3.924643603870787,11,601,31,6011,0.018302828618968387,3.548977510600612,enriched,High cross-weight c
GO:1990825,sequence-specific mRNA binding,molecular_function,0.00014146139966686352,0.00626416087475089,2.2031370973550577,3.8493620491760367,9,601,22,6011,0.014975041597337771,4.091589774618061,enriched,High cross-weight c
GO:0180051,translation factor activity,molecular_function,0.00026517809587870426,0.010680414263657359,1.971411901901915,3.576462352182372,14,601,50,6011,0.02329450915141431,2.8004658901830286,enriched,High cross-weight c
GO:0003779,actin binding,molecular_function,0.0003326080307759227,0.013004162764239123,1.8859176033739633,3.4780672690083727,14,601,51,6011,0.02329450915141431,2.7455547942970866,enriched,High cross-weight c
GO:0043021,ribonucleoprotein complex binding,molecular_function,0.0003431512235442734,0.013286749066219088,1.8765812670114934,3.4645144482447394,20,601,86,6011,0.033277870216306155,2.3259683473280965,enriched,High cross-weight c
GO:0032559,adenyl ribonucleotide binding,molecular_function,0.0005401049095646046,0.018579145279657965,1.7309742692910524,3.267521874955197,73,601,495,6011,0.12146422628951747,1.4749928570228072,enriched,High cross-weight c
GO:0016616,"oxidoreductase activity, acting on the CH-OH group of donors, NAD or NADP as acceptor",molecular_function,0.0005636185642334213,0.019305140138166116,1.7143270414363916,3.2490147107164122,19,601,83,6011,0.03161397670549085,2.2895375177916324,enriched,High cross-weight c
GO:0016651,"oxidoreductase activity, acting on NAD(P)H",molecular_function,0.0005861843430038451,0.0199926276986205,1.6991301213390044,3.2319657857574318,10,601,31,6011,0.016638935108153077,3.2263431914551015,enriched,High cross-weight c
GO:0004553,"hydrolase activity, hydrolyzing O-glycosyl compounds",molecular_function,0.0006221425479192702,0.021039968445455488,1.6769549158479011,3.206110096527961,13,601,48,6011,0.021630615640599003,2.7087839711591797,enriched,High cross-weight c
GO:0005525,GTP binding,molecular_function,0.0006598265455085421,0.022035457342712353,1.6568779313417128,3.1805702163202705,20,601,92,6011,0.033277870216306155,2.1742747594588727,enriched,High cross-weight c
GO:0032561,guanyl ribonucleotide binding,molecular_function,0.0006598265455085421,0.022035457342712353,1.6568779313417128,3.1805702163202705,20,601,92,6011,0.033277870216306155,2.1742747594588727,enriched,High cross-weight c
GO:0019001,guanyl nucleotide binding,molecular_function,0.0006598265455085421,0.022035457342712353,1.6568779313417128,3.1805702163202705,20,601,92,6011,0.033277870216306155,2.1742747594588727,enriched,High cross-weight c
GO:0016830,carbon-carbon lyase activity,molecular_function,0.0006874243893722248,0.022767382152142076,1.6426869027287025,3.162775063438435,11,601,37,6011,0.018302828618968387,2.973467644016729,enriched,High cross-weight c
GO:0016874,ligase activity,molecular_function,0.0008177709767207325,0.026862435977117502,1.570854606579801,3.087368306931235,23,601,114,6011,0.03826955074875208,2.017879557462708,enriched,High cross-weight c
GO:0003735,structural constituent of ribosome,molecular_function,0.0009281514988385899,0.029996509125771363,1.522929283801272,3.0323811296652194,36,601,209,6011,0.059900166389351084,1.7227746419444467,enriched,High cross-weight c
GO:0003723,RNA binding,molecular_function,0.0013790084559774582,0.040486273899851016,1.3926921911050618,2.8604330707544694,78,601,556,6011,0.129783693843594,1.4031111217515173,enriched,High cross-weight c
GO:0016831,carboxy-lyase activity,molecular_function,0.0016399757021007947,0.046283117085696726,1.3345773997736388,2.785162586416765,8,601,24,6011,0.013311148086522463,3.3338879645036053,enriched,High cross-weight c
GO:0050660,flavin adenine dinucleotide binding,molecular_function,0.0016792482177038998,0.04657153794081923,1.331879420040583,2.774885103974199,10,601,35,6011,0.016638935108153077,2.857618255288804,enriched,High cross-weight c
GO:0090304,nucleic acid metabolic process,biological_process,0.00024947523983820483,0.010149969783265034,1.9935352506552797,3.6029725511838504,91,601,1248,6011,0.15141430948419302,0.7292879922351637,depleted,High cross-weight c
GO:0140513,nuclear protein-containing complex,cellular_component,1.9869805915315906e-05,0.0013382898690021596,2.873449809682083,4.701806374979716,39,601,691,6011,0.064891846921797,0.5644933311822312,depleted,High cross-weight c
GO:0008152,metabolic process,biological_process,1.920847736238068e-82,1.399599509631647e-79,78.85399621834996,81.7165070598819,94,601,3094,6011,0.15640599001663893,0.3038643846121579,depleted,Low cross-weight c
GO:0044238,primary metabolic process,biological_process,3.440064040814645e-72,2.2976761072607816e-69,68.63871119181107,71.4634334724536,72,601,2663,6011,0.11980033277870217,0.2704167481535031,depleted,Low cross-weight c
GO:0043170,macromolecule metabolic process,biological_process,5.201299707380707e-47,2.6055260721660224e-44,43.584104576712846,46.283888120747086,58,601,2028,6011,0.09650582362728785,0.28604364192486553,depleted,Low cross-weight c
GO:0071840,cellular component organization or biogenesis,biological_process,1.4914163975112362e-37,6.640945792251421e-35,34.17777006474266,36.82640108632952,63,601,1906,6011,0.1048252911813644,0.33059014968057787,depleted,Low cross-weight c
GO:0009058,biosynthetic process,biological_process,8.952344198516203e-35,3.587651937555368e-32,31.44518969743715,34.048063228463334,27,601,1299,6011,0.04492512479201331,0.20788677838706082,depleted,Low cross-weight c
GO:0016043,cellular component organization,biological_process,9.561618503679379e-34,3.4834714684995556e-31,30.45798774221968,33.01946858808764,62,601,1808,6011,0.10316139767054909,0.3429774122774727,depleted,Low cross-weight c
GO:0050794,regulation of cellular process,biological_process,1.35008936955912e-31,4.508735957090145e-29,28.345945197325147,30.869637482303705,59,601,1716,6011,0.09816971713810316,0.3438800522827145,depleted,Low cross-weight c
GO:0050789,regulation of biological process,biological_process,7.775543079262322e-31,2.4928391112115002e-28,27.60330575012351,30.109269268141635,62,601,1743,6011,0.10316139767054909,0.35576773459418853,depleted,Low cross-weight c
GO:0006139,nucleobase-containing compound metabolic process,biological_process,7.380231876366345e-28,2.27509840342601e-25,24.642999814329645,27.131929993048992,47,601,1458,6011,0.07820299500831947,0.3224130336042581,depleted,Low cross-weight c
GO:0051179,localization,biological_process,2.9039228011251044e-25,8.620348611488041e-23,22.064475170720044,24.53701493325122,52,601,1470,6011,0.08652246256239601,0.3538003554167091,depleted,Low cross-weight c
GO:0090304,nucleic acid metabolic process,biological_process,9.193727995044983e-23,2.37702354452534e-20,19.623966516544098,22.03650834939999,41,601,1248,6011,0.06821963394342762,0.3285803041938649,depleted,Low cross-weight c
GO:0051234,establishment of localization,biological_process,7.766244436742364e-22,1.9452015362653137e-19,18.71103539611019,21.10978894448045,45,601,1282,6011,0.07487520798668885,0.351072445560052,depleted,Low cross-weight c
GO:0019538,protein metabolic process,biological_process,1.0032765338419996e-20,2.297503262498179e-18,17.638743863235018,19.998579345574907,20,601,863,6011,0.033277870216306155,0.2317882709967744,depleted,Low cross-weight c
GO:0009056,catabolic process,biological_process,3.9763999355362495e-20,8.61374202251974e-18,17.064808139292,19.400509941915168,21,601,865,6011,0.03494176372712146,0.24281496157656313,depleted,Low cross-weight c
GO:0006810,transport,biological_process,5.184391527977484e-20,1.0934973183352509e-17,16.961182277677676,19.28530220775103,43,601,1207,6011,0.07154742096505824,0.3563144551954972,depleted,Low cross-weight c
GO:0019222,regulation of metabolic process,biological_process,1.5343618556188594e-19,3.153310326355169e-17,16.501233286977524,18.81407220664119,44,601,1208,6011,0.07321131447587355,0.36429901598880454,depleted,Low cross-weight c
GO:0009059,macromolecule biosynthetic process,biological_process,1.9133944188219725e-19,3.833964066714527e-17,16.416351961802434,18.718195497164636,15,601,746,6011,0.024958402662229616,0.201105842362818,depleted,Low cross-weight c
GO:0050896,response to stimulus,biological_process,1.519278524211108e-17,2.8318645050120998e-15,14.547927529984143,16.81836260109472,33,601,995,6011,0.05490848585690516,0.33171347586518285,depleted,Low cross-weight c
GO:0016070,RNA metabolic process,biological_process,5.096767922237666e-17,9.284226112894295e-15,14.032254291052562,16.292705141256537,27,601,888,6011,0.04492512479201331,0.30410464541080184,depleted,Low cross-weight c
GO:0006950,response to stress,biological_process,1.0621091426715121e-16,1.8917343952249266e-14,13.723139839808212,15.973830852723031,25,601,845,6011,0.04159733777038269,0.29590721578434365,depleted,Low cross-weight c
GO:0060255,regulation of macromolecule metabolic process,biological_process,1.1035813335204769e-16,1.922870519166657e-14,13.716049958977678,15.957195653986268,43,601,1114,6011,0.07154742096505824,0.3860606350277963,depleted,Low cross-weight c
GO:0044281,small molecule metabolic process,biological_process,4.639571347057347e-16,7.7471175722218e-14,13.11085985302002,15.333522142334596,13,601,629,6011,0.021630615640599003,0.2067116543968849,depleted,Low cross-weight c
GO:0033554,cellular response to stress,biological_process,2.114555078297705e-15,3.2592613370300203e-13,12.48688081514711,14.674780998202474,23,601,781,6011,0.03826955074875208,0.2945432388613941,depleted,Low cross-weight c
GO:0051716,cellular response to stimulus,biological_process,2.3129542189677916e-15,3.4977977481182734e-13,12.456205306182563,14.635832963271938,29,601,876,6011,0.048252911813643926,0.3311053115431663,depleted,Low cross-weight c
GO:0022607,cellular component assembly,biological_process,9.433566549514083e-15,1.374727925351916e-12,11.861783245259339,14.025324082455258,31,601,886,6011,0.051580698835274545,0.34994535067588634,depleted,Low cross-weight c
GO:0006996,organelle organization,biological_process,9.979807249688628e-15,1.4283599126116849e-12,11.845162346924958,14.00087784660892,30,601,874,6011,0.04991680532445923,0.34330654096719043,depleted,Low cross-weight c
GO:0009889,regulation of biosynthetic process,biological_process,1.1170699630491424e-14,1.54367512997222e-12,11.81144409266974,13.951919625796966,40,601,1015,6011,0.06655574043261231,0.39415424210880057,depleted,Low cross-weight c
GO:0080090,regulation of primary metabolic process,biological_process,2.96882449929836e-14,3.965854726979392e-12,11.401663198458188,13.527415474764707,41,601,1019,6011,0.06821963394342762,0.4024221978743311,depleted,Low cross-weight c
GO:0010556,regulation of macromolecule biosynthetic process,biological_process,1.0178441604168833e-13,1.2949239596414792e-11,10.887755733418793,12.992318710655374,39,601,972,6011,0.064891846921797,0.40130132906061916,depleted,Low cross-weight c
GO:0010468,regulation of gene expression,biological_process,1.187489749870172e-13,1.487145366438973e-11,10.827646577707586,12.925370130413862,37,601,942,6011,0.06156405990016639,0.39284667097653947,depleted,Low cross-weight c
GO:0048519,negative regulation of biological process,biological_process,2.777790538324172e-13,3.42522940994896e-11,10.465310335664004,12.556300505711311,25,601,756,6011,0.04159733777038269,0.3307428536213894,depleted,Low cross-weight c
GO:0006793,phosphorus metabolic process,biological_process,3.923953663831162e-13,4.694102778448771e-11,10.328447405656792,12.406276129646129,7,601,442,6011,0.011647254575707155,0.15839739197867805,depleted,Low cross-weight c
GO:0048523,negative regulation of cellular process,biological_process,5.696563499723261e-13,6.71440536033558e-11,10.172992443182924,12.24438705716685,25,601,746,6011,0.04159733777038269,0.33517640393803,depleted,Low cross-weight c
GO:0043933,protein-containing complex organization,biological_process,1.386732677256689e-12,1.610820638871357e-10,9.79295281456838,11.858007250521288,18,601,624,6011,0.029950083194675542,0.28850953538973506,depleted,Low cross-weight c
GO:0006796,phosphate-containing compound metabolic process,biological_process,1.9520078904590168e-12,2.2035694707083127e-10,9.656873253177805,11.709518431148894,7,601,425,6011,0.011647254575707155,0.1647332876578252,depleted,Low cross-weight c
GO:0048518,positive regulation of biological process,biological_process,1.9960945968623493e-12,2.22204141581274e-10,9.653247850664588,11.699818880923482,31,601,819,6011,0.051580698835274545,0.3785733586066365,depleted,Low cross-weight c
GO:0048522,positive regulation of cellular process,biological_process,5.862972160196908e-12,6.4372221731477e-10,9.191301501449413,11.23188216801912,30,601,793,6011,0.04991680532445923,0.3783731611668656,depleted,Low cross-weight c
GO:0033036,macromolecule localization,biological_process,1.2815950525576996e-11,1.3695979128333282e-09,8.863406914499325,10.892249177797789,18,601,602,6011,0.029950083194675542,0.29905307322789815,depleted,Low cross-weight c
GO:0019637,organophosphate metabolic process,biological_process,1.5100594942826296e-11,1.59251669035201e-09,8.797916007350668,10.82100594176004,6,601,386,6011,0.009983361064891847,0.15546627813747382,depleted,Low cross-weight c
GO:0051641,cellular localization,biological_process,1.7231923431883664e-11,1.7936865754097085e-09,8.746253442262876,10.763666243780559,29,601,765,6011,0.048252911813643926,0.37914804302197863,depleted,Low cross-weight c
GO:0045184,establishment of protein localization,biological_process,3.02748752036642e-11,3.071558541232514e-09,8.512641202990695,10.518917638390416,12,601,490,6011,0.019966722129783693,0.24493870759618325,depleted,Low cross-weight c
GO:0009057,macromolecule catabolic process,biological_process,6.817328342949564e-11,6.663522764480579e-09,8.176296114268494,10.16638578857494,10,601,447,6011,0.016638935108153077,0.2237508701009131,depleted,Low cross-weight c
GO:0008104,intracellular protein localization,biological_process,7.178888973781942e-11,6.849856562483603e-09,8.16431852263518,10.14394276326346,17,601,564,6011,0.028286189683860232,0.30146859253490044,depleted,Low cross-weight c
GO:0065003,protein-containing complex assembly,biological_process,8.897589188612475e-11,8.389903217262234e-09,8.07624304899864,10.050727649974512,15,601,526,6011,0.024958402662229616,0.28521855209631597,depleted,Low cross-weight c
GO:0019219,regulation of nucleobase-containing compound metabolic process,biological_process,2.0796229899140506e-10,1.894111166381945e-08,7.722594535612859,9.682015390152854,32,601,775,6011,0.05324459234608985,0.412971928506253,depleted,Low cross-weight c
GO:0033365,protein localization to organelle,biological_process,2.3418418599057013e-10,2.0855402785715772e-08,7.680781418097003,9.630442435347842,6,601,356,6011,0.009983361064891847,0.1685673689917553,depleted,Low cross-weight c
GO:2001141,regulation of RNA biosynthetic process,biological_process,4.484379318852697e-10,3.7846484421670096e-08,7.421974456115813,9.348297658985814,22,601,618,6011,0.036605657237936774,0.3560462874712588,depleted,Low cross-weight c
GO:0006355,regulation of DNA-templated transcription,biological_process,4.485859039374497e-10,3.7846484421670096e-08,7.421974456115813,9.34815437751713,22,601,617,6011,0.036605657237936774,0.3566233479047617,depleted,Low cross-weight c
GO:0051252,regulation of RNA metabolic process,biological_process,5.655592099863418e-10,4.6731516165366284e-08,7.330390128422071,9.247521920845989,26,601,673,6011,0.04326123128119801,0.38639414744618306,depleted,Low cross-weight c
GO:0043436,oxoacid metabolic process,biological_process,1.707518720626723e-09,1.3775933488210499e-07,6.86087896270901,8.767634526170404,5,601,314,6011,0.008319467554076539,0.15926216390940787,depleted,Low cross-weight c
GO:0006082,organic acid metabolic process,biological_process,1.7337812215010731e-09,1.3775933488210499e-07,6.86087896270901,8.761005705181214,5,601,316,6011,0.008319467554076539,0.1582541755302344,depleted,Low cross-weight c
GO:0055085,transmembrane transport,biological_process,2.701846380029556e-09,2.123068503523225e-07,6.673035992540478,8.568339347468724,13,601,453,6011,0.021630615640599003,0.2870234671426945,depleted,Low cross-weight c
GO:0051649,establishment of localization in cell,biological_process,3.3563541522306985e-09,2.6117649058377716e-07,6.583065918014284,8.474132219999275,29,601,693,6011,0.048252911813643926,0.4185400474917946,depleted,Low cross-weight c
GO:0010496,intercellular transport,biological_process,4.393801431363756e-09,3.3539350926076673e-07,6.474445346379631,8.357159573999857,15,601,480,6011,0.024958402662229616,0.31255199667221295,depleted,Low cross-weight c
GO:0015031,protein transport,biological_process,4.584772772078376e-09,3.466693751717753e-07,6.460084522293302,8.338682183718696,11,601,416,6011,0.018302828618968387,0.26446707410725717,depleted,Low cross-weight c
GO:0019752,carboxylic acid metabolic process,biological_process,8.109142527262984e-09,5.908616123273893e-07,6.228514224770618,8.091025066302556,5,601,299,6011,0.008319467554076539,0.16725190457375944,depleted,Low cross-weight c
GO:0006259,DNA metabolic process,biological_process,9.012629272524712e-09,6.50776789362933e-07,6.186567945027371,8.045148492930878,15,601,474,6011,0.024958402662229616,0.3165083510604688,depleted,Low cross-weight c
GO:0009892,negative regulation of metabolic process,biological_process,9.387269880043101e-09,6.717765007905844e-07,6.172775192151805,8.027460696171786,20,601,548,6011,0.033277870216306155,0.3650242296901757,depleted,Low cross-weight c
GO:0072594,establishment of protein localization to organelle,biological_process,1.1560910427631199e-08,8.187916345552999e-07,6.086826603094328,7.937007963655346,6,601,317,6011,0.009983361064891847,0.18930594120209746,depleted,Low cross-weight c
GO:0022402,cell cycle process,biological_process,1.1645944646201395e-08,8.187916345552999e-07,6.086826603094328,7.933825278448019,24,601,603,6011,0.03993344425956739,0.3980761748661021,depleted,Low cross-weight c
GO:0006396,RNA processing,biological_process,1.3214015264922605e-08,9.130201064513334e-07,6.039519658364151,7.878965195827396,19,601,529,6011,0.03161397670549085,0.35922800373668334,depleted,Low cross-weight c
GO:0006520,amino acid metabolic process,biological_process,2.325438652490469e-08,1.5795246440433144e-06,5.801473593761029,7.6334951131450675,1,601,200,6011,0.0016638935108153079,0.05000831946755408,depleted,Low cross-weight c
GO:0009893,positive regulation of metabolic process,biological_process,3.927985248147294e-08,2.645613593605089e-06,5.577473586610942,7.405830151908575,25,601,601,6011,0.04159733777038269,0.4160425912442103,depleted,Low cross-weight c
GO:0016192,vesicle-mediated transport,biological_process,4.146228565163947e-08,2.7693351624824197e-06,5.557624480004497,7.382346760647036,12,601,404,6011,0.019966722129783693,0.29707912554982624,depleted,Low cross-weight c
GO:0034654,nucleobase-containing compound biosynthetic process,biological_process,4.440202129652774e-08,2.8712647089164196e-06,5.54192676698721,7.352597259210893,13,601,420,6011,0.021630615640599003,0.30957531098962054,depleted,Low cross-weight c
GO:0046907,intracellular transport,biological_process,6.015508250051066e-08,3.7667420800124447e-06,5.424034116208259,7.220727673250554,28,601,640,6011,0.04658901830282862,0.43757279534109816,depleted,Low cross-weight c
GO:0009890,negative regulation of biosynthetic process,biological_process,6.927759665558099e-08,4.304340598406835e-06,5.366093370669712,7.159407187060627,17,601,476,6011,0.028286189683860232,0.35720228191110054,depleted,Low cross-weight c
GO:0042221,response to chemical,biological_process,7.971523317620995e-08,4.914750722364021e-06,5.308498504820087,7.098458679203414,11,601,383,6011,0.018302828618968387,0.28725405438281715,depleted,Low cross-weight c
GO:0044283,small molecule biosynthetic process,biological_process,8.353681160594821e-08,5.07232988652784e-06,5.294792509219429,7.078122104703742,5,601,276,6011,0.008319467554076539,0.1811895632882394,depleted,Low cross-weight c
GO:0006357,regulation of transcription by RNA polymerase II,biological_process,9.41555038877204e-08,5.674107997444203e-06,5.246102402370319,7.026154288093396,19,601,503,6011,0.03161397670549085,0.37779644925786376,depleted,Low cross-weight c
GO:0048193,Golgi vesicle transport,biological_process,1.0652280473867031e-07,6.186813623046686e-06,5.208532966847553,6.97255740713648,2,601,207,6011,0.0033277870216306157,0.09663443375372768,depleted,Low cross-weight c
GO:0010605,negative regulation of macromolecule metabolic process,biological_process,1.336868039630967e-07,7.708631178159858e-06,5.113022732785482,6.87391145922155,19,601,501,6011,0.03161397670549085,0.379304618715979,depleted,Low cross-weight c
GO:0016072,rRNA metabolic process,biological_process,1.8399490911083438e-07,1.0385346454389701e-05,4.983579010855418,6.735194193162525,9,601,339,6011,0.014975041597337771,0.26553089982772077,depleted,Low cross-weight c
GO:0006364,rRNA processing,biological_process,3.1910501268505395e-07,1.77612963657688e-05,4.750525339010511,6.496066373605425,6,601,276,6011,0.009983361064891847,0.2174274759458873,depleted,Low cross-weight c
GO:0006412,translation,biological_process,3.819301476480374e-07,2.0966918721911094e-05,4.678465388342256,6.418016059247983,5,601,260,6011,0.008319467554076539,0.19233969025982336,depleted,Low cross-weight c
GO:0006886,intracellular protein transport,biological_process,3.9921422103156484e-07,2.1766680146721036e-05,4.662207804486943,6.398793996428931,10,601,344,6011,0.016638935108153077,0.29074604341601207,depleted,Low cross-weight c
GO:0006629,lipid metabolic process,biological_process,4.537044236937774e-07,2.4256567454723014e-05,4.615170656105251,6.343226986269731,8,601,309,6011,0.013311148086522463,0.25894275452455184,depleted,Low cross-weight c
GO:0010564,regulation of cell cycle process,biological_process,4.600122586547596e-07,2.4256567454723014e-05,4.615170656105251,6.337230594850642,6,601,272,6011,0.009983361064891847,0.22062493882744444,depleted,Low cross-weight c
GO:0051128,regulation of cellular component organization,biological_process,4.965942584811863e-07,2.6014398573377175e-05,4.584786210101707,6.303998305974272,16,601,437,6011,0.026622296173044926,0.3661936436983365,depleted,Low cross-weight c
GO:0005975,carbohydrate metabolic process,biological_process,5.254301800274004e-07,2.7346252551426067e-05,4.56310217966859,6.2794849855222905,2,601,192,6011,0.0033277870216306157,0.10418399889073766,depleted,Low cross-weight c
GO:0010558,negative regulation of macromolecule biosynthetic process,biological_process,6.764247986714093e-07,3.4977708137750614e-05,4.456208650424428,6.1697804789443005,17,601,448,6011,0.028286189683860232,0.37952742453054433,depleted,Low cross-weight c
GO:0006338,chromatin remodeling,biological_process,8.247483563131584e-07,4.1837709340822564e-05,4.378432101575627,6.083678541311369,7,601,287,6011,0.011647254575707155,0.24394302179294672,depleted,Low cross-weight c
GO:0007165,signal transduction,biological_process,8.741106991739395e-07,4.4062875810560535e-05,4.355927161567921,6.058433563937633,11,601,353,6011,0.018302828618968387,0.31166658025104527,depleted,Low cross-weight c
GO:0006974,DNA damage response,biological_process,9.344855142736273e-07,4.681188373064452e-05,4.329643882321311,6.02942742635555,13,601,383,6011,0.021630615640599003,0.33948206427060207,depleted,Low cross-weight c
GO:0141187,nucleic acid biosynthetic process,biological_process,9.616089204345262e-07,4.7871400604240545e-05,4.3199238659002415,6.0170015165585555,8,601,303,6011,0.013311148086522463,0.26407033382206774,depleted,Low cross-weight c
GO:0051726,regulation of cell cycle,biological_process,1.0279845085210719e-06,5.0859850838249325e-05,4.293624917857129,5.988013430004662,9,601,316,6011,0.014975041597337771,0.28485751595442194,depleted,Low cross-weight c
GO:0090407,organophosphate biosynthetic process,biological_process,1.1138364534125269e-06,5.4407342255048734e-05,4.2643424884326,5.953178572712341,5,601,246,6011,0.008319467554076539,0.20328585149412223,depleted,Low cross-weight c
GO:0010604,positive regulation of macromolecule metabolic process,biological_process,1.1200513377520948e-06,5.4407342255048734e-05,4.2643424884326,5.950762070908858,25,601,555,6011,0.04159733777038269,0.45052540060859525,depleted,Low cross-weight c
GO:0035556,intracellular signal transduction,biological_process,1.1401648168311142e-06,5.493322788453254e-05,4.260164881021361,5.943032364570137,7,601,281,6011,0.011647254575707155,0.24915176958923738,depleted,Low cross-weight c
GO:0009891,positive regulation of biosynthetic process,biological_process,1.1445850351487128e-06,5.493322788453254e-05,4.260164881021361,5.941351936563942,20,601,485,6011,0.033277870216306155,0.412439748186013,depleted,Low cross-weight c
GO:0061024,membrane organization,biological_process,1.2462981981937862e-06,5.9458809872161886e-05,4.225783787884623,5.904378032848924,3,601,204,6011,0.004991680532445923,0.14708329255162964,depleted,Low cross-weight c
GO:0030163,protein catabolic process,biological_process,1.6556536718062604e-06,7.760271450015893e-05,4.110123087094628,5.781030503392638,7,601,278,6011,0.011647254575707155,0.25184045775027236,depleted,Low cross-weight c
GO:1901135,carbohydrate derivative metabolic process,biological_process,1.8503542996225862e-06,8.622435878764551e-05,4.06437002660421,5.732745106386825,8,601,291,6011,0.013311148086522463,0.27495983212400865,depleted,Low cross-weight c
GO:0051276,chromosome organization,biological_process,1.999092822412694e-06,9.208464926228588e-05,4.035812761728586,5.69916704013615,6,601,258,6011,0.009983361064891847,0.23259683473280965,depleted,Low cross-weight c
GO:0034220,monoatomic ion transmembrane transport,biological_process,2.067608233148873e-06,9.469645707821838e-05,4.023666269150504,5.684531747154373,1,601,154,6011,0.0016638935108153079,0.06494586943838192,depleted,Low cross-weight c
GO:0006281,DNA repair,biological_process,2.203064117016331e-06,9.97602197620672e-05,4.001042602819931,5.656972863148288,10,601,322,6011,0.016638935108153077,0.31061067992269614,depleted,Low cross-weight c
GO:0043412,macromolecule modification,biological_process,2.466514393979461e-06,0.00011060649084107875,3.956219386107736,5.607916345757237,14,601,383,6011,0.02329450915141431,0.36559606921449456,depleted,Low cross-weight c
GO:0022414,reproductive process,biological_process,2.4701886288899685e-06,0.00011060649084107875,3.956219386107736,5.607269881818007,14,601,384,6011,0.02329450915141431,0.36464399611758186,depleted,Low cross-weight c
GO:0010557,positive regulation of macromolecule biosynthetic process,biological_process,2.8031934977797833e-06,0.00012344832903684046,3.908514784184791,5.55234692288988,20,601,469,6011,0.033277870216306155,0.42651018735653795,depleted,Low cross-weight c
GO:0006325,chromatin organization,biological_process,3.2719452796770347e-06,0.00014330405145689308,3.843741531162323,5.485193968122057,11,601,335,6011,0.018302828618968387,0.32841284426453426,depleted,Low cross-weight c
GO:0051668,localization within membrane,biological_process,4.051099231992971e-06,0.00017551113699688467,3.755695320321621,5.392427118608771,3,601,194,6011,0.004991680532445923,0.15466490556975485,depleted,Low cross-weight c
GO:0045786,negative regulation of cell cycle,biological_process,4.734500598265723e-06,0.00020292525291497202,3.6926639040795544,5.324725824233219,1,601,148,6011,0.0016638935108153079,0.0675788100912893,depleted,Low cross-weight c
GO:0006644,phospholipid metabolic process,biological_process,4.893106883079543e-06,0.00020750397707874357,3.6829735750636954,5.310415297580615,1,601,149,6011,0.0016638935108153079,0.06712526103027393,depleted,Low cross-weight c
GO:0034655,nucleobase-containing compound catabolic process,biological_process,5.440196466162136e-06,0.00022828887265073045,3.6415152565525113,5.264385415994948,4,601,209,6011,0.0066555740432612314,0.1914194046604941,depleted,Low cross-weight c
GO:0044085,cellular component biogenesis,biological_process,5.61507161853553e-06,0.00023439999490917852,3.6300424020861812,5.250644700072796,2,601,168,6011,0.0033277870216306157,0.11906742730370018,depleted,Low cross-weight c
GO:0010948,negative regulation of cell cycle process,biological_process,7.091386350876626e-06,0.00029147416206295464,3.535399937545882,5.149268852873528,1,601,144,6011,0.0016638935108153079,0.06945599926049179,depleted,Low cross-weight c
GO:0098655,monoatomic cation transmembrane transport,biological_process,7.32490367148491e-06,0.0002995362394232222,3.5235506269326753,5.1351980822663625,1,601,145,6011,0.0016638935108153079,0.0689769923690401,depleted,Low cross-weight c
GO:0010629,negative regulation of gene expression,biological_process,8.24534391395642e-06,0.00033376985591091266,3.476552888755345,5.083791225183978,9,601,293,6011,0.014975041597337771,0.30721834485186805,depleted,Low cross-weight c
GO:0010498,proteasomal protein catabolic process,biological_process,8.512650199433312e-06,0.00034285875049476375,3.464884761925328,5.069935212205785,3,601,185,6011,0.004991680532445923,0.1621891442190943,depleted,Low cross-weight c
GO:1902680,positive regulation of RNA biosynthetic process,biological_process,1.129355586852532e-05,0.0004503375636130868,3.346461826100611,4.947169295370286,16,601,392,6011,0.026622296173044926,0.40823117932697206,depleted,Low cross-weight c
GO:0045893,positive regulation of DNA-templated transcription,biological_process,1.129355586852532e-05,0.0004503375636130868,3.346461826100611,4.947169295370286,16,601,392,6011,0.026622296173044926,0.40823117932697206,depleted,Low cross-weight c
GO:0031667,response to nutrient levels,biological_process,1.2443015903277822e-05,0.0004937166953701572,3.30652218656508,4.90507434380862,3,601,181,6011,0.004991680532445923,0.1657734346990743,depleted,Low cross-weight c
GO:0016071,mRNA metabolic process,biological_process,1.5502553287287553e-05,0.0006090831597922046,3.2153234079036417,4.809596767167906,9,601,282,6011,0.014975041597337771,0.3192020391546005,depleted,Low cross-weight c
GO:1901605,alpha-amino acid metabolic process,biological_process,1.5872557944915123e-05,0.0006175657860606539,3.2093167724790823,4.799353078800093,1,601,136,6011,0.0016638935108153079,0.07354164627581482,depleted,Low cross-weight c
GO:0033043,regulation of organelle organization,biological_process,2.1569983920025102e-05,0.0008351856092705371,3.078216997421602,4.666150178654848,9,601,277,6011,0.014975041597337771,0.3249638088144308,depleted,Low cross-weight c
GO:0006811,monoatomic ion transport,biological_process,2.3627489621867467e-05,0.0009104535063426334,3.0407422271940416,4.626582418921443,4,601,192,6011,0.0066555740432612314,0.20836799778147533,depleted,Low cross-weight c
GO:0051254,positive regulation of RNA metabolic process,biological_process,2.4127827685466505e-05,0.0009252848751148997,3.0337245368359134,4.617481777415023,19,601,427,6011,0.03161397670549085,0.4450389086105515,depleted,Low cross-weight c
GO:0008610,lipid biosynthetic process,biological_process,2.4410150402925525e-05,0.0009316540737116576,3.030745312716719,4.612429544672963,4,601,194,6011,0.0066555740432612314,0.2062198740930065,depleted,Low cross-weight c
GO:0032774,RNA biosynthetic process,biological_process,2.9032350535750806e-05,0.0010976145733209563,2.9595501353555655,4.5371178011169775,8,601,260,6011,0.013311148086522463,0.3077435044157174,depleted,Low cross-weight c
GO:0170039,proteinogenic amino acid metabolic process,biological_process,3.541463576400296e-05,0.0013202246774348082,2.8793521537434996,4.450817220518058,1,601,128,6011,0.0016638935108153079,0.07813799916805324,depleted,Low cross-weight c
GO:0006753,nucleoside phosphate metabolic process,biological_process,4.2826004290615944e-05,0.0015745432311435176,2.8028454107407894,4.368292443826348,5,601,206,6011,0.008319467554076539,0.24275883236676735,depleted,Low cross-weight c
GO:0055086,nucleobase-containing small molecule metabolic process,biological_process,4.7079420383271075e-05,0.0017230207962188023,2.7637094807478126,4.327168892597858,6,601,218,6011,0.009983361064891847,0.2752751530324078,depleted,Low cross-weight c
GO:0048583,regulation of response to stimulus,biological_process,4.830100408268827e-05,0.0017596933987397568,2.7545629951602746,4.316043841028232,6,601,221,6011,0.009983361064891847,0.2715383862491624,depleted,Low cross-weight c
GO:0046486,glycerolipid metabolic process,biological_process,5.207036644071612e-05,0.0018714976996517475,2.727810702361564,4.283409366003567,1,601,123,6011,0.0016638935108153079,0.0813143405976489,depleted,Low cross-weight c
GO:0170033,L-amino acid metabolic process,biological_process,5.2833844537558905e-05,0.0018904609998595294,2.723432277688121,4.277087786044121,1,601,124,6011,0.0016638935108153079,0.08065857978637754,depleted,Low cross-weight c
GO:0043632,modification-dependent macromolecule catabolic process,biological_process,5.839055637902472e-05,0.0020762987194933025,2.68271016388005,4.233657386519751,5,601,199,6011,0.008319467554076539,0.25129808777665363,depleted,Low cross-weight c
GO:1903047,mitotic cell cycle process,biological_process,5.854566570249362e-05,0.0020762987194933025,2.68271016388005,4.232505251422813,13,601,328,6011,0.021630615640599003,0.39640741041353844,depleted,Low cross-weight c
GO:0006399,tRNA metabolic process,biological_process,6.117678885861931e-05,0.002160052699127021,2.6655356531727374,4.213413322669779,5,601,202,6011,0.008319467554076539,0.24756593795818851,depleted,Low cross-weight c
GO:0006812,monoatomic cation transport,biological_process,7.133477337672242e-05,0.002496717068185285,2.60263066977835,4.146698714128626,4,601,181,6011,0.0066555740432612314,0.22103124626543239,depleted,Low cross-weight c
GO:1901987,regulation of cell cycle phase transition,biological_process,7.311944945960398e-05,0.0025480538583422863,2.5937913965354094,4.13596708720798,4,601,182,6011,0.0066555740432612314,0.21981678886836958,depleted,Low cross-weight c
GO:0045944,positive regulation of transcription by RNA polymerase II,biological_process,7.449998659418143e-05,0.0025849237772829618,2.5875522586023263,4.127843805400346,14,601,335,6011,0.02329450915141431,0.4179799836094072,depleted,Low cross-weight c
GO:0141188,nucleic acid catabolic process,biological_process,7.992173762945624e-05,0.0027449122605537795,2.5614715329502573,4.097335082406189,3,601,159,6011,0.004991680532445923,0.18871063950020406,depleted,Low cross-weight c
GO:0019941,modification-dependent protein catabolic process,biological_process,8.311353319067194e-05,0.0028347019937158963,2.5474925908407315,4.080328255259159,5,601,194,6011,0.008319467554076539,0.2577748426162581,depleted,Low cross-weight c
GO:0031669,cellular response to nutrient levels,biological_process,8.350615799075246e-05,0.002836024814813055,2.5472899734575076,4.0782814971775645,3,601,162,6011,0.004991680532445923,0.18521599802797806,depleted,Low cross-weight c
GO:0007346,regulation of mitotic cell cycle,biological_process,0.00010082651703168288,0.003381274200874219,2.470919609152012,3.996425234894038,4,601,176,6011,0.0066555740432612314,0.2273105430343367,depleted,Low cross-weight c
GO:0019725,cellular homeostasis,biological_process,0.00010370602553572204,0.003463349144453384,2.4605037244868786,3.9841960094654363,7,601,228,6011,0.011647254575707155,0.30706862830954257,depleted,Low cross-weight c
GO:0036211,protein modification process,biological_process,0.00011173594933026388,0.003716031675859191,2.4299205926890997,3.951807076804395,10,601,273,6011,0.016638935108153077,0.3663613147806159,depleted,Low cross-weight c
GO:0006401,RNA catabolic process,biological_process,0.00011560726738589583,0.003814127139132506,2.418604834388231,3.9370148641301337,3,601,155,6011,0.004991680532445923,0.1935805914873061,depleted,Low cross-weight c
GO:1901988,negative regulation of cell cycle phase transition,biological_process,0.0001156372919287834,0.003814127139132506,2.418604834388231,3.9369020874800826,1,601,115,6011,0.0016638935108153079,0.08697099037835491,depleted,Low cross-weight c
GO:0022613,ribonucleoprotein complex biogenesis,biological_process,0.0001305924816658497,0.004272239757354226,2.369344382764581,3.8840818250902123,2,601,138,6011,0.0033277870216306157,0.14495165063059154,depleted,Low cross-weight c
GO:0042592,homeostatic process,biological_process,0.00015126743656724586,0.0049284898540100635,2.3072861331649066,3.8202545527516913,10,601,266,6011,0.016638935108153077,0.3760024020116848,depleted,Low cross-weight c
GO:0046394,carboxylic acid biosynthetic process,biological_process,0.00016786449121635252,0.0054161757915395,2.2663072483006452,3.775041161513717,3,601,152,6011,0.004991680532445923,0.1974012610561345,depleted,Low cross-weight c
GO:0016053,organic acid biosynthetic process,biological_process,0.00016786449121635252,0.0054161757915395,2.2663072483006452,3.775041161513717,3,601,152,6011,0.004991680532445923,0.1974012610561345,depleted,Low cross-weight c
GO:0006511,ubiquitin-dependent protein catabolic process,biological_process,0.0001682629784271161,0.0054161757915395,2.2663072483006452,3.774011427895073,5,601,188,6011,0.008319467554076539,0.2660016992955004,depleted,Low cross-weight c
GO:0008654,phospholipid biosynthetic process,biological_process,0.00017208398486288164,0.005473226740777763,2.2617565598551455,3.764259545763765,1,601,111,6011,0.0016638935108153079,0.09010508012171906,depleted,Low cross-weight c
GO:0006066,alcohol metabolic process,biological_process,0.00017208398486288164,0.005473226740777763,2.2617565598551455,3.764259545763765,1,601,111,6011,0.0016638935108153079,0.09010508012171906,depleted,Low cross-weight c
GO:0002181,cytoplasmic translation,biological_process,0.00018074848127366632,0.0056811728525821,2.2455619968905687,3.7429253431467773,2,601,131,6011,0.0033277870216306157,0.15269715867955444,depleted,Low cross-weight c
GO:0071852,fungal-type cell wall organization or biogenesis,biological_process,0.0001849231137340903,0.005744801382088115,2.2407249817980204,3.733008802524954,6,601,203,6011,0.009983361064891847,0.2956156815816004,depleted,Low cross-weight c
GO:0007034,vacuolar transport,biological_process,0.00021578339097291208,0.006576060375087035,2.1820342081737882,3.665981986374194,4,601,170,6011,0.0066555740432612314,0.2353332680826074,depleted,Low cross-weight c
GO:0006605,protein targeting,biological_process,0.0002465548046332889,0.00748536651187807,2.125786930098584,3.6080865299189164,3,601,149,6011,0.004991680532445923,0.20137578309082177,depleted,Low cross-weight c
GO:0042594,response to starvation,biological_process,0.00025356741031062,0.007669218089206111,2.1152489120423303,3.595906564795686,3,601,150,6011,0.004991680532445923,0.2000332778702163,depleted,Low cross-weight c
GO:0000075,cell cycle checkpoint signaling,biological_process,0.00025583345094550594,0.007679794416959664,2.1146504055902344,3.5920426709158226,1,601,107,6011,0.0016638935108153079,0.09347349433187678,depleted,Low cross-weight c
GO:0006650,glycerophospholipid metabolic process,biological_process,0.0002669025882232603,0.00798218001719937,2.0978784820650564,3.573647214726431,1,601,109,6011,0.0016638935108153079,0.09175838434413593,depleted,Low cross-weight c
GO:0098657,import into cell,biological_process,0.00034917535118718227,0.01028911926384289,1.9876217987286553,3.4569564213846204,3,601,144,6011,0.004991680532445923,0.20836799778147533,depleted,Low cross-weight c
GO:0040029,epigenetic regulation of gene expression,biological_process,0.00034917535118718227,0.01028911926384289,1.9876217987286553,3.4569564213846204,3,601,144,6011,0.004991680532445923,0.20836799778147533,depleted,Low cross-weight c
GO:0009267,cellular response to starvation,biological_process,0.0003556119424389959,0.010440401899811547,1.9812827829898003,3.449023662639208,3,601,145,6011,0.004991680532445923,0.2069309771071203,depleted,Low cross-weight c
GO:0070887,cellular response to chemical stimulus,biological_process,0.00038153123838335435,0.011079611868270237,1.9554754531834861,3.418469897808432,10,601,255,6011,0.016638935108153077,0.3922221134710123,depleted,Low cross-weight c
GO:0006979,response to oxidative stress,biological_process,0.00038535025834150695,0.01115011668089234,1.9527205878981033,3.4141443455238183,2,601,123,6011,0.0033277870216306157,0.1626286811952978,depleted,Low cross-weight c
GO:0044282,small molecule catabolic process,biological_process,0.0005022867751227051,0.014225542412044101,1.8469311652094043,3.2990482563752774,3,601,140,6011,0.004991680532445923,0.2143213691466603,depleted,Low cross-weight c
GO:0080134,regulation of response to stress,biological_process,0.0005638438130398389,0.015912704794064467,1.7982559939991023,3.2488411806422284,1,601,98,6011,0.0016638935108153079,0.10205779483174302,depleted,Low cross-weight c
GO:0006402,mRNA catabolic process,biological_process,0.0005780923219811075,0.016257578809398515,1.7889441320514838,3.2380027987331372,2,601,121,6011,0.0033277870216306157,0.16531675857042671,depleted,Low cross-weight c
GO:0010646,regulation of cell communication,biological_process,0.000588201043910993,0.01642659012873383,1.7844525791070835,3.2304742090632548,4,601,155,6011,0.0066555740432612314,0.25810745531640816,depleted,Low cross-weight c
GO:0009966,regulation of signal transduction,biological_process,0.000588201043910993,0.01642659012873383,1.7844525791070835,3.2304742090632548,4,601,155,6011,0.0066555740432612314,0.25810745531640816,depleted,Low cross-weight c
GO:0023051,regulation of signaling,biological_process,0.0005952245757721713,0.016507698874788763,1.7823134619057424,3.225319145839358,4,601,156,6011,0.0066555740432612314,0.2564529203464312,depleted,Low cross-weight c
GO:0072521,purine-containing compound metabolic process,biological_process,0.0005952245757721713,0.016507698874788763,1.7823134619057424,3.225319145839358,4,601,156,6011,0.0066555740432612314,0.2564529203464312,depleted,Low cross-weight c
GO:0071705,nitrogen compound transport,biological_process,0.0007009446359854219,0.019109085909602575,1.7187600870899564,3.1543162833679625,10,601,247,6011,0.016638935108153077,0.40492566370489125,depleted,Low cross-weight c
GO:0072665,protein localization to vacuole,biological_process,0.0007142600654152348,0.019340521703726715,1.7135318151550953,3.1461436307863204,3,601,134,6011,0.004991680532445923,0.22391784836218243,depleted,Low cross-weight c
GO:1902531,regulation of intracellular signal transduction,biological_process,0.0007142600654152348,0.019340521703726715,1.7135318151550953,3.1461436307863204,3,601,134,6011,0.004991680532445923,0.22391784836218243,depleted,Low cross-weight c
GO:0006457,protein folding,biological_process,0.0007212073262885606,0.019462884579807452,1.710792792831629,3.14193987020458,3,601,136,6011,0.004991680532445923,0.22062493882744444,depleted,Low cross-weight c
GO:0055082,intracellular chemical homeostasis,biological_process,0.0007246700283067801,0.019490705627110208,1.7101724377211198,3.139859700335028,7,601,202,6011,0.011647254575707155,0.34659231314146394,depleted,Low cross-weight c
GO:0043161,proteasome-mediated ubiquitin-dependent protein catabolic process,biological_process,0.0007357852502491134,0.01965772926915548,1.7064666504322223,3.1332489224027236,3,601,137,6011,0.004991680532445923,0.21901453781410543,depleted,Low cross-weight c
GO:0022411,cellular component disassembly,biological_process,0.0008164632012134899,0.02152615972936224,1.6670334414773396,3.0880633845587493,2,601,115,6011,0.0033277870216306157,0.17394198075670983,depleted,Low cross-weight c
GO:0090150,establishment of protein localization to membrane,biological_process,0.0008164632012134899,0.02152615972936224,1.6670334414773396,3.0880633845587493,2,601,115,6011,0.0033277870216306157,0.17394198075670983,depleted,Low cross-weight c
GO:0070925,organelle assembly,biological_process,0.0008164632012134899,0.02152615972936224,1.6670334414773396,3.0880633845587493,2,601,115,6011,0.0033277870216306157,0.17394198075670983,depleted,Low cross-weight c
GO:0000956,nuclear-transcribed mRNA catabolic process,biological_process,0.0008164632012134899,0.02152615972936224,1.6670334414773396,3.0880633845587493,2,601,115,6011,0.0033277870216306157,0.17394198075670983,depleted,Low cross-weight c
GO:0009117,nucleotide metabolic process,biological_process,0.0008296078796175492,0.021801007066015267,1.66152344432606,3.081127131669438,4,601,150,6011,0.0066555740432612314,0.26671103716028843,depleted,Low cross-weight c
GO:0045930,negative regulation of mitotic cell cycle,biological_process,0.0008353971284006589,0.0218813986409519,1.6599249217063308,3.0781070219149145,1,601,95,6011,0.0016638935108153079,0.10528067256327174,depleted,Low cross-weight c
GO:0008652,amino acid biosynthetic process,biological_process,0.0008470696463810884,0.022043062388780593,1.656728070157855,3.0720808803475745,1,601,96,6011,0.0016638935108153079,0.10418399889073766,depleted,Low cross-weight c
GO:0031505,fungal-type cell wall organization,biological_process,0.0009603013129469158,0.024908786483072914,1.6036474300926706,3.017592477358,6,601,181,6011,0.009983361064891847,0.3315468693981486,depleted,Low cross-weight c
GO:0071554,cell wall organization or biogenesis,biological_process,0.0009824714959020457,0.02525822975382254,1.5975970906408292,3.0076800408019277,8,601,211,6011,0.013311148086522463,0.37921000544116834,depleted,Low cross-weight c
GO:0061919,process utilizing autophagic mechanism,biological_process,0.0009840151181285375,0.02525822975382254,1.5975970906408292,3.006998229140444,7,601,195,6011,0.011647254575707155,0.3590340884850036,depleted,Low cross-weight c
GO:0030490,maturation of SSU-rRNA,biological_process,0.0011854712104973695,0.029973349375824656,1.523264724049272,2.926108988521684,2,601,111,6011,0.0033277870216306157,0.1802101602434381,depleted,Low cross-weight c
GO:0170038,proteinogenic amino acid biosynthetic process,biological_process,0.001236157466359267,0.030877089826295567,1.5103636387747565,2.9079262036686844,1,601,90,6011,0.0016638935108153079,0.11112959881678684,depleted,Low cross-weight c
GO:0080135,regulation of cellular response to stress,biological_process,0.001236624558233422,0.030877089826295567,1.5103636387747565,2.9077621330600483,1,601,91,6011,0.0016638935108153079,0.10990839443418479,depleted,Low cross-weight c
GO:1901607,alpha-amino acid biosynthetic process,biological_process,0.001288871915801721,0.03159115720229601,1.5004344653462964,2.889790239376174,1,601,93,6011,0.0016638935108153079,0.10754477304850339,depleted,Low cross-weight c
GO:0048878,chemical homeostasis,biological_process,0.001296553803434429,0.03168255711746021,1.4991797735097823,2.8872094564882667,10,601,240,6011,0.016638935108153077,0.4167359955629506,depleted,Low cross-weight c
GO:0045934,negative regulation of nucleobase-containing compound metabolic process,biological_process,0.0013479839131124256,0.032839182564121855,1.483607661915252,2.870315290655441,9,601,225,6011,0.014975041597337771,0.40006655574043265,depleted,Low cross-weight c
GO:0051640,organelle localization,biological_process,0.001384291228448959,0.03362149756369214,1.473382946186169,2.858772532998445,8,601,210,6011,0.013311148086522463,0.3810157673718406,depleted,Low cross-weight c
GO:0031507,heterochromatin formation,biological_process,0.0015105419008038844,0.03635733734217157,1.4394079301790348,2.8208672233628787,3,601,129,6011,0.004991680532445923,0.23259683473280965,depleted,Low cross-weight c
GO:0070828,heterochromatin organization,biological_process,0.0015105419008038844,0.03635733734217157,1.4394079301790348,2.8208672233628787,3,601,129,6011,0.004991680532445923,0.23259683473280965,depleted,Low cross-weight c
GO:0045814,"negative regulation of gene expression, epigenetic",biological_process,0.0015105419008038844,0.03635733734217157,1.4394079301790348,2.8208672233628787,3,601,129,6011,0.004991680532445923,0.23259683473280965,depleted,Low cross-weight c
GO:0051130,positive regulation of cellular component organization,biological_process,0.001648712785088944,0.039564170576311036,1.4026979343951353,2.7828549942737344,4,601,142,6011,0.0066555740432612314,0.2817370110848117,depleted,Low cross-weight c
GO:0071824,protein-DNA complex organization,biological_process,0.0016864140678724535,0.04022800224404082,1.395471534317432,2.7730357836177517,4,601,144,6011,0.0066555740432612314,0.27782399704196714,depleted,Low cross-weight c
GO:0016054,organic acid catabolic process,biological_process,0.0018269210854790778,0.04281226459519807,1.3684317991410189,2.7382802117504546,1,601,86,6011,0.0016638935108153079,0.11629841736640484,depleted,Low cross-weight c
GO:0170034,L-amino acid biosynthetic process,biological_process,0.0018269210854790778,0.04281226459519807,1.3684317991410189,2.7382802117504546,1,601,86,6011,0.0016638935108153079,0.11629841736640484,depleted,Low cross-weight c
GO:1901137,carbohydrate derivative biosynthetic process,biological_process,0.0018269550678787052,0.04281226459519807,1.3684317991410189,2.7382721335518396,8,601,204,6011,0.013311148086522463,0.3922221134710124,depleted,Low cross-weight c
GO:0045229,external encapsulating structure organization,biological_process,0.0018374820986585322,0.04281226459519807,1.3684317991410189,2.7357768832596525,7,601,187,6011,0.011647254575707155,0.3743938355859664,depleted,Low cross-weight c
GO:0071555,cell wall organization,biological_process,0.0018374820986585322,0.04281226459519807,1.3684317991410189,2.7357768832596525,7,601,187,6011,0.011647254575707155,0.3743938355859664,depleted,Low cross-weight c
GO:0044087,regulation of cellular component biogenesis,biological_process,0.00184908902599021,0.04295782186467111,1.3669577472371686,2.733042178854058,6,601,174,6011,0.009983361064891847,0.34488496184520057,depleted,Low cross-weight c
GO:0070647,protein modification by small protein conjugation or removal,biological_process,0.0018796744592252854,0.043416688157609976,1.3623433077754528,2.725917359674743,6,601,175,6011,0.009983361064891847,0.3429141906346565,depleted,Low cross-weight c
GO:0006508,proteolysis,biological_process,0.0019055191913283842,0.043887173329014366,1.3576623901539797,2.7199866728975626,1,601,89,6011,0.0016638935108153079,0.11237824599450355,depleted,Low cross-weight c
GO:1901990,regulation of mitotic cell cycle phase transition,biological_process,0.002109560700993418,0.04830894005274928,1.315972491271338,2.675807973611226,3,601,124,6011,0.004991680532445923,0.2419757393591326,depleted,Low cross-weight c
GO:0072666,establishment of protein localization to vacuole,biological_process,0.002109560700993418,0.04830894005274928,1.315972491271338,2.675807973611226,3,601,124,6011,0.004991680532445923,0.2419757393591326,depleted,Low cross-weight c
GO:0043226,organelle,cellular_component,1.6469892120516006e-137,2.2001030890989299e-134,133.65755696918785,136.78330924549437,140,601,4197,6011,0.23294509151414308,0.33362710152287683,depleted,Low cross-weight c
GO:0043229,intracellular organelle,cellular_component,2.765348044411787e-137,3.166323510851496e-134,133.49944471429998,136.5582502009759,140,601,4195,6011,0.23294509151414308,0.33378616092765534,depleted,Low cross-weight c
GO:0043227,membrane-bounded organelle,cellular_component,1.2098968083739892e-115,1.2121653648896902e-112,111.91643812921248,114.9172516689107,127,601,3863,6011,0.2113144758735441,0.3288147332321702,depleted,Low cross-weight c
GO:0043231,intracellular membrane-bounded organelle,cellular_component,1.8233733054443232e-115,1.6238152270151388e-112,111.7894633903985,114.73912440764933,127,601,3861,6011,0.2113144758735441,0.32898505943431067,depleted,Low cross-weight c
GO:0032991,protein-containing complex,cellular_component,1.8121967766326287e-52,1.0374826546221798e-49,48.98401915540126,51.74179464641319,51,601,2030,6011,0.08485856905158069,0.25127332934436036,depleted,Low cross-weight c
GO:0005737,cytoplasm,cellular_component,1.2277050975517393e-44,5.788268445221877e-42,41.23745133560845,43.91090594092034,87,601,2370,6011,0.1447587354409318,0.3671496872301439,depleted,Low cross-weight c
GO:0005634,nucleus,cellular_component,1.575382878175246e-37,6.645628299249788e-35,34.177463953171525,36.802613878908865,73,601,2040,6011,0.12146422628951747,0.3579026785422988,depleted,Low cross-weight c
GO:0031090,organelle membrane,cellular_component,2.0117790657634935e-33,7.0106127009106095e-31,30.1542440246872,32.696419715359774,30,601,1321,6011,0.04991680532445923,0.22713846843703592,depleted,Low cross-weight c
GO:0016020,membrane,cellular_component,4.494113470731897e-24,1.200677315597205e-21,20.920573694416664,23.347355966387163,98,601,2038,6011,0.16306156405990016,0.48094360233761524,depleted,Low cross-weight c
GO:0043232,intracellular membraneless organelle,cellular_component,3.038239101139391e-21,7.1622018810683e-19,18.14495344168794,20.51737805133585,25,601,959,6011,0.04159733777038269,0.2607315926358398,depleted,Low cross-weight c
GO:0043228,membraneless organelle,cellular_component,3.038239101139391e-21,7.1622018810683e-19,18.14495344168794,20.51737805133585,25,601,959,6011,0.04159733777038269,0.2607315926358398,depleted,Low cross-weight c
GO:0005739,mitochondrion,cellular_component,1.1446914884017882e-20,2.5485284109834254e-18,17.59371052053533,19.941311546458206,35,601,1105,6011,0.05823627287853577,0.3167947839573561,depleted,Low cross-weight c
GO:1902494,catalytic complex,cellular_component,6.476917876751833e-18,1.2360118281468082e-15,14.907977373200026,17.18863160949229,19,601,780,6011,0.03161397670549085,0.24363027432910958,depleted,Low cross-weight c
GO:0005829,cytosol,cellular_component,3.115201913463409e-15,4.623767284520226e-13,12.335004032198263,14.50651379906546,38,601,1002,6011,0.0632279534109817,0.379304618715979,depleted,Low cross-weight c
GO:0098588,bounding membrane of organelle,cellular_component,1.064161712983223e-14,1.4963607244843039e-12,11.824963699407,13.972992370424672,15,601,631,6011,0.024958402662229616,0.23775746181087515,depleted,Low cross-weight c
GO:0140513,nuclear protein-containing complex,cellular_component,7.985478966012489e-14,1.0323163534288726e-11,10.986187192733354,13.097699029925264,20,601,691,6011,0.033277870216306155,0.2894837595806314,depleted,Low cross-weight c
GO:0005789,endoplasmic reticulum membrane,cellular_component,3.7834456756376695e-13,4.5945934985205945e-11,10.337752906292845,12.42211249744114,5,601,400,6011,0.008319467554076539,0.12502079866888519,depleted,Low cross-weight c
GO:0005783,endoplasmic reticulum,cellular_component,1.5601181795110797e-12,1.7863353155401865e-10,9.748037015760943,11.806842502436849,15,601,576,6011,0.024958402662229616,0.26045999722684415,depleted,Low cross-weight c
GO:0005886,plasma membrane,cellular_component,7.091348769883979e-11,6.8478506494723e-09,8.164445720120822,10.149271154434912,17,601,562,6011,0.028286189683860232,0.3025414345012168,depleted,Low cross-weight c
GO:0031966,mitochondrial membrane,cellular_component,3.999925459060606e-10,3.4472475864914794e-08,7.462527523790883,9.397948101927112,12,601,459,6011,0.019966722129783693,0.2614814089806749,depleted,Low cross-weight c
GO:1990234,transferase complex,cellular_component,5.23688138250163e-10,4.372250445911517e-08,7.3592949692835905,9.280927262934185,9,601,405,6011,0.014975041597337771,0.22225919763357369,depleted,Low cross-weight c
GO:0098796,membrane protein complex,cellular_component,3.716329609381117e-09,2.8640751749220817e-07,6.543015587053649,8.429885774445031,5,601,306,6011,0.008319467554076539,0.1634258806129218,depleted,Low cross-weight c
GO:0005773,vacuole,cellular_component,1.695678083519416e-08,1.161611952086164e-06,5.934938928067567,7.7706565930115685,6,601,313,6011,0.009983361064891847,0.19172518645707634,depleted,Low cross-weight c
GO:1990904,ribonucleoprotein complex,cellular_component,4.9717900212015156e-08,3.170802051003297e-06,5.4988308695592725,7.30348722165533,18,601,496,6011,0.029950083194675542,0.36296360903869895,depleted,Low cross-weight c
GO:0140535,intracellular protein-containing complex,cellular_component,8.297871806859952e-08,5.07232988652784e-06,5.294792509219429,7.081033278835003,12,601,396,6011,0.019966722129783693,0.3030807240457823,depleted,Low cross-weight c
GO:0043233,organelle lumen,cellular_component,1.0648676016171976e-07,6.186813623046686e-06,5.208532966847553,6.972704386085796,6,601,291,6011,0.009983361064891847,0.2062198740930065,depleted,Low cross-weight c
GO:0070013,intracellular organelle lumen,cellular_component,1.0648676016171976e-07,6.186813623046686e-06,5.208532966847553,6.972704386085796,6,601,291,6011,0.009983361064891847,0.2062198740930065,depleted,Low cross-weight c
GO:0031974,membrane-enclosed lumen,cellular_component,1.0648676016171976e-07,6.186813623046686e-06,5.208532966847553,6.972704386085796,6,601,291,6011,0.009983361064891847,0.2062198740930065,depleted,Low cross-weight c
GO:0071944,cell periphery,cellular_component,1.5188823193038004e-07,8.695601278014258e-06,5.06070038229897,6.818475873310896,6,601,285,6011,0.009983361064891847,0.21056134512654348,depleted,Low cross-weight c
GO:0019866,organelle inner membrane,cellular_component,1.7827818739894243e-07,1.0134040226968253e-05,4.994217376114456,6.748901790149239,9,601,336,6011,0.014975041597337771,0.2679017114333254,depleted,Low cross-weight c
GO:0000323,lytic vacuole,cellular_component,4.5884591516210904e-07,2.4256567454723014e-05,4.615170656105251,6.338333130213213,6,601,273,6011,0.009983361064891847,0.21981678886836956,depleted,Low cross-weight c
GO:0000322,storage vacuole,cellular_component,4.600122586547596e-07,2.4256567454723014e-05,4.615170656105251,6.337230594850642,6,601,272,6011,0.009983361064891847,0.22062493882744444,depleted,Low cross-weight c
GO:0000324,fungal-type vacuole,cellular_component,4.600122586547596e-07,2.4256567454723014e-05,4.615170656105251,6.337230594850642,6,601,272,6011,0.009983361064891847,0.22062493882744444,depleted,Low cross-weight c
GO:0005774,vacuolar membrane,cellular_component,7.964877100723126e-07,4.066145857471074e-05,4.390817046760772,6.098820921041702,7,601,285,6011,0.011647254575707155,0.24565490264763407,depleted,Low cross-weight c
GO:0005743,mitochondrial inner membrane,cellular_component,1.0387254558369423e-06,5.1075978702657005e-05,4.291783302794564,5.98349922508077,9,601,317,6011,0.014975041597337771,0.2839589118031462,depleted,Low cross-weight c
GO:0005730,nucleolus,cellular_component,1.6556536718062604e-06,7.760271450015893e-05,4.110123087094628,5.781030503392638,7,601,278,6011,0.011647254575707155,0.25184045775027236,depleted,Low cross-weight c
GO:0005840,ribosome,cellular_component,1.8771309903673423e-06,8.696650224158524e-05,4.060647996726836,5.726505420288204,3,601,202,6011,0.004991680532445923,0.14853956277491312,depleted,Low cross-weight c
GO:0044391,ribosomal subunit,cellular_component,2.5663459049561037e-06,0.0001142736801567954,3.9420537860432776,5.590684807630135,4,601,216,6011,0.0066555740432612314,0.18521599802797806,depleted,Low cross-weight c
GO:0099080,supramolecular complex,cellular_component,4.023587189435997e-06,0.0001752665832789648,3.756300879576329,5.395386583256957,6,601,248,6011,0.009983361064891847,0.2419757393591326,depleted,Low cross-weight c
GO:0030427,site of polarized growth,cellular_component,7.5386406176292036e-06,0.0003067116982248633,3.5132696593692643,5.122706959897835,8,601,277,6011,0.013311148086522463,0.2888567189461608,depleted,Low cross-weight c
GO:0005654,nucleoplasm,cellular_component,3.806057479041945e-05,0.0014122940136352402,2.8500748817493227,4.419524657288555,3,601,168,6011,0.004991680532445923,0.17860114095555027,depleted,Low cross-weight c
GO:0098798,mitochondrial protein-containing complex,cellular_component,3.925396777720397e-05,0.0014498642937064046,2.8386726455254316,4.406116438367066,2,601,148,6011,0.0033277870216306157,0.1351576201825786,depleted,Low cross-weight c
GO:0005794,Golgi apparatus,cellular_component,4.8835676711536236e-05,0.0017711219404658955,2.7517515369192673,4.311262789924321,4,601,183,6011,0.0066555740432612314,0.2186156042297446,depleted,Low cross-weight c
GO:0015934,large ribosomal subunit,cellular_component,5.207036644071612e-05,0.0018714976996517475,2.727810702361564,4.283409366003567,1,601,123,6011,0.0016638935108153079,0.0813143405976489,depleted,Low cross-weight c
GO:0005935,cellular bud neck,cellular_component,8.498730301043333e-05,0.002874148665099676,2.5414907717749955,4.070645952455055,5,601,197,6011,0.008319467554076539,0.25384933739875165,depleted,Low cross-weight c
GO:0031968,organelle outer membrane,cellular_component,0.00017451199743004358,0.005528512487754148,2.2573917050898435,3.7581747106041896,1,601,112,6011,0.0016638935108153079,0.08930057047777513,depleted,Low cross-weight c
GO:0019867,outer membrane,cellular_component,0.00017960734251000257,0.005667530906368782,2.2466061028858175,3.745675912956043,1,601,113,6011,0.0016638935108153079,0.08851029994257359,depleted,Low cross-weight c
GO:0061695,"transferase complex, transferring phosphorus-containing groups",cellular_component,0.00018193434697768554,0.005696108558695896,2.244421742335856,3.74008530371417,2,601,132,6011,0.0033277870216306157,0.15154036202289115,depleted,Low cross-weight c
GO:0098852,lytic vacuole membrane,cellular_component,0.00019663853927459287,0.006038535985769585,2.2190683412415204,3.706331360593403,7,601,218,6011,0.011647254575707155,0.3211543452044757,depleted,Low cross-weight c
GO:0000329,fungal-type vacuole membrane,cellular_component,0.00019663853927459287,0.006038535985769585,2.2190683412415204,3.706331360593403,7,601,218,6011,0.011647254575707155,0.3211543452044757,depleted,Low cross-weight c
GO:0098687,chromosomal region,cellular_component,0.000294203014896052,0.008733470979229099,2.058813118547027,3.5313528810782033,4,601,164,6011,0.0066555740432612314,0.24394302179294672,depleted,Low cross-weight c
GO:0005741,mitochondrial outer membrane,cellular_component,0.0003801332428160535,0.011079156149711522,1.955493316636474,3.420064149496375,1,601,102,6011,0.0016638935108153079,0.0980555283677531,depleted,Low cross-weight c
GO:0000139,Golgi membrane,cellular_component,0.0004740788221737563,0.013522212668052157,1.8689522380615462,3.32414944484663,5,601,176,6011,0.008319467554076539,0.28413817879292086,depleted,Low cross-weight c
GO:0005759,mitochondrial matrix,cellular_component,0.0005022867751227051,0.014225542412044101,1.8469311652094043,3.2990482563752774,3,601,140,6011,0.004991680532445923,0.2143213691466603,depleted,Low cross-weight c
GO:0031982,vesicle,cellular_component,0.000728562308312967,0.019529855856616825,1.7093009620837243,3.137533300449458,8,601,217,6011,0.013311148086522463,0.36872493616629737,depleted,Low cross-weight c
GO:0000151,ubiquitin ligase complex,cellular_component,0.0008470696463810884,0.022043062388780593,1.656728070157855,3.0720808803475745,1,601,96,6011,0.0016638935108153079,0.10418399889073766,depleted,Low cross-weight c
GO:0097708,intracellular vesicle,cellular_component,0.0009863787789078547,0.02525822975382254,1.5975970906408292,3.0059562797845443,8,601,212,6011,0.013311148086522463,0.3774212790004081,depleted,Low cross-weight c
GO:0031410,cytoplasmic vesicle,cellular_component,0.0009863787789078547,0.02525822975382254,1.5975970906408292,3.0059562797845443,8,601,212,6011,0.013311148086522463,0.3774212790004081,depleted,Low cross-weight c
GO:0010008,endosome membrane,cellular_component,0.0011978321948340714,0.030096003265188343,1.5214911746760327,2.921604018309015,2,601,112,6011,0.0033277870216306157,0.17860114095555027,depleted,Low cross-weight c
GO:0031984,organelle subcompartment,cellular_component,0.001776443602004489,0.04224983819010676,1.3741749499871485,2.7504485758059736,2,601,109,6011,0.0033277870216306157,0.18351676868827185,depleted,Low cross-weight c
GO:0005488,binding,molecular_function,4.329924317711007e-113,3.4704343406453723e-110,109.45961616787743,112.36351969456759,107,601,3632,6011,0.17803660565723795,0.29465254311829775,depleted,Low cross-weight c
GO:0005515,protein binding,molecular_function,2.427917080813437e-69,1.496904261747669e-66,65.82480597515747,68.61476614954081,70,601,2593,6011,0.11647254575707154,0.27000249616110955,depleted,Low cross-weight c
GO:0003824,catalytic activity,molecular_function,6.577173305911534e-51,3.51440293645873e-48,47.45414844686791,50.181960714502395,68,601,2242,6011,0.11314475873544093,0.3033510904365457,depleted,Low cross-weight c
GO:0043167,ion binding,molecular_function,8.031755567943295e-25,2.299090031323768e-22,21.638444021622618,24.095189516970564,47,601,1387,6011,0.07820299500831947,0.3389172335940939,depleted,Low cross-weight c
GO:0036094,small molecule binding,molecular_function,1.0448398022642575e-24,2.887721039706215e-22,21.5394447628918,23.98095029168301,52,601,1456,6011,0.08652246256239601,0.3572022819111006,depleted,Low cross-weight c
GO:0016787,hydrolase activity,molecular_function,2.0921588121420374e-19,4.0899153364191287e-17,16.38828568204316,18.67940535201359,21,601,851,6011,0.03494176372712146,0.2468095672899261,depleted,Low cross-weight c
GO:1901363,heterocyclic compound binding,molecular_function,3.474573641159299e-16,5.925256964657825e-14,13.227292810564606,15.459098479319051,19,601,737,6011,0.03161397670549085,0.2578447950837252,depleted,Low cross-weight c
GO:0003676,nucleic acid binding,molecular_function,4.783597548319222e-16,7.824598846893585e-14,13.106537918707568,15.320245365369217,43,601,1099,6011,0.07154742096505824,0.39132988846311656,depleted,Low cross-weight c
GO:0016740,transferase activity,molecular_function,5.121112673312187e-16,8.209143615319435e-14,13.085702146478628,15.290635668832772,27,601,862,6011,0.04492512479201331,0.31327717531878424,depleted,Low cross-weight c
GO:0043168,anion binding,molecular_function,6.403171832638211e-16,1.0063023968352013e-13,12.997271492895917,15.193604843488146,22,601,777,6011,0.036605657237936774,0.28318739466825993,depleted,Low cross-weight c
GO:1901265,nucleoside phosphate binding,molecular_function,2.413252724452534e-14,3.2783424722859426e-12,11.484345679790849,13.617397194838867,19,601,687,6011,0.03161397670549085,0.2766107918147096,depleted,Low cross-weight c
GO:0000166,nucleotide binding,molecular_function,3.613992037713411e-14,4.748548554470982e-12,11.323439116924948,13.442012808604344,19,601,686,6011,0.03161397670549085,0.27701401454330243,depleted,Low cross-weight c
GO:0017076,purine nucleotide binding,molecular_function,6.515879642991507e-12,7.057402072780666e-10,9.151355139329969,11.186026946289157,19,601,626,6011,0.03161397670549085,0.30356487855703757,depleted,Low cross-weight c
GO:0097367,carbohydrate derivative binding,molecular_function,1.8797903645899115e-11,1.9316050989984797e-09,8.714081656831445,10.725890580831129,19,601,612,6011,0.03161397670549085,0.31050917316455146,depleted,Low cross-weight c
GO:0032553,ribonucleotide binding,molecular_function,3.820902744851036e-11,3.828066937497632e-09,8.417020476764659,10.417834016462878,19,601,603,6011,0.03161397670549085,0.3151436384356641,depleted,Low cross-weight c
GO:0043169,cation binding,molecular_function,5.1872126765409114e-11,5.132778963268569e-09,8.289647437687353,10.285065945498868,27,601,719,6011,0.04492512479201331,0.3755840405073603,depleted,Low cross-weight c
GO:0003723,RNA binding,molecular_function,1.4802123347767463e-10,1.3795234724692583e-08,7.860270905639924,9.82967598108652,17,601,556,6011,0.028286189683860232,0.3058062701253307,depleted,Low cross-weight c
GO:0005198,structural molecule activity,molecular_function,1.5830435668579716e-10,1.4584016308467407e-08,7.836122858706245,9.80050713277779,6,601,359,6011,0.009983361064891847,0.1671587280252504,depleted,Low cross-weight c
GO:0032555,purine ribonucleotide binding,molecular_function,2.2850756891603244e-10,2.0578518706314606e-08,7.686585890060802,9.641099410106053,19,601,583,6011,0.03161397670549085,0.32595474095489796,depleted,Low cross-weight c
GO:0046872,metal ion binding,molecular_function,2.787654939185315e-10,2.4552806964362964e-08,7.609898850610338,9.554760984979408,27,601,697,6011,0.04492512479201331,0.38743891696526833,depleted,Low cross-weight c
GO:0035639,purine ribonucleoside triphosphate binding,molecular_function,3.149744332420103e-10,2.7440435678638184e-08,7.561608997508786,9.501724696853394,19,601,577,6011,0.03161397670549085,0.32934421833051214,depleted,Low cross-weight c
GO:0005215,transporter activity,molecular_function,7.315514887402223e-10,5.983046104339675e-08,7.223077650545357,9.135755101543026,11,601,436,6011,0.018302828618968387,0.25233555694637383,depleted,Low cross-weight c
GO:0030554,adenyl nucleotide binding,molecular_function,1.7359566841038806e-09,1.3775933488210499e-07,6.86087896270901,8.76046111561653,18,601,538,6011,0.029950083194675542,0.3346281600059381,depleted,Low cross-weight c
GO:0016772,"transferase activity, transferring phosphorus-containing groups",molecular_function,5.1418748484847354e-09,3.851600645850949e-07,6.414358749142101,8.288878498147055,6,601,322,6011,0.009983361064891847,0.1863664079536177,depleted,Low cross-weight c
GO:0046914,transition metal ion binding,molecular_function,6.50364033993928e-09,4.826544196723456e-07,6.316363712615854,8.186843483819068,22,601,582,6011,0.036605657237936774,0.37806976917051194,depleted,Low cross-weight c
GO:0022857,transmembrane transporter activity,molecular_function,8.104368564549596e-09,5.908616123273893e-07,6.228514224770618,8.091280816671667,10,601,390,6011,0.016638935108153077,0.25645292034643113,depleted,Low cross-weight c
GO:0140096,"catalytic activity, acting on a protein",molecular_function,1.2394118569198801e-08,8.638161768011165e-07,6.0635786671214955,7.906784353458048,23,601,592,6011,0.03826955074875208,0.38857815802491347,depleted,Low cross-weight c
GO:0016462,pyrophosphatase activity,molecular_function,4.4421313026280225e-08,2.8712647089164196e-06,5.54192676698721,7.352408608515138,9,601,356,6011,0.014975041597337771,0.252851053487633,depleted,Low cross-weight c
GO:0016818,"hydrolase activity, acting on acid anhydrides, in phosphorus-containing anhydrides",molecular_function,4.4421313026280225e-08,2.8712647089164196e-06,5.54192676698721,7.352408608515138,9,601,356,6011,0.014975041597337771,0.252851053487633,depleted,Low cross-weight c
GO:0016817,"hydrolase activity, acting on acid anhydrides",molecular_function,4.4421313026280225e-08,2.8712647089164196e-06,5.54192676698721,7.352408608515138,9,601,356,6011,0.014975041597337771,0.252851053487633,depleted,Low cross-weight c
GO:0032559,adenyl ribonucleotide binding,molecular_function,4.984666979743175e-08,3.170802051003297e-06,5.4988308695592725,7.302363851131873,18,601,495,6011,0.029950083194675542,0.3636968688549388,depleted,Low cross-weight c
GO:0098772,molecular function regulator activity,molecular_function,5.881148317225089e-08,3.711606595477093e-06,5.430438062212812,7.230537867947019,12,601,399,6011,0.019966722129783693,0.3008019216093478,depleted,Low cross-weight c
GO:0005524,ATP binding,molecular_function,9.667200047661761e-08,5.782284207612613e-06,5.237900565940275,7.014699294265631,18,601,489,6011,0.029950083194675542,0.3681594071230975,depleted,Low cross-weight c
GO:0008270,zinc ion binding,molecular_function,2.2219824231730423e-07,1.2453978406805548e-05,4.90469189161071,6.653259380835812,22,601,537,6011,0.036605657237936774,0.40975159340267775,depleted,Low cross-weight c
GO:0030234,enzyme regulator activity,molecular_function,3.605366363006012e-07,1.9928973378960817e-05,4.700515072967151,6.4430505974223395,9,601,328,6011,0.014975041597337771,0.2744358995170651,depleted,Low cross-weight c
GO:0017111,ribonucleoside triphosphate phosphatase activity,molecular_function,7.451314664471491e-07,3.8283517330601926e-05,4.416988167888494,6.127767096224196,9,601,322,6011,0.014975041597337771,0.27954961193042654,depleted,Low cross-weight c
GO:0003677,DNA binding,molecular_function,1.2840401890165655e-06,6.089693559152528e-05,4.2154045610481665,5.891421383124657,23,601,524,6011,0.03826955074875208,0.439004331203719,depleted,Low cross-weight c
GO:0015075,monoatomic ion transmembrane transporter activity,molecular_function,2.1056855815429017e-06,9.589244281855885e-05,4.018215617767004,5.676606476643018,1,601,156,6011,0.0016638935108153079,0.0641132300866078,depleted,Low cross-weight c
GO:0016491,oxidoreductase activity,molecular_function,4.084699118213106e-06,0.00017601539479826907,3.7544493459156967,5.388839928387944,9,601,300,6011,0.014975041597337771,0.30004991680532445,depleted,Low cross-weight c
GO:0008324,monoatomic cation transmembrane transporter activity,molecular_function,4.893106883079543e-06,0.00020750397707874357,3.6829735750636954,5.310415297580615,1,601,149,6011,0.0016638935108153079,0.06712526103027393,depleted,Low cross-weight c
GO:0003735,structural constituent of ribosome,molecular_function,5.440196466162136e-06,0.00022828887265073045,3.6415152565525113,5.264385415994948,4,601,209,6011,0.0066555740432612314,0.1914194046604941,depleted,Low cross-weight c
GO:0140640,"catalytic activity, acting on a nucleic acid",molecular_function,5.943519279803228e-06,0.00024682542501359,3.607610106493009,5.225956324175399,17,601,417,6011,0.028286189683860232,0.40774169350044087,depleted,Low cross-weight c
GO:0060090,molecular adaptor activity,molecular_function,6.638185146893704e-06,0.0002742528554245002,3.5618488420079526,5.17795063876789,7,601,260,6011,0.011647254575707155,0.2692755663637527,depleted,Low cross-weight c
GO:0030674,protein-macromolecule adaptor activity,molecular_function,1.454953659008764e-05,0.0005744558412293223,3.2407433501741694,4.83715083895112,5,601,218,6011,0.008319467554076539,0.2293959608603398,depleted,Low cross-weight c
GO:0140677,molecular function activator activity,molecular_function,2.6167062022201674e-05,0.000993976313307803,3.0026239648202777,4.582245036212749,3,601,172,6011,0.004991680532445923,0.17444762604960723,depleted,Low cross-weight c
GO:0016788,"hydrolase activity, acting on ester bonds",molecular_function,3.10114569583642e-05,0.001166933462541263,2.9329539063153747,4.508477829566801,9,601,276,6011,0.014975041597337771,0.32614121391883094,depleted,Low cross-weight c
GO:0044877,protein-containing complex binding,molecular_function,3.3281338873484966e-05,0.0012464950050045888,2.9043094574757236,4.477799210816697,6,601,223,6011,0.009983361064891847,0.26910306439939413,depleted,Low cross-weight c
GO:0016301,kinase activity,molecular_function,6.83817035825879e-05,0.002403856816730009,2.6190914042050615,4.165060083894772,6,601,217,6011,0.009983361064891847,0.276543702124723,depleted,Low cross-weight c
GO:0008047,enzyme activator activity,molecular_function,8.900025832007087e-05,0.0029972145816612103,2.523282163195385,4.050608732829036,2,601,142,6011,0.0033277870216306157,0.14086850554240585,depleted,Low cross-weight c
GO:0042802,identical protein binding,molecular_function,0.00011763436618678607,0.0038640960860126653,2.4129520827984043,3.9294657831498387,5,601,191,6011,0.008319467554076539,0.261823662133791,depleted,Low cross-weight c
GO:0008233,peptidase activity,molecular_function,0.00017208398486288164,0.005473226740777763,2.2617565598551455,3.764259545763765,1,601,111,6011,0.0016638935108153079,0.09010508012171906,depleted,Low cross-weight c
GO:0016773,"phosphotransferase activity, alcohol group as acceptor",molecular_function,0.0001837740242595623,0.0057313183052155325,2.2417454710816207,3.73571587444049,6,601,202,6011,0.009983361064891847,0.29707912554982624,depleted,Low cross-weight c
GO:0016887,ATP hydrolysis activity,molecular_function,0.00020887304634443896,0.006389761322330834,2.1945153638025694,3.6801175991729873,8,601,235,6011,0.013311148086522463,0.3404821750982405,depleted,Low cross-weight c
GO:0140104,molecular carrier activity,molecular_function,0.00025583345094550594,0.007679794416959664,2.1146504055902344,3.5920426709158226,1,601,107,6011,0.0016638935108153079,0.09347349433187678,depleted,Low cross-weight c
GO:0140098,"catalytic activity, acting on RNA",molecular_function,0.0003799711061647169,0.011079156149711522,1.955493316636474,3.420249426831394,11,601,272,6011,0.018302828618968387,0.4044790545169815,depleted,Low cross-weight c
GO:0003729,mRNA binding,molecular_function,0.0003872029000260951,0.011163421739960981,1.9522026678523676,3.412061398624455,9,601,240,6011,0.014975041597337771,0.3750623960066556,depleted,Low cross-weight c
GO:0140657,ATP-dependent activity,molecular_function,0.0006702197164131364,0.01833382603089177,1.73674689397329,3.1737828003093442,11,601,261,6011,0.018302828618968387,0.4215260644774674,depleted,Low cross-weight c
GO:0140110,transcription regulator activity,molecular_function,0.0011487742304074951,0.029137422331379982,1.5355488711238094,2.939765315195569,12,601,269,6011,0.019966722129783693,0.44617088000791744,depleted,Low cross-weight c
GO:0008092,cytoskeletal protein binding,molecular_function,0.0011978321948340714,0.030096003265188343,1.5214911746760327,2.921604018309015,2,601,112,6011,0.0033277870216306157,0.17860114095555027,depleted,Low cross-weight c
GO:0005525,GTP binding,molecular_function,0.0012540084058748292,0.030956241837743054,1.5092517691842255,2.9016995523308062,1,601,92,6011,0.0016638935108153079,0.10871373797294365,depleted,Low cross-weight c
GO:0032561,guanyl ribonucleotide binding,molecular_function,0.0012540084058748292,0.030956241837743054,1.5092517691842255,2.9016995523308062,1,601,92,6011,0.0016638935108153079,0.10871373797294365,depleted,Low cross-weight c
GO:0019001,guanyl nucleotide binding,molecular_function,0.0012540084058748292,0.030956241837743054,1.5092517691842255,2.9016995523308062,1,601,92,6011,0.0016638935108153079,0.10871373797294365,depleted,Low cross-weight c
GO:0008289,lipid binding,molecular_function,0.0016864140678724535,0.04022800224404082,1.395471534317432,2.7730357836177517,4,601,144,6011,0.0066555740432612314,0.27782399704196714,depleted,Low cross-weight c
GO:0043021,ribonucleoprotein complex binding,molecular_function,0.0018269210854790778,0.04281226459519807,1.3684317991410189,2.7382802117504546,1,601,86,6011,0.0016638935108153079,0.11629841736640484,depleted,Low cross-weight c
GO:0015078,proton transmembrane transporter activity,molecular_function,0.0018283663130483879,0.04281226459519807,1.3684317991410189,2.7379367890190953,1,601,87,6011,0.0016638935108153079,0.11496165394840019,depleted,Low cross-weight c
GO:0016853,isomerase activity,molecular_function,0.0018559289566812565,0.04299211152543431,1.3666112243101929,2.7314386522075798,7,601,189,6011,0.011647254575707155,0.3704319960559561,depleted,Low cross-weight c
