GO_id,term,namespace,n_annotated,n_background,mean_c_ann,mean_c_all,rank_biserial,U_stat,p_two,direction,p_fdr,neg_log10_fdr,neg_log10_p
GO:0044283,small molecule biosynthetic process,biological_process,276,6011,0.8088226060507246,0.7261456054350357,0.399686643164904,1107754.0,2.811435550029563e-29,high_c,4.880652114851321e-26,25.31152214706276,28.551071867903232
GO:0019752,carboxylic acid metabolic process,biological_process,299,6011,0.8047633556856187,0.7261456054350357,0.3689223180911161,1168983.0,4.770819868526466e-27,high_c,4.141071645880972e-24,23.382887255577895,26.321406980754386
GO:0006753,nucleoside phosphate metabolic process,biological_process,206,6011,0.8087311142233011,0.7261456054350357,0.4021357550822442,838358.0,8.936424175305731e-23,high_c,5.171210789443583e-20,19.28640775910931,22.04883622523012
GO:0055086,nucleobase-containing small molecule metabolic process,biological_process,218,6011,0.8056633717431194,0.7261456054350357,0.3867369191225729,875637.0,2.7776880814732905e-22,high_c,1.205516627359408e-19,18.91882679514083,21.55631652465334
GO:0006520,amino acid metabolic process,biological_process,200,6011,0.810321204,0.7261456054350357,0.38846325933574266,806836.0,8.36547069235179e-21,high_c,2.904491424384541e-18,17.536929901455945,20.077509617960402
GO:0072521,purine-containing compound metabolic process,biological_process,156,6011,0.8156525090384616,0.7261456054350357,0.43297203792506944,654424.0,2.3860136985831725e-20,high_c,6.903532967900646e-18,17.16092859682997,19.622327067286797
GO:0009117,nucleotide metabolic process,biological_process,150,6011,0.8088244486,0.7261456054350357,0.39899675823238345,614964.0,6.432953951716522e-17,high_c,1.5953725800256975e-14,13.797137876523143,16.19158955734936
GO:0006163,purine nucleotide metabolic process,biological_process,115,6011,0.8200402368695653,0.7261456054350357,0.4517845554834523,492184.0,9.55827386787031e-17,high_c,2.0741454293278572e-14,13.683160796191755,16.019620530040285
GO:1901605,alpha-amino acid metabolic process,biological_process,136,6011,0.8156127651470588,0.7261456054350357,0.4151939924906132,565370.0,1.1289003149063284e-16,high_c,2.1775232740859846e-14,13.662037194413022,15.947344405814171
GO:0016053,organic acid biosynthetic process,biological_process,152,6011,0.808765246381579,0.7261456054350357,0.3865712668768695,617418.0,3.664523724593116e-16,high_c,5.301344321578041e-14,13.275613987491168,15.435982462284015
GO:0170033,L-amino acid metabolic process,biological_process,124,6011,0.8174959427419356,0.7261456054350357,0.42799059710570586,521208.0,3.122704588361395e-16,high_c,5.301344321578041e-14,13.275613987491168,15.505469098610918
GO:0046394,carboxylic acid biosynthetic process,biological_process,152,6011,0.808765246381579,0.7261456054350357,0.3865712668768695,617418.0,3.664523724593116e-16,high_c,5.301344321578041e-14,13.275613987491168,15.435982462284015
GO:0170039,proteinogenic amino acid metabolic process,biological_process,128,6011,0.8155793838281249,0.7261456054350357,0.4159415901750807,533119.0,7.455939014384887e-16,high_c,9.95654625305551e-14,13.00189128440376,15.127497652937395
GO:0008652,amino acid biosynthetic process,biological_process,96,6011,0.8245109469791667,0.7261456054350357,0.4743695407156945,418603.0,1.404302862428593e-15,high_c,1.5236686057350233e-13,12.81710948073323,14.852539218917778
GO:0016491,oxidoreductase activity,molecular_function,300,6011,0.7868139144333333,0.7261456054350357,0.2735726375999532,1091006.0,1.2536088962443568e-15,high_c,1.5236686057350233e-13,12.81710948073323,14.901837934554683
GO:1901607,alpha-amino acid biosynthetic process,biological_process,93,6011,0.8257010779569893,0.7261456054350357,0.4818904962807109,407797.0,1.394393540648604e-15,high_c,1.5236686057350233e-13,12.81710948073323,14.855614637707562
GO:0005975,carbohydrate metabolic process,biological_process,192,6011,0.8022143029166667,0.7261456054350357,0.3329779959328636,744633.5,3.776513327809101e-15,high_c,3.8564865512215293e-13,12.413808178819924,14.422908978282123
GO:0170038,proteinogenic amino acid biosynthetic process,biological_process,90,6011,0.8249062455555555,0.7261456054350357,0.47633095010227255,393361.0,8.009832027893193e-15,high_c,7.318457052853991e-13,12.13558047140939,14.096376591297036
GO:0019693,ribose phosphate metabolic process,biological_process,89,6011,0.819369243258427,0.7261456054350357,0.47933244538551745,389847.0,7.635905516688425e-15,high_c,7.318457052853991e-13,12.13558047140939,14.117139454012618
GO:0006066,alcohol metabolic process,biological_process,111,6011,0.8167226554954955,0.7261456054350357,0.4243334860284014,466398.0,1.708393556447097e-14,high_c,1.4828856069960802e-12,11.828892350095382,13.767412075271874
GO:0009150,purine ribonucleotide metabolic process,biological_process,67,6011,0.8324046588059701,0.7261456054350357,0.5322211285430185,305102.0,6.251302409471492e-14,high_c,5.1677433251631e-12,11.286699065298112,13.204029491404667
GO:0170034,L-amino acid biosynthetic process,biological_process,86,6011,0.8230979319767444,0.7261456054350357,0.4697988421155921,374468.0,6.82173077954018e-14,high_c,5.382965742400796e-12,11.268978384058293,13.16610542407656
GO:0043233,organelle lumen,cellular_component,291,6011,0.7861834039175258,0.7261456054350357,0.258632518684065,1047509.5,9.068902992339153e-14,high_c,6.297446237880308e-12,11.200835531442646,13.04244524361108
GO:0031974,membrane-enclosed lumen,cellular_component,291,6011,0.7861834039175258,0.7261456054350357,0.258632518684065,1047509.5,9.068902992339153e-14,high_c,6.297446237880308e-12,11.200835531442646,13.04244524361108
GO:0070013,intracellular organelle lumen,cellular_component,291,6011,0.7861834039175258,0.7261456054350357,0.258632518684065,1047509.5,9.068902992339153e-14,high_c,6.297446237880308e-12,11.200835531442646,13.04244524361108
GO:0009259,ribonucleotide metabolic process,biological_process,82,6011,0.8183304871951219,0.7261456054350357,0.4780635898786041,359301.0,9.60933977331978e-14,high_c,6.416082248647362e-12,11.192730077407068,13.017306450276724
GO:0009277,fungal-type cell wall,cellular_component,127,6011,0.8040570588976379,0.7261456054350357,0.37212218374130823,512671.5,6.682929756701882e-13,high_c,4.296876317642395e-11,10.366847146976669,12.175033103658155
GO:0006090,pyruvate metabolic process,biological_process,39,6011,0.8593666866666666,0.7261456054350357,0.6627767187043812,193637.0,8.993616717672377e-13,high_c,5.5760423649568736e-11,10.253673935269246,12.0460656247675
GO:0005618,cell wall,cellular_component,129,6011,0.8028651909302326,0.7261456054350357,0.364466286581846,517663.5,1.3225662869815716e-12,high_c,7.91715542827589e-11,10.101430828979707,11.878582551921225
GO:0030312,external encapsulating structure,cellular_component,130,6011,0.8019316994615385,0.7261456054350357,0.35815860724889803,519176.5,2.6420974221755938e-12,high_c,1.5288937082989435e-10,9.815622706545716,11.578051172666527
GO:0032787,monocarboxylic acid metabolic process,biological_process,135,6011,0.8007215174814815,0.7261456054350357,0.3413937422786981,532037.0,1.1040748540797461e-11,high_c,6.182819182846578e-10,9.208813454300127,10.957001481306328
GO:0046165,alcohol biosynthetic process,biological_process,70,6011,0.8225006635714288,0.7261456054350357,0.4639959602760477,304416.0,2.3237380650297007e-11,high_c,1.2606279002786126e-09,8.899413085277232,10.633812827797797
GO:1901135,carbohydrate derivative metabolic process,biological_process,291,6011,0.7795200948453608,0.7261456054350357,0.2263138922932737,1020612.0,6.920309983105492e-11,high_c,3.640502463839738e-09,8.438838670688021,10.159874451650607
GO:0009205,purine ribonucleoside triphosphate metabolic process,biological_process,45,6011,0.8389333553333334,0.7261456054350357,0.5548478414720452,208715.0,1.3449925285371978e-10,high_c,6.671162941544501e-09,8.175798451679984,9.871280128170183
GO:0072524,pyridine-containing compound metabolic process,biological_process,84,6011,0.8144443303571429,0.7261456054350357,0.4076020149919255,350400.0,1.3226382611542627e-10,high_c,6.671162941544501e-09,8.175798451679984,9.878558918220708
GO:0046496,nicotinamide nucleotide metabolic process,biological_process,69,6011,0.8215321575362319,0.7261456054350357,0.4429436241152396,295802.0,2.3641217481530684e-10,high_c,1.1400320429982575e-08,7.943082941732164,9.626330161805349
GO:1901293,nucleoside phosphate biosynthetic process,biological_process,114,6011,0.7960111374561405,0.7261456054350357,0.33762335293890144,449614.0,6.260905690965597e-10,high_c,2.9375492647341285e-08,7.532014841240113,9.203362838013591
GO:0072522,purine-containing compound biosynthetic process,biological_process,82,6011,0.8082614623170732,0.7261456054350357,0.3934073528625319,338722.0,8.922570108276878e-10,high_c,4.076205712623331e-08,7.389743906706144,9.049510030929806
GO:0009141,nucleoside triphosphate metabolic process,biological_process,58,6011,0.8240993750000001,0.7261456054350357,0.46132636688543016,252279.0,1.4012021229671403e-09,high_c,6.237145860181937e-08,7.205014099538505,8.853499213352478
GO:0009144,purine nucleoside triphosphate metabolic process,biological_process,47,6011,0.831974071276596,0.7261456054350357,0.5110164533299086,211775.0,1.5064752737314851e-09,high_c,6.538102687994645e-08,7.184548262636162,8.822037992148672
GO:0005759,mitochondrial matrix,cellular_component,140,6011,0.7938982438571429,0.7261456054350357,0.29392899725040755,531766.0,2.6380226772084717e-09,high_c,1.1169774067399773e-07,6.951955611331473,8.57872147545221
GO:0006091,generation of precursor metabolites and energy,biological_process,152,6011,0.7886812736184211,0.7261456054350357,0.28008417100097915,570001.0,3.5405691127242133e-09,high_c,1.4634352332593414e-07,6.834626493223692,8.450926923666264
GO:0046034,ATP metabolic process,biological_process,40,6011,0.83545978475,0.7261456054350357,0.5403282532239155,183946.0,3.6629602035201e-09,high_c,1.4788137007699754e-07,6.830086534470831,8.436167799731717
GO:0009179,purine ribonucleoside diphosphate metabolic process,biological_process,27,6011,0.8577798911111111,0.7261456054350357,0.6539166171519113,133610.0,4.319395675804833e-09,high_c,1.6663268651549311e-07,6.7782398037640155,8.364577010829144
GO:0009135,purine nucleoside diphosphate metabolic process,biological_process,27,6011,0.8577798911111111,0.7261456054350357,0.6539166171519113,133610.0,4.319395675804833e-09,high_c,1.6663268651549311e-07,6.7782398037640155,8.364577010829144
GO:0009132,nucleoside diphosphate metabolic process,biological_process,31,6011,0.8497738038709677,0.7261456054350357,0.6100118675153738,149232.0,4.437168582584797e-09,high_c,1.674548838992871e-07,6.776102181539584,8.352894070698483
GO:0016052,carbohydrate catabolic process,biological_process,78,6011,0.8126283939743588,0.7261456054350357,0.38354790891450263,320135.0,5.5945838309233815e-09,high_c,2.0664250064857428e-07,6.684780351263186,8.252232214167941
GO:0072526,pyridine-containing compound catabolic process,biological_process,28,6011,0.8544127903571427,0.7261456054350357,0.6349896134285238,136950.0,6.410988220412257e-09,high_c,2.296513505253069e-07,6.638930996255359,8.19307502109079
GO:0019842,vitamin binding,molecular_function,49,6011,0.830013193265306,0.7261456054350357,0.480697478588886,216284.0,6.482094571278824e-09,high_c,2.296513505253069e-07,6.638930996255359,8.18828463706732
GO:0019364,pyridine nucleotide catabolic process,biological_process,26,6011,0.8577015396153846,0.7261456054350357,0.6529786003470215,128610.0,8.719231910075877e-09,high_c,3.0273173191783446e-07,6.518942054515716,8.05952177102017
GO:0009181,purine ribonucleoside diphosphate catabolic process,biological_process,24,6011,0.8612902133333334,0.7261456054350357,0.6725961806135516,120166.0,1.2320546347468025e-08,high_c,3.8888124471280897e-07,6.410183001861926,7.909370033208155
GO:0006096,glycolytic process,biological_process,24,6011,0.8612902133333334,0.7261456054350357,0.6725961806135516,120166.0,1.2320546347468025e-08,high_c,3.8888124471280897e-07,6.410183001861926,7.909370033208155
GO:0009137,purine nucleoside diphosphate catabolic process,biological_process,24,6011,0.8612902133333334,0.7261456054350357,0.6725961806135516,120166.0,1.2320546347468025e-08,high_c,3.8888124471280897e-07,6.410183001861926,7.909370033208155
GO:0046031,ADP metabolic process,biological_process,26,6011,0.8570475715384617,0.7261456054350357,0.6471177944862156,128154.0,1.182119406331274e-08,high_c,3.8888124471280897e-07,6.410183001861926,7.927338652988084
GO:0046032,ADP catabolic process,biological_process,24,6011,0.8612902133333334,0.7261456054350357,0.6725961806135516,120166.0,1.2320546347468025e-08,high_c,3.8888124471280897e-07,6.410183001861926,7.909370033208155
GO:0009185,ribonucleoside diphosphate metabolic process,biological_process,29,6011,0.8492505331034482,0.7261456054350357,0.6080079318415015,139477.0,1.541318483459615e-08,high_c,4.778087298724807e-07,6.32074591967444,7.812107613508712
GO:0009134,nucleoside diphosphate catabolic process,biological_process,26,6011,0.8543242969230769,0.7261456054350357,0.6339309812994023,127128.0,2.3224684421859406e-08,high_c,7.073342483569812e-07,6.150375313340772,7.634050178508754
GO:0046390,ribose phosphate biosynthetic process,biological_process,58,6011,0.8057828662068967,0.7261456054350357,0.4246424578740362,245946.0,2.4920234637568412e-08,high_c,7.458884022554959e-07,6.127326145597231,7.603447872874767
GO:0009165,nucleotide biosynthetic process,biological_process,86,6011,0.7978061423255813,0.7261456054350357,0.3488686095574527,343658.0,2.6527452082568618e-08,high_c,7.805365561921885e-07,6.107606752075281,7.57630446127361
GO:0006790,sulfur compound metabolic process,biological_process,117,6011,0.7895552687179488,0.7261456054350357,0.29799970417547605,447549.0,3.240236977329572e-08,high_c,9.375085654406895e-07,6.0280247556998345,7.4894232261566644
GO:0016051,carbohydrate biosynthetic process,biological_process,58,6011,0.8175883310344827,0.7261456054350357,0.41814327172043075,244824.0,4.0531731946895265e-08,high_c,1.1352306282036217e-06,5.9449159002493275,7.392204838180121
GO:0006164,purine nucleotide biosynthetic process,biological_process,60,6011,0.8118494318333336,0.7261456054350357,0.41118019380496285,251938.0,4.0543951007272205e-08,high_c,1.1352306282036217e-06,5.9449159002493275,7.392073931591547
GO:0009191,ribonucleoside diphosphate catabolic process,biological_process,25,6011,0.8519498248,0.7261456054350357,0.6207150016705647,121270.0,8.146408975934345e-08,high_c,2.244788251146353e-06,5.648824619335878,7.089033790722769
GO:1902652,secondary alcohol metabolic process,biological_process,42,6011,0.8260711878571427,0.7261456054350357,0.4792299898682877,185420.0,8.320967444849833e-08,high_c,2.257062419415517e-06,5.646456430274087,7.079826177130673
GO:0009154,purine ribonucleotide catabolic process,biological_process,26,6011,0.8507698488461539,0.7261456054350357,0.6040100250626566,124800.0,1.0239391120674673e-07,high_c,2.734705074690959e-06,5.563089503458777,6.989725867656395
GO:0034308,primary alcohol metabolic process,biological_process,29,6011,0.8432796948275861,0.7261456054350357,0.5703201558699085,136208.0,1.1190369757257877e-07,high_c,2.943406348272678e-06,5.531149777781296,6.951155563079901
GO:0009260,ribonucleotide biosynthetic process,biological_process,52,6011,0.8040397021153847,0.7261456054350357,0.42553603469864587,220864.0,1.2136769018991036e-07,high_c,3.1446911965624536e-06,5.502421995119658,6.915896913259304
GO:0016874,ligase activity,molecular_function,114,6011,0.7929898193859648,0.7261456054350357,0.28837142882643274,433059.0,1.2802983667408658e-07,high_c,3.2685264186207985e-06,5.485648000398273,6.89268880853251
GO:0006457,protein folding,biological_process,136,6011,0.786334035,0.7261456054350357,0.26415018773466836,505028.0,1.3318817110533937e-07,high_c,3.3509371744763645e-06,5.474833714520447,6.875534344623665
GO:0030170,pyridoxal phosphate binding,molecular_function,38,6011,0.8330710518421053,0.7261456054350357,0.49296395181827,169432.0,1.5521102033299406e-07,high_c,3.7950187506771505e-06,5.420786073972585,6.8090774460939825
GO:0070279,vitamin B6 binding,molecular_function,38,6011,0.8330710518421053,0.7261456054350357,0.49296395181827,169432.0,1.5521102033299406e-07,high_c,3.7950187506771505e-06,5.420786073972585,6.8090774460939825
GO:0019001,guanyl nucleotide binding,molecular_function,92,6011,0.7992385495652176,0.7261456054350357,0.3150098797534837,358043.0,2.0729750869377393e-07,high_c,4.863087501248534e-06,5.313087916126349,6.683405917235846
GO:0032561,guanyl ribonucleotide binding,molecular_function,92,6011,0.7992385495652176,0.7261456054350357,0.3150098797534837,358043.0,2.0729750869377393e-07,high_c,4.863087501248534e-06,5.313087916126349,6.683405917235846
GO:0005525,GTP binding,molecular_function,92,6011,0.7992385495652176,0.7261456054350357,0.3150098797534837,358043.0,2.0729750869377393e-07,high_c,4.863087501248534e-06,5.313087916126349,6.683405917235846
GO:0043022,ribosome binding,molecular_function,65,6011,0.8113529798461538,0.7261456054350357,0.372992832932288,265324.0,2.220563989805471e-07,high_c,5.139865448403063e-06,5.2890482498337,6.6535367072824725
GO:0006195,purine nucleotide catabolic process,biological_process,29,6011,0.8421741958620689,0.7261456054350357,0.5537186271458052,134768.0,2.580150390181503e-07,high_c,5.893606680730381e-06,5.229618850855986,6.588354979415668
GO:0000322,storage vacuole,cellular_component,272,6011,0.773008499117647,0.7261456054350357,0.1837248752088394,923902.0,2.9334849145969e-07,high_c,6.5288843740259215e-06,5.185161022644911,6.532616140794904
GO:0000324,fungal-type vacuole,cellular_component,272,6011,0.773008499117647,0.7261456054350357,0.1837248752088394,923902.0,2.9334849145969e-07,high_c,6.5288843740259215e-06,5.185161022644911,6.532616140794904
GO:0006696,ergosterol biosynthetic process,biological_process,28,6011,0.8417947153571431,0.7261456054350357,0.5595616150521716,130632.0,3.120362177655268e-07,high_c,6.771185925511932e-06,5.169335261034168,6.505794994882698
GO:0016129,phytosteroid biosynthetic process,biological_process,28,6011,0.8417947153571431,0.7261456054350357,0.5595616150521716,130632.0,3.120362177655268e-07,high_c,6.771185925511932e-06,5.169335261034168,6.505794994882698
GO:0071944,cell periphery,cellular_component,285,6011,0.7733436758947368,0.7261456054350357,0.17919676942968676,962171.5,3.160530308548294e-07,high_c,6.773679772394862e-06,5.16917533859915,6.500240040560973
GO:0003729,mRNA binding,molecular_function,240,6011,0.7722501045416666,0.7261456054350357,0.1938983711661757,826798.5,3.4421943335683857e-07,high_c,7.2873772720423385e-06,5.137428746198433,6.463164614655189
GO:0009067,aspartate family amino acid biosynthetic process,biological_process,31,6011,0.835491585483871,0.7261456054350357,0.5284604595965046,141673.0,3.7219505304289524e-07,high_c,7.784706169668267e-06,5.1087577750419015,6.429229403506301
GO:0000323,lytic vacuole,cellular_component,273,6011,0.7727231505860805,0.7261456054350357,0.1816014820546017,925474.0,3.8288857670248575e-07,high_c,7.913030585184705e-06,5.101657155648546,6.416927590427138
GO:0009167,purine ribonucleoside monophosphate metabolic process,biological_process,25,6011,0.8413102656000001,0.7261456054350357,0.5868493150684932,118736.0,3.953048627721155e-07,high_c,7.97964234619061e-06,5.098016573631318,6.403067843228223
GO:0009126,purine nucleoside monophosphate metabolic process,biological_process,25,6011,0.8413102656000001,0.7261456054350357,0.5868493150684932,118736.0,3.953048627721155e-07,high_c,7.97964234619061e-06,5.098016573631318,6.403067843228223
GO:0009152,purine ribonucleotide biosynthetic process,biological_process,38,6011,0.8185751894736842,0.7261456054350357,0.4742305286068007,167306.0,4.4903701537307924e-07,high_c,8.96009492744443e-06,5.047687389194246,6.347717857416101
GO:0009123,nucleoside monophosphate metabolic process,biological_process,46,6011,0.8083045747826089,0.7261456054350357,0.4287765589124968,196021.0,5.242616419146813e-07,high_c,1.0308853203288277e-05,4.986789644627745,6.280451916679182
GO:0009156,ribonucleoside monophosphate biosynthetic process,biological_process,38,6011,0.8129154378947367,0.7261456054350357,0.4710936054349837,166950.0,5.344451545483554e-07,high_c,1.0308853203288277e-05,4.986789644627745,6.2720968560288926
GO:0009261,ribonucleotide catabolic process,biological_process,27,6011,0.8425109840740741,0.7261456054350357,0.5585016835016836,125902.0,5.310500903470965e-07,high_c,1.0308853203288277e-05,4.986789644627745,6.274864512938575
GO:1901292,nucleoside phosphate catabolic process,biological_process,43,6011,0.8213299420930231,0.7261456054350357,0.4412525718561007,184930.0,5.937204745674444e-07,high_c,1.1326359822517401e-05,4.9459096455656155,6.2264179740849945
GO:0030479,actin cortical patch,cellular_component,58,6011,0.8058196627586206,0.7261456054350357,0.3770165144204314,237724.0,7.471521139900684e-07,high_c,1.4098435542247377e-05,4.850829076923706,6.126590970418624
GO:0000287,magnesium ion binding,molecular_function,67,6011,0.7967203628358209,0.7261456054350357,0.35039472891263745,268896.0,7.832585964631367e-07,high_c,1.4620827133978552e-05,4.835028057640707,6.106094829927245
GO:0090407,organophosphate biosynthetic process,biological_process,246,6011,0.7721513899186991,0.7261456054350357,0.18535034092752034,840526.0,8.192829845427469e-07,high_c,1.4935406110169124e-05,4.825782963953217,6.086566064786557
GO:0098798,mitochondrial protein-containing complex,cellular_component,148,6011,0.7842523067567566,0.7261456054350357,0.23700393212588344,536689.0,8.152303863682162e-07,high_c,1.4935406110169124e-05,4.825782963953217,6.088719641089343
GO:1902653,secondary alcohol biosynthetic process,biological_process,30,6011,0.8358131943333333,0.7261456054350357,0.5209273811514239,136450.0,8.259210752167258e-07,high_c,1.4935406110169124e-05,4.825782963953217,6.083061451754122
GO:0019319,hexose biosynthetic process,biological_process,16,6011,0.86579532625,0.7261456054350357,0.7105087572977482,82036.0,8.855058033482744e-07,high_c,1.5686102802169435e-05,4.804484943076495,6.052808588224473
GO:0046364,monosaccharide biosynthetic process,biological_process,16,6011,0.86579532625,0.7261456054350357,0.7105087572977482,82036.0,8.855058033482744e-07,high_c,1.5686102802169435e-05,4.804484943076495,6.052808588224473
GO:0009166,nucleotide catabolic process,biological_process,33,6011,0.8317328357575757,0.7261456054350357,0.4928982025000761,147255.0,1.0066321821574582e-06,high_c,1.7651651194195427e-05,4.753214663024804,5.997129189267727
GO:0016614,"oxidoreductase activity, acting on CH-OH group of donors",molecular_function,88,6011,0.7852516480681818,0.7261456054350357,0.3017819593879023,339260.0,1.1335313917368516e-06,high_c,1.9678104960551742e-05,4.706016727286922,5.945566448127396
GO:0044877,protein-containing complex binding,molecular_function,223,6011,0.7750011967264574,0.7261456054350357,0.19142589740331784,768901.0,1.1851542241662606e-06,high_c,2.0370571615372555e-05,4.690996784160415,5.926225131218246
GO:0009168,purine ribonucleoside monophosphate biosynthetic process,biological_process,22,6011,0.8428938500000001,0.7261456054350357,0.5981724069885699,105286.0,1.2333110094220872e-06,high_c,2.078667876074508e-05,4.682214895522134,5.908927391657435
GO:0009127,purine nucleoside monophosphate biosynthetic process,biological_process,22,6011,0.8428938500000001,0.7261456054350357,0.5981724069885699,105286.0,1.2333110094220872e-06,high_c,2.078667876074508e-05,4.682214895522134,5.908927391657435
GO:0008204,ergosterol metabolic process,biological_process,32,6011,0.8284335690625,0.7261456054350357,0.4946897474494063,142988.0,1.3410072292475562e-06,high_c,2.2384505288209207e-05,4.650052499358491,5.872568880900184
GO:0044272,sulfur compound biosynthetic process,biological_process,60,6011,0.8055093074999999,0.7261456054350357,0.3602643813364701,242848.0,1.5181399345767394e-06,high_c,2.486312194740773e-05,4.604444339917832,5.818688195493535
GO:0061645,endocytic patch,cellular_component,59,6011,0.8038187252542371,0.7261456054350357,0.36341010570439214,239393.0,1.5045322233444521e-06,high_c,2.486312194740773e-05,4.604444339917832,5.822598506314848
GO:0009295,nucleoid,cellular_component,23,6011,0.8407382947826086,0.7261456054350357,0.5782724870029914,108683.0,1.6362331474216265e-06,high_c,2.6300932814110588e-05,4.580028848132422,5.786154813485945
GO:0042645,mitochondrial nucleoid,cellular_component,23,6011,0.8407382947826086,0.7261456054350357,0.5782724870029914,108683.0,1.6362331474216265e-06,high_c,2.6300932814110588e-05,4.580028848132422,5.786154813485945
GO:0046434,organophosphate catabolic process,biological_process,62,6011,0.8050150235483869,0.7261456054350357,0.35101318193895414,249152.5,1.9168731503667107e-06,high_c,3.0529282468225776e-05,4.515283402833736,5.717406625733586
GO:0035770,ribonucleoprotein granule,cellular_component,139,6011,0.7773289230215829,0.7261456054350357,0.23435937898182813,503747.0,2.248755116204399e-06,high_c,3.5489444379371244e-05,4.449900799887741,5.648057835569989
GO:0006694,steroid biosynthetic process,biological_process,34,6011,0.8253893055882353,0.7261456054350357,0.4676751075200032,149129.0,2.483633733940883e-06,high_c,3.884313659568804e-05,4.41068570792988,5.604912449983695
GO:0010494,cytoplasmic stress granule,cellular_component,101,6011,0.7839694335643563,0.7261456054350357,0.270985575714932,379332.0,2.913822143263232e-06,high_c,4.51120645474748e-05,4.345707297019808,5.53553696065
GO:0005984,disaccharide metabolic process,biological_process,21,6011,0.8487516133333335,0.7261456054350357,0.5901105016297004,100010.0,2.936441989553371e-06,high_c,4.51120645474748e-05,4.345707297019808,5.532178574376862
GO:0036464,cytoplasmic ribonucleoprotein granule,cellular_component,138,6011,0.776759697826087,0.7261456054350357,0.23081307975332943,498771.0,3.4552373028060607e-06,high_c,5.261659611992387e-05,4.278877250779959,5.46152212028396
GO:0016126,sterol biosynthetic process,biological_process,33,6011,0.8252661166666666,0.7261456054350357,0.4658495290813791,144587.0,3.8011534382612495e-06,high_c,5.7380890163665465e-05,4.241232718722135,5.420084599208997
GO:0043021,ribonucleoprotein complex binding,molecular_function,86,6011,0.7939205859302326,0.7261456054350357,0.28898832303012467,328402.0,4.063653329297586e-06,high_c,6.0814673962591455e-05,4.215991617239258,5.3910833488528125
GO:0009124,nucleoside monophosphate biosynthetic process,biological_process,41,6011,0.8051023668292684,0.7261456054350357,0.4154022143236509,173224.0,4.414072161891701e-06,high_c,6.54942672909743e-05,4.183796712112858,5.355160571207169
GO:0006006,glucose metabolic process,biological_process,30,6011,0.831918482,0.7261456054350357,0.4846792621077858,133198.0,4.51497498705361e-06,high_c,6.642369980953447e-05,4.177676937799446,5.345344651333794
GO:0003924,GTPase activity,molecular_function,85,6011,0.7953659734117648,0.7261456054350357,0.28762978698060393,324296.0,5.113457628880359e-06,high_c,7.459632305660759e-05,4.127282578902411,5.291285338350353
GO:0006458,'de novo' protein folding,biological_process,16,6011,0.8607435106250001,0.7261456054350357,0.6572560467055879,79482.0,5.439307333748939e-06,high_c,7.868864609490131e-05,4.104087927031728,5.264456401824576
GO:1902600,proton transmembrane transport,biological_process,81,6011,0.7928329628395062,0.7261456054350357,0.2935731684466929,310671.0,5.493418905876309e-06,high_c,7.881467124463862e-05,4.103392931653639,5.260157282177662
GO:0072523,purine-containing compound catabolic process,biological_process,41,6011,0.8135184512195122,0.7261456054350357,0.40922498672222907,172468.0,6.108501874168482e-06,high_c,8.692097748816791e-05,4.060875398373942,5.214065288539667
GO:0005996,monosaccharide metabolic process,biological_process,58,6011,0.8038647536206898,0.7261456054350357,0.3422933670070727,231729.5,7.0255904032658855e-06,high_c,9.915792634202908e-05,4.003672564070723,5.153317173471798
GO:0005839,proteasome core complex,cellular_component,15,6011,0.8613852913333333,0.7261456054350357,0.6687791861240828,75045.0,7.4552551749689725e-06,high_c,0.00010437357244956561,3.9814094514510106,5.127537487129248
GO:0042802,identical protein binding,molecular_function,191,6011,0.7735213579581153,0.7261456054350357,0.18990662276677273,661362.0,7.724702977939446e-06,high_c,0.00010728067495762303,3.9694785027790425,5.1121182106114595
GO:0008202,steroid metabolic process,biological_process,47,6011,0.8080548317021277,0.7261456054350357,0.37289695620531704,192417.0,1.032980219987575e-05,high_c,0.0001423217191982881,3.8467288187618194,4.985907994484729
GO:0015926,glucosidase activity,molecular_function,31,6011,0.8295293974193548,0.7261456054350357,0.4580968820800517,135151.0,1.0534473758020793e-05,high_c,0.00014399879089704013,3.8416411544946674,4.977387154379183
GO:0016616,"oxidoreductase activity, acting on the CH-OH group of donors, NAD or NADP as acceptor",molecular_function,83,6011,0.78109330313253,0.7261456054350357,0.2803033998341544,314970.0,1.1227523834075258e-05,high_c,0.00015227329199964568,3.817376263140211,4.949716014332815
GO:0006637,acyl-CoA metabolic process,biological_process,22,6011,0.8360285495454544,0.7261456054350357,0.5387908134610422,101374.0,1.2497980127027447e-05,high_c,0.00016818987209705154,3.774200159696212,4.903160170237436
GO:0015749,monosaccharide transmembrane transport,biological_process,24,6011,0.8331422866666666,0.7261456054350357,0.5123044373921273,108650.0,1.4382395657591013e-05,high_c,0.00019059418978303817,3.719890342856279,4.842168768040987
GO:0008645,hexose transmembrane transport,biological_process,24,6011,0.8331422866666666,0.7261456054350357,0.5123044373921273,108650.0,1.4382395657591013e-05,high_c,0.00019059418978303817,3.719890342856279,4.842168768040987
GO:0016125,sterol metabolic process,biological_process,45,6011,0.8082405931111112,0.7261456054350357,0.37458188996908404,184517.0,1.4541405861275787e-05,high_c,0.00019124151950889975,3.7184178142770814,4.837393603911704
GO:0032543,mitochondrial translation,biological_process,101,6011,0.7857849984158416,0.7261456054350357,0.25102946842907636,373376.0,1.4750048452830592e-05,high_c,0.00019252694822642036,3.715508473184472,4.831206553057859
GO:0019318,hexose metabolic process,biological_process,50,6011,0.8056731496,0.7261456054350357,0.35485656768998486,201907.5,1.5076109012838449e-05,high_c,0.00019531436750960855,3.7092658084242,4.8217107308998655
GO:0099080,supramolecular complex,cellular_component,248,6011,0.7682097287903226,0.7261456054350357,0.16149602861412915,830019.0,1.611858916504848e-05,high_c,0.00020727311696684564,3.6834570216400926,4.792672973985559
GO:0015078,proton transmembrane transporter activity,molecular_function,87,6011,0.7897189837931035,0.7261456054350357,0.2676391378922287,326663.0,1.7703111907414233e-05,high_c,0.00022525799374440033,3.6473197882402073,4.751950385308972
GO:0071554,cell wall organization or biogenesis,biological_process,211,6011,0.7698477284834123,0.7261456054350357,0.1736370321948031,718148.5,1.7796403637180456e-05,high_c,0.00022525799374440033,3.6473197882402073,4.7496677526535835
GO:0004553,"hydrolase activity, hydrolyzing O-glycosyl compounds",molecular_function,48,6011,0.8121592468749999,0.7261456054350357,0.3589286712504891,194479.0,1.7906453419773757e-05,high_c,0.00022525799374440033,3.6473197882402073,4.746990422679444
GO:0009063,amino acid catabolic process,biological_process,48,6011,0.8081279499999999,0.7261456054350357,0.3584185812510481,194406.0,1.8404402396751213e-05,high_c,0.00022985642130043238,3.638543359234138,4.735078279820516
GO:0050660,flavin adenine dinucleotide binding,molecular_function,35,6011,0.8197151799999999,0.7261456054350357,0.4187225090839548,148370.0,1.8882188630289577e-05,high_c,0.00023413913901559072,3.630525982981178,4.723947668143413
GO:0051082,unfolded protein binding,molecular_function,81,6011,0.792917212345679,0.7261456054350357,0.27570420336018997,306379.5,1.969147968514146e-05,high_c,0.00024244261513053597,3.6153910400776526,4.705721648262746
GO:0043248,proteasome assembly,biological_process,31,6011,0.8194475103225807,0.7261456054350357,0.4413205308015966,133596.0,2.190349141942124e-05,high_c,0.0002677778950994033,3.572225276586817,4.659486653044234
GO:0010499,proteasomal ubiquitin-independent protein catabolic process,biological_process,17,6011,0.8480579605882353,0.7261456054350357,0.5946338495358103,81245.0,2.2341700218825805e-05,high_c,0.00027122511594322794,3.5666700964771763,4.650883779852587
GO:0005199,structural constituent of cell wall,molecular_function,41,6011,0.811645692682927,0.7261456054350357,0.38331086325938646,169296.5,2.2733155967118683e-05,high_c,0.0002740608247147086,3.5621530397110153,4.643340268456239
GO:0030163,protein catabolic process,biological_process,278,6011,0.7699249696762591,0.7261456054350357,0.1494164166312162,915955.0,2.5124909567035556e-05,high_c,0.0003008058138508533,3.521713774134439,4.599895492739937
GO:0042026,protein refolding,biological_process,28,6011,0.8193574596428571,0.7261456054350357,0.4587402402043885,122187.0,2.7381636117328162e-05,high_c,0.0003255789061622033,3.487343740251244,4.56254060530728
GO:0020037,heme binding,molecular_function,26,6011,0.8312211026923078,0.7261456054350357,0.4749309170361802,114757.0,2.851782454469157e-05,high_c,0.0003345063743890849,3.4755956018554173,4.544883607300933
GO:0046906,tetrapyrrole binding,molecular_function,26,6011,0.8312211026923078,0.7261456054350357,0.4749309170361802,114757.0,2.851782454469157e-05,high_c,0.0003345063743890849,3.4755956018554173,4.544883607300933
GO:0034515,proteasome storage granule,cellular_component,20,6011,0.8393334605,0.7261456054350357,0.5388082123184776,92190.0,3.0967779618619896e-05,high_c,0.0003608058081739875,3.442726479895036,4.509089932323235
GO:0071852,fungal-type cell wall organization or biogenesis,biological_process,203,6011,0.7708091528078816,0.7261456054350357,0.17127301903947667,690479.5,3.262656036704602e-05,high_c,0.00037509740925292643,3.4258559354521663,4.48642870899947
GO:0044183,protein folding chaperone,molecular_function,43,6011,0.7998377734883722,0.7261456054350357,0.36717532265103814,175425.0,3.25319878036105e-05,high_c,0.00037509740925292643,3.4258559354521663,4.487689399190827
GO:0005856,cytoskeleton,cellular_component,118,6011,0.7801447494067796,0.7261456054350357,0.22271180688377767,425121.0,3.345253293555237e-05,high_c,0.0003820631393165718,3.4178648601488484,4.475570993044549
GO:0010498,proteasomal protein catabolic process,biological_process,185,6011,0.7763916512432432,0.7261456054350357,0.17837652276375238,635033.0,3.5228284952683935e-05,high_c,0.0003997143965873158,3.3982502093935554,4.453108499416429
GO:0005576,extracellular region,cellular_component,68,6011,0.7889067692647059,0.7261456054350357,0.2911037206401996,260883.0,3.567686721713274e-05,high_c,0.0004021755940840418,3.395584287981518,4.447613287985528
GO:0009311,oligosaccharide metabolic process,biological_process,24,6011,0.8328933791666667,0.7261456054350357,0.4873615054841045,106858.0,3.679525435909244e-05,high_c,0.0004121068488218353,3.3849901678563517,4.434208190526533
GO:0006739,NADP+ metabolic process,biological_process,22,6011,0.8338924972727273,0.7261456054350357,0.5072177780476328,99294.0,3.910491864127464e-05,high_c,0.00042478823192466486,3.371827523190649,4.4077686133351826
GO:0015149,hexose transmembrane transporter activity,molecular_function,19,6011,0.8367472115789473,0.7261456054350357,0.5456222331529759,87983.0,3.915098911748063e-05,high_c,0.00042478823192466486,3.371827523190649,4.4072572613751975
GO:0003779,actin binding,molecular_function,51,6011,0.7978566649019607,0.7261456054350357,0.3343334649295959,202792.0,3.829836251086883e-05,high_c,0.00042478823192466486,3.371827523190649,4.416819794378549
GO:0051119,sugar transmembrane transporter activity,molecular_function,19,6011,0.8367472115789473,0.7261456054350357,0.5456222331529759,87983.0,3.915098911748063e-05,high_c,0.00042478823192466486,3.371827523190649,4.4072572613751975
GO:0015145,monosaccharide transmembrane transporter activity,molecular_function,19,6011,0.8367472115789473,0.7261456054350357,0.5456222331529759,87983.0,3.915098911748063e-05,high_c,0.00042478823192466486,3.371827523190649,4.4072572613751975
GO:0016829,lyase activity,molecular_function,112,6011,0.774699475625,0.7261456054350357,0.22594023200058122,404982.0,4.0885305878670665e-05,high_c,0.0004381289568232856,3.3583980424781186,4.38843274877596
GO:0044282,small molecule catabolic process,biological_process,140,6011,0.7775621959285713,0.7261456054350357,0.2026084629048348,494236.0,4.0741666525869004e-05,high_c,0.0004381289568232856,3.3583980424781186,4.389961210284652
GO:1990204,oxidoreductase complex,cellular_component,28,6011,0.8165500121428572,0.7261456054350357,0.4483417301401591,121316.0,4.146832720825008e-05,high_c,0.00043895741483854965,3.3575776105043835,4.382283483297159
GO:0055056,D-glucose transmembrane transporter activity,molecular_function,16,6011,0.8437112575,0.7261456054350357,0.5926188490408675,76382.0,4.13323927843732e-05,high_c,0.00043895741483854965,3.3575776105043835,4.383709452134949
GO:1990825,sequence-specific mRNA binding,molecular_function,22,6011,0.8330733981818181,0.7261456054350357,0.5033318659967516,99038.0,4.4804436061401634e-05,high_c,0.0004713969757732923,3.326613208000037,4.348678984626603
GO:0034655,nucleobase-containing compound catabolic process,biological_process,209,6011,0.7717027426794257,0.7261456054350357,0.16508414026511242,706401.0,4.889558965608873e-05,high_c,0.0005113418291745183,3.2912886793316796,4.3107303121320975
GO:0006412,translation,biological_process,260,6011,0.7673511911538462,0.7261456054350357,0.1485373781148429,858681.0,4.9631037402019795e-05,high_c,0.0005159250355084213,3.2874133972684803,4.30424664696137
GO:0051156,glucose 6-phosphate metabolic process,biological_process,20,6011,0.8391296024999999,0.7261456054350357,0.5242029711233518,91315.0,5.050095262070759e-05,high_c,0.0005218431770806451,3.2824599904100045,4.2967004295246145
GO:0016651,"oxidoreductase activity, acting on NAD(P)H",molecular_function,31,6011,0.8209713606451614,0.7261456054350357,0.42118890926745056,131730.0,5.101608275251446e-05,high_c,0.0005240468618838172,3.2806298753300838,4.292292891556883
GO:0034219,carbohydrate transmembrane transport,biological_process,35,6011,0.8150150814285715,0.7261456054350357,0.3931918148785618,145700.0,5.8971912054011235e-05,high_c,0.00060220729015155,3.220253991344969,4.229354790807168
GO:0009081,branched-chain amino acid metabolic process,biological_process,16,6011,0.84267455,0.7261456054350357,0.5799207673060884,75773.0,6.019317250537086e-05,high_c,0.0006110839033293791,3.213899155958292,4.220452766406612
GO:0006415,translational termination,biological_process,20,6011,0.8337207065,0.7261456054350357,0.5183942580537473,90967.0,6.113644458811604e-05,high_c,0.0006170515570056364,3.209678547494146,4.2136998214270704
GO:0045229,external encapsulating structure organization,biological_process,187,6011,0.7695673543850269,0.7261456054350357,0.17165463213257337,638017.5,6.291030714118307e-05,high_c,0.0006276568574545622,3.2022777219361007,4.201278194493974
GO:0071555,cell wall organization,biological_process,187,6011,0.7695673543850269,0.7261456054350357,0.17165463213257337,638017.5,6.291030714118307e-05,high_c,0.0006276568574545622,3.2022777219361007,4.201278194493974
GO:0015755,fructose transmembrane transport,biological_process,18,6011,0.8382973599999999,0.7261456054350357,0.544783729165508,83321.0,6.416994270887354e-05,high_c,0.0006365658316720256,3.1961566762939357,4.192668348448114
GO:0180051,translation factor activity,molecular_function,50,6011,0.7987269948,0.7261456054350357,0.3250058714980708,197459.0,7.384879207608098e-05,high_c,0.0007284176309322534,3.1376195509002907,4.131656603926614
GO:0009084,L-glutamine family amino acid biosynthetic process,biological_process,24,6011,0.8227980883333333,0.7261456054350357,0.46591225432882366,105317.0,7.976359486590334e-05,high_c,0.0007823141281763175,3.106618826556213,4.098195281034879
GO:0005758,mitochondrial intermembrane space,cellular_component,84,6011,0.7834721188095239,0.7261456054350357,0.24996384583865594,311158.5,8.152557726384307e-05,high_c,0.0007951033827529863,3.0995763988403,4.088706117371879
GO:0019867,outer membrane,cellular_component,113,6011,0.7819550269911505,0.7261456054350357,0.21534523477284928,404998.0,8.596646095720478e-05,high_c,0.0008337305934173604,3.0789742619447713,4.065670951805351
GO:0043173,nucleotide salvage,biological_process,18,6011,0.8340215911111113,0.7261456054350357,0.5307673767543615,82565.0,9.8567379670615e-05,high_c,0.0009506276172677091,3.0219895729018256,4.006266788638992
GO:0043632,modification-dependent macromolecule catabolic process,biological_process,199,6011,0.770806847236181,0.7261456054350357,0.16111873891134953,671468.0,0.00010854433807830391,high_c,0.0010410661375908044,2.9825216794439884,3.964392825415277
GO:0046395,carboxylic acid catabolic process,biological_process,85,6011,0.7874692618823529,0.7261456054350357,0.24364813086895243,313219.0,0.00011209987914927473,high_c,0.0010692603857315435,2.9709165227461622,3.9503948556015605
GO:0031970,organelle envelope lumen,cellular_component,89,6011,0.7817710529213483,0.7261456054350357,0.23737235750145147,326083.5,0.00011834764598670647,high_c,0.0011226858657536745,2.9497417449446783,3.926840376054722
GO:0006418,tRNA aminoacylation for protein translation,biological_process,37,6011,0.8103852764864866,0.7261456054350357,0.36623566988481615,150995.0,0.00011992907958947567,high_c,0.0011315047943876617,2.9463436015221607,3.9210754993530976
GO:0005353,fructose transmembrane transporter activity,molecular_function,15,6011,0.8406042413333332,0.7261456054350357,0.5728930398043139,70733.0,0.00012409525472969324,high_c,0.001158222377477137,2.9362080485194153,3.906244825141972
GO:0015578,mannose transmembrane transporter activity,molecular_function,15,6011,0.8406042413333332,0.7261456054350357,0.5728930398043139,70733.0,0.00012409525472969324,high_c,0.001158222377477137,2.9362080485194153,3.906244825141972
GO:0031505,fungal-type cell wall organization,biological_process,181,6011,0.7693381065193371,0.7261456054350357,0.1670090880661088,615731.5,0.00012693782715552103,high_c,0.0011784174756255855,2.928700825643121,3.896408939947095
GO:0097435,supramolecular fiber organization,biological_process,80,6011,0.787118680625,0.7261456054350357,0.24887455741021758,296283.0,0.000128427596902294,high_c,0.0011859058947999062,2.9259497721780208,3.891341643754814
GO:0031968,organelle outer membrane,cellular_component,112,6011,0.7811969865178572,0.7261456054350357,0.2102535538711161,399800.0,0.00013476026390348995,high_c,0.0012377979795579817,2.9073502305360273,3.8704381472032563
GO:0005741,mitochondrial outer membrane,cellular_component,102,6011,0.7826182218627452,0.7261456054350357,0.21999342976317293,367656.0,0.00013608551807693157,high_c,0.001243391891481859,2.9053919691185524,3.866188089006197
GO:0030427,site of polarized growth,cellular_component,277,6011,0.7658958392779783,0.7261456054350357,0.13524117966301463,901562.0,0.0001404439918266544,high_c,0.0012698477594326669,2.8962483429822443,3.852496835119168
GO:0019941,modification-dependent protein catabolic process,biological_process,194,6011,0.7710709990721649,0.7261456054350357,0.1604894293122363,654805.0,0.00013985392934691803,high_c,0.0012698477594326669,2.8962483429822443,3.854325327149366
GO:0008643,carbohydrate transport,biological_process,36,6011,0.81045397,0.7261456054350357,0.3667224546722454,146991.0,0.0001451066059496517,high_c,0.0013052076058476443,2.8843204041087738,3.838312815941473
GO:0006511,ubiquitin-dependent protein catabolic process,biological_process,188,6011,0.7711961380319149,0.7261456054350357,0.161642569268601,635839.0,0.0001581216009011179,high_c,0.0014149438101254675,2.849260806384909,3.801008797295156
GO:0005506,iron ion binding,molecular_function,26,6011,0.8187336703846153,0.7261456054350357,0.4274789537947432,111065.0,0.0001653215503135856,high_c,0.0014717856992019721,2.832155421268541,3.781670530746496
GO:0090150,establishment of protein localization to membrane,biological_process,115,6011,0.7786717329565217,0.7261456054350357,0.2044717125833284,408340.0,0.0001692028077595863,high_c,0.0014778415083903176,2.8303721395016384,3.7715924345335354
GO:0004812,aminoacyl-tRNA ligase activity,molecular_function,37,6011,0.8092756232432433,0.7261456054350357,0.3580922737266896,150095.0,0.00016940694710234632,high_c,0.0014778415083903176,2.8303721395016384,3.771068783932405
GO:0051668,localization within membrane,biological_process,194,6011,0.7710272502061856,0.7261456054350357,0.15860373700263541,653741.0,0.00016743205958120766,high_c,0.0014778415083903176,2.8303721395016384,3.776161380475843
GO:0016875,"ligase activity, forming carbon-oxygen bonds",molecular_function,37,6011,0.8092756232432433,0.7261456054350357,0.3580922737266896,150095.0,0.00016940694710234632,high_c,0.0014778415083903176,2.8303721395016384,3.771068783932405
GO:0006979,response to oxidative stress,biological_process,123,6011,0.7766004175609756,0.7261456054350357,0.19720694149876272,433523.0,0.00017759416579130906,high_c,0.0015415173590685627,2.8120515803080606,3.750571305484552
GO:0007015,actin filament organization,biological_process,65,6011,0.7886210838461539,0.7261456054350357,0.2690677637196306,245241.0,0.00018651791597039472,high_c,0.0016109209060925632,2.7929257822938838,3.729279445713868
GO:0043648,dicarboxylic acid metabolic process,biological_process,40,6011,0.80440963275,0.7261456054350357,0.34189415508290066,160249.0,0.00018964555598903512,high_c,0.0016298251742424008,2.7878589783775314,3.722057329771381
GO:0015144,carbohydrate transmembrane transporter activity,molecular_function,29,6011,0.8152048306896552,0.7261456054350357,0.40080010145378675,121504.0,0.0001922245298751527,high_c,0.0016438511520357885,2.7841375096524814,3.7161911925797417
GO:0016054,organic acid catabolic process,biological_process,86,6011,0.7856461541860468,0.7261456054350357,0.23358649789029529,314287.0,0.0001955653661311008,high_c,0.001664222919625446,2.7787885011949323,3.708708054609507
GO:0006144,purine nucleobase metabolic process,biological_process,16,6011,0.83046819375,0.7261456054350357,0.5370517097581318,73717.0,0.00020282879864501923,high_c,0.0017176136314524556,2.765074521878113,3.6928703816628317
GO:0000096,sulfur amino acid metabolic process,biological_process,30,6011,0.8184833220000001,0.7261456054350357,0.3924092961043304,124920.0,0.0002047695490777809,high_c,0.001725630763102076,2.7630521255976825,3.688734626069002
GO:0043039,tRNA aminoacylation,biological_process,41,6011,0.8058218575609756,0.7261456054350357,0.3347387343220165,163352.0,0.00021611258180647308,high_c,0.0018037088558463328,2.743833562416924,3.6653199482946355
GO:0043038,amino acid activation,biological_process,41,6011,0.8058218575609756,0.7261456054350357,0.3347387343220165,163352.0,0.00021611258180647308,high_c,0.0018037088558463328,2.743833562416924,3.6653199482946355
GO:0098655,monoatomic cation transmembrane transport,biological_process,145,6011,0.7753906581379311,0.7261456054350357,0.1790869652115641,501448.0,0.00022469685564499909,high_c,0.0018663815377976958,2.728999570223863,3.6484030049532823
GO:0022411,cellular component disassembly,biological_process,115,6011,0.7786573530434784,0.7261456054350357,0.19996165417969447,406811.0,0.00023498732407315723,high_c,0.0019425618790047663,2.7116251381474914,3.628955564254045
GO:0015075,monoatomic ion transmembrane transporter activity,molecular_function,156,6011,0.7753046918589743,0.7261456054350357,0.17201164903983002,535246.0,0.00024042633063540173,high_c,0.001978104786649561,2.70375070613707,3.6190179716798503
GO:0032984,protein-containing complex disassembly,biological_process,88,6011,0.7826965195454547,0.7261456054350357,0.2271767992264362,319817.0,0.0002485672364540763,high_c,0.002035437370208851,2.6913422561886144,3.604556116100336
GO:0170035,L-amino acid catabolic process,biological_process,33,6011,0.8111932345454544,0.7261456054350357,0.3685635207883451,134991.0,0.0002554570056214202,high_c,0.002062666798878072,2.685570921855221,3.5926821827800888
GO:0034220,monoatomic ion transmembrane transport,biological_process,154,6011,0.7746340955194805,0.7261456054350357,0.1723855792491613,528733.0,0.000254997631274518,high_c,0.002062666798878072,2.685570921855221,3.5934638537981387
GO:1901136,carbohydrate derivative catabolic process,biological_process,50,6011,0.7959193884,0.7261456054350357,0.2998624391880558,193712.0,0.00025528533808492443,high_c,0.002062666798878072,2.685570921855221,3.592974127505441
GO:0071806,protein transmembrane transport,biological_process,86,6011,0.7839403355813952,0.7261456054350357,0.22907271121577866,313137.0,0.0002594958511519053,high_c,0.002085577766665313,2.680773611618226,3.5858695813077683
GO:0070585,protein localization to mitochondrion,biological_process,53,6011,0.7963149166037736,0.7261456054350357,0.29025188900922805,203714.0,0.0002690357527198986,high_c,0.002152286021759189,2.667100014874802,3.570190001866745
GO:0051246,regulation of protein metabolic process,biological_process,225,6011,0.7614564857777777,0.7261456054350357,0.1425448400353344,743711.0,0.0002800053280533153,high_c,0.002229767199543832,2.6517404774142745,3.552833704650143
GO:0005402,carbohydrate:monoatomic cation symporter activity,molecular_function,25,6011,0.8178180796,0.7261456054350357,0.4199799532241897,106250.0,0.00028429861111059664,high_c,0.002235702083921254,2.650586068374659,3.5462252619714545
GO:0005351,carbohydrate:proton symporter activity,molecular_function,25,6011,0.8178180796,0.7261456054350357,0.4199799532241897,106250.0,0.00028429861111059664,high_c,0.002235702083921254,2.650586068374659,3.5462252619714545
GO:0015295,solute:proton symporter activity,molecular_function,34,6011,0.8088050808823529,0.7261456054350357,0.3603716206241574,138226.0,0.00028461414778029786,high_c,0.002235702083921254,2.650586068374659,3.545743515530021
GO:0061024,membrane organization,biological_process,204,6011,0.7689758492647059,0.7261456054350357,0.1486542610844923,680364.0,0.00030122948302689124,high_c,0.002355560281687762,2.62790577715304,3.5211025235428743
GO:0043332,mating projection tip,cellular_component,119,6011,0.7771410841176472,0.7261456054350357,0.19296924472436627,418224.0,0.0003068484011706514,high_c,0.0023887391230145777,2.6218312774672303,3.513076135259543
GO:0015761,mannose transmembrane transport,biological_process,16,6011,0.83291125125,0.7261456054350357,0.520767306088407,72936.0,0.00031480182298009105,high_c,0.002439714128095706,2.6126610588514474,3.5019627613577575
GO:0051015,actin filament binding,molecular_function,36,6011,0.800069873888889,0.7261456054350357,0.3466201766620176,144829.0,0.0003293702925074663,high_c,0.00254127479019094,2.594948371781109,3.4823155745102197
GO:0006099,tricarboxylic acid cycle,biological_process,28,6011,0.8016757449999999,0.7261456054350357,0.39184833217926984,116584.0,0.000340162053494286,high_c,0.0026129262162215955,2.582872853701774,3.4683141353948463
GO:0015293,symporter activity,molecular_function,37,6011,0.8048561137837837,0.7261456054350357,0.33996869316588096,148092.0,0.00035642660863477313,high_c,0.002713844704341957,2.566415007810035,3.4480298816500543
GO:0015294,solute:monoatomic cation symporter activity,molecular_function,37,6011,0.8048561137837837,0.7261456054350357,0.33996869316588096,148092.0,0.00035642660863477313,high_c,0.002713844704341957,2.566415007810035,3.4480298816500543
GO:0008324,monoatomic cation transmembrane transporter activity,molecular_function,149,6011,0.7748675763087248,0.7261456054350357,0.17096119014744038,511381.0,0.0003581749650227302,high_c,0.0027152477697793,2.5661905343483444,3.4459047728489294
GO:0031072,heat shock protein binding,molecular_function,25,6011,0.8115250504000001,0.7261456054350357,0.4106782492482459,105554.0,0.00038695951536457505,high_c,0.002905774842816572,2.53673804052344,3.412334469537894
GO:1901606,alpha-amino acid catabolic process,biological_process,37,6011,0.805440694054054,0.7261456054350357,0.33804142274179094,147879.0,0.0003849875843857387,high_c,0.002905774842816572,2.53673804052344,3.414553275997232
GO:0009112,nucleobase metabolic process,biological_process,30,6011,0.792698189,0.7261456054350357,0.3749540210667113,123354.0,0.00038832935687410414,high_c,0.002905774842816572,2.53673804052344,3.4107997764730134
GO:0044087,regulation of cellular component biogenesis,biological_process,174,6011,0.7686914885632185,0.7261456054350357,0.15743601558823128,587768.0,0.00039376049723492625,high_c,0.0029337691982825407,2.5325740554058305,3.4047678552202845
GO:1901137,carbohydrate derivative biosynthetic process,biological_process,204,6011,0.7645300631862747,0.7261456054350357,0.14482858753971706,678098.0,0.0004295563158273271,high_c,0.0031867938644283755,2.496646027657928,3.366979891088258
GO:0016050,vesicle organization,biological_process,90,6011,0.778174848,0.7261456054350357,0.21259922310420531,323091.0,0.0005267096008663338,high_c,0.003890927094059385,2.409946906678741,3.2784287652474777
GO:0072593,reactive oxygen species metabolic process,biological_process,19,6011,0.8281636705263157,0.7261456054350357,0.4596655189375307,83090.0,0.0005311093305452426,high_c,0.0039068042280785645,2.4081783509445063,3.274816068814873
GO:0006399,tRNA metabolic process,biological_process,202,6011,0.7660429396534653,0.7261456054350357,0.14267123906399926,670415.5,0.0005557831014756481,high_c,0.004071052591399684,2.390293287203713,3.2550946620340824
GO:0009070,serine family amino acid biosynthetic process,biological_process,17,6011,0.8357981941176471,0.7261456054350357,0.4829731692476791,75556.0,0.0005734277725665513,high_c,0.004182649635191315,2.3785485131090387,3.2415212768929997
GO:0016887,ATP hydrolysis activity,molecular_function,235,6011,0.7627445870212766,0.7261456054350357,0.1321484351977369,768366.5,0.0005834217556889535,high_c,0.004237741288184198,2.372865560259393,3.2340173801517285
GO:0008289,lipid binding,molecular_function,144,6011,0.7712294877083333,0.7261456054350357,0.1656582012385659,492402.0,0.0006705594037864825,high_c,0.00485037968738889,2.3142242635248196,3.173562742653687
GO:0005840,ribosome,cellular_component,202,6011,0.7656013599009901,0.7261456054350357,0.13981888806887222,668742.0,0.0007161993935629164,high_c,0.00515901305902582,2.287433372794326,3.1449660510599307
GO:0016301,kinase activity,molecular_function,217,6011,0.7663394337327188,0.7261456054350357,0.13459816209045106,713264.0,0.0007479448807808293,high_c,0.005365422781138511,2.270396051092016,3.1261304059520576
GO:0051286,cell tip,cellular_component,129,6011,0.7738679099999999,0.7261456054350357,0.17270136983412798,444910.0,0.0007780790534873202,high_c,0.005527455453397364,2.257474748780306,3.1089762760833777
GO:0016763,pentosyltransferase activity,molecular_function,17,6011,0.8243046505882353,0.7261456054350357,0.47117705941235344,74955.0,0.0007800844389875312,high_c,0.005527455453397364,2.257474748780306,3.1078583852562467
GO:0060187,cell pole,cellular_component,129,6011,0.7738679099999999,0.7261456054350357,0.17270136983412798,444910.0,0.0007780790534873202,high_c,0.005527455453397364,2.257474748780306,3.1089762760833777
GO:0043094,metabolic compound salvage,biological_process,25,6011,0.8025236816,0.7261456054350357,0.3853792181757434,103661.0,0.0008678375288168941,high_c,0.006124251829374505,2.212946959407629,3.061561573144723
GO:0016830,carbon-carbon lyase activity,molecular_function,37,6011,0.7825568829729729,0.7261456054350357,0.3159728191532678,145440.0,0.0009053625761505118,high_c,0.006363196081770398,2.1963246937810927,3.0431774613619
GO:0061951,establishment of protein localization to plasma membrane,biological_process,17,6011,0.8224677776470588,0.7261456054350357,0.4647981314647982,74630.0,0.0009187950296268866,high_c,0.006431565207388207,2.191683322843964,3.0367813628582203
GO:0016879,"ligase activity, forming carbon-nitrogen bonds",molecular_function,42,6011,0.7968693471428571,0.7261456054350357,0.29607735203312346,162462.0,0.0009279432246747798,high_c,0.006469515815403284,2.189128221119106,3.032478594863843
GO:0051130,positive regulation of cellular component organization,biological_process,142,6011,0.7706334084507043,0.7261456054350357,0.16184704066964395,484140.5,0.0009651487181925627,high_c,0.006701992699129155,2.1737960496027537,3.0154057617711896
GO:0009201,ribonucleoside triphosphate biosynthetic process,biological_process,20,6011,0.813205608,0.7261456054350357,0.42515439826406287,85381.0,0.0010111329118896366,high_c,0.0069933336057386815,2.155315753945421,2.995191753304856
GO:0003735,structural constituent of ribosome,molecular_function,209,6011,0.7644373962200957,0.7261456054350357,0.13338908048536302,687184.0,0.0010337185420796226,high_c,0.007121172178770734,2.1474485135440564,2.9855976936029855
GO:0016798,"hydrolase activity, acting on glycosyl bonds",molecular_function,57,6011,0.7921379980701754,0.7261456054350357,0.2519137952371693,212436.0,0.001044590280114466,high_c,0.007167623424026534,2.144624819914488,2.9810540195791435
GO:0008092,cytoskeletal protein binding,molecular_function,112,6011,0.7758373353571429,0.7261456054350357,0.18031809265492948,389911.0,0.001060186908911262,high_c,0.007240841638837729,2.1402109506731417,2.974617562704105
GO:0006555,L-methionine metabolic process,biological_process,15,6011,0.8312902799999998,0.7261456054350357,0.4885923949299533,66942.0,0.0010636028904974775,high_c,0.007240841638837729,2.1402109506731417,2.9732204910796596
GO:0043161,proteasome-mediated ubiquitin-dependent protein catabolic process,biological_process,137,6011,0.7720878149635036,0.7261456054350357,0.16282566499904316,467885.0,0.0011029544565484943,high_c,0.007474219526338237,2.126434150575596,2.957442420178155
GO:0015850,organic hydroxy compound transport,biological_process,48,6011,0.7886541287500001,0.7261456054350357,0.27294706244060607,182174.0,0.0011064944805696583,high_c,0.007474219526338237,2.126434150575596,2.956050748084775
GO:0006740,NADPH regeneration,biological_process,15,6011,0.8330501439999999,0.7261456054350357,0.4862352679564155,66836.0,0.001124586201154813,high_c,0.0075669831209486645,2.121077234776589,2.949007249653832
GO:0050661,NADP binding,molecular_function,21,6011,0.8157703271428571,0.7261456054350357,0.41092296684951113,88740.0,0.0011316746060838847,high_c,0.007585278440778471,2.1200284724811884,2.9462784292404094
GO:0006812,monoatomic cation transport,biological_process,181,6011,0.7665362096132595,0.7261456054350357,0.14125451323408167,602143.0,0.0011897064017882366,high_c,0.00791314296361831,2.1016509879752987,2.924560201477491
GO:0005934,cellular bud tip,cellular_component,103,6011,0.7743863502912621,0.7261456054350357,0.18604032051324193,360867.0,0.001187555035560821,high_c,0.00791314296361831,2.1016509879752987,2.9253462544723416
GO:0001932,regulation of protein phosphorylation,biological_process,19,6011,0.8202265689473683,0.7261456054350357,0.42809711193872535,81293.0,0.0012526361361449704,high_c,0.008299909665449117,2.0809266343721755,2.902175063892903
GO:0036503,ERAD pathway,biological_process,55,6011,0.79437851,0.7261456054350357,0.25218877831369446,205096.0,0.0012629776921559857,high_c,0.00833661320753913,2.0790103479246103,2.8986043202753256
GO:0098797,plasma membrane protein complex,cellular_component,15,6011,0.8268052846666668,0.7261456054350357,0.47898599066044034,66510.0,0.001332981745861434,high_c,0.008765364813694885,2.0572300038967684,2.8751757978674104
GO:0098657,import into cell,biological_process,144,6011,0.7701682422222222,0.7261456054350357,0.15617010397136522,488394.0,0.0013434722014920132,high_c,0.008801010346377867,2.055467468455562,2.871771315359227
GO:0034976,response to endoplasmic reticulum stress,biological_process,82,6011,0.7837496359756096,0.7261456054350357,0.2052417015990029,292981.0,0.0013898045857473943,high_c,0.009070303612246153,2.0423781754629173,2.857046259672323
GO:0015980,energy derivation by oxidation of organic compounds,biological_process,109,6011,0.7694492577981651,0.7261456054350357,0.17824777170854844,378994.0,0.0014049708008555776,high_c,0.00913494123702353,2.0392942420189972,2.852332701494895
GO:0006414,translational elongation,biological_process,49,6011,0.7909757777551021,0.7261456054350357,0.2627319965221915,184446.0,0.001513195500465967,high_c,0.009801893241824325,2.0086900319538814,2.8201049587655658
GO:0006914,autophagy,biological_process,186,6011,0.7650850581720431,0.7261456054350357,0.13605519405602484,615429.5,0.0015588466584906425,high_c,0.010060066167805783,1.9973991627971464,2.8071966036352114
GO:0006811,monoatomic ion transport,biological_process,192,6011,0.7657736217708333,0.7261456054350357,0.13373575070172428,633332.0,0.0015902038054244182,high_c,0.010224421504506628,1.9903612549106373,2.798547211592123
GO:0015934,large ribosomal subunit,cellular_component,123,6011,0.7711023437398375,0.7261456054350357,0.16436351184164022,421630.0,0.0017806905625408424,high_c,0.011393476662828384,1.9433437328928211,2.749411543005483
GO:0044391,ribosomal subunit,cellular_component,216,6011,0.7629649474074074,0.7261456054350357,0.12499280989358641,704088.0,0.0017851530255122814,high_c,0.011393476662828384,1.9433437328928211,2.7483245496990953
GO:0016791,phosphatase activity,molecular_function,116,6011,0.7683668191379311,0.7261456054350357,0.16877540873329244,399616.0,0.0018229876144903949,high_c,0.011592331497272254,1.935829208163381,2.739216281963098
GO:0061919,process utilizing autophagic mechanism,biological_process,195,6011,0.7649239813846154,0.7261456054350357,0.13083536133742468,641251.5,0.0018553930553317304,high_c,0.011755337022101766,1.9297649152637624,2.7315640732838475
GO:0016903,"oxidoreductase activity, acting on the aldehyde or oxo group of donors",molecular_function,29,6011,0.8005782906896551,0.7261456054350357,0.33304511234853984,115627.0,0.0019442153517995537,high_c,0.012273301275360091,1.911038604931275,2.7112556319414858
GO:0140318,protein transporter activity,molecular_function,40,6011,0.7988538425,0.7261456054350357,0.2834366102830346,153268.0,0.0019731681793617993,high_c,0.01241094188178291,1.9061952581033073,2.7048358968785626
GO:0008238,exopeptidase activity,molecular_function,29,6011,0.8073195758620689,0.7261456054350357,0.3310794452322485,115456.5,0.0020676763142027836,high_c,0.01295843350706149,1.8874474954066298,2.6845174471826545
GO:0009142,nucleoside triphosphate biosynthetic process,biological_process,24,6011,0.8052599945833334,0.7261456054350357,0.36291130783363945,97917.0,0.0021196370032808202,high_c,0.013236294380199654,1.878233582531028,2.673738507453425
GO:0110053,regulation of actin filament organization,biological_process,43,6011,0.7810761288372093,0.7261456054350357,0.2706527838393915,163040.0,0.002193417604964492,high_c,0.013647931764223506,1.864933157519993,2.6588786750868687
GO:0006720,isoprenoid metabolic process,biological_process,18,6011,0.8069365438888888,0.7261456054350357,0.4144094035634165,76289.0,0.0023627129980525953,high_c,0.014648820587926093,1.8341973400043943,2.6265890295026484
GO:0070925,organelle assembly,biological_process,115,6011,0.7727597648695652,0.7261456054350357,0.16519379387646738,395024.0,0.0023770716712581065,high_c,0.014685396517096345,1.8331143226950068,2.6239577236304
GO:0016831,carboxy-lyase activity,molecular_function,24,6011,0.7792478004166666,0.7261456054350357,0.35646678915427876,97454.0,0.002541412629221399,high_c,0.01564500824229911,1.8056242037172716,2.5949248162383833
GO:0016860,intramolecular oxidoreductase activity,molecular_function,19,6011,0.8204064978947369,0.7261456054350357,0.39956784484575936,79669.0,0.002598893937675498,high_c,0.015942331716624257,1.797448158623424,2.585211443939607
GO:0042325,regulation of phosphorylation,biological_process,24,6011,0.8071892595833333,0.7261456054350357,0.3551305606592061,97358.0,0.002637946997876342,high_c,0.0160683368010994,1.7940290737958553,2.5787339346278184
GO:0005543,phospholipid binding,molecular_function,106,6011,0.7715889685849057,0.7261456054350357,0.170207531193584,366234.0,0.0026290788197059524,high_c,0.0160683368010994,1.7940290737958553,2.580196393562624
GO:0051125,regulation of actin nucleation,biological_process,17,6011,0.8114674647058824,0.7261456054350357,0.42130365659777413,72414.0,0.002663393074843389,high_c,0.016110280062467328,1.7928969097032565,2.5745647338097375
GO:0170041,non-proteinogenic amino acid metabolic process,biological_process,33,6011,0.8024642815151515,0.7261456054350357,0.30285795391181813,128510.0,0.0026574216940408388,high_c,0.016110280062467328,1.7928969097032565,2.575539523924896
GO:0019900,kinase binding,molecular_function,41,6011,0.7846982553658537,0.7261456054350357,0.27094823712056226,155545.0,0.0027498392158079713,high_c,0.016557864372096456,1.7809956790985484,2.5606926987983782
GO:0034315,regulation of Arp2/3 complex-mediated actin nucleation,biological_process,15,6011,0.81433688,0.7261456054350357,0.44687569490771617,65066.0,0.002756464748580574,high_c,0.016557864372096456,1.7809956790985484,2.5596475571824735
GO:0012501,programmed cell death,biological_process,24,6011,0.80874698,0.7261456054350357,0.35243026557541346,97164.0,0.0028433308061522966,high_c,0.016848207575189678,1.7734462954817056,2.5461726095572743
GO:0008233,peptidase activity,molecular_function,111,6011,0.7739663359459459,0.7261456054350357,0.16507711100931433,381504.5,0.0028436202877480275,high_c,0.016848207575189678,1.7734462954817056,2.5461283959680694
GO:0008219,cell death,biological_process,24,6011,0.80874698,0.7261456054350357,0.35243026557541346,97164.0,0.0028433308061522966,high_c,0.016848207575189678,1.7734462954817056,2.5461726095572743
GO:0006915,apoptotic process,biological_process,24,6011,0.80874698,0.7261456054350357,0.35243026557541346,97164.0,0.0028433308061522966,high_c,0.016848207575189678,1.7734462954817056,2.5461726095572743
GO:0008320,transmembrane protein transporter activity,molecular_function,35,6011,0.8002963985714288,0.7261456054350357,0.2915758271179958,135073.0,0.0028942164875436424,high_c,0.017031728211443265,1.7687412818898505,2.538468986752161
GO:0022884,macromolecule transmembrane transporter activity,molecular_function,35,6011,0.8002963985714288,0.7261456054350357,0.2915758271179958,135073.0,0.0028942164875436424,high_c,0.017031728211443265,1.7687412818898505,2.538468986752161
GO:0170040,proteinogenic amino acid catabolic process,biological_process,33,6011,0.7986265024242424,0.7261456054350357,0.3000192625485365,128230.0,0.002914158637346322,high_c,0.017091146602814914,1.7672288005577,2.5354868103392345
GO:0003743,translation initiation factor activity,molecular_function,31,6011,0.7955721745161292,0.7261456054350357,0.3082317402092998,121260.0,0.003031693021191337,high_c,0.01761166635942716,1.754199550536621,2.5183147759793503
GO:0042578,phosphoric ester hydrolase activity,molecular_function,135,6011,0.7664742480740742,0.7261456054350357,0.14899528527847106,455726.0,0.003033345761214701,high_c,0.01761166635942716,1.754199550536621,2.518078083052665
GO:0019901,protein kinase binding,molecular_function,40,6011,0.78449398925,0.7261456054350357,0.2715709261430246,151851.0,0.0030297488926755733,high_c,0.01761166635942716,1.754199550536621,2.518593364581685
GO:0009072,aromatic amino acid metabolic process,biological_process,34,6011,0.7949133688235296,0.7261456054350357,0.29380271432648675,131462.0,0.003090774942125017,high_c,0.01788528433176343,1.747504151252538,2.5099326173733485
GO:0009073,aromatic amino acid family biosynthetic process,biological_process,22,6011,0.8026896027272727,0.7261456054350357,0.36387923313954373,89851.0,0.0031731424975846526,high_c,0.018300914869790554,1.7375271991782935,2.498510424424923
GO:0005935,cellular bud neck,cellular_component,197,6011,0.7641838888832488,0.7261456054350357,0.12211727686889162,642613.0,0.003506894760515273,high_c,0.02015883875580965,1.6955344889164623,2.4550772667997847
GO:0016757,glycosyltransferase activity,molecular_function,100,6011,0.7727437370000001,0.7261456054350357,0.1697445440703773,345718.0,0.0035542426509931812,high_c,0.020363581657175455,1.6911458335481966,2.449252925886365
GO:0005762,mitochondrial large ribosomal subunit,cellular_component,45,6011,0.7822285988888888,0.7261456054350357,0.25149178679182027,167994.0,0.0036047352921636496,high_c,0.0205174441547413,1.6878767399844383,2.4431266214781258
GO:0000315,organellar large ribosomal subunit,cellular_component,45,6011,0.7822285988888888,0.7261456054350357,0.25149178679182027,167994.0,0.0036047352921636496,high_c,0.0205174441547413,1.6878767399844383,2.4431266214781258
GO:0005763,mitochondrial small ribosomal subunit,cellular_component,34,6011,0.7978921161764706,0.7261456054350357,0.288507907764076,130924.0,0.003669674618107959,high_c,0.020616683291376753,1.6857812005515993,2.4353724419672376
GO:0044036,cell wall macromolecule metabolic process,biological_process,35,6011,0.7982156954285714,0.7261456054350357,0.2843947217441194,134322.0,0.0036679378090518078,high_c,0.020616683291376753,1.6857812005515993,2.4355780365283515
GO:0044038,cell wall macromolecule biosynthetic process,biological_process,35,6011,0.7982156954285714,0.7261456054350357,0.2843947217441194,134322.0,0.0036679378090518078,high_c,0.020616683291376753,1.6857812005515993,2.4355780365283515
GO:0000314,organellar small ribosomal subunit,cellular_component,34,6011,0.7978921161764706,0.7261456054350357,0.288507907764076,130924.0,0.003669674618107959,high_c,0.020616683291376753,1.6857812005515993,2.4353724419672376
GO:0006413,translational initiation,biological_process,59,6011,0.7742008049152541,0.7261456054350357,0.21875569527975225,213994.0,0.0037824349058046846,high_c,0.021181635472506233,1.674040510268988,2.4222285372751884
GO:0008483,transaminase activity,molecular_function,21,6011,0.8076638652380952,0.7261456054350357,0.36535495667382145,85874.0,0.0037971292926403857,high_c,0.021195551292680737,1.6737552830233162,2.4205446148369516
GO:0098876,vesicle-mediated transport to the plasma membrane,biological_process,56,6011,0.7838614898214286,0.7261456054350357,0.22338970852824747,203988.0,0.003955810771938074,high_c,0.02198446078899435,1.6578841818175805,2.402764491258038
GO:0016769,"transferase activity, transferring nitrogenous groups",molecular_function,22,6011,0.8064219577272727,0.7261456054350357,0.35531808315244606,89287.0,0.00396378814916776,high_c,0.02198446078899435,1.6578841818175805,2.4018895651116052
GO:0046112,nucleobase biosynthetic process,biological_process,20,6011,0.789008624,0.7261456054350357,0.37147387748289096,82165.0,0.004074573521421325,high_c,0.022526941506966307,1.6472977686318917,2.38991784139915
GO:0140694,membraneless organelle assembly,biological_process,83,6011,0.7777156020481928,0.7261456054350357,0.18298294392143477,291028.0,0.004141896124049867,high_c,0.022826449750319264,1.6415616300666427,2.382800797117515
GO:0032502,developmental process,biological_process,182,6011,0.7602424197252747,0.7261456054350357,0.12450536253933064,596481.5,0.004174959074279215,high_c,0.022935851116926323,1.6394851391803025,2.379347777402372
GO:0008610,lipid biosynthetic process,biological_process,194,6011,0.7627250460824743,0.7261456054350357,0.11973614485803252,631810.0,0.004492402899418504,high_c,0.024601928811957482,1.6090308425083366,2.3475213011310583
GO:0004175,endopeptidase activity,molecular_function,54,6011,0.7887541279629631,0.7261456054350357,0.22358383227948453,196800.0,0.004616082919417218,high_c,0.025199748264491482,1.5986037976267224,2.335726398482763
GO:0016773,"phosphotransferase activity, alcohol group as acceptor",molecular_function,202,6011,0.7633747745544553,0.7261456054350357,0.11690292802735258,655297.0,0.004672527035399895,high_c,0.025427921421486574,1.5946891393159675,2.3304481770992593
GO:0019751,polyol metabolic process,biological_process,37,6011,0.7908261343243244,0.7261456054350357,0.26912114659017905,140262.0,0.00470825595982034,high_c,0.025542288582025348,1.5927401926631968,2.327139935183764
GO:0005628,prospore membrane,cellular_component,76,6011,0.7720776705263158,0.7261456054350357,0.18829867423402646,267997.0,0.004728829919585164,high_c,0.02557398361495278,1.5922016174081326,2.325246305843734
GO:0042180,ketone metabolic process,biological_process,33,6011,0.7890814590909091,0.7261456054350357,0.28273365978284004,126525.0,0.005029346526173441,high_c,0.027114737793282898,1.566794590951224,2.2984884400958663
GO:0050821,protein stabilization,biological_process,32,6011,0.7867693121875,0.7261456054350357,0.2853215420638904,122959.0,0.00530616162450293,high_c,0.028518565263582308,1.54487232712952,2.27521952563889
GO:0045121,membrane raft,cellular_component,30,6011,0.7908048713333334,0.7261456054350357,0.29436549072061524,116124.0,0.005347254603752475,high_c,0.02856256612958245,1.5442027770830724,2.271869136944671
GO:0098857,membrane microdomain,cellular_component,30,6011,0.7908048713333334,0.7261456054350357,0.29436549072061524,116124.0,0.005347254603752475,high_c,0.02856256612958245,1.5442027770830724,2.271869136944671
GO:0016765,"transferase activity, transferring alkyl or aryl (other than methyl) groups",molecular_function,50,6011,0.7818833432,0.7261456054350357,0.2281026673376949,183018.0,0.005406498133882527,high_c,0.02879043178042965,1.5407518218029936,2.267083942575528
GO:0051094,positive regulation of developmental process,biological_process,17,6011,0.8120003882352941,0.7261456054350357,0.3890753498596635,70772.0,0.005531703983511299,high_c,0.029367089037845916,1.5321391000367857,2.2571410682169724
GO:0051248,negative regulation of protein metabolic process,biological_process,63,6011,0.7722212673015871,0.7261456054350357,0.2027145312283174,225343.0,0.00557208650334501,high_c,0.02949128710306993,1.5303062729021601,2.253982150030954
GO:0018455,alcohol dehydrogenase [NAD(P)+] activity,molecular_function,22,6011,0.8075772568181819,0.7261456054350357,0.3410798585285144,88349.0,0.005682186238997127,high_c,0.02998259972917633,1.5231307130792804,2.245484535969779
GO:0015629,actin cytoskeleton,cellular_component,27,6011,0.7783357170370371,0.7261456054350357,0.30731332937215283,105610.0,0.005792246427949048,high_c,0.030470726663392567,1.5161171886346112,2.237152969597197
GO:0032126,eisosome,cellular_component,20,6011,0.805855505,0.7261456054350357,0.35671841094975787,81281.0,0.005811451849437388,high_c,0.030479397010946544,1.515993629110946,2.2357153561757004
GO:0061025,membrane fusion,biological_process,50,6011,0.7828688834,0.7261456054350357,0.22523737627914775,182591.0,0.0060176737636876325,high_c,0.03146590859566786,1.502159723239945,2.220571360376382
GO:0007030,Golgi organization,biological_process,38,6011,0.7918335534210528,0.7261456054350357,0.25777401816948187,142741.0,0.006082788216258573,high_c,0.03171087190217683,1.4987918167209915,2.2158973040551446
GO:0000139,Golgi membrane,cellular_component,176,6011,0.7616529578977271,0.7261456054350357,0.12101931915556596,575621.0,0.006152349158686004,high_c,0.03195060793369036,1.495520873977091,2.2109590253867815
GO:0033043,regulation of organelle organization,biological_process,277,6011,0.7585960807942238,0.7261456054350357,0.09728593392507046,871419.5,0.006165583904254764,high_c,0.03195060793369036,1.495520873977091,2.210025787780719
GO:0009145,purine nucleoside triphosphate biosynthetic process,biological_process,16,6011,0.8077203287500001,0.7261456054350357,0.3954753961634696,66927.0,0.006219381882729355,high_c,0.03203812150865923,1.4943329558318723,2.2062527758010066
GO:0009206,purine ribonucleoside triphosphate biosynthetic process,biological_process,16,6011,0.8077203287500001,0.7261456054350357,0.3954753961634696,66927.0,0.006219381882729355,high_c,0.03203812150865923,1.4943329558318723,2.2062527758010066
GO:0016788,"hydrolase activity, acting on ester bonds",molecular_function,276,6011,0.7582404044565217,0.7261456054350357,0.09711345286380357,868288.5,0.006347173106964583,high_c,0.03240791915791329,1.4893488531778363,2.1974196569760545
GO:0006906,vesicle fusion,biological_process,39,6011,0.7892206546153846,0.7261456054350357,0.2531986878939323,145940.0,0.00634131222589537,high_c,0.03240791915791329,1.4893488531778363,2.197820863017863
GO:0072528,pyrimidine-containing compound biosynthetic process,biological_process,34,6011,0.7776732473529411,0.7261456054350357,0.2712259740770995,129168.0,0.006310160804630829,high_c,0.03240791915791329,1.4893488531778363,2.199959573295646
GO:0031445,regulation of heterochromatin formation,biological_process,17,6011,0.8098000835294117,0.7261456054350357,0.38147951873442065,70385.0,0.006525086092154331,high_c,0.03312148963736819,1.4798901390749368,2.185413753859275
GO:0120261,regulation of heterochromatin organization,biological_process,17,6011,0.8098000835294117,0.7261456054350357,0.38147951873442065,70385.0,0.006525086092154331,high_c,0.03312148963736819,1.4798901390749368,2.185413753859275
GO:0016620,"oxidoreductase activity, acting on the aldehyde or oxo group of donors, NAD or NADP as acceptor",molecular_function,24,6011,0.7984123729166667,0.7261456054350357,0.32011023885084344,94842.0,0.006717918958379498,high_c,0.03390205613879886,1.469773961305626,2.172765239574569
GO:0008299,isoprenoid biosynthetic process,biological_process,17,6011,0.7992436623529412,0.7261456054350357,0.3802233606155174,70321.0,0.006704017300240811,high_c,0.03390205613879886,1.469773961305626,2.173664873645467
GO:0010638,positive regulation of organelle organization,biological_process,88,6011,0.7720769576136365,0.7261456054350357,0.16759588967507244,304289.5,0.006874803198564858,high_c,0.03451722264527887,1.4619641561304988,2.162739729643249
GO:0006508,proteolysis,biological_process,89,6011,0.7774169823595506,0.7261456054350357,0.16665148807152153,307446.5,0.006879584697734154,high_c,0.03451722264527887,1.4619641561304988,2.1624377781781954
GO:0090174,organelle membrane fusion,biological_process,45,6011,0.7868904317777776,0.7261456054350357,0.23325511230305063,165546.0,0.0069391975859856,high_c,0.03471598561749568,1.4594705002284492,2.1586907462780482
GO:0043130,ubiquitin binding,molecular_function,48,6011,0.7823387660416667,0.7261456054350357,0.22544580468444297,175376.0,0.007054499438596546,high_c,0.03519141099253909,1.453563319865894,2.1515337967597863
GO:0000086,G2/M transition of mitotic cell cycle,biological_process,42,6011,0.7859000261904763,0.7261456054350357,0.24026517961850513,155466.0,0.007204016704451168,high_c,0.035712256218229356,1.4471827112137268,2.1424252888227215
GO:0005976,polysaccharide metabolic process,biological_process,60,6011,0.7830096996666666,0.7261456054350357,0.2012658936873355,214462.0,0.007220623233063655,high_c,0.035712256218229356,1.4471827112137268,2.141425315588376
GO:0044839,cell cycle G2/M phase transition,biological_process,42,6011,0.7859000261904763,0.7261456054350357,0.24026517961850513,155466.0,0.007204016704451168,high_c,0.035712256218229356,1.4471827112137268,2.1424252888227215
GO:0072330,monocarboxylic acid biosynthetic process,biological_process,42,6011,0.7818962923809524,0.7261456054350357,0.23895683252359423,155302.0,0.007525929028021809,high_c,0.03711651361547119,1.430432824173854,2.123439881536196
GO:0009100,glycoprotein metabolic process,biological_process,79,6011,0.779407334050633,0.7261456054350357,0.17399728569355655,275084.0,0.007796918527060154,high_c,0.03834405258633549,1.4163019884096635,2.108077003862314
GO:0006450,regulation of translational fidelity,biological_process,34,6011,0.7858940120588235,0.7261456054350357,0.26342154730388057,128375.0,0.00798691948522467,high_c,0.039167492164830585,1.4070742347794973,2.0976206935941826
GO:0016853,isomerase activity,molecular_function,189,6011,0.7592147162962962,0.7261456054350357,0.11315226499012132,612433.0,0.008015499768212126,high_c,0.03919692281018662,1.406748026321692,2.096069394107071
GO:0070210,Rpd3L-Expanded complex,cellular_component,26,6011,0.7977539065384615,0.7261456054350357,0.3004691215217532,101183.0,0.008105357190529738,high_c,0.03952500023247086,1.4031281188414002,2.091227841708998
GO:0043067,regulation of programmed cell death,biological_process,18,6011,0.8126926355555555,0.7261456054350357,0.3605131913157944,73382.0,0.008169996080375816,high_c,0.0397286083908471,1.400896647095677,2.087778151823957
GO:0000118,histone deacetylase complex,cellular_component,56,6011,0.7808578598214285,0.7261456054350357,0.2049328295549957,200910.5,0.00820362036223592,high_c,0.039780684214641225,1.4003277514255685,2.0859944456221675
GO:0016705,"oxidoreductase activity, acting on paired donors, with incorporation or reduction of molecular oxygen",molecular_function,24,6011,0.8022687158333334,0.7261456054350357,0.31203719169311284,94262.0,0.008238068003695975,high_c,0.03983645140505909,1.3997193550836995,2.0841746273458535
GO:0048284,organelle fusion,biological_process,93,6011,0.7730519958064515,0.7261456054350357,0.15921536991209617,319001.0,0.008326917689620777,high_c,0.04015424752550464,1.3962685081855544,2.07951572825874
GO:0042430,indole-containing compound metabolic process,biological_process,16,6011,0.814938550625,0.7261456054350357,0.3807964970809008,66223.0,0.00842785025639829,high_c,0.04052838793658568,1.392240670479106,2.074283189413921
GO:1902903,regulation of supramolecular fiber organization,biological_process,65,6011,0.7721352466153845,0.7261456054350357,0.1893140831586846,229829.0,0.008562618901182149,high_c,0.041062724896276825,1.386552234503887,2.0673933848111945
GO:0015267,channel activity,molecular_function,40,6011,0.7872652990000001,0.7261456054350357,0.23990118908055602,148069.0,0.008819730933306315,high_c,0.04206333214346089,1.3760963266521338,2.0545446638435507
GO:0022803,passive transmembrane transporter activity,molecular_function,40,6011,0.7872652990000001,0.7261456054350357,0.23990118908055602,148069.0,0.008819730933306315,high_c,0.04206333214346089,1.3760963266521338,2.0545446638435507
GO:0120544,polypeptide conformation or assembly isomerase activity,molecular_function,24,6011,0.8019310658333335,0.7261456054350357,0.30893324425143365,94039.0,0.008900028565265346,high_c,0.04232999887479628,1.3733517430702793,2.0506085994542778
GO:0051493,regulation of cytoskeleton organization,biological_process,95,6011,0.7687052065263158,0.7261456054350357,0.15559944485961363,324735.0,0.009167758941653323,high_c,0.043379500337503325,1.362715454671177,2.0377368146269186
GO:0046961,"proton-transporting ATPase activity, rotational mechanism",molecular_function,19,6011,0.8025780605263158,0.7261456054350357,0.3453376431733539,76582.0,0.009245630832301977,high_c,0.043379500337503325,1.362715454671177,2.034063451444655
GO:1902495,transmembrane transporter complex,cellular_component,42,6011,0.7843334461904762,0.7261456054350357,0.23290971607272493,154544.0,0.00918758418157503,high_c,0.043379500337503325,1.362715454671177,2.0367986686504946
GO:0042625,ATPase-coupled ion transmembrane transporter activity,molecular_function,19,6011,0.8025780605263158,0.7261456054350357,0.3453376431733539,76582.0,0.009245630832301977,high_c,0.043379500337503325,1.362715454671177,2.034063451444655
GO:0044769,"ATPase activity, coupled to transmembrane movement of ions, rotational mechanism",molecular_function,19,6011,0.8025780605263158,0.7261456054350357,0.3453376431733539,76582.0,0.009245630832301977,high_c,0.043379500337503325,1.362715454671177,2.034063451444655
GO:1903829,positive regulation of protein localization,biological_process,29,6011,0.7886542279310343,0.7261456054350357,0.2792630765860802,110962.0,0.009370520679773408,high_c,0.043846964690260476,1.3580604653286492,2.0282362765540767
GO:0043254,regulation of protein-containing complex assembly,biological_process,95,6011,0.7695825676842104,0.7261456054350357,0.15501939432760392,324572.0,0.009431050380466382,high_c,0.04401156844217645,1.3564331541899541,2.0254399351485297
GO:0046983,protein dimerization activity,molecular_function,71,6011,0.7745482435211267,0.7261456054350357,0.17835159102764742,248479.0,0.009673473821339023,high_c,0.04490147206910306,1.347739420666864,2.014417539306857
GO:0000097,sulfur amino acid biosynthetic process,biological_process,16,6011,0.8146132925,0.7261456054350357,0.37399916597164307,65897.0,0.00967021231624701,high_c,0.04490147206910306,1.347739420666864,2.0145639905744703
GO:0031506,cell wall glycoprotein biosynthetic process,biological_process,19,6011,0.8095206705263158,0.7261456054350357,0.34296606000983765,76447.0,0.00973902303349342,high_c,0.04496527655889515,1.3471227311144662,2.0114846070272785
GO:0000032,cell wall mannoprotein biosynthetic process,biological_process,19,6011,0.8095206705263158,0.7261456054350357,0.34296606000983765,76447.0,0.00973902303349342,high_c,0.04496527655889515,1.3471227311144662,2.0114846070272785
GO:1900180,regulation of protein localization to nucleus,biological_process,21,6011,0.7972527509523809,0.7261456054350357,0.325765164162493,83384.0,0.009854810065747878,high_c,0.04537917844599022,1.3431433709368203,2.0063517415715006
GO:0042594,response to starvation,biological_process,150,6011,0.7658670706666667,0.7261456054350357,0.12251492919297058,493429.5,0.010285962156639242,high_c,0.04723923360826911,1.325697156833282,1.9877550778365296
GO:0051604,protein maturation,biological_process,95,6011,0.7709170664210524,0.7261456054350357,0.15296964520835554,323996.0,0.010416307770431281,high_c,0.04771163664767468,1.3213756856237868,1.9822861964961875
GO:0006401,RNA catabolic process,biological_process,155,6011,0.7643559025161291,0.7261456054350357,0.12015468006345853,508371.0,0.010553721906102447,high_c,0.04809802482653683,1.3178727578163718,1.976594353804562
GO:0030120,vesicle coat,cellular_component,23,6011,0.7940173108695652,0.7261456054350357,0.308457494699544,90103.0,0.010556075725178879,high_c,0.04809802482653683,1.3178727578163718,1.9764975029812255
GO:0022804,active transmembrane transporter activity,molecular_function,150,6011,0.7606103197999999,0.7261456054350357,0.12196325996701352,493187.0,0.010633737824204025,high_c,0.0483250493791052,1.3158276935319608,1.973314051460725
GO:0006568,L-tryptophan metabolic process,biological_process,15,6011,0.8150661206666666,0.7261456054350357,0.37885256837891923,62007.0,0.011150016908463886,high_c,0.05053898003418618,1.2963735271567958,1.952724474028646
GO:0016859,cis-trans isomerase activity,molecular_function,16,6011,0.807079823125,0.7261456054350357,0.36647206005004174,65536.0,0.01123419170555712,high_c,0.05065599169051211,1.2953691780583618,1.9494581693903343
GO:0003755,peptidyl-prolyl cis-trans isomerase activity,molecular_function,16,6011,0.807079823125,0.7261456054350357,0.36647206005004174,65536.0,0.01123419170555712,high_c,0.05065599169051211,1.2953691780583618,1.9494581693903343
GO:0051205,protein insertion into membrane,biological_process,49,6011,0.784117284489796,0.7261456054350357,0.20934626785971022,176648.0,0.011485474104774577,high_c,0.05165487835722452,1.2868886568437523,1.9398510730124705
GO:0099081,supramolecular polymer,cellular_component,62,6011,0.7784510293548386,0.7261456054350357,0.18600578031547732,218722.0,0.011622038442123681,high_c,0.05199963591630595,1.2839996971362166,1.9347176923824825
GO:0099512,supramolecular fiber,cellular_component,62,6011,0.7784510293548386,0.7261456054350357,0.18600578031547732,218722.0,0.011622038442123681,high_c,0.05199963591630595,1.2839996971362166,1.9347176923824825
GO:0051247,positive regulation of protein metabolic process,biological_process,93,6011,0.7630317108602149,0.7261456054350357,0.15216198439606532,317060.0,0.011681306107258448,high_c,0.05213045604678834,1.2829084757686007,1.932508595283366
GO:0033698,Rpd3L complex,cellular_component,16,6011,0.80838103625,0.7261456054350357,0.363928273561301,65414.0,0.011811396573513903,high_c,0.05257585756825676,1.2792136347781258,1.9276987485920998
GO:0006893,Golgi to plasma membrane transport,biological_process,35,6011,0.7894481422857142,0.7261456054350357,0.24627079747561664,130335.0,0.011872580438343541,high_c,0.05271304256001122,1.278081915887323,1.925454879331929
GO:0016226,iron-sulfur cluster assembly,biological_process,30,6011,0.7834873346666664,0.7261456054350357,0.2653736833305467,113523.0,0.012038833877633768,high_c,0.05317917458415324,1.2742584078154617,1.9194155782805082
GO:0031163,metallo-sulfur cluster assembly,biological_process,30,6011,0.7834873346666664,0.7261456054350357,0.2653736833305467,113523.0,0.012038833877633768,high_c,0.05317917458415324,1.2742584078154617,1.9194155782805082
GO:0010181,FMN binding,molecular_function,20,6011,0.795923156,0.7261456054350357,0.3244533466866968,79348.0,0.012116018931854771,high_c,0.05338428646116722,1.2725865577180073,1.9166400567329063
GO:0051287,NAD binding,molecular_function,29,6011,0.7927797637931036,0.7261456054350357,0.2693828612273603,110105.0,0.012200014751205747,high_c,0.0536182926787169,1.270687018999486,1.9136396442134989
GO:0009225,nucleotide-sugar metabolic process,biological_process,15,6011,0.8026939560000002,0.7261456054350357,0.37222592839670887,61709.0,0.012646632487286846,high_c,0.05544079292406556,1.2561705669950292,1.8980251019099899
GO:0140101,"catalytic activity, acting on a tRNA",molecular_function,113,6011,0.7620629197345132,0.7261456054350357,0.13650645036415532,378726.0,0.012796621004892043,high_c,0.05581641724746881,1.2532380435118566,1.8929046922786419
GO:0048280,vesicle fusion with Golgi apparatus,biological_process,16,6011,0.8082584725,0.7261456054350357,0.35990408673894914,65221.0,0.012778312525280456,high_c,0.05581641724746881,1.2532380435118566,1.8935264943268275
GO:0007049,cell cycle,biological_process,89,6011,0.7694538086516853,0.7261456054350357,0.15288260495049877,303818.0,0.013163220976085155,high_c,0.05712837903620957,1.2431480984603118,1.8806378279728224
GO:0070822,Sin3-type complex,cellular_component,21,6011,0.800974052857143,0.7261456054350357,0.31304555211066054,82584.0,0.013134235121325053,high_c,0.05712837903620957,1.2431480984603118,1.881595213495351
GO:0030242,autophagy of peroxisome,biological_process,33,6011,0.7872225448484849,0.7261456054350357,0.24926751624643906,123224.0,0.013394400214608956,high_c,0.05784248450885857,1.2377530610573386,1.8730767288133416
GO:0000425,pexophagy,biological_process,33,6011,0.7872225448484849,0.7261456054350357,0.24926751624643906,123224.0,0.013394400214608956,high_c,0.05784248450885857,1.2377530610573386,1.8730767288133416
GO:0031106,septin ring organization,biological_process,36,6011,0.7886489749999999,0.7261456054350357,0.23697814969781494,133037.0,0.014084109498396872,high_c,0.060670010146940366,1.2170259324210442,1.851270607120408
GO:0006900,vesicle budding from membrane,biological_process,20,6011,0.8023224915,0.7261456054350357,0.3166416291103322,78880.0,0.01435147287725931,high_c,0.061668705234955844,1.2099351697059635,1.8431035254358317
GO:0051495,positive regulation of cytoskeleton organization,biological_process,38,6011,0.7826562810526316,0.7261456054350357,0.22967388335227823,139552.0,0.014516076287374169,high_c,0.062116023959180894,1.2067963512025206,1.8381507580866243
GO:0006897,endocytosis,biological_process,113,6011,0.7652272769026549,0.7261456054350357,0.1340157305461278,377896.0,0.014527134635614886,high_c,0.062116023959180894,1.2067963512025206,1.8378200384657994
GO:0016236,macroautophagy,biological_process,152,6011,0.7617485842763158,0.7261456054350357,0.11566326209789701,496787.0,0.014759096901548027,high_c,0.06265091333177499,1.203072593431862,1.8309402158648476
GO:0033157,regulation of intracellular protein transport,biological_process,17,6011,0.7935944305882353,0.7261456054350357,0.34206755775383235,68377.0,0.014723025341992095,high_c,0.06265091333177499,1.203072593431862,1.83200294038355
GO:0006878,intracellular copper ion homeostasis,biological_process,18,6011,0.8062443283333334,0.7261456054350357,0.3323321653039657,71862.0,0.014760497438188922,high_c,0.06265091333177499,1.203072593431862,1.8308990062649932
GO:0043650,dicarboxylic acid biosynthetic process,biological_process,21,6011,0.7995583095238095,0.7261456054350357,0.3070355354161698,82206.0,0.014995281750425608,high_c,0.0634922173627777,1.1972795056299614,1.824045369750699
GO:0034599,cellular response to oxidative stress,biological_process,101,6011,0.7649756062376237,0.7261456054350357,0.14088221004841595,340502.0,0.015040565183827083,high_c,0.06352900525334262,1.1970279448593932,1.822735843823797
GO:0048646,anatomical structure formation involved in morphogenesis,biological_process,129,6011,0.756048303255814,0.7261456054350357,0.12474663208474679,426716.5,0.01520949380335352,high_c,0.063623328295474,1.1963836156035372,1.8178852397319176
GO:0016485,protein processing,biological_process,41,6011,0.785885214878049,0.7261456054350357,0.21975732320137276,149280.0,0.015155017656299407,high_c,0.063623328295474,1.1963836156035372,1.819443553322823
GO:0042546,cell wall biogenesis,biological_process,23,6011,0.7972649686956522,0.7261456054350357,0.2928465626905985,89028.0,0.015197178088136594,high_c,0.063623328295474,1.1963836156035372,1.8182370472214697
GO:0048193,Golgi vesicle transport,biological_process,207,6011,0.7611994642512078,0.7261456054350357,0.09913869162363453,660268.0,0.015207899165709702,high_c,0.063623328295474,1.1963836156035372,1.8179307756745071
GO:0043101,purine-containing compound salvage,biological_process,16,6011,0.7981272875000001,0.7261456054350357,0.3493536280233529,64715.0,0.015653474296905865,high_c,0.06532315235439563,1.1849328653149653,1.8053892555286957
GO:0008235,metalloexopeptidase activity,molecular_function,17,6011,0.8082660870588235,0.7261456054350357,0.3381911323087794,68179.5,0.01588794252514391,high_c,0.06614260964904035,1.1795186740455483,1.7989323399122639
GO:0032956,regulation of actin cytoskeleton organization,biological_process,63,6011,0.7677988709523808,0.7261456054350357,0.17581473297680428,220303.0,0.016211591172676752,high_c,0.06716783359371561,1.1728386590478572,1.790174356922035
GO:0032970,regulation of actin filament-based process,biological_process,63,6011,0.7677988709523808,0.7261456054350357,0.17581473297680428,220303.0,0.016211591172676752,high_c,0.06716783359371561,1.1728386590478572,1.790174356922035
GO:0000280,nuclear division,biological_process,18,6011,0.7864914033333332,0.7261456054350357,0.32651055861468015,71548.0,0.0165981494732236,high_c,0.0686056844893242,1.1636398982864506,1.7799403287290234
GO:0005774,vacuolar membrane,cellular_component,285,6011,0.7587332169122807,0.7261456054350357,0.08378832165989536,884322.5,0.016802557348455108,high_c,0.06928560464826145,1.1593569886384862,1.774624613643291
GO:0030150,protein import into mitochondrial matrix,biological_process,28,6011,0.7911675128571429,0.7261456054350357,0.26120436474773756,105641.0,0.016933793258143263,high_c,0.06966129169700641,1.1570084768820723,1.7712457467608715
GO:0044770,cell cycle phase transition,biological_process,94,6011,0.7625078217021279,0.7261456054350357,0.14317742962038693,317916.5,0.017067249242826755,high_c,0.07004431367741666,1.154627115749489,1.7678364692149198
GO:0051666,actin cortical patch localization,biological_process,15,6011,0.8111199913333333,0.7261456054350357,0.35390260173448973,60885.0,0.017748905262275596,high_c,0.07267004607384536,1.1386445644577587,1.7508284287054994
GO:0141188,nucleic acid catabolic process,biological_process,159,6011,0.7628982594339623,0.7261456054350357,0.10990383333978171,516365.0,0.01787695727370025,high_c,0.0730221125344556,1.1365456070369946,1.747706397827156
GO:0009267,cellular response to starvation,biological_process,145,6011,0.764421114,0.7261456054350357,0.11433156589110838,473908.5,0.018501915693293264,high_c,0.07539747803651903,1.122643180564457,1.7327833023022112
GO:0006887,exocytosis,biological_process,34,6011,0.7896584461764705,0.7261456054350357,0.23328642147841228,125313.0,0.018815838406759815,high_c,0.0763184473694744,1.1173704735467374,1.7254764253740384
GO:0072329,monocarboxylic acid catabolic process,biological_process,42,6011,0.7807035000000001,0.7261456054350357,0.2100774637212901,151682.0,0.018792540398547837,high_c,0.0763184473694744,1.1173704735467374,1.7260145074728455
GO:0031160,spore wall,cellular_component,18,6011,0.8008919388888889,0.7261456054350357,0.3198361050855627,71188.0,0.018949601651081574,high_c,0.07668183791673103,1.1153074864626138,1.7223999151183627
GO:0009101,glycoprotein biosynthetic process,biological_process,73,6011,0.7764408339726028,0.7261456054350357,0.15828861707968644,251044.0,0.01991408271126779,high_c,0.08039731996921136,1.0947584281418745,1.7008396934027612
GO:0140677,molecular function activator activity,molecular_function,172,6011,0.763276050988372,0.7261456054350357,0.10384961585489716,554302.5,0.020082732642430406,high_c,0.08089007857832757,1.0921047427006971,1.6971771933804385
GO:0032185,septin cytoskeleton organization,biological_process,43,6011,0.7842736151162789,0.7261456054350357,0.2052263233368663,154645.0,0.02021498276640748,high_c,0.08123428259834116,1.0902606505475025,1.6943266245730635
GO:1990778,protein localization to cell periphery,biological_process,38,6011,0.7805950063157895,0.7261456054350357,0.21791923303990757,138218.0,0.020387732533845647,high_c,0.08159138744996257,1.0883556816917443,1.6906310725444278
GO:0031400,negative regulation of protein modification process,biological_process,16,6011,0.800920551875,0.7261456054350357,0.33519599666388666,64036.0,0.020397846862490642,high_c,0.08159138744996257,1.0883556816917443,1.6904156730197069
GO:0031201,SNARE complex,cellular_component,26,6011,0.7948890326923078,0.7261456054350357,0.26243814664867293,98224.0,0.0207488326423518,high_c,0.08261461804385946,1.0829431006930792,1.6830063322649662
GO:0003006,developmental process involved in reproduction,biological_process,141,6011,0.755614684751773,0.7261456054350357,0.11383159955054545,460942.5,0.020704389131194947,high_c,0.08261461804385946,1.0829431006930792,1.6839375785334874
GO:0048308,organelle inheritance,biological_process,59,6011,0.773667054237288,0.7261456054350357,0.17453184800437405,206229.0,0.02086924610875915,high_c,0.08290391589200431,1.0814249554554656,1.680493239325517
GO:0110154,RNA decapping,biological_process,25,6011,0.7896283747999999,0.7261456054350357,0.2667557634480455,94785.0,0.02116018195078847,high_c,0.08386775312002005,1.076404991901439,1.6744806022378125
GO:0044772,mitotic cell cycle phase transition,biological_process,93,6011,0.7617549058064518,0.7261456054350357,0.13878017493558925,313377.5,0.02145602057717466,high_c,0.08484658706600276,1.071365622388293,1.6684508229866446
GO:0140352,export from cell,biological_process,63,6011,0.7728229515873015,0.7261456054350357,0.16807036645637852,218852.0,0.021549407160581645,high_c,0.08502220643356759,1.0704676287327022,1.6665646730869879
GO:0046488,phosphatidylinositol metabolic process,biological_process,22,6011,0.7956534204545455,0.7261456054350357,0.2832920961156058,84542.0,0.021618327515469313,high_c,0.08510071783867285,1.0700667765539589,1.6651779079265936
GO:0007010,cytoskeleton organization,biological_process,193,6011,0.7606419355440415,0.7261456054350357,0.0968683930699259,615822.5,0.021850831323652137,high_c,0.08582136465579211,1.0664045839799003,1.6605320354712816
GO:0007186,G protein-coupled receptor signaling pathway,biological_process,19,6011,0.7900193915789474,0.7261456054350357,0.30363291406085313,74208.0,0.02210866180937244,high_c,0.08659352365126577,1.06251458774818,1.6554375435539586
GO:0051223,regulation of protein transport,biological_process,26,6011,0.7833866573076922,0.7261456054350357,0.25963627016258606,98006.0,0.022147191532927418,high_c,0.08659352365126577,1.06251458774818,1.6546813384740333
GO:1903046,meiotic cell cycle process,biological_process,258,6011,0.7522263241085272,0.7261456054350357,0.08392722637464511,804422.5,0.02236798714825503,high_c,0.0872602824480241,1.0591833856029258,1.6503730954624674
GO:0046982,protein heterodimerization activity,molecular_function,34,6011,0.7831616691176471,0.7261456054350357,0.22634805971911942,124608.0,0.02264983923179255,high_c,0.08816170606814319,1.0547200141273725,1.6449348762557037
GO:0000271,polysaccharide biosynthetic process,biological_process,35,6011,0.7861465842857143,0.7261456054350357,0.22174411933448068,127770.0,0.023491883443775244,high_c,0.09122556094925278,1.0398834574627265,1.629082162598824
GO:0012505,endomembrane system,cellular_component,56,6011,0.7776420516071428,0.7261456054350357,0.17554875854623964,196011.0,0.02354208024496846,high_c,0.09122556094925278,1.0398834574627265,1.6281551643050556
GO:0030662,coated vesicle membrane,cellular_component,38,6011,0.7740190889473684,0.7261456054350357,0.21219170477675853,137568.0,0.023934431540994023,high_c,0.09232910863107416,1.0346613572095986,1.620976882848472
GO:0032940,secretion by cell,biological_process,48,6011,0.7760113114583334,0.7261456054350357,0.18888702554642522,170144.0,0.023986421654731825,high_c,0.09232910863107416,1.0346613572095986,1.6200345361721111
GO:0046903,secretion,biological_process,48,6011,0.7760113114583334,0.7261456054350357,0.18888702554642522,170144.0,0.023986421654731825,high_c,0.09232910863107416,1.0346613572095986,1.6200345361721111
GO:0060090,molecular adaptor activity,molecular_function,260,6011,0.75800992,0.7261456054350357,0.08219440097374364,809081.0,0.02475756301573885,high_c,0.09508656945867841,1.021880820832243,1.6062921068613338
GO:0070201,regulation of establishment of protein localization,biological_process,29,6011,0.781864436551724,0.7261456054350357,0.24116026239638466,107657.0,0.02485040507121277,high_c,0.09523245740314652,1.021215008877306,1.6046665277049472
GO:0042176,regulation of protein catabolic process,biological_process,21,6011,0.7976139157142857,0.7261456054350357,0.28274107639716983,80678.0,0.02508995934230346,high_c,0.0959386991591163,1.018006174465574,1.600500042448943
GO:0010927,cellular component assembly involved in morphogenesis,biological_process,71,6011,0.7635975092957745,0.7261456054350357,0.15405700194432592,243356.0,0.025427226209923475,high_c,0.09701464769324648,1.0131626891142855,1.5947010132976462
GO:0005732,sno(s)RNA-containing ribonucleoprotein complex,cellular_component,31,6011,0.7844419064516128,0.7261456054350357,0.23212860071205088,114206.0,0.025578652395300834,high_c,0.0973783784171979,1.0115374617712967,1.5921223399473348
GO:0005775,vacuolar lumen,cellular_component,22,6011,0.7943282709090908,0.7261456054350357,0.27508007103932974,84001.0,0.025719527802329018,high_c,0.09770043821628704,1.010103488333545,1.5897370091041678
GO:0030117,membrane coat,cellular_component,36,6011,0.779432828888889,0.7261456054350357,0.2149883774988377,130672.0,0.025927840170937688,high_c,0.09827670422870705,1.0075494162872582,1.5862336591238622
GO:0072527,pyrimidine-containing compound metabolic process,biological_process,41,6011,0.7664698768292684,0.7261456054350357,0.200980512317686,146982.0,0.026341680442486276,high_c,0.09941121140903517,1.0025646339275691,1.5793565230864681
GO:0016835,carbon-oxygen lyase activity,molecular_function,45,6011,0.7716007202222221,0.7261456054350357,0.19193205944798297,159999.0,0.026319952540538455,high_c,0.09941121140903517,1.0025646339275691,1.579714898166017
GO:0006575,modified amino acid metabolic process,biological_process,54,6011,0.7712168144444446,0.7261456054350357,0.1742736525345221,188869.0,0.027248973328896857,high_c,0.10261218589797168,0.988801060725302,1.564649856176127
GO:0006890,"retrograde vesicle-mediated transport, Golgi to endoplasmic reticulum",biological_process,36,6011,0.7838070291666667,0.7261456054350357,0.21199442119944223,130350.0,0.028072433592904976,high_c,0.10548429592485506,0.9768121915590376,1.5517199368433852
GO:0051253,negative regulation of RNA metabolic process,biological_process,189,6011,0.7578944955555555,0.7261456054350357,0.09348593821283613,601613.0,0.028481799760395186,high_c,0.10679137015992667,0.9714638413463534,1.5454325711688734
GO:0031669,cellular response to nutrient levels,biological_process,162,6011,0.7602722963580246,0.7261456054350357,0.10044874189742248,521358.5,0.028948664880857868,high_c,0.10830793584734755,0.965339720951366,1.5383714612369583
GO:0016836,hydro-lyase activity,molecular_function,37,6011,0.7740279759459461,0.7261456054350357,0.2077923253015319,133484.0,0.029091028462659086,high_c,0.10860650626059391,0.9641441568057828,1.536240924756302
GO:0051204,protein insertion into mitochondrial membrane,biological_process,36,6011,0.7844237127777778,0.7261456054350357,0.21046025104602517,130185.0,0.029229436486903813,high_c,0.10865589237958248,0.9639467170328354,1.5341795573071964
GO:0004177,aminopeptidase activity,molecular_function,15,6011,0.8077809813333334,0.7261456054350357,0.3255058928174339,59608.0,0.029214652209019518,high_c,0.10865589237958248,0.9639467170328354,1.5343992794582058
GO:0065002,intracellular protein transmembrane transport,biological_process,41,6011,0.7765266824390243,0.7261456054350357,0.1969930955590964,146494.0,0.029475404892063666,high_c,0.10933611729192848,0.9612363526927745,1.5305402204591236
GO:0051321,meiotic cell cycle,biological_process,53,6011,0.776886676981132,0.7261456054350357,0.1724081146642853,185108.0,0.030452192269202746,high_c,0.11271856242928778,0.9480045586940236,1.5163814368194135
GO:0006338,chromatin remodeling,biological_process,287,6011,0.754775776620209,0.7261456054350357,0.07549117719389242,883402.0,0.030664664990121927,high_c,0.11326352855925886,0.9459099126905547,1.5133617755953104
GO:0045185,maintenance of protein location,biological_process,38,6011,0.7807946036842106,0.7261456054350357,0.20301003639183346,136526.0,0.030736672637253236,high_c,0.11328845795811385,0.945814334624169,1.512343148335746
GO:0019200,carbohydrate kinase activity,molecular_function,17,6011,0.8006121052941177,0.7261456054350357,0.3026359693026359,66368.0,0.030932084786608454,high_c,0.11376715929989889,0.9439830858600291,1.5095908080664144
GO:0050793,regulation of developmental process,biological_process,47,6011,0.7799120280851063,0.7261456054350357,0.18199980021975826,165662.0,0.031362625711349644,high_c,0.1151068038792875,0.9388990047811747,1.5035875848838363
GO:0072525,pyridine-containing compound biosynthetic process,biological_process,31,6011,0.7838794632258063,0.7261456054350357,0.22351925774085668,113408.0,0.03157535237083514,high_c,0.11564306269149749,0.936880414991663,1.500651794158051
GO:0140098,"catalytic activity, acting on RNA",molecular_function,272,6011,0.7532500068750001,0.7261456054350357,0.07697718397343256,840585.0,0.031683183595211335,high_c,0.11564340710573519,0.9368791215549733,1.4991711860356267
GO:0032182,ubiquitin-like protein binding,molecular_function,55,6011,0.772540602181818,0.7261456054350357,0.16801392026375228,191309.0,0.03170867614189513,high_c,0.11564340710573519,0.9368791215549733,1.4988218896749532
GO:0019207,kinase regulator activity,molecular_function,70,6011,0.7668551687142856,0.7261456054350357,0.14903214946978616,238924.0,0.03180475516543395,high_c,0.11575063934422083,0.9364766014944558,1.497507943294815
GO:0009308,amine metabolic process,biological_process,15,6011,0.7970106833333332,0.7261456054350357,0.3202801867911942,59373.0,0.03190734396378075,high_c,0.11588106510695267,0.935987521684134,1.4961093459124883
GO:0031667,response to nutrient levels,biological_process,181,6011,0.7599216517679558,0.7261456054350357,0.0933796423528519,576883.5,0.032132781256457736,high_c,0.11645617591066937,0.9338374749884432,1.493051682414353
GO:1902679,negative regulation of RNA biosynthetic process,biological_process,179,6011,0.7580990667597766,0.7261456054350357,0.09376700308833552,570907.0,0.03234750373823267,high_c,0.11650470226052265,0.9336565456715686,1.4901592282731921
GO:0045892,negative regulation of DNA-templated transcription,biological_process,179,6011,0.7580990667597766,0.7261456054350357,0.09376700308833552,570907.0,0.03234750373823267,high_c,0.11650470226052265,0.9336565456715686,1.4901592282731921
GO:1901981,phosphatidylinositol phosphate binding,molecular_function,70,6011,0.7677036315714285,0.7261456054350357,0.14865222305047254,238845.0,0.032243176565344936,high_c,0.11650470226052265,0.9336565456715686,1.4915621785033673
GO:0051640,organelle localization,biological_process,210,6011,0.7569759873333334,0.7261456054350357,0.08667471125667991,661899.0,0.032599596615312525,high_c,0.11716848280361702,0.9311891936527834,1.4867877738224822
GO:0031461,cullin-RING ubiquitin ligase complex,cellular_component,47,6011,0.7124387208510637,0.7261456054350357,-0.1806227435535197,114839.0,0.03266678898441857,low_c,0.11716848280361702,0.9311891936527834,1.4858935528488442
GO:0050790,regulation of catalytic activity,biological_process,18,6011,0.7976100527777777,0.7261456054350357,0.2908393125312865,69624.0,0.032861132053619055,high_c,0.11762252627852098,0.9295094971237522,1.4833174793619617
GO:0015918,sterol transport,biological_process,28,6011,0.7782678253571429,0.7261456054350357,0.23290991141567785,103271.0,0.033217432161182066,high_c,0.1186532144687491,0.9257204916891223,1.478633943267302
GO:0032259,methylation,biological_process,60,6011,0.7679904181666668,0.7261456054350357,0.15933456561922377,206976.0,0.033437739455502796,high_c,0.11919489875719272,0.9237423309129724,1.475763090538811
GO:0031399,regulation of protein modification process,biological_process,54,6011,0.7715347601851849,0.7261456054350357,0.16771429814908068,187814.0,0.033600934945377345,high_c,0.11953119480568662,0.9225187393685494,1.4736486382063119
GO:0000011,vacuole inheritance,biological_process,19,6011,0.7949818905263158,0.7261456054350357,0.2816913779776544,72959.0,0.03374407810138666,high_c,0.11979492757465694,0.9215615707027548,1.4718024324196077
GO:0006888,endoplasmic reticulum to Golgi vesicle-mediated transport,biological_process,94,6011,0.765209669255319,0.7261456054350357,0.12722088177231838,313479.0,0.03405453959548436,high_c,0.12065036885257316,0.91847134602712,1.4678249868390796
GO:0031907,microbody lumen,cellular_component,19,6011,0.7921759505263158,0.7261456054350357,0.2803562644930082,72883.0,0.03459618519248228,high_c,0.12207109246778301,0.9133871687177316,1.4609717867908445
GO:0005782,peroxisomal matrix,cellular_component,19,6011,0.7921759505263158,0.7261456054350357,0.2803562644930082,72883.0,0.03459618519248228,high_c,0.12207109246778301,0.9133871687177316,1.4609717867908445
GO:0010563,negative regulation of phosphorus metabolic process,biological_process,25,6011,0.7886462532,0.7261456054350357,0.24412963581690605,93092.0,0.03489366148484845,high_c,0.12250635050203336,0.9118413976953289,1.4572534564838944
GO:0005484,SNAP receptor activity,molecular_function,23,6011,0.7939418791304348,0.7261456054350357,0.2546106706165956,86395.0,0.034800755924731995,high_c,0.12250635050203336,0.9118413976953289,1.458411322421974
GO:0055070,copper ion homeostasis,biological_process,20,6011,0.789445713,0.7261456054350357,0.27277583041228515,76252.0,0.034931246254900065,high_c,0.12250635050203336,0.9118413976953289,1.4567859196022332
GO:0006081,aldehyde metabolic process,biological_process,41,6011,0.7529655592682926,0.7261456054350357,0.1906361073660987,145716.0,0.035133750117788874,high_c,0.12296812541226107,0.9102074475161354,1.4542754918664111
GO:0022603,regulation of anatomical structure morphogenesis,biological_process,20,6011,0.794036903,0.7261456054350357,0.272258387581372,76221.0,0.035277954547205906,high_c,0.12322440461559246,0.9093032715525239,1.452496603659665
GO:0110156,mRNA methylguanosine-cap decapping,biological_process,21,6011,0.788314258095238,0.7261456054350357,0.26536290643135385,79585.0,0.03552415942280719,high_c,0.12383522240560901,0.9071558115296017,1.4494761896103572
GO:0048285,organelle fission,biological_process,33,6011,0.7692935221212122,0.7261456054350357,0.21165485568295872,119514.0,0.03573538912071189,high_c,0.12407327102711169,0.9063217680235791,1.4469014845280335
GO:0005216,monoatomic ion channel activity,molecular_function,25,6011,0.7853515392,0.7261456054350357,0.24302038088874034,93009.0,0.035728431652778836,high_c,0.12407327102711169,0.9063217680235791,1.4469860473154184
GO:0032506,cytokinetic process,biological_process,32,6011,0.7776892171875,0.7261456054350357,0.21470981769526687,116204.0,0.0359152794768598,high_c,0.12420104615902115,0.9058747460340232,1.444720749729477
GO:0002181,cytoplasmic translation,biological_process,131,6011,0.7603949295419847,0.7261456054350357,0.10701043776289132,426354.0,0.03590905432886607,high_c,0.12420104615902115,0.9058747460340232,1.4447960319433515
GO:0044089,positive regulation of cellular component biogenesis,biological_process,70,6011,0.7691507485714285,0.7261456054350357,0.14553105537788258,238196.0,0.036044887161373884,high_c,0.12440143958676951,0.905174593913908,1.4431563296984538
GO:0033750,ribosome localization,biological_process,68,6011,0.7694023613235295,0.7261456054350357,0.14720729281111744,231807.0,0.03658141122950624,high_c,0.1260026386794104,0.8996203600260222,1.43673954442097
GO:1904951,positive regulation of establishment of protein localization,biological_process,19,6011,0.7840583794736842,0.7261456054350357,0.2769482116506219,72689.0,0.03685504993150942,high_c,0.1261940171224859,0.898961234571147,1.4335029960782841
GO:0000049,tRNA binding,molecular_function,45,6011,0.7786417715555555,0.7261456054350357,0.18037024621000475,158447.0,0.03683060613268031,high_c,0.1261940171224859,0.898961234571147,1.4337911337676166
GO:0051222,positive regulation of protein transport,biological_process,19,6011,0.7840583794736842,0.7261456054350357,0.2769482116506219,72689.0,0.03685504993150942,high_c,0.1261940171224859,0.898961234571147,1.4335029960782841
GO:1902905,positive regulation of supramolecular fiber organization,biological_process,29,6011,0.7806957189655171,0.7261456054350357,0.22399382054208594,106168.0,0.0371599530164942,high_c,0.12698755597762584,0.8962388352254537,1.4299248437820076
GO:0010628,positive regulation of gene expression,biological_process,98,6011,0.7542065472448981,0.7261456054350357,0.12244552818590648,325214.0,0.03733187306485836,high_c,0.12732442365539118,0.8950882810174806,1.4279202195211949
GO:0005940,septin ring,cellular_component,23,6011,0.7938103173913043,0.7261456054350357,0.25095117771775444,86143.0,0.037495101249041214,high_c,0.12763038385948147,0.8940459245826241,1.4260254693251608
GO:0006631,fatty acid metabolic process,biological_process,60,6011,0.7684431263333332,0.7261456054350357,0.1555088780597098,206293.0,0.03791970538207991,high_c,0.12882310869528515,0.8900062248748889,1.4211350455806493
GO:0044042,glucan metabolic process,biological_process,54,6011,0.7770828512962964,0.7261456054350357,0.1637227289401202,187172.0,0.03805545540858441,high_c,0.12903177849473152,0.8893033166367712,1.4195830765014137
GO:0000228,nuclear chromosome,cellular_component,44,6011,0.7611541249999999,0.7261456054350357,0.18048509224979803,154967.0,0.03884763944572348,high_c,0.13146101769546972,0.8812030099849377,1.4106353657135946
GO:0030029,actin filament-based process,biological_process,98,6011,0.7652575878571429,0.7261456054350357,0.12143426624835629,324921.0,0.038930584220095786,high_c,0.13148539728810563,0.881122477055186,1.4097090789003834
GO:0000054,ribosomal subunit export from nucleus,biological_process,67,6011,0.7691107294029851,0.7261456054350357,0.1461551595990438,228227.0,0.03936797960412227,high_c,0.13270449047137137,0.8771143811751876,1.4048568729744695
GO:0006749,glutathione metabolic process,biological_process,20,6011,0.7747996205,0.7261456054350357,0.2662493740610916,75861.0,0.0395240238965836,high_c,0.13271509764887646,0.877079669052438,1.4031388467989687
GO:0006312,mitotic recombination,biological_process,56,6011,0.7040231392857143,0.7261456054350357,-0.15962576466354805,140124.0,0.03948310169659982,low_c,0.13271509764887646,0.877079669052438,1.4035887375422698
GO:0010467,gene expression,biological_process,32,6011,0.785620195625,0.7261456054350357,0.21034035791938455,115786.0,0.03986054418252127,high_c,0.13334027957173145,0.8750386386334864,1.3994567765373656
GO:0016755,aminoacyltransferase activity,molecular_function,116,6011,0.7218640038793103,0.7261456054350357,-0.1112573484250241,303870.0,0.03986382782127225,low_c,0.13334027957173145,0.8750386386334864,1.3994210016255015
GO:0008237,metallopeptidase activity,molecular_function,40,6011,0.781095735,0.7261456054350357,0.1881636241835538,141890.5,0.03996185130250578,high_c,0.13341110357913466,0.8748080233244977,1.3983544005301716
GO:0000328,fungal-type vacuole lumen,cellular_component,16,6011,0.79795412875,0.7261456054350357,0.29651793160967466,62181.0,0.04023211472593772,high_c,0.13405556845341243,0.8727151414098454,1.395427138950794
GO:0016627,"oxidoreductase activity, acting on the CH-CH group of donors",molecular_function,27,6011,0.7849238025925928,0.7261456054350357,0.22821350762527226,99220.0,0.040454537761050784,high_c,0.13453846274556353,0.8711535389315962,1.393032756769807
GO:0016667,"oxidoreductase activity, acting on a sulfur group of donors",molecular_function,40,6011,0.77112518775,0.7261456054350357,0.18721319711941042,141777.0,0.04097655331590716,high_c,0.13601395135069758,0.8664165424836944,1.3874645744568932
GO:0001510,RNA methylation,biological_process,47,6011,0.7676833693617021,0.7261456054350357,0.17256731880645582,164340.0,0.04126229311316958,high_c,0.1367010321459206,0.8642282063276745,1.384446640184421
GO:0005200,structural constituent of cytoskeleton,molecular_function,21,6011,0.7744862676190475,0.7261456054350357,0.25742904841402336,79086.0,0.0414026656407459,high_c,0.13690481438539978,0.8635812792272305,1.3829716966617467
GO:2000243,positive regulation of reproductive process,biological_process,43,6011,0.7730614058139537,0.7261456054350357,0.1801117588378327,151422.5,0.04153666810423066,high_c,0.13708679815388672,0.8630043669828044,1.3815683436695383
GO:0012506,vesicle membrane,cellular_component,161,6011,0.7569443841614907,0.7261456054350357,0.0939470191644105,515167.0,0.04168338476863802,high_c,0.13730997335551345,0.862297917126249,1.3800370227541754
GO:0006892,post-Golgi vesicle-mediated transport,biological_process,87,6011,0.7653988479310346,0.7261456054350357,0.12684812219143637,290382.0,0.04193047057144705,high_c,0.1378623047576365,0.8605544653227779,1.3774702636294387
GO:0031126,sno(s)RNA 3'-end processing,biological_process,28,6011,0.7877725539285713,0.7261456054350357,0.22220099806594873,102374.0,0.04220090082672626,high_c,0.1384891565882737,0.8585842296192764,1.3746782784245637
GO:0006778,porphyrin-containing compound metabolic process,biological_process,17,6011,0.7885455476470588,0.7261456054350357,0.28398987222516636,65418.0,0.042868902024627974,high_c,0.1393640710014123,0.8558491758580397,1.3678576396699564
GO:0032889,"regulation of vacuole fusion, non-autophagic",biological_process,15,6011,0.8031236633333333,0.7261456054350357,0.3026017344896599,58578.0,0.042648433525062486,high_c,0.1393640710014123,0.8558491758580397,1.370096915819205
GO:0042440,pigment metabolic process,biological_process,17,6011,0.7885455476470588,0.7261456054350357,0.28398987222516636,65418.0,0.042868902024627974,high_c,0.1393640710014123,0.8558491758580397,1.3678576396699564
GO:0042168,heme metabolic process,biological_process,17,6011,0.7885455476470588,0.7261456054350357,0.28398987222516636,65418.0,0.042868902024627974,high_c,0.1393640710014123,0.8558491758580397,1.3678576396699564
GO:0033013,tetrapyrrole metabolic process,biological_process,17,6011,0.7885455476470588,0.7261456054350357,0.28398987222516636,65418.0,0.042868902024627974,high_c,0.1393640710014123,0.8558491758580397,1.3678576396699564
GO:0019725,cellular homeostasis,biological_process,228,6011,0.7552214964912282,0.7261456054350357,0.07880250947271339,711213.5,0.043248597298250556,high_c,0.14033563534535134,0.852832034825204,1.3640279736444487
GO:0030659,cytoplasmic vesicle membrane,cellular_component,160,6011,0.756776881875,0.7261456054350357,0.09343488292599567,511815.0,0.043441841660879464,high_c,0.14069969612553498,0.8517068405264899,1.3620917716741932
GO:0007006,mitochondrial membrane organization,biological_process,54,6011,0.7762184818518518,0.7261456054350357,0.1589850720285504,186410.0,0.04398509093300563,high_c,0.14219388800688598,0.8471190707084315,1.356694505849349
GO:0045053,protein retention in Golgi apparatus,biological_process,15,6011,0.7988207073333334,0.7261456054350357,0.30051145207916385,58484.0,0.04410060359958679,high_c,0.142302319421715,0.8467880211817538,1.3555554663558378
GO:0016538,cyclin-dependent protein serine/threonine kinase regulator activity,molecular_function,32,6011,0.7812783309375,0.7261456054350357,0.20561548753972225,115334.0,0.044534555902171966,high_c,0.143170350085501,0.8441469130863052,1.3513028741038098
GO:0019914,cyclin-dependent protein kinase regulator activity,molecular_function,32,6011,0.7812783309375,0.7261456054350357,0.20561548753972225,115334.0,0.044534555902171966,high_c,0.143170350085501,0.8441469130863052,1.3513028741038098
GO:0051452,intracellular pH reduction,biological_process,26,6011,0.7847026107692309,0.7261456054350357,0.22674635306214252,95447.0,0.0457154576661962,high_c,0.14642441791239227,0.8343864937670571,1.3399369280691433
GO:0007035,vacuolar acidification,biological_process,26,6011,0.7847026107692309,0.7261456054350357,0.22674635306214252,95447.0,0.0457154576661962,high_c,0.14642441791239227,0.8343864937670571,1.3399369280691433
GO:0065009,regulation of molecular function,biological_process,22,6011,0.7907882686363638,0.7261456054350357,0.24608752409720847,82091.0,0.0460063448969378,high_c,0.14708474169628732,0.8324323778558098,1.337182269107436
GO:0045934,negative regulation of nucleobase-containing compound metabolic process,biological_process,225,6011,0.7557506490666668,0.7261456054350357,0.07822099320198173,701841.0,0.04618943391050766,high_c,0.1473986346850024,0.8315065392145228,1.335457360356816
GO:0000030,mannosyltransferase activity,molecular_function,44,6011,0.7760815656818182,0.7261456054350357,0.17354540883952652,154056.0,0.04699278892022236,high_c,0.14941296990019418,0.8256117016397607,1.3279687797754967
GO:0000920,septum digestion after cytokinesis,biological_process,27,6011,0.7808193637037038,0.7261456054350357,0.22128144186967713,98660.0,0.04694075610047426,high_c,0.14941296990019418,0.8256117016397607,1.3284499192619448
GO:0060962,regulation of ribosomal protein gene transcription by RNA polymerase II,biological_process,20,6011,0.6925296705000001,0.7261456054350357,-0.25676848606242697,44527.0,0.04710233109703561,low_c,0.14948747126956824,0.8253952045736688,1.326957599080711
GO:0006766,vitamin metabolic process,biological_process,44,6011,0.7699796513636362,0.7261456054350357,0.17291314350137887,153973.0,0.04780156838629003,high_c,0.1514297859828458,0.8197886914431395,1.3205578537992433
GO:1902115,regulation of organelle assembly,biological_process,34,6011,0.7799614876470589,0.7261456054350357,0.19588815951342897,121513.0,0.04854608612314227,high_c,0.15341159115520214,0.8141418256245537,1.3138457779833679
GO:0051453,regulation of intracellular pH,biological_process,32,6011,0.779378015625,0.7261456054350357,0.20183140993477178,114972.0,0.048603902727742614,high_c,0.15341159115520214,0.8141418256245537,1.313328856970783
GO:2000144,positive regulation of DNA-templated transcription initiation,biological_process,39,6011,0.7784998907692308,0.7261456054350357,0.18265581259553132,137725.0,0.04894220191050052,high_c,0.15419902453108694,0.8119183736398361,1.310316495628524
GO:0160215,deacylase activity,molecular_function,35,6011,0.776251041142857,0.7261456054350357,0.19266590170204623,124729.0,0.04903704909595775,high_c,0.15421796599743234,0.8118650291447147,1.3094756722559888
GO:0000329,fungal-type vacuole membrane,cellular_component,218,6011,0.7564137782568806,0.7261456054350357,0.07830630767598357,680882.5,0.04932999499463026,high_c,0.15430066902824888,0.8116321908866455,1.3068889286044423
GO:0098852,lytic vacuole membrane,cellular_component,218,6011,0.7564137782568806,0.7261456054350357,0.07830630767598357,680882.5,0.04932999499463026,high_c,0.15430066902824888,0.8116321908866455,1.3068889286044423
GO:0015036,disulfide oxidoreductase activity,molecular_function,30,6011,0.7756996553333333,0.7261456054350357,0.2078805105054895,108365.0,0.04918506898046275,high_c,0.15430066902824888,0.8116321908866455,1.3081667151906122
GO:0015291,secondary active transmembrane transporter activity,molecular_function,75,6011,0.7619969468,0.7261456054350357,0.1315408805031446,251881.0,0.049929365635374,high_c,0.15589456608454902,0.8071690224675028,1.3016439517259184
GO:0032507,maintenance of protein location in cell,biological_process,35,6011,0.7787956794285714,0.7261456054350357,0.19174794415758267,124633.0,0.05012551383667012,high_c,0.15622601799005265,0.8062466367292238,1.299941162395968
GO:0043408,regulation of MAPK cascade,biological_process,21,6011,0.7911833571428571,0.7261456054350357,0.24715796168216864,78440.0,0.05021829652484429,high_c,0.15623470029951558,0.8062225013491892,1.2991380232520835
GO:0016866,intramolecular transferase activity,molecular_function,20,6011,0.783483903,0.7261456054350357,0.25304623602069776,75070.0,0.05039488204774092,high_c,0.15650360507133854,0.8054756539989609,1.2976135669530109
GO:0005685,U1 snRNP,cellular_component,18,6011,0.7889061205555554,0.7261456054350357,0.2665331775960844,68313.0,0.05053051629627112,high_c,0.15664460051844048,0.8050845704947626,1.2964462643290353
GO:0019904,protein domain specific binding,molecular_function,17,6011,0.7916336947058823,0.7261456054350357,0.27386209739150913,64902.0,0.0508472579369386,high_c,0.15734552545191696,0.8031456029202704,1.293732462504582
GO:0099513,polymeric cytoskeletal fiber,cellular_component,54,6011,0.772698655185185,0.7261456054350357,0.15396141483098003,185602.0,0.051106397967581665,high_c,0.15786602646213838,0.8017113222243368,1.2915247274957489
GO:0098803,respiratory chain complex,cellular_component,39,6011,0.7696249958974359,0.7261456054350357,0.18081817713431914,137511.0,0.051261517909268126,high_c,0.15806393444136674,0.8011672120405453,1.2902085380296722
GO:0008047,enzyme activator activity,molecular_function,142,6011,0.7632755526056337,0.7261456054350357,0.0954609922270031,456477.5,0.051571343602982773,high_c,0.15873732711840086,0.7993209367902572,1.2875915536473879
GO:0070273,phosphatidylinositol-4-phosphate binding,molecular_function,20,6011,0.7883728884999999,0.7261456054350357,0.25045902186613245,74915.0,0.052795305465102714,high_c,0.16221708015472266,0.7899034199990049,1.2774046930200393
GO:0007033,vacuole organization,biological_process,85,6011,0.7634848127058824,0.7261456054350357,0.12133171864763459,282413.0,0.05440812888731183,high_c,0.16638248564976482,0.7788923919034231,1.2643362093612955
GO:0032156,septin cytoskeleton,cellular_component,31,6011,0.7860359035483871,0.7261456054350357,0.19997842269932042,111226.0,0.05443850912964656,high_c,0.16638248564976482,0.7788923919034231,1.2640937770328773
GO:0019903,protein phosphatase binding,molecular_function,16,6011,0.6762171875,0.7261456054350357,-0.27802335279399504,34626.0,0.05442921988719195,low_c,0.16638248564976482,0.7788923919034231,1.2641678902119675
GO:0048278,vesicle docking,biological_process,31,6011,0.7832810664516129,0.7261456054350357,0.19948214478368764,111180.0,0.0550403331624967,high_c,0.1679262185766156,0.7748814915081754,1.2593189459535774
GO:0043414,macromolecule methylation,biological_process,57,6011,0.7657179263157896,0.7261456054350357,0.147340134009865,194691.0,0.05519126120366099,high_c,0.16809127973606225,0.7744548163686354,1.2581296815366172
GO:0019205,nucleobase-containing compound kinase activity,molecular_function,16,6011,0.79443104875,0.7261456054350357,0.27660550458715605,61226.0,0.05567184078994464,high_c,0.16925799581671436,0.7714508059098552,1.2543644185044802
GO:0000027,ribosomal large subunit assembly,biological_process,48,6011,0.7722626764583334,0.7261456054350357,0.1600145340712169,166012.0,0.055838804785473595,high_c,0.16946882011815062,0.7709101941939794,1.2530638862414283
GO:0000290,deadenylation-dependent decapping of nuclear-transcribed mRNA,biological_process,18,6011,0.7882268255555557,0.7261456054350357,0.2604334686764187,67984.0,0.05604406941314503,high_c,0.16949913676170691,0.7708325092637421,1.2514703377062417
GO:0006633,fatty acid biosynthetic process,biological_process,23,6011,0.781521234347826,0.7261456054350357,0.23050448723534034,84735.0,0.05602665284047959,high_c,0.16949913676170691,0.7708325092637421,1.2516053224964003
GO:0051087,protein-folding chaperone binding,molecular_function,33,6011,0.7733968893939394,0.7261456054350357,0.19228078712856234,117603.0,0.05642975810220084,high_c,0.17007302094691087,0.7693645740015959,1.248491811418857
GO:0019787,ubiquitin-like protein transferase activity,molecular_function,114,6011,0.724423998859649,0.7261456054350357,-0.10419809061402019,301105.0,0.05633767323377042,low_c,0.17007302094691087,0.7693645740015959,1.249201093498647
GO:0016586,RSC-type complex,cellular_component,17,6011,0.7907270664705883,0.7261456054350357,0.26667844314903144,64536.0,0.0572310693147015,high_c,0.17189123932581626,0.7647462571664108,1.2423681395863546
GO:0007096,regulation of exit from mitosis,biological_process,44,6011,0.7797077579545454,0.7261456054350357,0.16614104849398958,153084.0,0.05722156584936801,high_c,0.17189123932581626,0.7647462571664108,1.2424402620421962
GO:0060261,positive regulation of transcription initiation by RNA polymerase II,biological_process,38,6011,0.7778248931578947,0.7261456054350357,0.17853146175332868,133748.0,0.05743906812937518,high_c,0.17192107288378503,0.7646708872673479,1.2407926145448838
GO:0031123,RNA 3'-end processing,biological_process,69,6011,0.7706779065217392,0.7261456054350357,0.13285430660637365,232234.0,0.057400931771651176,high_c,0.17192107288378503,0.7646708872673479,1.241081057776206
GO:0042364,water-soluble vitamin biosynthetic process,biological_process,43,6011,0.7690272944186045,0.7261456054350357,0.16776295280254372,149838.0,0.05764454602362371,high_c,0.17194318195362673,0.7646150405376549,1.2392417767282395
GO:0009110,vitamin biosynthetic process,biological_process,43,6011,0.7690272944186045,0.7261456054350357,0.16776295280254372,149838.0,0.05764454602362371,high_c,0.17194318195362673,0.7646150405376549,1.2392417767282395
GO:0044085,cellular component biogenesis,biological_process,168,6011,0.7567415751785714,0.7261456054350357,0.08486141333137742,532463.0,0.06036153640212837,high_c,0.17973864012709237,0.745358548433372,1.219239714514831
GO:0072657,protein localization to membrane,biological_process,57,6011,0.7664237059649123,0.7261456054350357,0.14422266617164348,194162.0,0.060545725853025485,high_c,0.1799783905494045,0.744779636166327,1.2179165098944005
GO:0045936,negative regulation of phosphate metabolic process,biological_process,24,6011,0.785271395,0.7261456054350357,0.22141027782417466,87751.0,0.06082584452860516,high_c,0.18019396945675523,0.7442597476270951,1.2159118524494776
GO:0098552,side of membrane,cellular_component,36,6011,0.7789957797222223,0.7261456054350357,0.1810227801022779,127019.0,0.060738005004187745,high_c,0.18019396945675523,0.7442597476270951,1.216539476986434
GO:0006879,intracellular iron ion homeostasis,biological_process,57,6011,0.7664010317543859,0.7261456054350357,0.14378068112841724,194087.0,0.06133861225717113,high_c,0.18140345975885705,0.7413544342557926,1.2122660538486512
GO:0016779,nucleotidyltransferase activity,molecular_function,80,6011,0.767138075125,0.7261456054350357,0.1214002697690102,266041.0,0.061764866465928304,high_c,0.18235341528035975,0.7390860984125821,1.2092584931769168
GO:0007008,outer mitochondrial membrane organization,biological_process,17,6011,0.7948531535294119,0.7261456054350357,0.2614575359673399,64270.0,0.062277758645364556,high_c,0.183555499165285,0.736232599874988,1.2056670259283595
GO:0043687,post-translational protein modification,biological_process,181,6011,0.7276876516574584,0.7261456054350357,-0.08118609213157324,484780.0,0.062469255849846965,low_c,0.18380784433107514,0.7356359582545619,1.2043336674528908
GO:0022853,active monoatomic ion transmembrane transporter activity,molecular_function,49,6011,0.7723173487755102,0.7261456054350357,0.154153174184803,168586.0,0.06271899271560707,high_c,0.18391920836873965,0.7353729110397124,1.2026009251572656
GO:0048471,perinuclear region of cytoplasm,cellular_component,22,6011,0.7816940886363636,0.7261456054350357,0.22957239788096362,81003.0,0.06268454067686678,high_c,0.18391920836873965,0.7353729110397124,1.2028395520968247
GO:1990145,maintenance of translational fidelity,biological_process,16,6011,0.78794824375,0.7261456054350357,0.2682652210175145,60826.0,0.0634686358093457,high_c,0.18580362860880964,0.7309458088063439,1.1974408362825542
GO:0042277,peptide binding,molecular_function,41,6011,0.7650370048780488,0.7261456054350357,0.16781468317195736,142923.0,0.06365375616778159,high_c,0.18592417817343662,0.7306641295152418,1.1961759638122236
GO:0098799,outer mitochondrial membrane protein complex,cellular_component,18,6011,0.7929818616666666,0.7261456054350357,0.25272076682055,67568.0,0.06372401268041174,high_c,0.18592417817343662,0.7306641295152418,1.1956968846271654
GO:0098562,cytoplasmic side of membrane,cellular_component,29,6011,0.7821405968965517,0.7261456054350357,0.19879177763174583,103982.0,0.06438267874575673,high_c,0.18737933780161942,0.7272783001796831,1.1912309577482867
GO:1902493,acetyltransferase complex,cellular_component,62,6011,0.7682492869354838,0.7261456054350357,0.13630374310672977,209556.0,0.06443863172094862,high_c,0.18737933780161942,0.7272783001796831,1.190853689890787
GO:0043596,nuclear replication fork,cellular_component,31,6011,0.6928536348387099,0.7261456054350357,-0.19208113065055565,74886.0,0.0646927945321005,low_c,0.1878038316182717,0.7262955514005955,1.1891440882526578
GO:0009055,electron transfer activity,molecular_function,33,6011,0.7692451324242425,0.7261456054350357,0.18607621886310421,116991.0,0.06487158660564002,high_c,0.18800847136459276,0.725822581672442,1.1879454801236036
GO:1901987,regulation of cell cycle phase transition,biological_process,182,6011,0.757284677967033,0.7261456054350357,0.08003370792871567,572892.0,0.06556076039022563,high_c,0.18890355175496798,0.7237598764186508,1.1833560180154492
GO:0006487,protein N-linked glycosylation,biological_process,42,6011,0.7770524759523809,0.7261456054350357,0.1645406026374363,145974.0,0.06572389134869006,high_c,0.18890355175496798,0.7237598764186508,1.1822767309759874
GO:0032266,phosphatidylinositol-3-phosphate binding,molecular_function,35,6011,0.7750370757142857,0.7261456054350357,0.18013960604322055,123419.0,0.06572450763824923,high_c,0.18890355175496798,0.7237598764186508,1.1822726586379921
GO:0030674,protein-macromolecule adaptor activity,molecular_function,218,6011,0.7579570842660551,0.7261456054350357,0.07334064997774914,677747.0,0.06561073188394212,high_c,0.18890355175496798,0.7237598764186508,1.1830251176857025
GO:0007005,mitochondrion organization,biological_process,112,6011,0.7573271602678571,0.7261456054350357,0.10150328142784493,363875.0,0.06533048386662255,high_c,0.18890355175496798,0.7237598764186508,1.1848841252201683
GO:0019887,protein kinase regulator activity,molecular_function,67,6011,0.7637016592537313,0.7261456054350357,0.13031578313010983,225073.0,0.06620525169706379,high_c,0.18997077181174005,0.7213132128225667,1.1791075590105708
GO:0031982,vesicle,cellular_component,217,6011,0.7545561748847927,0.7261456054350357,0.07325550505926204,674701.0,0.06652463723087658,high_c,0.19057222810693358,0.7199403883708282,1.177017485045015
GO:0032880,regulation of protein localization,biological_process,81,6011,0.7574093844444445,0.7261456054350357,0.11814377615389415,268539.0,0.06739299233159472,high_c,0.1927417375414307,0.715024230226811,1.1713852599920265
GO:0032107,regulation of response to nutrient levels,biological_process,25,6011,0.7844003292,0.7261456054350357,0.21137988640160366,90641.5,0.06776247775679038,high_c,0.19316200555958637,0.7140782940620217,1.1690107222696196
GO:0046173,polyol biosynthetic process,biological_process,19,6011,0.779954077368421,0.7261456054350357,0.2423582320286699,70720.0,0.06775206965876061,high_c,0.19316200555958637,0.7140782940620217,1.1690774336247696
GO:0055082,intracellular chemical homeostasis,biological_process,202,6011,0.75446004509901,0.7261456054350357,0.07545222589051814,630977.5,0.06788580175588302,high_c,0.19319631450526709,0.7140011626270071,1.1682210484567133
GO:0017148,negative regulation of translation,biological_process,39,6011,0.762504378974359,0.7261456054350357,0.1692427911450014,136163.0,0.068077380564223,high_c,0.19342443970456813,0.7134886524957817,1.1669971630937006
GO:0005657,replication fork,cellular_component,43,6011,0.7028391779069767,0.7261456054350357,-0.16107612694058238,107644.0,0.06834549831577179,low_c,0.19386892986303894,0.7124917869514242,1.1652900856463362
GO:0009272,fungal-type cell wall biogenesis,biological_process,20,6011,0.788729714,0.7261456054350357,0.23563678851610748,74027.0,0.06845807985081535,high_c,0.193871495303451,0.7124860400313596,1.1645752863534178
GO:0046915,transition metal ion transmembrane transporter activity,molecular_function,31,6011,0.7778603812903228,0.7261456054350357,0.1891034631567592,110218.0,0.06895170979659729,high_c,0.19495141401774088,0.7100736104484239,1.1614549601477293
GO:0000921,septin ring assembly,biological_process,18,6011,0.7897988988888889,0.7261456054350357,0.2476963865250199,67297.0,0.06917994848822101,high_c,0.19527868386268565,0.7093451606345961,1.1600197656996525
GO:0009250,glucan biosynthetic process,biological_process,33,6011,0.779782573030303,0.7261456054350357,0.18093615985887657,116484.0,0.07263077560829945,high_c,0.20468673125975298,0.6889103094012184,1.138879318077266
GO:0072599,establishment of protein localization to endoplasmic reticulum,biological_process,27,6011,0.7832162011111113,0.7261456054350357,0.19959397900574372,96908.0,0.0731165889298059,high_c,0.20572187744269535,0.6867195209089773,1.1359840777162087
GO:0006605,protein targeting,biological_process,149,6011,0.7597461458389261,0.7261456054350357,0.08563630160354818,474118.0,0.07380805066697292,high_c,0.20733135268262942,0.6833350188541492,1.1318962646058064
GO:0048869,cellular developmental process,biological_process,64,6011,0.7552974359375,0.7261456054350357,0.129385089120565,214926.5,0.07457683731382073,high_c,0.20915248719998833,0.6795369665086072,1.1273960383289623
GO:0006885,regulation of pH,biological_process,33,6011,0.7757627315151516,0.7261456054350357,0.17960805782819844,116353.0,0.07475463408091129,high_c,0.20931297542655158,0.6792038486728527,1.1263618800150719
GO:0008033,tRNA processing,biological_process,127,6011,0.7535310813385827,0.7261456054350357,0.09219985333240555,408083.0,0.0750134214055675,high_c,0.20936221794222698,0.6791016895133409,1.1248610256629954
GO:1901681,sulfur compound binding,molecular_function,19,6011,0.7844641968421053,0.7261456054350357,0.2362975194996837,70375.0,0.07491717818708096,high_c,0.20936221794222698,0.6791016895133409,1.1254185890231625
GO:0043144,sno(s)RNA processing,biological_process,43,6011,0.7721314255813954,0.7261456054350357,0.15717158176943702,148479.0,0.07531561451908085,high_c,0.20953190193128904,0.6787498448793322,1.1231149760373813
GO:0030660,Golgi-associated vesicle membrane,cellular_component,18,6011,0.7758010277777777,0.7261456054350357,0.24246806459387815,67015.0,0.0752588855698794,high_c,0.20953190193128904,0.6787498448793322,1.1234422169812792
GO:0071709,membrane assembly,biological_process,22,6011,0.7715586113636362,0.7261456054350357,0.21908347121237415,80312.0,0.07567142944774154,high_c,0.21018496243404688,0.6773983585529141,1.121068062049312
GO:0090033,positive regulation of filamentous growth,biological_process,24,6011,0.7848154054166666,0.7261456054350357,0.20946773564946275,86893.0,0.07612364620690189,high_c,0.21076658662708403,0.6761982378317439,1.1184804178415007
GO:0019363,pyridine nucleotide biosynthetic process,biological_process,18,6011,0.7905040566666667,0.7261456054350357,0.24181915938965837,66980.0,0.07604289839828944,high_c,0.21076658662708403,0.6761982378317439,1.118941338224346
GO:0006221,pyrimidine nucleotide biosynthetic process,biological_process,20,6011,0.764721102,0.7261456054350357,0.22922717409447513,73643.0,0.07632523985299156,high_c,0.21098824265094482,0.6757417451482047,1.1173318222514816
GO:0006417,regulation of translation,biological_process,145,6011,0.7491306530344828,0.7261456054350357,0.08591415168651606,461823.0,0.07673279728661851,high_c,0.21177764084192327,0.6741198939526243,1.1150189693478285
GO:0019005,SCF ubiquitin ligase complex,cellular_component,22,6011,0.7050966563636364,0.7261456054350357,-0.21796019976016634,51520.0,0.07718383384576297,low_c,0.21268434215276905,0.6722644817331782,1.1124736531200696
GO:2000765,regulation of cytoplasmic translation,biological_process,18,6011,0.7699239466666666,0.7261456054350357,0.24068821031944676,66919.0,0.07742523868574694,high_c,0.2130114332146699,0.6715970855341132,1.1111174471304521
GO:0070647,protein modification by small protein conjugation or removal,biological_process,175,6011,0.7283694193714284,0.7261456054350357,-0.07790854792910995,470866.0,0.0786176763383128,low_c,0.21594981981536557,0.6656471539838136,1.1044797965419018
GO:0045926,negative regulation of growth,biological_process,17,6011,0.788653988235294,0.7261456054350357,0.24634438359928557,63500.0,0.07899535687452723,high_c,0.21630274374476227,0.6649379716119836,1.102398434570724
GO:0060258,negative regulation of filamentous growth,biological_process,17,6011,0.788653988235294,0.7261456054350357,0.24634438359928557,63500.0,0.07899535687452723,high_c,0.21630274374476227,0.6649379716119836,1.102398434570724
GO:0019843,rRNA binding,molecular_function,67,6011,0.7638468635820896,0.7261456054350357,0.12451537735280538,223918.0,0.07921434887505928,high_c,0.21656080259386282,0.664420147700055,1.1011961432485524
GO:0043934,sporulation,biological_process,79,6011,0.7530206592405063,0.7261456054350357,0.114685848903608,261186.5,0.07947381977358543,high_c,0.2169285395077741,0.6636833076659261,1.0997759128579854
GO:0019953,sexual reproduction,biological_process,29,6011,0.7788173451724137,0.7261456054350357,0.18836970682161436,103078.0,0.07967879558883253,high_c,0.21714660775857655,0.6632469507513895,1.0986572392565122
GO:0048585,negative regulation of response to stimulus,biological_process,61,6011,0.7661835363934426,0.7261456054350357,0.12980851356936207,205032.0,0.0806543677702547,high_c,0.2194607875378717,0.6586430666621388,1.0933721087814496
GO:0008361,regulation of cell size,biological_process,26,6011,0.6945738157692306,0.7261456054350357,-0.198046398046398,62396.0,0.08096576428694802,low_c,0.2196196356283465,0.6583288333302755,1.0916985801868613
GO:0065008,regulation of biological quality,biological_process,245,6011,0.7469716180816326,0.7261456054350357,0.06575208647454822,752778.0,0.08085837541568867,high_c,0.2196196356283465,0.6583288333302755,1.0922749886403558
GO:0051651,maintenance of location in cell,biological_process,36,6011,0.7743227311111112,0.7261456054350357,0.16820083682008358,125640.0,0.08141067466675381,high_c,0.22048195198359535,0.6566269548343713,1.089318646156027
GO:0031137,regulation of conjugation with cellular fusion,biological_process,35,6011,0.7671027294285714,0.7261456054350357,0.17039586919104988,122400.0,0.08172675564301929,high_c,0.22099322086648204,0.6556210484209315,1.0876357411925512
GO:0005977,glycogen metabolic process,biological_process,27,6011,0.7803986433333334,0.7261456054350357,0.19305803129332544,96380.0,0.08302178081375411,high_c,0.22414589656714953,0.6494692073427182,1.080807955258969
GO:0030174,regulation of DNA-templated DNA replication initiation,biological_process,28,6011,0.7800126385714287,0.7261456054350357,0.18947732862157074,99633.0,0.08321297588815015,high_c,0.2243132393506656,0.6491450928581651,1.079808946338826
GO:0015079,potassium ion transmembrane transporter activity,molecular_function,15,6011,0.7032188260000001,0.7261456054350357,-0.25779408494551925,33377.0,0.08417518921943476,low_c,0.22592356072069927,0.6460384757753997,1.074815898677753
GO:0016877,"ligase activity, forming carbon-sulfur bonds",molecular_function,19,6011,0.7768245878947369,0.7261456054350357,0.2291125008783641,69966.0,0.08420077407044495,high_c,0.22592356072069927,0.6460384757753997,1.0746839159471724
GO:0006497,protein lipidation,biological_process,16,6011,0.680797763125,0.7261456054350357,-0.24979149291075897,35980.0,0.0839728840434285,low_c,0.22592356072069927,0.6460384757753997,1.0758609307413232
GO:0031139,positive regulation of conjugation with cellular fusion,biological_process,26,6011,0.7700928576923076,0.7261456054350357,0.19515455304928997,92989.0,0.08550024763960742,high_c,0.22905621898512113,0.6400579124264008,1.0680326273962806
GO:0010608,post-transcriptional regulation of gene expression,biological_process,183,6011,0.7484954100546448,0.7261456054350357,0.0744905881161606,572985.0,0.0857178166956475,high_c,0.22928525390391996,0.6396238752922538,1.0669288993323576
GO:0140097,"catalytic activity, acting on DNA",molecular_function,142,6011,0.7252375237323945,0.7261456054350357,-0.08416386888377458,381628.0,0.08610449855234646,low_c,0.2299652453644207,0.6383377939256843,1.0649741581233019
GO:0098869,cellular oxidant detoxification,biological_process,31,6011,0.7698089154838709,0.7261456054350357,0.17801273060740108,109190.0,0.08688452143481719,high_c,0.23133670124362368,0.635755461552095,1.061057586660648
GO:0048583,regulation of response to stimulus,biological_process,221,6011,0.7545930018552035,0.7261456054350357,0.06776154862104278,683148.5,0.08685227762064061,high_c,0.23133670124362368,0.635755461552095,1.06121878809649
GO:0007017,microtubule-based process,biological_process,109,6011,0.7580245679816514,0.7261456054350357,0.09527325521748198,352304.5,0.08782615079794734,high_c,0.23306961549990368,0.6325143402968286,1.0563761508792453
GO:0031410,cytoplasmic vesicle,cellular_component,212,6011,0.753561908254717,0.7261456054350357,0.06889444178729587,657043.0,0.08793813257628853,high_c,0.23306961549990368,0.6325143402968286,1.0558227611455187
GO:0097708,intracellular vesicle,cellular_component,212,6011,0.753561908254717,0.7261456054350357,0.06889444178729587,657043.0,0.08793813257628853,high_c,0.23306961549990368,0.6325143402968286,1.0558227611455187
GO:0006612,protein targeting to membrane,biological_process,47,6011,0.7648492880851064,0.7261456054350357,0.14402014926438067,160339.0,0.08851910053092746,high_c,0.23425176603916167,0.6303171262537527,1.0529630077185654
GO:0016645,"oxidoreductase activity, acting on the CH-NH group of donors",molecular_function,16,6011,0.79338368375,0.7261456054350357,0.24597581317764794,59757.0,0.08881402707057598,high_c,0.23467450684097396,0.6295340861135128,1.0515184373942053
GO:0045039,protein insertion into mitochondrial inner membrane,biological_process,23,6011,0.783266656521739,0.7261456054350357,0.2048444715517992,82968.0,0.08948774849322234,high_c,0.23609533645020364,0.6269125913793235,1.0482364186058413
GO:0045047,protein targeting to ER,biological_process,24,6011,0.7829718304166667,0.7261456054350357,0.20001670285618833,86214.0,0.0903400583077911,high_c,0.2379823083798564,0.6234553272232713,1.0441196334697347
GO:0030663,COPI-coated vesicle membrane,cellular_component,17,6011,0.7741867705882353,0.7261456054350357,0.23733537459027665,63041.0,0.09058794659255638,high_c,0.23817851286017339,0.6230974207171163,1.0429295846254545
GO:0005509,calcium ion binding,molecular_function,27,6011,0.7777792662962961,0.7261456054350357,0.18839126559714803,96003.0,0.09073888833924422,high_c,0.23817851286017339,0.6230974207171163,1.0422065456682976
GO:0001676,long-chain fatty acid metabolic process,biological_process,15,6011,0.7838157693333333,0.7261456054350357,0.2524349566377586,56322.0,0.09082613796856842,high_c,0.23817851286017339,0.6230974207171163,1.0417891521178895
GO:0019674,NAD+ metabolic process,biological_process,24,6011,0.7781009279166667,0.7261456054350357,0.19945994098324138,86174.0,0.09124009477637189,high_c,0.23854338031894817,0.6224326307958625,1.0398142722683181
GO:0016776,"phosphotransferase activity, phosphate group as acceptor",molecular_function,17,6011,0.7832160564705883,0.7261456054350357,0.23692319770751147,63020.0,0.09114944796302817,high_c,0.23854338031894817,0.6224326307958625,1.0402459572595444
GO:1901700,response to oxygen-containing compound,biological_process,65,6011,0.7592418223076923,0.7261456054350357,0.12153742658283528,216731.5,0.09144956766195213,high_c,0.23873150294909606,0.6220902678210252,1.0388183433583937
GO:0002183,cytoplasmic translational initiation,biological_process,16,6011,0.78614909625,0.7261456054350357,0.2435362802335279,59640.0,0.09202533116253053,high_c,0.23974233239066817,0.620255273849365,1.0360926110255408
GO:0032934,sterol binding,molecular_function,17,6011,0.7834885735294117,0.7261456054350357,0.2360203340595497,62974.0,0.09238918224041302,high_c,0.23974233239066817,0.620255273849365,1.0343788769220148
GO:0001046,core promoter sequence-specific DNA binding,molecular_function,17,6011,0.7890341100000001,0.7261456054350357,0.2360988439419811,62978.0,0.09228084449508862,high_c,0.23974233239066817,0.620255273849365,1.0348884397482696
GO:0005496,steroid binding,molecular_function,17,6011,0.7834885735294117,0.7261456054350357,0.2360203340595497,62974.0,0.09238918224041302,high_c,0.23974233239066817,0.620255273849365,1.0343788769220148
GO:0045927,positive regulation of growth,biological_process,27,6011,0.7805946211111112,0.7261456054350357,0.18678203604674204,95873.0,0.09353004805295308,high_c,0.24234054241780079,0.6155739243873017,1.0290488425269484
GO:0015630,microtubule cytoskeleton,cellular_component,16,6011,0.78926686875,0.7261456054350357,0.24180567139282738,59557.0,0.09435949599507319,high_c,0.24412531303643378,0.6123871868176226,1.0252143874891035
GO:0033014,tetrapyrrole biosynthetic process,biological_process,16,6011,0.7801846506250001,0.7261456054350357,0.24086738949124276,59512.0,0.09564470964907172,high_c,0.24598402363079777,0.6090930988897204,1.0193390468991685
GO:0046148,pigment biosynthetic process,biological_process,16,6011,0.7801846506250001,0.7261456054350357,0.24086738949124276,59512.0,0.09564470964907172,high_c,0.24598402363079777,0.6090930988897204,1.0193390468991685
GO:0006779,porphyrin-containing compound biosynthetic process,biological_process,16,6011,0.7801846506250001,0.7261456054350357,0.24086738949124276,59512.0,0.09564470964907172,high_c,0.24598402363079777,0.6090930988897204,1.0193390468991685
GO:0006783,heme biosynthetic process,biological_process,16,6011,0.7801846506250001,0.7261456054350357,0.24086738949124276,59512.0,0.09564470964907172,high_c,0.24598402363079777,0.6090930988897204,1.0193390468991685
GO:0140029,exocytic process,biological_process,23,6011,0.7782975752173913,0.7261456054350357,0.20076384653364698,82687.0,0.09605697574316975,high_c,0.24667886078423476,0.6078680659059525,1.0174710908047897
GO:0005933,cellular bud,cellular_component,67,6011,0.7661118423880597,0.7261456054350357,0.11762519836885565,222546.0,0.09729087240449631,high_c,0.24795386931356392,0.6056291101661037,1.0119279022835903
GO:0042149,cellular response to glucose starvation,biological_process,33,6011,0.7675169048484848,0.7261456054350357,0.16706712491255815,115116.0,0.09741044865890011,high_c,0.24795386931356392,0.6056291101661037,1.0113944563500978
GO:0010564,regulation of cell cycle process,biological_process,272,6011,0.7540275651838235,0.7261456054350357,0.05944684460297456,826902.5,0.09709158720414962,high_c,0.24795386931356392,0.6056291101661037,1.0128183992279436
GO:0048311,mitochondrion distribution,biological_process,27,6011,0.7682708374074073,0.7261456054350357,0.1849747474747474,95727.0,0.0967464063625447,high_c,0.24795386931356392,0.6056291101661037,1.0143651578429262
GO:0009268,response to pH,biological_process,22,6011,0.69912907,0.7261456054350357,-0.20457201839736483,52402.0,0.0971747878560343,low_c,0.24795386931356392,0.6056291101661037,1.0124463988114811
GO:0005261,monoatomic cation channel activity,molecular_function,21,6011,0.7793452152380953,0.7261456054350357,0.2092376182526432,76055.0,0.09738456311983704,high_c,0.24795386931356392,0.6056291101661037,1.0115098797045226
GO:0072659,protein localization to plasma membrane,biological_process,27,6011,0.7729145185185184,0.7261456054350357,0.18433105565458496,95675.0,0.0979130999788402,high_c,0.24886843567096134,0.6040301820704169,1.0091591992293574
GO:0007163,establishment or maintenance of cell polarity,biological_process,102,6011,0.7591700375490196,0.7261456054350357,0.09507929081261879,330012.0,0.09917414507351646,high_c,0.25170514012810613,0.5991079155343582,1.0036015346547151
GO:0140678,molecular function inhibitor activity,molecular_function,64,6011,0.7609450920312499,0.7261456054350357,0.11940369093660674,213027.0,0.09986642545083847,high_c,0.2530921380768695,0.5967213453311317,1.0005804946791794
GO:0006505,GPI anchor metabolic process,biological_process,36,6011,0.7136935497222222,0.7261456054350357,-0.15839144583914455,90515.0,0.10081173689915982,low_c,0.2547440687873965,0.5938959188932406,0.9964889026741631
GO:0051302,regulation of cell division,biological_process,31,6011,0.7798348219354837,0.7261456054350357,0.17065487107562838,108508.0,0.10073549185714457,high_c,0.2547440687873965,0.5938959188932406,0.9968174887113279
GO:0032231,regulation of actin filament bundle assembly,biological_process,15,6011,0.7857409453333335,0.7261456054350357,0.24482988659106075,55980.0,0.10098283558983297,high_c,0.2548055270115553,0.5937911559105232,0.995752438515485
GO:0006112,energy reserve metabolic process,biological_process,29,6011,0.7781993451724137,0.7261456054350357,0.17601079099367056,102006.0,0.10151257286128901,high_c,0.25577043031523616,0.5921496658512139,0.9934801647840611
GO:0016209,antioxidant activity,molecular_function,30,6011,0.7686719193333331,0.7261456054350357,0.17273588586078126,105212.0,0.10216787948021876,high_c,0.25704846199660836,0.5899849903123505,0.9906856204155683
GO:0042579,microbody,cellular_component,115,6011,0.7573589127826088,0.7261456054350357,0.08859064361984537,369054.0,0.10320319828235669,high_c,0.25873768115290985,0.5871403183840042,0.9863068436501228
GO:0015399,primary active transmembrane transporter activity,molecular_function,75,6011,0.7592236928000001,0.7261456054350357,0.10930368373764598,246931.0,0.10328641304087932,high_c,0.25873768115290985,0.5871403183840042,0.9859568046126705
GO:0005777,peroxisome,cellular_component,115,6011,0.7573589127826088,0.7261456054350357,0.08859064361984537,369054.0,0.10320319828235669,high_c,0.25873768115290985,0.5871403183840042,0.9863068436501228
GO:0005048,signal sequence binding,molecular_function,40,6011,0.761710215,0.7261456054350357,0.1489197789315022,137204.0,0.10400995323183608,high_c,0.2601747533292038,0.5847348485191619,0.9829250989047801
GO:0030488,tRNA methylation,biological_process,22,6011,0.7822630954545453,0.7261456054350357,0.19979052505350725,79041.0,0.10524588828587178,high_c,0.26288757131550133,0.5802299457943156,0.9777948620446749
GO:0070566,adenylyltransferase activity,molecular_function,18,6011,0.7832693783333332,0.7261456054350357,0.22009010512264315,65808.0,0.10637574782539325,high_c,0.2631078628204753,0.5798661730905805,0.9731573737905509
GO:0006362,transcription elongation by RNA polymerase I,biological_process,17,6011,0.7862296905882352,0.7261456054350357,0.22640287346169696,62484.0,0.10645202813844745,high_c,0.2631078628204753,0.5798661730905805,0.9728460599095895
GO:2000142,regulation of DNA-templated transcription initiation,biological_process,46,6011,0.7684578539130433,0.7261456054350357,0.13786945588396082,156110.0,0.10669811948480104,high_c,0.2631078628204753,0.5798661730905805,0.9718432347889415
GO:0008094,"ATP-dependent activity, acting on DNA",molecular_function,85,6011,0.7192039348235294,0.7261456054350357,-0.10176887494788667,226224.0,0.10665289327161907,low_c,0.2631078628204753,0.5798661730905805,0.9720273585469003
GO:0070603,SWI/SNF superfamily-type complex,cellular_component,60,6011,0.7638219781666666,0.7261456054350357,0.12099927183106485,200132.0,0.10629304371151087,high_c,0.2631078628204753,0.5798661730905805,0.9734951567049211
GO:0005654,nucleoplasm,cellular_component,168,6011,0.7559974688095238,0.7261456054350357,0.07301981206653463,526651.0,0.10608062033050349,high_c,0.2631078628204753,0.5798661730905805,0.9743639492963259
GO:0000956,nuclear-transcribed mRNA catabolic process,biological_process,115,6011,0.7594773440869566,0.7261456054350357,0.08775293493009273,368770.0,0.10650355073435691,high_c,0.2631078628204753,0.5798661730905805,0.9726359129892613
GO:0005811,lipid droplet,cellular_component,66,6011,0.7660898736363636,0.7261456054350357,0.11544715447154474,218834.0,0.1062300528007272,high_c,0.2631078628204753,0.5798661730905805,0.9737526026598641
GO:0030135,coated vesicle,cellular_component,45,6011,0.7708292853333333,0.7261456054350357,0.139672961597199,152984.0,0.10596689647863734,high_c,0.2631078628204753,0.5798661730905805,0.9748297849430224
GO:0000041,transition metal ion transport,biological_process,67,6011,0.7606197050746268,0.7261456054350357,0.11436090074526417,221896.0,0.10693695292562756,high_c,0.2633227663530347,0.5795115910493983,0.9708721948984728
GO:0051169,nuclear transport,biological_process,173,6011,0.7500542002890174,0.7261456054350357,0.07137609483016405,541031.0,0.10908181294308746,high_c,0.2678444515830266,0.5721173456391998,0.9622476526827735
GO:0006913,nucleocytoplasmic transport,biological_process,173,6011,0.7500542002890174,0.7261456054350357,0.07137609483016405,541031.0,0.10908181294308746,high_c,0.2678444515830266,0.5721173456391998,0.9622476526827735
GO:0070180,large ribosomal subunit rRNA binding,molecular_function,17,6011,0.7868864705882352,0.7261456054350357,0.22426347916543987,62375.0,0.10980010378161056,high_c,0.26922737311423156,0.56988078624561,0.9593972493963141
GO:0022625,cytosolic large ribosomal subunit,cellular_component,75,6011,0.7642985657333334,0.7261456054350357,0.10705300988319855,246430.0,0.11058267355098113,high_c,0.27076378178350247,0.5674094287000673,0.9563129143574738
GO:0019359,nicotinamide nucleotide biosynthetic process,biological_process,17,6011,0.7879236988235293,0.7261456054350357,0.22320359575261528,62321.0,0.11148933309239151,high_c,0.2716110571007455,0.5660525541997301,0.9527666823980692
GO:0032120,ascospore-type prospore membrane formation,biological_process,16,6011,0.7689470975,0.7261456054350357,0.2302126772310258,59001.0,0.11124288850124907,high_c,0.2716110571007455,0.5660525541997301,0.9537277428942964
GO:0030447,filamentous growth,biological_process,82,6011,0.7538859024390244,0.7261456054350357,0.10220947883285536,267935.0,0.11139445406998515,high_c,0.2716110571007455,0.5660525541997301,0.9531364305874104
GO:1900429,negative regulation of filamentous growth of a population of unicellular organisms,biological_process,15,6011,0.7868211479999999,0.7261456054350357,0.23753613520124528,55652.0,0.11155454130923476,high_c,0.2716110571007455,0.5660525541997301,0.9525127451883377
GO:0080134,regulation of response to stress,biological_process,98,6011,0.7596661619387756,0.7261456054350357,0.09341057579805123,316801.5,0.11219900359844327,high_c,0.27279757737660715,0.564159490821435,0.9500109998857337
GO:0070651,nonfunctional rRNA decay,biological_process,21,6011,0.7817933142857143,0.7261456054350357,0.2002066936958422,75487.0,0.11271249914088136,high_c,0.2736627951168812,0.5627842415878038,0.9480279206271963
GO:0019902,phosphatase binding,molecular_function,17,6011,0.6864772,0.7261456054350357,-0.22228110463404582,39624.0,0.11297622137961368,low_c,0.2739200004399572,0.5623762563053978,0.9470129548380154
GO:0007346,regulation of mitotic cell cycle,biological_process,176,6011,0.75652684625,0.7261456054350357,0.0695450650463505,549190.0,0.11541756795656503,high_c,0.279448951147276,0.5536975160777958,0.9377280812504689
GO:0051539,"4 iron, 4 sulfur cluster binding",molecular_function,17,6011,0.7841092411764706,0.7261456054350357,0.2205931421617695,62188.0,0.11573732465614987,high_c,0.2794834656562147,0.553643880037566,0.9365265608570414
GO:0070646,protein modification by small protein removal,biological_process,31,6011,0.7080592106451614,0.7261456054350357,-0.16348041859963314,77537.0,0.11588218773409456,low_c,0.2794834656562147,0.553643880037566,0.9359833143668222
GO:0071782,endoplasmic reticulum tubular network,cellular_component,35,6011,0.7730386214285714,0.7261456054350357,0.15382482310193146,120667.0,0.11607579420399237,high_c,0.2794834656562147,0.553643880037566,0.9352583361586102
GO:0098827,endoplasmic reticulum subcompartment,cellular_component,35,6011,0.7730386214285714,0.7261456054350357,0.15382482310193146,120667.0,0.11607579420399237,high_c,0.2794834656562147,0.553643880037566,0.9352583361586102
GO:0000742,karyogamy involved in conjugation with cellular fusion,biological_process,15,6011,0.7895402646666666,0.7261456054350357,0.2338447854124972,55486.0,0.11722804454354892,high_c,0.28186687718504283,0.5499559560579406,0.9309684793287745
GO:0010629,negative regulation of gene expression,biological_process,293,6011,0.7504677200682592,0.7261456054350357,0.05402495204055935,882943.0,0.11827478050496076,high_c,0.2839277377570301,0.5467921778637975,0.9271078492449248
GO:0071805,potassium ion transmembrane transport,biological_process,16,6011,0.70893658375,0.7261456054350357,-0.22570892410341947,37135.0,0.1184122592949826,low_c,0.2839277377570301,0.5467921778637975,0.9266033325071238
GO:0010562,positive regulation of phosphorus metabolic process,biological_process,25,6011,0.7780518496000001,0.7261456054350357,0.18010023387905116,88301.0,0.11964158596645058,high_c,0.286479714810701,0.5429061243341893,0.9221178386036687
GO:1903432,regulation of TORC1 signaling,biological_process,30,6011,0.7689671956666667,0.7261456054350357,0.16419773727916187,104446.0,0.12026971224299735,high_c,0.2874290449720009,0.5414693481234572,0.9198437281204278
GO:0031647,regulation of protein stability,biological_process,47,6011,0.7553311385106383,0.7261456054350357,0.1313341039142657,158561.0,0.12036919106834369,high_c,0.2874290449720009,0.5414693481234572,0.9194846581048924
GO:0045324,late endosome to vacuole transport,biological_process,63,6011,0.7666207185714285,0.7261456054350357,0.11344349441188717,208617.0,0.1208465066004256,high_c,0.28817243881639953,0.5403475580200569,0.9177658995474928
GO:0000776,kinetochore,cellular_component,59,6011,0.7264598008474576,0.7261456054350357,-0.11697535082923272,155045.0,0.12151810351238014,low_c,0.28937644402948137,0.5385368244415285,0.915359016964027
GO:0051235,maintenance of location,biological_process,43,6011,0.7652020623255814,0.7261456054350357,0.13671363551343596,145854.0,0.12185558723154515,high_c,0.28938618253620024,0.538522209193286,0.9141545530758987
GO:0044804,nucleophagy,biological_process,50,6011,0.7677592053999999,0.7261456054350357,0.12689817144774374,167936.0,0.12173505916289261,high_c,0.28938618253620024,0.538522209193286,0.9145843288507636
GO:0006493,protein O-linked glycosylation,biological_process,25,6011,0.7828919408,0.7261456054350357,0.17889742733043779,88211.0,0.12213217894532909,high_c,0.2896468068976657,0.5381312548547833,0.9131698946368646
GO:1990351,transporter complex,cellular_component,60,6011,0.7642352100000002,0.7261456054350357,0.11576205679717688,199197.0,0.12230411497814664,high_c,0.2896474356734002,0.5381303120736826,0.9125589306804947
GO:0060260,regulation of transcription initiation by RNA polymerase II,biological_process,45,6011,0.7676646995555555,0.7261456054350357,0.13338548068685507,152140.0,0.12263298687785089,high_c,0.2896474356734002,0.5381303120736826,0.9113926938299608
GO:0034399,nuclear periphery,cellular_component,57,6011,0.7675988666666667,0.7261456054350357,0.11865825127144358,189824.0,0.12256004376237663,high_c,0.2896474356734002,0.5381303120736826,0.9116510926384026
GO:0000070,mitotic sister chromatid segregation,biological_process,24,6011,0.7793061341666666,0.7261456054350357,0.182088970547297,84926.0,0.12312186434517688,high_c,0.29040700611851505,0.5369929104171667,0.9096648169201409
GO:0061659,ubiquitin-like protein ligase activity,molecular_function,77,6011,0.7257579623376624,0.7261456054350357,-0.10180382475630201,205201.0,0.12424896982169426,low_c,0.2926678583588348,0.53362497043903,0.9057072034204516
GO:0032005,signal transduction involved in positive regulation of conjugation with cellular fusion,biological_process,24,6011,0.7668578333333333,0.7261456054350357,0.18108679917599235,84854.0,0.1251981663146293,high_c,0.29370813070567087,0.5320840307610591,0.902402031870556
GO:0031984,organelle subcompartment,cellular_component,109,6011,0.7589416999082569,0.7261456054350357,0.08564970978582909,349209.0,0.12489356593966923,high_c,0.29370813070567087,0.5320840307610591,0.9034599343149927
GO:0000750,pheromone-dependent signal transduction involved in conjugation with cellular fusion,biological_process,24,6011,0.7668578333333333,0.7261456054350357,0.18108679917599235,84854.0,0.1251981663146293,high_c,0.29370813070567087,0.5320840307610591,0.902402031870556
GO:0030003,intracellular monoatomic cation homeostasis,biological_process,155,6011,0.7546062947741935,0.7261456054350357,0.0718028380045832,486427.0,0.12648710424733164,high_c,0.29633146150252054,0.5282222370397542,0.8979537499008992
GO:0003727,single-stranded RNA binding,molecular_function,26,6011,0.7663441296153848,0.7261456054350357,0.17316367842683622,91278.0,0.12704833149286424,high_c,0.29724515292670123,0.5268852185405581,0.8960310341020041
GO:2001251,negative regulation of chromosome organization,biological_process,31,6011,0.7186498932258065,0.7261456054350357,-0.15845290754126662,78003.0,0.12752357795271654,low_c,0.29738520887613945,0.5266806358921406,0.8944095106960629
GO:1905369,endopeptidase complex,cellular_component,23,6011,0.7827023456521738,0.7261456054350357,0.18378786558624505,81518.0,0.12762210864788243,high_c,0.29738520887613945,0.5266806358921406,0.8940740839843209
GO:0062197,cellular response to chemical stress,biological_process,145,6011,0.7525502699310345,0.7261456054350357,0.07397627473341406,456746.0,0.12750278527829642,high_c,0.29738520887613945,0.5266806358921406,0.8944803280317318
GO:0019829,ATPase-coupled monoatomic cation transmembrane transporter activity,molecular_function,32,6011,0.7722116615625,0.7261456054350357,0.15582664325137974,110571.0,0.12787484493712267,high_c,0.2975747061807573,0.5264039865433989,0.8932148799112032
GO:0015035,protein-disulfide reductase activity,molecular_function,18,6011,0.7811540777777778,0.7261456054350357,0.2068895192539444,65096.0,0.12905247396352437,high_c,0.2999131121829696,0.523004546497142,0.8892336655222163
GO:0031593,polyubiquitin modification-dependent protein binding,molecular_function,16,6011,0.78025714,0.7261456054350357,0.21889074228523775,58458.0,0.1299493151039492,high_c,0.3007893480272744,0.5217375476511665,0.8862260050999397
GO:0140030,modification-dependent protein binding,molecular_function,16,6011,0.78025714,0.7261456054350357,0.21889074228523775,58458.0,0.1299493151039492,high_c,0.3007893480272744,0.5217375476511665,0.8862260050999397
GO:0030435,sporulation resulting in formation of a cellular spore,biological_process,69,6011,0.7489735444927536,0.7261456054350357,0.10589076044273393,226706.5,0.12988069446214098,high_c,0.3007893480272744,0.5217375476511665,0.8864553979004448
GO:0019209,kinase activator activity,molecular_function,25,6011,0.7774056440000001,0.7261456054350357,0.1751286334781157,87929.0,0.13019899839487903,high_c,0.30096599362651133,0.5214825728935056,0.8853923567298103
GO:0043935,sexual sporulation resulting in formation of a cellular spore,biological_process,56,6011,0.7506869980357143,0.7261456054350357,0.11701751229459045,186251.5,0.1311775769702464,high_c,0.3024226741306079,0.5193856507348287,0.8821403953746012
GO:0034293,sexual sporulation,biological_process,56,6011,0.7506869980357143,0.7261456054350357,0.11701751229459045,186251.5,0.1311775769702464,high_c,0.3024226741306079,0.5193856507348287,0.8821403953746012
GO:0016741,"transferase activity, transferring one-carbon groups",molecular_function,105,6011,0.7510502844761905,0.7261456054350357,0.08571106058407119,336641.0,0.13162574707355382,high_c,0.3030534441905695,0.518480775886081,0.8806591508567799
GO:0044273,sulfur compound catabolic process,biological_process,17,6011,0.7812658370588236,0.7261456054350357,0.21113270132877981,61706.0,0.13220579287459114,high_c,0.30398577010634464,0.5171467456969556,0.8787495149082405
GO:0009451,RNA modification,biological_process,116,6011,0.7485598536206897,0.7261456054350357,0.08107104208709903,369629.0,0.13425143317392918,high_c,0.3079084235844181,0.5115784297515953,0.8720810693810565
GO:0010570,regulation of filamentous growth,biological_process,51,6011,0.7657948425490197,0.7261456054350357,0.12159494670351356,170460.0,0.1342665188095648,high_c,0.3079084235844181,0.5115784297515953,0.8720322710919957
GO:0006873,intracellular monoatomic ion homeostasis,biological_process,167,6011,0.7526020046706587,0.7261456054350357,0.06780484206125736,521061.0,0.13457553961182542,high_c,0.3082099429632308,0.5111533548959537,0.8710338701043733
GO:1900430,positive regulation of filamentous growth of a population of unicellular organisms,biological_process,23,6011,0.7803167273913043,0.7261456054350357,0.18030263425401527,81278.0,0.13500488319597695,high_c,0.30878587250094336,0.5103425776213925,0.8696505225663853
GO:0042770,signal transduction in response to DNA damage,biological_process,44,6011,0.7684859629545453,0.7261456054350357,0.13034568916921851,148385.0,0.1357255729316517,high_c,0.308806734477357,0.5103132371107092,0.8673383164025853
GO:0000077,DNA damage checkpoint signaling,biological_process,44,6011,0.7684859629545453,0.7261456054350357,0.13034568916921851,148385.0,0.1357255729316517,high_c,0.308806734477357,0.5103132371107092,0.8673383164025853
GO:0031011,Ino80 complex,cellular_component,16,6011,0.7821952075,0.7261456054350357,0.21555462885738108,58298.0,0.13590342462021934,high_c,0.308806734477357,0.5103132371107092,0.8667695993754924
GO:0016469,proton-transporting two-sector ATPase complex,cellular_component,16,6011,0.776782565,0.7261456054350357,0.21555462885738108,58298.0,0.13590342462021934,high_c,0.308806734477357,0.5103132371107092,0.8667695993754924
GO:0006220,pyrimidine nucleotide metabolic process,biological_process,21,6011,0.758200120952381,0.7261456054350357,0.18850465060815647,74751.0,0.13533088797378265,high_c,0.308806734477357,0.5103132371107092,0.8686030685495177
GO:0005875,microtubule associated complex,cellular_component,20,6011,0.7005082995,0.7261456054350357,-0.19265565014187946,48368.0,0.13632125586034916,low_c,0.3093512420569492,0.5095481359316921,0.8654364216185476
GO:0000144,cellular bud neck septin ring,cellular_component,15,6011,0.7892971473333333,0.7261456054350357,0.2222370469201691,54964.0,0.13655272755633968,high_c,0.3094719778561432,0.5093786694658706,0.8646996206737398
GO:1904949,ATPase complex,cellular_component,72,6011,0.7618031441666666,0.7261456054350357,0.10181755252474223,235573.0,0.13694630592301626,high_c,0.3099593051921202,0.5086953212968227,0.8634496781883149
GO:0010648,negative regulation of cell communication,biological_process,56,6011,0.7633915319642857,0.7261456054350357,0.11505337651433378,185924.0,0.1377724931924645,high_c,0.31061434828846546,0.5077784866674114,0.8608374823354027
GO:0023057,negative regulation of signaling,biological_process,56,6011,0.7633915319642857,0.7261456054350357,0.11505337651433378,185924.0,0.1377724931924645,high_c,0.31061434828846546,0.5077784866674114,0.8608374823354027
GO:0009968,negative regulation of signal transduction,biological_process,56,6011,0.7633915319642857,0.7261456054350357,0.11505337651433378,185924.0,0.1377724931924645,high_c,0.31061434828846546,0.5077784866674114,0.8608374823354027
GO:0051656,establishment of organelle localization,biological_process,112,6011,0.7547282039285715,0.7261456054350357,0.08166638413290395,357322.0,0.13812569453595774,high_c,0.3109334883457828,0.507332500791962,0.859725525207009
GO:0000395,mRNA 5'-splice site recognition,biological_process,19,6011,0.7781394447368422,0.7261456054350357,0.19666572974492302,68119.0,0.13827226555469144,high_c,0.3109334883457828,0.507332500791962,0.859264921296699
GO:0033044,regulation of chromosome organization,biological_process,81,6011,0.725355275308642,0.7261456054350357,-0.09565923427643497,217191.0,0.13862167015731047,low_c,0.3113159371191345,0.5067986460192782,0.8581688729414263
GO:0141124,intracellular signaling cassette,biological_process,96,6011,0.7603248984374998,0.7261456054350357,0.08782051282051273,308854.0,0.13933768359771254,high_c,0.3125196624362131,0.5051226534593803,0.8559314136169608
GO:0070592,cell wall polysaccharide biosynthetic process,biological_process,16,6011,0.7847910375,0.7261456054350357,0.21307339449541285,58179.0,0.14046677128168716,high_c,0.3137314693901948,0.5034419164407883,0.8524263999992479
GO:0009218,pyrimidine ribonucleotide metabolic process,biological_process,15,6011,0.7543503939999999,0.7261456054350357,0.21987991994663103,54858.0,0.14076160345199243,high_c,0.3137314693901948,0.5034419164407883,0.8515157946474027
GO:0006030,chitin metabolic process,biological_process,27,6011,0.765699467777778,0.7261456054350357,0.1639681124975243,94030.0,0.1409622961545806,high_c,0.3137314693901948,0.5034419164407883,0.8508970345907809
GO:0044396,actin cortical patch organization,biological_process,23,6011,0.7687189508695652,0.7261456054350357,0.17777584153814874,81104.0,0.14056066754239974,high_c,0.3137314693901948,0.5034419164407883,0.8521361889822248
GO:0010383,cell wall polysaccharide metabolic process,biological_process,16,6011,0.7847910375,0.7261456054350357,0.21307339449541285,58179.0,0.14046677128168716,high_c,0.3137314693901948,0.5034419164407883,0.8524263999992479
GO:0006022,aminoglycan metabolic process,biological_process,27,6011,0.765699467777778,0.7261456054350357,0.1639681124975243,94030.0,0.1409622961545806,high_c,0.3137314693901948,0.5034419164407883,0.8508970345907809
GO:0006402,mRNA catabolic process,biological_process,121,6011,0.7577007990082644,0.7261456054350357,0.07784871402713667,384086.0,0.14208674724651368,high_c,0.31582918466062454,0.5005477408526342,0.8474464278158069
GO:0034497,protein localization to phagophore assembly site,biological_process,18,6011,0.7798769344444444,0.7261456054350357,0.1999555036431393,64722.0,0.14238281238606443,high_c,0.3160825604887568,0.5001994652247561,0.8465424330053811
GO:0045333,cellular respiration,biological_process,69,6011,0.7522995828985508,0.7261456054350357,0.10250293903872709,226012.0,0.14261699913962803,high_c,0.3161980977093158,0.5000407471705152,0.8458287059530449
GO:0032386,regulation of intracellular transport,biological_process,33,6011,0.7625900081818182,0.7261456054350357,0.1476322272575199,113199.0,0.1429994297467267,high_c,0.31664159443918055,0.4994320362554328,0.8446656944114674
GO:0030846,"termination of RNA polymerase II transcription, poly(A)-coupled",biological_process,18,6011,0.7859096366666667,0.7261456054350357,0.19873185382946779,64656.0,0.1448412518441863,high_c,0.3203113543968248,0.4944276661926079,0.8391077302878285
GO:0016810,"hydrolase activity, acting on carbon-nitrogen (but not peptide) bonds",molecular_function,63,6011,0.7587482520634917,0.7261456054350357,0.10646235629423262,207309.0,0.14545684338623874,high_c,0.3208102939519831,0.4937517048055252,0.837265841450499
GO:0031146,SCF-dependent proteasomal ubiquitin-dependent protein catabolic process,biological_process,20,6011,0.711680258,0.7261456054350357,-0.1883324987481222,48627.0,0.14533660291798317,low_c,0.3208102939519831,0.4937517048055252,0.8376249951763111
GO:0030295,protein kinase activator activity,molecular_function,24,6011,0.7766961625000001,0.7261456054350357,0.1718584711318969,84191.0,0.1456212624620753,high_c,0.3208102939519831,0.4937517048055252,0.836775208156443
GO:0004842,ubiquitin-protein transferase activity,molecular_function,96,6011,0.7272440319791666,0.7261456054350357,-0.0861228515074669,259468.0,0.1471463737299635,low_c,0.32375932166694127,0.4897777185393119,0.8322504361703648
GO:0030134,COPII-coated ER to Golgi transport vesicle,cellular_component,25,6011,0.7745344192,0.7261456054350357,0.16752422318743743,87360.0,0.1477278162646179,high_c,0.3246272013106034,0.48861509238364476,0.8305377219336765
GO:0006997,nucleus organization,biological_process,55,6011,0.7690145390909092,0.7261456054350357,0.11313266988216619,182320.0,0.14806715631543343,high_c,0.3249615466037831,0.4881680269775184,0.8295412643203149
GO:0000741,karyogamy,biological_process,17,6011,0.7843546723529411,0.7261456054350357,0.20135822096606404,61208.0,0.15107034429740362,high_c,0.33113398699531904,0.47999624175772015,0.8208207810086997
GO:0000122,negative regulation of transcription by RNA polymerase II,biological_process,155,6011,0.7535339028387097,0.7261456054350357,0.0672307421117575,484352.0,0.1524881273918292,high_c,0.3338201628653411,0.4764874353119547,0.8167639688348239
GO:0042254,ribosome biogenesis,biological_process,53,6011,0.763178552264151,0.7261456054350357,0.11391691526218128,175873.0,0.15273645779712597,high_c,0.3339426835463611,0.47632806718727083,0.8160572856006477
GO:0000307,cyclin-dependent protein kinase holoenzyme complex,cellular_component,39,6011,0.7682797666666668,0.7261456054350357,0.13238703694162512,131871.0,0.15353183385443298,high_c,0.3352594510330763,0.4746189704527722,0.813801562636775
GO:0051049,regulation of transport,biological_process,118,6011,0.7554827708474575,0.7261456054350357,0.07657749642638345,374312.0,0.15374150265019165,high_c,0.33529553844313154,0.4745722254033303,0.8132088785061343
GO:0098739,import across plasma membrane,biological_process,23,6011,0.7787366782608697,0.7261456054350357,0.17186547007057595,80697.0,0.15424127055965545,high_c,0.3359634199392244,0.4737080064892685,0.8117994059336292
GO:0071467,cellular response to pH,biological_process,15,6011,0.6946109013333334,0.7261456054350357,-0.21238603513453413,35419.0,0.1548065408494943,low_c,0.3367721239532859,0.4726638640675805,0.8102106935573242
GO:0046365,monosaccharide catabolic process,biological_process,23,6011,0.7700749660869566,0.7261456054350357,0.17066016090151326,80614.0,0.15715143455563685,high_c,0.3414454197604325,0.4666787086480554,0.8036816501745371
GO:1900428,regulation of filamentous growth of a population of unicellular organisms,biological_process,46,6011,0.7651260993478262,0.7261456054350357,0.12065308502496452,153748.0,0.15802090695918591,high_c,0.34205024249519544,0.4659100973479305,0.8012854499042401
GO:0140566,histone reader activity,molecular_function,21,6011,0.7743776928571429,0.7261456054350357,0.1782494633913665,74106.0,0.15790366341561624,high_c,0.34205024249519544,0.4659100973479305,0.8016077941036055
GO:0000026,"alpha-1,2-mannosyltransferase activity",molecular_function,15,6011,0.7893317986666667,0.7261456054350357,0.21089615299088282,54454.0,0.157721563183145,high_c,0.34205024249519544,0.4659100973479305,0.8021089272718435
GO:0051129,negative regulation of cellular component organization,biological_process,119,6011,0.7535769707563025,0.7261456054350357,0.07527226776657714,376962.5,0.1591501668535784,high_c,0.34406561601221936,0.46335872616512935,0.7981929017269215
GO:0045937,positive regulation of phosphate metabolic process,biological_process,22,6011,0.7763048231818183,0.7261456054350357,0.17331774920687937,77297.0,0.15993726853693246,high_c,0.3453371867911875,0.46175665319226716,0.796050325284289
GO:0032879,regulation of localization,biological_process,170,6011,0.7509515888823529,0.7261456054350357,0.0629384573552072,527733.0,0.16122351273100943,high_c,0.3476820100633943,0.458817780217876,0.7925716206904806
GO:0043495,protein-membrane adaptor activity,molecular_function,27,6011,0.7780405655555555,0.7261456054350357,0.15579817785700145,93370.0,0.1618552741402265,high_c,0.3486113596866417,0.4576584652786813,0.7908731443140637
GO:0070887,cellular response to chemical stimulus,biological_process,255,6011,0.7491113707450981,0.7261456054350357,0.051656924062189136,771800.5,0.16211570880140225,high_c,0.3487396164550611,0.45749871442344475,0.7901749005418475
GO:1990748,cellular detoxification,biological_process,43,6011,0.7571417637209303,0.7261456054350357,0.1234646798428829,144154.0,0.1623822336810281,high_c,0.34888064068102076,0.4573231287997283,0.7894614888656152
GO:0006506,GPI anchor biosynthetic process,biological_process,31,6011,0.7127130880645162,0.7261456054350357,-0.14481605351170568,79267.0,0.16368575672327923,low_c,0.3512465681972963,0.45438791027621056,0.7859891095044114
GO:0016075,rRNA catabolic process,biological_process,28,6011,0.774775229642857,0.7261456054350357,0.15204985554308625,96498.0,0.16448629089191624,high_c,0.3520996134325943,0.45333445173806153,0.7838702924744627
GO:0051170,import into nucleus,biological_process,69,6011,0.753347916811594,0.7261456054350357,0.09719071800350254,224923.0,0.16448893231211636,high_c,0.3520996134325943,0.45333445173806153,0.7838633183673785
GO:0051168,nuclear export,biological_process,128,6011,0.752243239375,0.7261456054350357,0.07156478412374634,403457.0,0.16537321302692376,high_c,0.353121645528585,0.4520756603879051,0.7815348356343099
GO:0007064,mitotic sister chromatid cohesion,biological_process,34,6011,0.7743054320588234,0.7261456054350357,0.13782243698884944,115613.0,0.16518845210674937,high_c,0.353121645528585,0.4520756603879051,0.7820203163474256
GO:0000217,DNA secondary structure binding,molecular_function,27,6011,0.6972267225925927,0.7261456054350357,-0.15410229748465043,68335.0,0.1664712734719227,low_c,0.3550296446526509,0.44973538223633025,0.7786606981876022
GO:0016237,microautophagy,biological_process,59,6011,0.763155124237288,0.7261456054350357,0.10444573537452162,193923.0,0.1667964106154992,high_c,0.35528658751964004,0.4494211873211342,0.7778132994216307
GO:0072384,organelle transport along microtubule,biological_process,25,6011,0.7031626512000001,0.7261456054350357,-0.15917139993317742,62915.0,0.16900032002620835,low_c,0.35778604337255815,0.44637660453025196,0.7721124729870084
GO:0000131,incipient cellular bud site,cellular_component,70,6011,0.7555977009999999,0.7261456054350357,0.09558275422608031,227810.0,0.1685469391061094,high_c,0.35778604337255815,0.44637660453025196,0.7732791300691257
GO:0005874,microtubule,cellular_component,44,6011,0.7715547113636362,0.7261456054350357,0.12022182610417897,147056.0,0.1688151340589834,high_c,0.35778604337255815,0.44637660453025196,0.7725886220250425
GO:0009247,glycolipid biosynthetic process,biological_process,35,6011,0.716382871142857,0.7261456054350357,-0.13485370051635115,90477.0,0.16831232378091343,low_c,0.35778604337255815,0.44637660453025196,0.7738840839403933
GO:0005847,mRNA cleavage and polyadenylation specificity factor complex,cellular_component,16,6011,0.787615279375,0.7261456054350357,0.19899916597164302,57504.0,0.16861000205782162,high_c,0.35778604337255815,0.44637660453025196,0.7731166663086824
GO:0071470,cellular response to osmotic stress,biological_process,49,6011,0.7136480957142857,0.7261456054350357,-0.11379553498688977,129447.0,0.16947056709839625,low_c,0.35834458524094503,0.44569915354338807,0.7709057172644204
GO:0098800,inner mitochondrial membrane protein complex,cellular_component,35,6011,0.7717952574285715,0.7261456054350357,0.1342704149933065,118622.0,0.170160599893582,high_c,0.3593659384613849,0.44446308871643997,0.7691409920168627
GO:0016579,protein deubiquitination,biological_process,23,6011,0.7049539786956521,0.7261456054350357,-0.16518544335046903,57487.0,0.1708956368179061,low_c,0.3604797393874666,0.44311913959779126,0.7672690252259945
GO:0017171,serine hydrolase activity,molecular_function,21,6011,0.7828092000000001,0.7261456054350357,0.17141267191350673,73676.0,0.17446644993238858,high_c,0.36756523917794487,0.4346655667827189,0.7582880759260762
GO:0002182,cytoplasmic translational elongation,biological_process,24,6011,0.7726880295833333,0.7261456054350357,0.16018039084683489,83352.0,0.1750076002757287,high_c,0.3682584170650485,0.4338473179595244,0.7569430902500724
GO:0000226,microtubule cytoskeleton organization,biological_process,69,6011,0.7546866849275362,0.7261456054350357,0.09440777759891517,224352.5,0.1769115010598593,high_c,0.37181400222750094,0.4296742590621514,0.7522439325822423
GO:0006638,neutral lipid metabolic process,biological_process,17,6011,0.7838466705882352,0.7261456054350357,0.18918918918918926,60588.0,0.17734114736991613,high_c,0.37226630209694606,0.42914627475584016,0.7511904860437666
GO:0019646,aerobic electron transport chain,biological_process,31,6011,0.7612503916129031,0.7261456054350357,0.14005825871183508,105672.0,0.1779732601514501,high_c,0.3731420043755041,0.42812585993344593,0.749645243989039
GO:0022626,cytosolic ribosome,cellular_component,31,6011,0.770814049032258,0.7261456054350357,0.13958355809688205,105628.0,0.1794481870543,high_c,0.37578052198584416,0.4250657346487377,0.7460609249389373
GO:0030833,regulation of actin filament polymerization,biological_process,18,6011,0.7587236455555556,0.7261456054350357,0.18241652298051436,63776.0,0.18080051175709955,high_c,0.3767943438299218,0.42389562515169416,0.7428003445853797
GO:0009060,aerobic respiration,biological_process,62,6011,0.752158940967742,0.7261456054350357,0.09871542520022336,202624.0,0.18050896214237566,high_c,0.3767943438299218,0.42389562515169416,0.7435012308089854
GO:0008064,regulation of actin polymerization or depolymerization,biological_process,18,6011,0.7587236455555556,0.7261456054350357,0.18241652298051436,63776.0,0.18080051175709955,high_c,0.3767943438299218,0.42389562515169416,0.7428003445853797
GO:0030832,regulation of actin filament length,biological_process,18,6011,0.7587236455555556,0.7261456054350357,0.18241652298051436,63776.0,0.18080051175709955,high_c,0.3767943438299218,0.42389562515169416,0.7428003445853797
GO:1902562,H4 histone acetyltransferase complex,cellular_component,18,6011,0.7776014483333333,0.7261456054350357,0.18186031851975448,63746.0,0.18213388491716065,high_c,0.378532105366259,0.4218972797250962,0.7396092488039657
GO:0062125,regulation of mitochondrial gene expression,biological_process,21,6011,0.7665474823809523,0.7261456054350357,0.168280467445743,73479.0,0.18247414821123864,high_c,0.378532105366259,0.4218972797250962,0.7387986549580526
GO:0006664,glycolipid metabolic process,biological_process,38,6011,0.7194762392105263,0.7261456054350357,-0.12526544890604208,99271.0,0.18250655080158917,low_c,0.378532105366259,0.4218972797250962,0.7387215425723093
GO:1903509,liposaccharide metabolic process,biological_process,38,6011,0.7194762392105263,0.7261456054350357,-0.12526544890604208,99271.0,0.18250655080158917,low_c,0.378532105366259,0.4218972797250962,0.7387215425723093
GO:0060627,regulation of vesicle-mediated transport,biological_process,54,6011,0.7641685707407404,0.7261456054350357,0.10513619209271385,177749.0,0.182863213708633,high_c,0.37881679730204926,0.42157077197643733,0.7378736520423573
GO:0006606,protein import into nucleus,biological_process,63,6011,0.7530711055555556,0.7261456054350357,0.09736232533811551,205604.0,0.183080237866601,high_c,0.37881679730204926,0.42157077197643733,0.7373585319882101
GO:0035556,intracellular signal transduction,biological_process,281,6011,0.752217843772242,0.7261456054350357,0.046863917820300305,842793.5,0.18406056034945573,high_c,0.3800120333354818,0.42020265093988673,0.7350392601519784
GO:0120013,lipid transfer activity,molecular_function,28,6011,0.7685498974999999,0.7261456054350357,0.14528067620161877,95931.0,0.18409569126448166,high_c,0.3800120333354818,0.42020265093988673,0.7349563759824477
GO:0097576,vacuole fusion,biological_process,35,6011,0.7651550899999999,0.7261456054350357,0.12955632052017596,118129.0,0.18565994968361343,high_c,0.38278583450208187,0.41704414224161324,0.7312817715824369
GO:0000001,mitochondrion inheritance,biological_process,24,6011,0.7623028633333334,0.7261456054350357,0.15610211012749842,83059.0,0.1862499091661287,high_c,0.3830922302279614,0.4166966561697304,0.7299039303845484
GO:0017069,snRNA binding,molecular_function,23,6011,0.7055013486956523,0.7261456054350357,-0.15949289884116058,57879.0,0.18612144434333877,low_c,0.3830922302279614,0.4166966561697304,0.7302035859050064
GO:0052689,carboxylic ester hydrolase activity,molecular_function,59,6011,0.759450046779661,0.7261456054350357,0.0993171359577183,193022.5,0.18861717863863725,high_c,0.38725977940457834,0.41199760626645027,0.7244187556696691
GO:0006368,transcription elongation by RNA polymerase II,biological_process,71,6011,0.7584097650704225,0.7261456054350357,0.0906055863802342,229976.0,0.18872221968679337,high_c,0.38725977940457834,0.41199760626645027,0.7241769640678998
GO:0080135,regulation of cellular response to stress,biological_process,91,6011,0.7573732780219782,0.7261456054350357,0.08002858627858633,290916.5,0.18948555307852422,high_c,0.38836708399565295,0.410757585779565,0.7224238962893312
GO:0032986,protein-DNA complex disassembly,biological_process,24,6011,0.7738599866666668,0.7261456054350357,0.15484939591336788,82969.0,0.18980810240997015,high_c,0.38856941719776905,0.4105313840371153,0.7216852526208746
GO:0051646,mitochondrion localization,biological_process,32,6011,0.7612298971875,0.7261456054350357,0.1339688911189163,108480.0,0.19054682762723163,high_c,0.3896222529574489,0.4093562467096555,0.7199982773061759
GO:0004601,peroxidase activity,molecular_function,15,6011,0.776239308,0.7261456054350357,0.19497442739604187,53738.0,0.1915144211472818,high_c,0.39068041728752195,0.40817835708110994,0.7177985178369951
GO:0016684,"oxidoreductase activity, acting on peroxide as acceptor",molecular_function,15,6011,0.776239308,0.7261456054350357,0.19497442739604187,53738.0,0.1915144211472818,high_c,0.39068041728752195,0.40817835708110994,0.7177985178369951
GO:0050657,nucleic acid transport,biological_process,83,6011,0.7528281455421686,0.7261456054350357,0.08326016617075593,266495.0,0.19203565582890347,high_c,0.39128391844950283,0.40750800099316425,0.7166181270669372
GO:0000109,nucleotide-excision repair complex,cellular_component,18,6011,0.7160705444444444,0.7261456054350357,-0.1776702449153642,44354.0,0.1924138056320326,low_c,0.3915948025524133,0.40716308101033577,0.7157637706832858
GO:0006354,DNA-templated transcription elongation,biological_process,85,6011,0.7568694975294118,0.7261456054350357,0.08196779893192518,272499.0,0.19377455011107103,high_c,0.39298203153366745,0.40562730658176765,0.7127032627450876
GO:0006904,vesicle docking involved in exocytosis,biological_process,15,6011,0.781232842,0.7261456054350357,0.1940404714253947,53696.0,0.1936505586428594,high_c,0.39298203153366745,0.40562730658176765,0.7129812458239804
GO:0000794,condensed nuclear chromosome,cellular_component,29,6011,0.758001161724138,0.7261456054350357,0.13975259110665328,98861.0,0.19352716005833626,high_c,0.39298203153366745,0.40562730658176765,0.7132580764552853
GO:0055080,monoatomic cation homeostasis,biological_process,159,6011,0.7518563113207548,0.7261456054350357,0.059982718373979615,493140.0,0.19619468276207985,high_c,0.3969626681526464,0.40125033398662596,0.7073127669783936
GO:0009628,response to abiotic stimulus,biological_process,190,6011,0.749481334368421,0.7261456054350357,0.05502581397661821,583424.0,0.19612685435175847,high_c,0.3969626681526464,0.40125033398662596,0.7074629371924943
GO:0000723,telomere maintenance,biological_process,80,6011,0.726208352375,0.7261456054350357,-0.08385601079076044,217346.0,0.1969540623571836,low_c,0.39803521798844094,0.40007850003340495,0.7056350570426357
GO:0070726,cell wall assembly,biological_process,53,6011,0.7526903086792452,0.7261456054350357,0.10259869400267285,174086.0,0.19779563238674414,high_c,0.3992711835155673,0.3987320328855049,0.7037833024824104
GO:0007029,endoplasmic reticulum organization,biological_process,30,6011,0.7689725416666666,0.7261456054350357,0.13586356796522314,101904.0,0.1986054304738133,high_c,0.4004402175406967,0.3974623113653616,0.7020088807521799
GO:0051050,positive regulation of transport,biological_process,59,6011,0.7592747405084745,0.7261456054350357,0.09688809914343,192596.0,0.19965808531344076,high_c,0.402095633531477,0.39567064299627147,0.6997130980120317
GO:0032153,cell division site,cellular_component,33,6011,0.7648131160606061,0.7261456054350357,0.12914018066242883,111375.0,0.2001094631287993,high_c,0.40253769176314663,0.3951934480703983,0.6987323731956618
GO:0046889,positive regulation of lipid biosynthetic process,biological_process,16,6011,0.7825553024999999,0.7261456054350357,0.18446622185154293,56807.0,0.20190633272361835,high_c,0.4056821685280109,0.39181408098209236,0.6948500593436722
GO:0032511,late endosome to vacuole transport via multivesicular body sorting pathway,biological_process,50,6011,0.7645158606000001,0.7261456054350357,0.1045260862271431,164602.0,0.202417039404174,high_c,0.40623812763658507,0.3912193181417127,0.6937529315173716
GO:0006826,iron ion transport,biological_process,40,6011,0.75971620825,0.7261456054350357,0.11662200636409303,133347.0,0.202975204349659,high_c,0.4068773073835608,0.3905365312155812,0.6925570126870026
GO:0030476,ascospore wall assembly,biological_process,51,6011,0.7519218266666665,0.7261456054350357,0.10321752862218703,167667.0,0.2036730300209184,high_c,0.4068773073835608,0.3905365312155812,0.6910664756073878
GO:0042626,ATPase-coupled transmembrane transporter activity,molecular_function,58,6011,0.7553275868965518,0.7261456054350357,0.09685640969201281,189358.0,0.20362151322565725,high_c,0.4068773073835608,0.3905365312155812,0.6911763393921969
GO:0042244,spore wall assembly,biological_process,51,6011,0.7519218266666665,0.7261456054350357,0.10321752862218703,167667.0,0.2036730300209184,high_c,0.4068773073835608,0.3905365312155812,0.6910664756073878
GO:2000220,regulation of pseudohyphal growth,biological_process,26,6011,0.7659868165384616,0.7261456054350357,0.1439624702782598,89006.0,0.20460973082153222,high_c,0.4082787272484827,0.3890432477509617,0.6890737159728163
GO:0000819,sister chromatid segregation,biological_process,32,6011,0.772115545,0.7261456054350357,0.12968305736745278,108070.0,0.20512448681482065,high_c,0.40883594616593416,0.3884509266326481,0.687982492465458
GO:0034504,protein localization to nucleus,biological_process,71,6011,0.7533038423943662,0.7261456054350357,0.0872622943045478,229271.0,0.20556040405216403,high_c,0.4091212505220999,0.3881479618489837,0.6870605373312275
GO:0008175,tRNA methyltransferase activity,molecular_function,19,6011,0.7725979236842107,0.7261456054350357,0.16789052069425892,66481.0,0.205738969876609,high_c,0.4091212505220999,0.3881479618489837,0.6866834389838871
GO:0140463,chromatin-protein adaptor activity,molecular_function,23,6011,0.7714200569565215,0.7261456054350357,0.15234817461008965,79353.0,0.20662141154144997,high_c,0.4100560993465914,0.3871567238412275,0.6848246758828301
GO:0032200,telomere organization,biological_process,82,6011,0.7270596407317073,0.7261456054350357,-0.08107318718658596,223381.0,0.20668150168679,low_c,0.4100560993465914,0.3871567238412275,0.6846983916593874
GO:0032465,regulation of cytokinesis,biological_process,28,6011,0.7752746207142857,0.7261456054350357,0.13802201475609466,95323.0,0.206990734812185,high_c,0.4102008169337365,0.3870034790494162,0.6840490937218086
GO:0042803,protein homodimerization activity,molecular_function,18,6011,0.7788480805555555,0.7261456054350357,0.1718671783747705,63207.0,0.20734654187902624,high_c,0.41043739646749094,0.38675307591875685,0.6833032033931894
GO:0071940,fungal-type cell wall assembly,biological_process,52,6011,0.752093755,0.7261456054350357,0.10129474485910128,170628.0,0.20783470269137028,high_c,0.41093512969501006,0.38622673053040957,0.6822819354647801
GO:0006446,regulation of translational initiation,biological_process,35,6011,0.7599910017142857,0.7261456054350357,0.12312105565117615,117456.0,0.20847003259233166,high_c,0.4112545188412361,0.3858893170127135,0.680956365703018
GO:0000272,polysaccharide catabolic process,biological_process,18,6011,0.7832595705555556,0.7261456054350357,0.17151491554962273,63188.0,0.2082793464268684,high_c,0.4112545188412361,0.3858893170127135,0.6813537937947413
GO:0071824,protein-DNA complex organization,biological_process,144,6011,0.7536389864583334,0.7261456054350357,0.061218112607238195,448284.0,0.20877806352259787,high_c,0.41139468589696926,0.38574132251131976,0.6803151349397449
GO:1902275,regulation of chromatin organization,biological_process,26,6011,0.764193365,0.7261456054350357,0.14238159501317393,88883.0,0.20962519828589077,high_c,0.41259562837222946,0.38447537787492675,0.6785565135835802
GO:0007007,inner mitochondrial membrane organization,biological_process,38,6011,0.769636665263158,0.7261456054350357,0.11782847374589167,126859.0,0.20986753661601787,high_c,0.4126048058498381,0.38446571785120864,0.6780547351141132
GO:0034198,cellular response to amino acid starvation,biological_process,22,6011,0.7571774163636363,0.7261456054350357,0.1538578302645759,76015.0,0.21221710032098495,high_c,0.4158113839246387,0.3811036248939791,0.6732196238474014
GO:1990928,response to amino acid starvation,biological_process,22,6011,0.7571774163636363,0.7261456054350357,0.1538578302645759,76015.0,0.21221710032098495,high_c,0.4158113839246387,0.3811036248939791,0.6732196238474014
GO:0060589,nucleoside-triphosphatase regulator activity,molecular_function,112,6011,0.7545743548214287,0.7261456054350357,0.06877376310754846,353063.0,0.21177011892712994,high_c,0.4158113839246387,0.3811036248939791,0.6741353194908928
GO:0090329,regulation of DNA-templated DNA replication,biological_process,47,6011,0.757180920212766,0.7261456054350357,0.10536980749746716,154922.0,0.2127092803631303,high_c,0.41630587453257517,0.3805874606984246,0.6722135617071713
GO:0000959,mitochondrial RNA metabolic process,biological_process,40,6011,0.770524304,0.7261456054350357,0.11404287389047063,133039.0,0.21314489118434754,high_c,0.4166886611441749,0.3801883173241386,0.6713250723860107
GO:0016758,hexosyltransferase activity,molecular_function,79,6011,0.7581187289873418,0.7261456054350357,0.08133530220131968,253372.0,0.21359174055910268,high_c,0.41694467561637794,0.3799215677325431,0.6704155451779304
GO:1902475,L-alpha-amino acid transmembrane transport,biological_process,25,6011,0.7063773716,0.7261456054350357,-0.14388239224858002,64059.0,0.21375619890470987,low_c,0.41694467561637794,0.3799215677325431,0.6700812819281035
GO:0006364,rRNA processing,biological_process,276,6011,0.7487132790217392,0.7261456054350357,0.04411950519944918,826347.5,0.21500166668705056,high_c,0.41890335956085273,0.3778861566287799,0.6675581734323782
GO:0000792,heterochromatin,cellular_component,15,6011,0.7143025620000001,0.7261456054350357,-0.18481209695352452,36659.0,0.21570421783926008,low_c,0.4190627910501967,0.37772089883919324,0.6661413627027081
GO:0000278,mitotic cell cycle,biological_process,40,6011,0.7592431719999999,0.7261456054350357,0.11332272651147202,132953.0,0.21604907718313715,high_c,0.4190627910501967,0.37772089883919324,0.6654475843637544
GO:0015695,organic cation transport,biological_process,44,6011,0.7597568356818183,0.7261456054350357,0.10813260813260817,145469.0,0.21584688858997614,high_c,0.4190627910501967,0.37772089883919324,0.6658542072715239
GO:0040029,epigenetic regulation of gene expression,biological_process,144,6011,0.752506503611111,0.7261456054350357,0.06033748082495305,447912.0,0.21540067226750081,high_c,0.4190627910501967,0.37772089883919324,0.6667529455988063
GO:0010970,transport along microtubule,biological_process,32,6011,0.7127315293750001,0.7261456054350357,-0.12571082120755983,83638.0,0.21934438774563403,low_c,0.42403324847040164,0.37260008901786557,0.6588734731910343
GO:0043244,regulation of protein-containing complex disassembly,biological_process,34,6011,0.7493213632352941,0.7261456054350357,0.12198722554104457,114004.0,0.21930825167639567,high_c,0.42403324847040164,0.37260008901786557,0.6589450272823265
GO:0099111,microtubule-based transport,biological_process,32,6011,0.7127315293750001,0.7261456054350357,-0.12571082120755983,83638.0,0.21934438774563403,low_c,0.42403324847040164,0.37260008901786557,0.6588734731910343
GO:0090734,site of DNA damage,cellular_component,24,6011,0.7162558245833334,0.7261456054350357,-0.14491119648126494,61433.0,0.21982480715692132,low_c,0.42448928278577913,0.3721332700507774,0.6579232991580217
GO:0031570,DNA integrity checkpoint signaling,biological_process,59,6011,0.7616191784745762,0.7261456054350357,0.09252551485328953,191830.0,0.22065953971659447,high_c,0.4256277343866755,0.3709700806691778,0.656277292070326
GO:0004722,protein serine/threonine phosphatase activity,molecular_function,28,6011,0.7624423371428571,0.7261456054350357,0.13347341276473812,94942.0,0.22235288516667973,high_c,0.42841798962192673,0.3681323010766451,0.6529572309380551
GO:0044088,regulation of vacuole organization,biological_process,32,6011,0.7685500534375,0.7261456054350357,0.1247073089145343,107594.0,0.22304619426582128,high_c,0.4288019858753773,0.36774321199830645,0.6516051825252737
GO:0005770,late endosome,cellular_component,41,6011,0.7605505353658537,0.7261456054350357,0.11029129386771253,135883.0,0.22289567769589425,high_c,0.4288019858753773,0.36774321199830645,0.6518983531035335
GO:0000722,telomere maintenance via recombination,biological_process,39,6011,0.7145570992307692,0.7261456054350357,-0.11290294880381957,103306.0,0.22355993262177065,low_c,0.4293142068931348,0.36722473958204804,0.6506060299471579
GO:0000910,cytokinesis,biological_process,20,6011,0.7766081194999999,0.7261456054350357,0.1571357035553329,69324.0,0.22437534414827598,high_c,0.430403975073378,0.3661237263182909,0.6490248679535606
GO:0042144,"vacuole fusion, non-autophagic",biological_process,32,6011,0.7632253459375,0.7261456054350357,0.12372470312761341,107500.0,0.22671399018397687,high_c,0.43429045136537847,0.3622197192560397,0.6445216793784144
GO:1901988,negative regulation of cell cycle phase transition,biological_process,115,6011,0.7579059512173913,0.7261456054350357,0.06569523921892517,361292.0,0.2269017507997686,high_c,0.43429045136537847,0.3622197192560397,0.6441621530364176
GO:0006760,folic acid-containing compound metabolic process,biological_process,17,6011,0.7853351588235294,0.7261456054350357,0.16875699228640406,59547.0,0.2288639201315834,high_c,0.43756361822514184,0.3589587951319308,0.6404226674513187
GO:0098771,inorganic ion homeostasis,biological_process,121,6011,0.7520421496694215,0.7261456054350357,0.06373317992395,379056.0,0.22941389331092155,high_c,0.43813258392492826,0.3583944471355056,0.6393802847540113
GO:0060341,regulation of cellular localization,biological_process,37,6011,0.7584537178378379,0.7261456054350357,0.11436947493191219,123159.0,0.22971413663488394,high_c,0.43822389142654783,0.35830394892988143,0.638812277449261
GO:0016074,sno(s)RNA metabolic process,biological_process,54,6011,0.7592591731481482,0.7261456054350357,0.09473448603883394,176076.0,0.2300594748735525,high_c,0.4384009312628838,0.3581285319828522,0.6381598758503271
GO:0035267,NuA4 histone acetyltransferase complex,cellular_component,17,6011,0.7753419511764706,0.7261456054350357,0.1673830693438536,59477.0,0.232676180954688,high_c,0.4400063726986257,0.3565410334960721,0.6332480731353027
GO:0022413,reproductive process in single-celled organism,biological_process,98,6011,0.7499717073469389,0.7261456054350357,0.07032757293683578,310113.5,0.23174823909043563,high_c,0.4400063726986257,0.3565410334960721,0.6349835571023968
GO:0015935,small ribosomal subunit,cellular_component,94,6011,0.7528615134042552,0.7261456054350357,0.07175142665022172,298053.0,0.23196060445407995,high_c,0.4400063726986257,0.3565410334960721,0.6345857682169354
GO:0032446,protein modification by small protein conjugation,biological_process,144,6011,0.7327417559722221,0.7261456054350357,-0.05830871352006517,397793.0,0.23123036417877618,low_c,0.4400063726986257,0.3565410334960721,0.6359551368197511
GO:0002098,tRNA wobble uridine modification,biological_process,29,6011,0.7625527327586206,0.7261456054350357,0.1284197419845745,97878.0,0.23217547046167353,high_c,0.4400063726986257,0.3565410334960721,0.6341836657596783
GO:0017025,TBP-class protein binding,molecular_function,15,6011,0.778579978,0.7261456054350357,0.17849677562819655,52997.0,0.23180432626868486,high_c,0.4400063726986257,0.3565410334960721,0.6348784628630016
GO:0043189,H4/H2A histone acetyltransferase complex,cellular_component,17,6011,0.7753419511764706,0.7261456054350357,0.1673830693438536,59477.0,0.232676180954688,high_c,0.4400063726986257,0.3565410334960721,0.6332480731353027
GO:0005694,chromosome,cellular_component,110,6011,0.747567850090909,0.7261456054350357,0.06623222566283071,346051.0,0.23326847379701654,high_c,0.4406464314598702,0.35590974262699115,0.632143952081353
GO:0050801,monoatomic ion homeostasis,biological_process,172,6011,0.7495033947093024,0.7261456054350357,0.05317890527607072,528858.0,0.2338645054302685,high_c,0.4412921537249414,0.355273794339019,0.6310356878339368
GO:0015718,monocarboxylic acid transport,biological_process,31,6011,0.7587779487096775,0.7261456054350357,0.12354083504153635,104141.0,0.2347712181221,high_c,0.44219165926147147,0.354389453459884,0.6293551466788069
GO:0006353,DNA-templated transcription termination,biological_process,68,6011,0.7616414197058824,0.7261456054350357,0.08365749126505717,218966.0,0.23485063930822392,high_c,0.44219165926147147,0.354389453459884,0.6292082532467277
GO:0001216,DNA-binding transcription activator activity,molecular_function,57,6011,0.7208436643859649,0.7261456054350357,-0.09113142277931985,154225.0,0.23566284609774002,low_c,0.443240195910809,0.35336086183855164,0.6277088816531127
GO:0045727,positive regulation of translation,biological_process,56,6011,0.7483816858928571,0.7261456054350357,0.09153172604054216,182002.0,0.23771770967060069,high_c,0.44662115150234066,0.35006071305314346,0.6239384626735098
GO:0004672,protein kinase activity,molecular_function,138,6011,0.7536715623913044,0.7261456054350357,0.05863235588063276,428997.0,0.23836024909634335,high_c,0.44734420803378605,0.3493581812898326,0.6227661693912732
GO:0051540,metal cluster binding,molecular_function,38,6011,0.7587239131578948,0.7261456054350357,0.11003903530800874,125975.0,0.24158611015938758,high_c,0.4524201588313882,0.3444580521237222,0.6169280388196983
GO:0051536,iron-sulfur cluster binding,molecular_function,38,6011,0.7587239131578948,0.7261456054350357,0.11003903530800874,125975.0,0.24158611015938758,high_c,0.4524201588313882,0.3444580521237222,0.6169280388196983
GO:0007124,pseudohyphal growth,biological_process,53,6011,0.7521354207547171,0.7261456054350357,0.09267387435317653,172519.0,0.24471858671930047,high_c,0.45779252860420866,0.33933129949992585,0.6113330441215369
GO:0051294,establishment of spindle orientation,biological_process,17,6011,0.6882924952941176,0.7261456054350357,-0.16243694675067222,42673.0,0.24677264726234582,low_c,0.4593394442141793,0.33786625941762544,0.607702979976547
GO:0000747,conjugation with cellular fusion,biological_process,26,6011,0.7699257773076922,0.7261456054350357,0.13141828931302624,88030.0,0.24686849161971736,high_c,0.4593394442141793,0.33786625941762544,0.6075343365115986
GO:0040008,regulation of growth,biological_process,67,6011,0.7573275962686568,0.7261456054350357,0.08227034410718947,215506.0,0.24615754483611585,high_c,0.4593394442141793,0.33786625941762544,0.6087868483719259
GO:0000075,cell cycle checkpoint signaling,biological_process,107,6011,0.7572752245794394,0.7261456054350357,0.06531608540384459,336495.0,0.24619253661878182,high_c,0.4593394442141793,0.33786625941762544,0.6087251169384529
GO:0000132,establishment of mitotic spindle orientation,biological_process,17,6011,0.6882924952941176,0.7261456054350357,-0.16243694675067222,42673.0,0.24677264726234582,low_c,0.4593394442141793,0.33786625941762544,0.607702979976547
GO:0016925,protein sumoylation,biological_process,15,6011,0.7034997053333333,0.7261456054350357,-0.17271514342895267,37203.0,0.2472759705998363,low_c,0.4596050160185394,0.33761524017242667,0.6068180847828064
GO:0000182,rDNA binding,molecular_function,18,6011,0.7018207883333333,0.7261456054350357,-0.15670133674472064,45485.0,0.2502979837465955,low_c,0.46472438479581796,0.3328045388307513,0.6015426487987066
GO:0061695,"transferase complex, transferring phosphorus-containing groups",cellular_component,132,6011,0.7552825225,0.7261456054350357,0.058384491281242346,410668.0,0.2506021022940965,high_c,0.4647919333146918,0.33274141793983686,0.6010152900422048
GO:0000423,mitophagy,biological_process,19,6011,0.7695599652631578,0.7261456054350357,0.15230834094582257,65594.0,0.25100064961500346,high_c,0.46503428786728496,0.3325150245668795,0.6003251545195742
GO:0032456,endocytic recycling,biological_process,22,6011,0.765657784090909,0.7261456054350357,0.14133487150685342,75190.0,0.25181586766453357,high_c,0.466047277468689,0.3315700247213768,0.5989169071827855
GO:0045739,positive regulation of DNA repair,biological_process,15,6011,0.70836572,0.7261456054350357,-0.17080275739381812,37289.0,0.25254917389354326,low_c,0.46690667292778604,0.33076991918333726,0.5976540477576994
GO:0004521,RNA endonuclease activity,molecular_function,39,6011,0.7601089997435896,0.7261456054350357,0.10600752228347665,128799.0,0.2531301555882334,high_c,0.4669861318822244,0.3306960165140889,0.5966561139273051
GO:0051174,regulation of phosphorus metabolic process,biological_process,70,6011,0.7596384084285713,0.7261456054350357,0.07934210209921377,224433.0,0.25306673163312543,high_c,0.4669861318822244,0.3306960165140889,0.5967649438097613
GO:0051031,tRNA transport,biological_process,25,6011,0.7665547804,0.7261456054350357,0.13193451386568666,84697.0,0.2542632537799294,high_c,0.4680511792578048,0.3297066562121902,0.5947163996895256
GO:0061640,cytoskeleton-dependent cytokinesis,biological_process,19,6011,0.775566754736842,0.7261456054350357,0.15118403485348897,65530.0,0.25451630945816117,high_c,0.4680511792578048,0.3297066562121902,0.5942843827545943
GO:0031334,positive regulation of protein-containing complex assembly,biological_process,37,6011,0.760232065945946,0.7261456054350357,0.10858766365964234,122520.0,0.25413084798497687,high_c,0.4680511792578048,0.3297066562121902,0.5949426143809251
GO:0001228,"DNA-binding transcription activator activity, RNA polymerase II-specific",molecular_function,54,6011,0.7213966894444442,0.7261456054350357,-0.08981030720161154,146394.0,0.25519630066730126,low_c,0.4688050560406719,0.3290077131189692,0.5931256254501793
GO:0140612,DNA damage sensor activity,molecular_function,16,6011,0.6943334575,0.7261456054350357,-0.1637197664720601,40108.0,0.2573793872864625,low_c,0.4723156620817113,0.325767652892739,0.5894262373314194
GO:0000932,P-body,cellular_component,57,6011,0.7483023485964913,0.7261456054350357,0.08691783203389725,184438.0,0.2580281913679783,high_c,0.4730062726661144,0.32513309992557715,0.5883328417627769
GO:0000963,mitochondrial RNA processing,biological_process,22,6011,0.7742311781818182,0.7261456054350357,0.13939191548141294,75062.0,0.2583938518214328,high_c,0.4730578333464321,0.32508576165573894,0.587717824081719
GO:0031902,late endosome membrane,cellular_component,22,6011,0.7702238618181817,0.7261456054350357,0.13933119810561778,75058.0,0.25860131557935717,high_c,0.4730578333464321,0.32508576165573894,0.5873692700689194
GO:0034727,piecemeal microautophagy of the nucleus,biological_process,44,6011,0.7622385315909089,0.7261456054350357,0.09863339275103988,144222.0,0.2589320956483183,high_c,0.4731643347847164,0.3249879981733037,0.5868141137249291
GO:0055029,nuclear DNA-directed RNA polymerase complex,cellular_component,16,6011,0.7697710768749999,0.7261456054350357,0.16246872393661382,55752.0,0.26103354040306226,high_c,0.4765028666032766,0.3219344823367984,0.5833036862398575
GO:0062014,negative regulation of small molecule metabolic process,biological_process,20,6011,0.778325328,0.7261456054350357,0.14505090969788026,68600.0,0.26206192046742016,high_c,0.476710607471577,0.32174518431143295,0.5815960806647765
GO:0031023,microtubule organizing center organization,biological_process,21,6011,0.7760660514285715,0.7261456054350357,0.14155338262183004,71798.0,0.2621071893328225,high_c,0.476710607471577,0.32174518431143295,0.5815210666354201
GO:0030036,actin cytoskeleton organization,biological_process,86,6011,0.7564229354651162,0.7261456054350357,0.07030909626140702,272688.0,0.262245754686265,high_c,0.476710607471577,0.32174518431143295,0.5812915335681598
GO:0051300,spindle pole body organization,biological_process,21,6011,0.7760660514285715,0.7261456054350357,0.14155338262183004,71798.0,0.2621071893328225,high_c,0.476710607471577,0.32174518431143295,0.5815210666354201
GO:1901990,regulation of mitotic cell cycle phase transition,biological_process,124,6011,0.7541468750806453,0.7261456054350357,0.05868589620651288,386414.0,0.2626977362424915,high_c,0.476873217407993,0.3215970681271394,0.5805436696639881
GO:0016514,SWI/SNF complex,cellular_component,15,6011,0.7734948166666666,0.7261456054350357,0.1671336446519902,52486.0,0.2628846019927703,high_c,0.476873217407993,0.3215970681271394,0.5802348511907689
GO:0071985,multivesicular body sorting pathway,biological_process,55,6011,0.7604933178181817,0.7261456054350357,0.08741681421332204,178108.0,0.26373429909267665,high_c,0.47736849627122074,0.3211462454612787,0.5788333857999566
GO:0051383,kinetochore organization,biological_process,16,6011,0.7746954618749999,0.7261456054350357,0.1614678899082569,55704.0,0.26398257858316354,high_c,0.47736849627122074,0.3211462454612787,0.5784247332621834
GO:0032509,endosome transport via multivesicular body sorting pathway,biological_process,55,6011,0.7604933178181817,0.7261456054350357,0.08741681421332204,178108.0,0.26373429909267665,high_c,0.47736849627122074,0.3211462454612787,0.5788333857999566
GO:0051274,beta-glucan biosynthetic process,biological_process,24,6011,0.7724019779166666,0.7261456054350357,0.13177161627971712,81311.0,0.2645363877062912,high_c,0.47737543561135287,0.321139932319028,0.5775145811216881
GO:0051273,beta-glucan metabolic process,biological_process,24,6011,0.7724019779166666,0.7261456054350357,0.13177161627971712,81311.0,0.2645363877062912,high_c,0.47737543561135287,0.321139932319028,0.5775145811216881
GO:0043242,negative regulation of protein-containing complex disassembly,biological_process,17,6011,0.7426764905882353,0.7261456054350357,0.155743979273391,58884.0,0.26678438941829397,high_c,0.4799354404457599,0.3188171787574599,0.5738395862541404
GO:0042592,homeostatic process,biological_process,266,6011,0.7483252765413534,0.7261456054350357,0.04022392796612939,794819.5,0.2666781020537634,high_c,0.4799354404457599,0.3188171787574599,0.5740126444063456
GO:0140534,endoplasmic reticulum protein-containing complex,cellular_component,75,6011,0.7595836981333334,0.7261456054350357,0.07455974842767299,239197.0,0.26645162071637174,high_c,0.4799354404457599,0.3188171787574599,0.5743816337790976
GO:0015605,organophosphate ester transmembrane transporter activity,molecular_function,30,6011,0.7054445316666665,0.7261456054350357,-0.11698155269464416,79220.0,0.26835152265757034,low_c,0.48183807891846786,0.3170988813599147,0.5712959361328447
GO:1902936,phosphatidylinositol bisphosphate binding,molecular_function,30,6011,0.7569165853333332,0.7261456054350357,0.11697040628657418,100209.0,0.2683971326694461,high_c,0.48183807891846786,0.3170988813599147,0.5712221281173862
GO:0040007,growth,biological_process,99,6011,0.7444562712121212,0.7261456054350357,0.06464851491915091,311563.0,0.2692469652225028,high_c,0.48286439217589344,0.31617481955657756,0.569849183088657
GO:0016310,phosphorylation,biological_process,19,6011,0.7697049147368421,0.7261456054350357,0.14645843580914897,65261.0,0.2696668934346087,high_c,0.48311839731938155,0.31594642411116386,0.5691723679008717
GO:0006869,lipid transport,biological_process,84,6011,0.7525544742857143,0.7261456054350357,0.06976548000674887,266301.0,0.2715046762015476,high_c,0.48519999802323216,0.31407920957483676,0.5662226860344737
GO:0042273,ribosomal large subunit biogenesis,biological_process,60,6011,0.7527799543333333,0.7261456054350357,0.08230549487481098,193224.0,0.2719467730856019,high_c,0.48519999802323216,0.31407920957483676,0.565516090146958
GO:0016592,mediator complex,cellular_component,27,6011,0.7671783477777778,0.7261456054350357,0.1223757179639533,90670.0,0.27187357804103207,high_c,0.48519999802323216,0.31407920957483676,0.5656329971515798
GO:0048029,monosaccharide binding,molecular_function,17,6011,0.7408209852941176,0.7261456054350357,0.15419340909536983,58805.0,0.271575522024197,high_c,0.48519999802323216,0.31407920957483676,0.5661093769868686
GO:0006310,DNA recombination,biological_process,222,6011,0.7292125485585585,0.7261456054350357,-0.04317290169769006,614837.0,0.27426932156222206,low_c,0.4888414191293814,0.31083200379402987,0.5618227677558875
GO:0030276,clathrin binding,molecular_function,15,6011,0.7790246106666667,0.7261456054350357,0.1631087391594397,52305.0,0.27455397822694116,high_c,0.4888468781558665,0.3108271539352647,0.561372259077201
GO:0007264,small GTPase-mediated signal transduction,biological_process,48,6011,0.7612547097916668,0.7261456054350357,0.09122924702331048,156168.0,0.27560797819068095,high_c,0.49022074809326033,0.3096083116238752,0.5597082147976564
GO:0006337,nucleosome disassembly,biological_process,23,6011,0.7703510021739131,0.7261456054350357,0.13134965583340596,77907.0,0.27622796594052923,high_c,0.49082062320650843,0.3090771974596708,0.5587323545813708
GO:0098754,detoxification,biological_process,46,6011,0.7525235545652176,0.7261456054350357,0.09294799373155005,149947.0,0.2767838157574263,high_c,0.4913054234712597,0.30864844170551936,0.557859307758391
GO:0140056,organelle localization by membrane tethering,biological_process,47,6011,0.7614217165957445,0.7261456054350357,0.09168486093868178,153004.0,0.2782316263865402,high_c,0.49286745245615693,0.30726986045230525,0.5555935056002835
GO:0022406,membrane docking,biological_process,47,6011,0.7614217165957445,0.7261456054350357,0.09168486093868178,153004.0,0.2782316263865402,high_c,0.49286745245615693,0.30726986045230525,0.5555935056002835
GO:0140053,mitochondrial gene expression,biological_process,23,6011,0.773271092173913,0.7261456054350357,0.1306380877697424,77858.0,0.27883811538645165,high_c,0.4934382959336188,0.3067671477785152,0.5546478612390398
GO:0016298,lipase activity,molecular_function,40,6011,0.7646370607499999,0.7261456054350357,0.09909981577625193,131254.5,0.27932790733803115,high_c,0.493801677330776,0.3064474392030676,0.553885672256591
GO:0016071,mRNA metabolic process,biological_process,282,6011,0.749392829468085,0.7261456054350357,0.037978977183398044,838468.0,0.2808869507138332,high_c,0.49504542785707045,0.3053549461928889,0.5514684365357503
GO:0044389,ubiquitin-like protein ligase binding,molecular_function,21,6011,0.7744281157142858,0.7261456054350357,0.1361793465299308,71460.0,0.28065567968288907,high_c,0.49504542785707045,0.3053549461928889,0.5518261644545407
GO:0043570,maintenance of DNA repeat elements,biological_process,26,6011,0.7704063180769231,0.7261456054350357,0.12243429085534352,87331.0,0.28066667259791434,high_c,0.49504542785707045,0.3053549461928889,0.5518091540421931
GO:0015849,organic acid transport,biological_process,80,6011,0.749897651,0.7261456054350357,0.06997133704265712,253840.0,0.2816448082917713,high_c,0.49537526564793816,0.3050656817646876,0.550298249935524
GO:0010948,negative regulation of cell cycle process,biological_process,144,6011,0.7566724688194445,0.7261456054350357,0.05243901861636657,444575.5,0.28162486996931546,high_c,0.49537526564793816,0.3050656817646876,0.5503289957887406
GO:0045786,negative regulation of cell cycle,biological_process,148,6011,0.7567391485135135,0.7261456054350357,0.05168578949066749,456286.5,0.28215868656844945,high_c,0.4957768015008383,0.30471379869745524,0.5495065749503002
GO:0038023,signaling receptor activity,molecular_function,20,6011,0.7654427589999998,0.7261456054350357,0.13865798698047072,68217.0,0.2836759472075241,high_c,0.4979387708314073,0.3028240570894773,0.547177486332771
GO:0044843,cell cycle G1/S phase transition,biological_process,61,6011,0.7492805840983605,0.7261456054350357,0.07954539192726262,195910.5,0.2844077786527841,high_c,0.4987190946881144,0.3021440034300706,0.5460585296729938
GO:0071214,cellular response to abiotic stimulus,biological_process,71,6011,0.724871798169014,0.7261456054350357,-0.07323469436145491,195427.0,0.28806713473256584,low_c,0.49958496093479954,0.30139064371931135,0.5405062870804658
GO:0104004,cellular response to environmental stimulus,biological_process,71,6011,0.724871798169014,0.7261456054350357,-0.07323469436145491,195427.0,0.28806713473256584,low_c,0.49958496093479954,0.30139064371931135,0.5405062870804658
GO:0019320,hexose catabolic process,biological_process,17,6011,0.7640714935294117,0.7261456054350357,0.14922765903158064,58552.0,0.28731415165788265,high_c,0.49958496093479954,0.30139064371931135,0.5416429823075115
GO:0090068,positive regulation of cell cycle process,biological_process,87,6011,0.7568866593103449,0.7261456054350357,0.06639075803084271,274802.5,0.2870272762644336,high_c,0.49958496093479954,0.30139064371931135,0.5420768302058965
GO:0045454,cell redox homeostasis,biological_process,22,6011,0.7670476181818181,0.7261456054350357,0.13157455334780432,74547.0,0.2860582938425933,high_c,0.49958496093479954,0.30139064371931135,0.5435454559813245
GO:0036260,RNA capping,biological_process,15,6011,0.7726722833333334,0.7261456054350357,0.15901712252612854,52121.0,0.28677439371369473,high_c,0.49958496093479954,0.30139064371931135,0.54245962973128
GO:0022613,ribonucleoprotein complex biogenesis,biological_process,138,6011,0.7499875096376812,0.7261456054350357,0.052949261790014246,426694.0,0.2869637462878435,high_c,0.49958496093479954,0.30139064371931135,0.5421729666167362
GO:1903008,organelle disassembly,biological_process,34,6011,0.7656597602941176,0.7261456054350357,0.1055713568679939,112336.0,0.28775439788851576,high_c,0.49958496093479954,0.30139064371931135,0.5409780301165241
GO:0046942,carboxylic acid transport,biological_process,79,6011,0.7495777440506328,0.7261456054350357,0.06950502317403151,250600.0,0.2878542650234793,high_c,0.49958496093479954,0.30139064371931135,0.5408273313905739
GO:0015453,oxidoreduction-driven active transmembrane transporter activity,molecular_function,17,6011,0.7725162894117646,0.7261456054350357,0.14936505132583555,58559.0,0.28687058015932265,high_c,0.49958496093479954,0.30139064371931135,0.5423139882810305
GO:0004857,enzyme inhibitor activity,molecular_function,56,6011,0.7534164883928572,0.7261456054350357,0.08275158930070758,180538.0,0.28576967682475896,high_c,0.49958496093479954,0.30139064371931135,0.5439838563230439
GO:0007034,vacuolar transport,biological_process,170,6011,0.7532200339999998,0.7261456054350357,0.04747978287360133,520058.0,0.29057409037383697,high_c,0.5034297613662485,0.2980611137477728,0.5367431130570189
GO:0033967,box C/D sno(s)RNA metabolic process,biological_process,16,6011,0.7625960974999999,0.7261456054350357,0.15221017514595503,55260.0,0.2923506668393113,high_c,0.503992807977204,0.29757566093165705,0.5340959112185122
GO:0034963,box C/D sno(s)RNA processing,biological_process,16,6011,0.7625960974999999,0.7261456054350357,0.15221017514595503,55260.0,0.2923506668393113,high_c,0.503992807977204,0.29757566093165705,0.5340959112185122
GO:0007062,sister chromatid cohesion,biological_process,50,6011,0.7602184353999999,0.7261456054350357,0.08648213387015602,161913.0,0.2915888766672907,high_c,0.503992807977204,0.29757566093165705,0.5352290472064495
GO:0050658,RNA transport,biological_process,81,6011,0.7502937644444444,0.7261456054350357,0.06802406678741701,256502.0,0.29229440134110674,high_c,0.503992807977204,0.29757566093165705,0.5341795031165616
GO:0051236,establishment of RNA localization,biological_process,81,6011,0.7502937644444444,0.7261456054350357,0.06802406678741701,256502.0,0.29229440134110674,high_c,0.503992807977204,0.29757566093165705,0.5341795031165616
GO:0016049,cell growth,biological_process,54,6011,0.750943363888889,0.7261456054350357,0.08302712650538746,174193.0,0.2928553089272211,high_c,0.5043619209302141,0.29725770987483996,0.5333468986058065
GO:0046503,glycerolipid catabolic process,biological_process,16,6011,0.770999238125,0.7261456054350357,0.15159507923269389,55230.5,0.2943054362782911,high_c,0.5063570241616584,0.295543161129451,0.5312017157330136
GO:0045835,negative regulation of meiotic nuclear division,biological_process,23,6011,0.7663777847826089,0.7261456054350357,0.12631785309749932,77560.5,0.295045045725576,high_c,0.5066253208502473,0.2953131082076692,0.5301116734571413
GO:0032006,regulation of TOR signaling,biological_process,40,6011,0.75884136225,0.7261456054350357,0.09594707754145038,130878.0,0.2949096812115135,high_c,0.5066253208502473,0.2953131082076692,0.5303109703179012
GO:0016628,"oxidoreductase activity, acting on the CH-CH group of donors, NAD or NADP as acceptor",molecular_function,17,6011,0.7734188899999999,0.7261456054350357,0.1463816757934404,58407.0,0.2966065415221991,high_c,0.5083010425296521,0.2938789995548002,0.5278192750349928
GO:0030695,GTPase regulator activity,molecular_function,104,6011,0.7525550973076923,0.7261456054350357,0.05964566160096885,325485.0,0.2963543688983292,high_c,0.5083010425296521,0.2938789995548002,0.5281886659466417
GO:0043565,sequence-specific DNA binding,molecular_function,296,6011,0.7335651842567568,0.7261456054350357,-0.03583031850748386,815514.0,0.2978778973653452,low_c,0.5099763607753839,0.2924499545348977,0.5259617203780536
GO:0000028,ribosomal small subunit assembly,biological_process,25,6011,0.7136049111999999,0.7261456054350357,-0.12036084196458408,65819.0,0.29832068930524314,low_c,0.5102312479151744,0.29223294756557233,0.5253166261568136
GO:0007097,nuclear migration,biological_process,25,6011,0.7119058084,0.7261456054350357,-0.11993317741396592,65851.0,0.3000408998194438,low_c,0.5103963036463942,0.29209247949023864,0.5228195407630184
GO:0048856,anatomical structure development,biological_process,52,6011,0.7441866748076922,0.7261456054350357,0.08314830831192643,167816.5,0.301185661971919,high_c,0.5103963036463942,0.29209247949023864,0.5211657066901016
GO:0048468,cell development,biological_process,52,6011,0.7441866748076922,0.7261456054350357,0.08314830831192643,167816.5,0.301185661971919,high_c,0.5103963036463942,0.29209247949023864,0.5211657066901016
GO:0030437,ascospore formation,biological_process,52,6011,0.7441866748076922,0.7261456054350357,0.08314830831192643,167816.5,0.301185661971919,high_c,0.5103963036463942,0.29209247949023864,0.5211657066901016
GO:0051647,nucleus localization,biological_process,25,6011,0.7119058084,0.7261456054350357,-0.11993317741396592,65851.0,0.3000408998194438,low_c,0.5103963036463942,0.29209247949023864,0.5228195407630184
GO:0006515,protein quality control for misfolded or incompletely synthesized proteins,biological_process,34,6011,0.760168615882353,0.7261456054350357,0.1026385457981085,112038.0,0.30135726453776157,high_c,0.5103963036463942,0.29209247949023864,0.5209183349389386
GO:0032541,cortical endoplasmic reticulum,cellular_component,31,6011,0.7651759509677419,0.7261456054350357,0.10798360125148343,102699.0,0.2990237707296074,high_c,0.5103963036463942,0.29209247949023864,0.5242942863031352
GO:0032271,regulation of protein polymerization,biological_process,38,6011,0.7559997884210526,0.7261456054350357,0.09742084996519429,124543.0,0.29985524729236235,high_c,0.5103963036463942,0.29209247949023864,0.5230883468589571
GO:1905368,peptidase complex,cellular_component,48,6011,0.7614209539583333,0.7261456054350357,0.08648471127508528,155489.0,0.30135274124357114,high_c,0.5103963036463942,0.29209247949023864,0.5209248536351213
GO:1990822,basic amino acid transmembrane transport,biological_process,18,6011,0.6909351338888889,0.7261456054350357,-0.14136863377644293,46312.0,0.2996742544408614,low_c,0.5103963036463942,0.29209247949023864,0.5233505664789475
GO:0004520,DNA endonuclease activity,molecular_function,27,6011,0.7272919077777777,0.7261456054350357,-0.11488661121014065,71503.0,0.30230016821924044,low_c,0.5109961947698164,0.29158233390956173,0.5195616111527567
GO:0006376,mRNA splice site recognition,biological_process,22,6011,0.7633228495454545,0.7261456054350357,0.12723326097846055,74261.0,0.3022561383964003,high_c,0.5109961947698164,0.29158233390956173,0.5196248704684671
GO:0022904,respiratory electron transport chain,biological_process,34,6011,0.7555957208823529,0.7261456054350357,0.10210709681229035,111984.0,0.30386730909879245,high_c,0.5131455725637195,0.2897594138496598,0.517316020030876
GO:0061982,meiosis I cell cycle process,biological_process,48,6011,0.7569571777083333,0.7261456054350357,0.0857580077142377,155385.0,0.305433024388056,high_c,0.5152883676750877,0.2879496613649334,0.5150840074429736
GO:0000981,"DNA-binding transcription factor activity, RNA polymerase II-specific",molecular_function,162,6011,0.7325814808641976,0.7261456054350357,-0.04678440336957468,451604.0,0.3090199678607992,low_c,0.5208336545692693,0.283300960842523,0.5100134569778239
GO:0000407,phagophore assembly site,cellular_component,41,6011,0.7628433653658536,0.7261456054350357,0.09187400416717728,133629.0,0.3099526160288354,high_c,0.5218988762619381,0.2824136382542633,0.5087046938112197
GO:0031369,translation initiation factor binding,molecular_function,23,6011,0.7587674804347827,0.7261456054350357,0.12224448897795592,77280.0,0.3108930390783847,high_c,0.5229751122481355,0.28151897818909677,0.5073890017383773
GO:0001671,ATPase activator activity,molecular_function,23,6011,0.7591676982608696,0.7261456054350357,0.12209927100577977,77270.0,0.31146821071692565,high_c,0.5234354441477086,0.28113687268470716,0.5065862720055597
GO:0032993,protein-DNA complex,cellular_component,54,6011,0.7544576377777779,0.7261456054350357,0.07968216663868843,173655.0,0.3127352483593805,high_c,0.52471348873302,0.2800777713133413,0.504823166709572
GO:0023051,regulation of signaling,biological_process,156,6011,0.751350749551282,0.7261456054350357,0.047277146423175376,478281.0,0.3128332147688224,high_c,0.52471348873302,0.2800777713133413,0.5046871423608779
GO:0031401,positive regulation of protein modification process,biological_process,27,6011,0.7637060092592592,0.7261456054350357,0.11164339473162999,89803.0,0.316154103521356,high_c,0.5297717410357857,0.2759112114588347,0.5001011768900936
GO:0030010,establishment of cell polarity,biological_process,67,6011,0.7535309586567163,0.7261456054350357,0.07064944456720434,213192.0,0.31929257679918066,high_c,0.5345148633783776,0.27204021376023213,0.49581117821166426
GO:0070069,cytochrome complex,cellular_component,18,6011,0.7710429533333332,0.7261456054350357,0.13556556723584934,61249.0,0.31995226948181277,high_c,0.5350194831309765,0.2716304025353939,0.49491480495126616
GO:0022900,electron transport chain,biological_process,35,6011,0.7554751242857144,0.7261456054350357,0.09730349971313834,114756.0,0.32021039341767543,high_c,0.5350194831309765,0.2716304025353939,0.4945645758186896
GO:0035861,site of double-strand break,cellular_component,22,6011,0.7194522677272727,0.7261456054350357,-0.12193566994034521,57846.0,0.32283351849125264,low_c,0.5383057548523669,0.26897097725793756,0.49102138057922695
GO:0007051,spindle organization,biological_process,37,6011,0.7635278081081082,0.7261456054350357,0.09408789438920007,120917.5,0.3231074864954875,high_c,0.5383057548523669,0.26897097725793756,0.49065297913490497
GO:0019899,enzyme binding,molecular_function,181,6011,0.7478762444751381,0.7261456054350357,0.04306359750954769,550336.0,0.323076314870981,high_c,0.5383057548523669,0.26897097725793756,0.49069487948739604
GO:0034605,cellular response to heat,biological_process,60,6011,0.7502854208333332,0.7261456054350357,0.07397636251610384,191737.0,0.3234408470235671,high_c,0.53834449705936,0.26893972193302346,0.4902051343469657
GO:0030473,nuclear migration along microtubule,biological_process,23,6011,0.7095313747826087,0.7261456054350357,-0.1189916064012082,60668.0,0.3239449783623649,low_c,0.5386671287711355,0.2686795257142607,0.48952874788849043
GO:0070129,regulation of mitochondrial translation,biological_process,19,6011,0.7583314621052631,0.7261456054350357,0.13073571779917081,64366.0,0.32446510449488863,high_c,0.5390157142613652,0.2683985733707456,0.4888320037641459
GO:0008236,serine-type peptidase activity,molecular_function,18,6011,0.7775883777777779,0.7261456054350357,0.13397111444833798,61163.0,0.3256774715987095,high_c,0.540512515005124,0.2671942459572154,0.48721228226643304
GO:0004536,DNA nuclease activity,molecular_function,37,6011,0.7287530583783783,0.7261456054350357,-0.09336856106189884,100200.0,0.3268208384742807,low_c,0.5418920492754071,0.2660872209771807,0.48569026013881145
GO:0000922,spindle pole,cellular_component,25,6011,0.766630464,0.7261456054350357,0.1130504510524557,83284.0,0.3286342309493996,high_c,0.5443788405803032,0.26409876369978985,0.4832872018925551
GO:0098813,nuclear chromosome segregation,biological_process,46,6011,0.7645502508695651,0.7261456054350357,0.08330478515980899,148624.0,0.32969209520735854,high_c,0.5456105598474493,0.2631172328546993,0.4818914655016145
GO:0030658,transport vesicle membrane,cellular_component,23,6011,0.7535686926086956,0.7261456054350357,0.11745229589614015,76950.0,0.3302439934342861,high_c,0.5460034024780197,0.2628046509347782,0.48116507270531317
GO:0010646,regulation of cell communication,biological_process,155,6011,0.7510455808387098,0.7261456054350357,0.04566146659615722,474563.0,0.33117231587291107,high_c,0.5464868934664742,0.26242024938389247,0.4799459749250409
GO:0034728,nucleosome organization,biological_process,61,6011,0.7530479495081966,0.7261456054350357,0.0721642099462736,194571.0,0.33148081729274037,high_c,0.5464868934664742,0.26242024938389247,0.47954159903887905
GO:0009966,regulation of signal transduction,biological_process,155,6011,0.7510455808387098,0.7261456054350357,0.04566146659615722,474563.0,0.33117231587291107,high_c,0.5464868934664742,0.26242024938389247,0.4799459749250409
GO:0015931,nucleobase-containing compound transport,biological_process,135,6011,0.7452779679259259,0.7261456054350357,0.04862466278395483,415916.0,0.3333461368451728,high_c,0.5490406959802846,0.26039546359245874,0.477104573556404
GO:0007018,microtubule-based movement,biological_process,36,6011,0.7201947813888888,0.7261456054350357,-0.09324035332403535,97522.0,0.334070363379002,low_c,0.5497119913042157,0.25986478932051504,0.4761620505272767
GO:0040001,establishment of mitotic spindle localization,biological_process,19,6011,0.6982215799999999,0.7261456054350357,-0.1278546834375659,49646.0,0.33524221461920567,low_c,0.5506515750965975,0.2591231141724987,0.4746412990458747
GO:0006639,acylglycerol metabolic process,biological_process,16,6011,0.77469864625,0.7261456054350357,0.13928273561301086,54640.0,0.33527575741768634,high_c,0.5506515750965975,0.2591231141724987,0.4745978477055456
GO:0005768,endosome,cellular_component,147,6011,0.7484874789795919,0.7261456054350357,0.046333676717617456,450974.0,0.3365863331422644,high_c,0.5522815447400481,0.2578394690911413,0.47290352223244736
GO:0071705,nitrogen compound transport,biological_process,247,6011,0.7454111103238867,0.7261456054350357,0.03595119223885801,737446.0,0.33795051582615854,high_c,0.5530522843889235,0.2572338094760649,0.4711468863405255
GO:0000165,MAPK cascade,biological_process,30,6011,0.7661853226666667,0.7261456054350357,0.10132084935629493,98805.0,0.3377200488793576,high_c,0.5530522843889235,0.2572338094760649,0.4714431565419129
GO:0016197,endosomal transport,biological_process,126,6011,0.750727176031746,0.7261456054350357,0.049776806786152594,389210.0,0.3383303721319336,high_c,0.5530522843889235,0.2572338094760649,0.4706590135710877
GO:0000082,G1/S transition of mitotic cell cycle,biological_process,60,6011,0.7478931105,0.7261456054350357,0.07174424466476226,191338.5,0.338255914233452,high_c,0.5530522843889235,0.2572338094760649,0.4707546012447573
GO:0032954,regulation of cytokinetic process,biological_process,18,6011,0.7734750494444443,0.7261456054350357,0.13041140589947542,60971.0,0.33869816300471034,high_c,0.5531326537875608,0.25717070251230345,0.47018715882947976
GO:0080025,"phosphatidylinositol-3,5-bisphosphate binding",molecular_function,15,6011,0.7635065086666668,0.7261456054350357,0.14260618189904384,51383.0,0.33943457496263796,high_c,0.5532942930846381,0.2570438092628626,0.46924392232857914
GO:1902532,negative regulation of intracellular signal transduction,biological_process,48,6011,0.755229780625,0.7261456054350357,0.07998630443289168,154559.0,0.33913569878157335,high_c,0.5532942930846381,0.2570438092628626,0.46962649223953634
GO:0005507,copper ion binding,molecular_function,20,6011,0.7703594784999999,0.7261456054350357,0.12315139375730255,67288.0,0.34099831755955123,high_c,0.5553218379769052,0.25545524760364,0.46724776375355964
GO:1902410,mitotic cytokinetic process,biological_process,21,6011,0.7592846323809523,0.7261456054350357,0.12008903728436282,70448.0,0.3414172952880563,high_c,0.5554830596251787,0.255329181049826,0.4667144824658292
GO:0006351,DNA-templated transcription,biological_process,179,6011,0.7362100110614526,0.7261456054350357,-0.041561295415009414,500270.5,0.34284369485456434,low_c,0.5564963613442894,0.25453767095777763,0.4649038331172289
GO:0005793,endoplasmic reticulum-Golgi intermediate compartment,cellular_component,16,6011,0.76543937625,0.7261456054350357,0.13707256046705596,54534.0,0.3430017895382429,high_c,0.5564963613442894,0.25453767095777763,0.46470361411304106
GO:0120009,intermembrane lipid transfer,biological_process,15,6011,0.7737141753333333,0.7261456054350357,0.1417389370691573,51344.0,0.3423800241739169,high_c,0.5564963613442894,0.25453767095777763,0.46549158174054156
GO:0032161,cleavage apparatus septin structure,cellular_component,25,6011,0.7716365232,0.7261456054350357,0.1084530571333111,82940.0,0.3486864751805556,high_c,0.5630881124776229,0.24942364108354637,0.4575648976723954
GO:0004386,helicase activity,molecular_function,92,6011,0.7256475655434784,0.7261456054350357,-0.056938965894650195,256771.0,0.3479536429203459,low_c,0.5630881124776229,0.24942364108354637,0.45847861227452086
GO:0007031,peroxisome organization,biological_process,56,6011,0.7521953126785714,0.7261456054350357,0.07272999880052766,178867.0,0.3481568637249468,high_c,0.5630881124776229,0.24942364108354637,0.4582250385223338
GO:0016180,snRNA processing,biological_process,27,6011,0.7688470177777776,0.7261456054350357,0.10451326995444643,89227.0,0.3480538346064592,high_c,0.5630881124776229,0.24942364108354637,0.45835357713304
GO:0000399,cellular bud neck septin structure,cellular_component,25,6011,0.7716365232,0.7261456054350357,0.1084530571333111,82940.0,0.3486864751805556,high_c,0.5630881124776229,0.24942364108354637,0.4575648976723954
GO:0030001,metal ion transport,biological_process,100,6011,0.7515858302999999,0.7261456054350357,0.05446794112671283,311648.0,0.34956918649851454,high_c,0.5635467154530066,0.2490700770934117,0.4564668561390187
GO:0019783,ubiquitin-like protein peptidase activity,molecular_function,26,6011,0.7144625369230769,0.7261456054350357,-0.10614999036051664,69546.0,0.3496197076859955,low_c,0.5635467154530066,0.2490700770934117,0.45640409463590315
GO:0031248,protein acetyltransferase complex,cellular_component,57,6011,0.7572934991228069,0.7261456054350357,0.07151907312789874,181825.0,0.3520229021861747,high_c,0.5668940242998138,0.24649812093687357,0.45342908092662676
GO:0051653,spindle localization,biological_process,21,6011,0.7035461461904762,0.7261456054350357,-0.11719532554257095,55524.0,0.35317806283449693,low_c,0.5677010343339691,0.24588031450256667,0.45200627985609004
GO:0051293,establishment of spindle localization,biological_process,21,6011,0.7035461461904762,0.7261456054350357,-0.11719532554257095,55524.0,0.35317806283449693,low_c,0.5677010343339691,0.24588031450256667,0.45200627985609004
GO:0050000,chromosome localization,biological_process,39,6011,0.7326418038461538,0.7261456054350357,-0.08596527384203201,106443.0,0.35407617704776706,low_c,0.5680926463539036,0.24558083238898232,0.4509032924589048
GO:2000241,regulation of reproductive process,biological_process,120,6011,0.7516940518333333,0.7261456054350357,0.049347875289990295,370902.5,0.35402344787786955,high_c,0.5680926463539036,0.24558083238898232,0.4509679725879659
GO:2000242,negative regulation of reproductive process,biological_process,38,6011,0.7640001286842107,0.7261456054350357,0.086983531153348,123358.5,0.35461966987440574,high_c,0.568439286151402,0.24531591461302885,0.45023717882818165
GO:0043937,regulation of sporulation,biological_process,17,6011,0.7717185547058824,0.7261456054350357,0.1296786983061493,57556.0,0.3551564457685982,high_c,0.5685308315691283,0.24524597843928372,0.4495802988679483
GO:0032272,negative regulation of protein polymerization,biological_process,15,6011,0.703681322,0.7261456054350357,-0.1379808761396486,38765.0,0.35533176973070524,low_c,0.5685308315691283,0.24524597843928372,0.44936596109520843
GO:0035966,response to topologically incorrect protein,biological_process,21,6011,0.7749002004761905,0.7261456054350357,0.11657524445504408,70227.0,0.35573117384292474,high_c,0.5686457806549883,0.24515817896588232,0.44887807455352724
GO:0000812,Swr1 complex,cellular_component,15,6011,0.7644324180000001,0.7261456054350357,0.13773626862352684,51164.0,0.3561853648724348,high_c,0.568848016024422,0.24500375226716528,0.44832392902134377
GO:0140657,ATP-dependent activity,molecular_function,261,6011,0.7437336571647509,0.7261456054350357,0.033671164417791166,775641.0,0.35683426498623705,high_c,0.5691706515356075,0.2447575017795026,0.44753344919517374
GO:0010008,endosome membrane,cellular_component,112,6011,0.7534785699999998,0.7261456054350357,0.05072590996052595,347101.0,0.357043110323892,high_c,0.5691706515356075,0.2447575017795026,0.44727934286420074
GO:0097346,INO80-type complex,cellular_component,27,6011,0.7614187466666665,0.7261456054350357,0.10250792236086359,89065.0,0.3573821305272762,high_c,0.5691884207296802,0.24474394355675497,0.4468671664566044
GO:0005819,spindle,cellular_component,40,6011,0.7582928025,0.7261456054350357,0.0841651314687657,129471.0,0.35820651527921643,high_c,0.5699784697751785,0.24414154894932055,0.4458665192014518
GO:0016251,RNA polymerase II general transcription initiation factor activity,molecular_function,21,6011,0.7250728057142857,0.7261456054350357,-0.11546227840050882,55633.0,0.3603427946959311,low_c,0.5728526479781468,0.2419570750653023,0.4432841575370569
GO:0032886,regulation of microtubule-based process,biological_process,33,6011,0.7677688290909092,0.7261456054350357,0.09200401472064246,107712.0,0.36135516211327634,high_c,0.5739364697425872,0.24113617792818773,0.44206573681895805
GO:0006986,response to unfolded protein,biological_process,16,6011,0.775883964375,0.7261456054350357,0.13181818181818183,54282.0,0.3618219379281641,high_c,0.5741525450121507,0.24097270576331342,0.4415051046063746
GO:0005681,spliceosomal complex,cellular_component,83,6011,0.7251800498795182,0.7261456054350357,-0.05814350519486855,231708.0,0.3622821805855041,low_c,0.574357868033274,0.24081742522772806,0.440953026892064
GO:0045787,positive regulation of cell cycle,biological_process,89,6011,0.7540178065168539,0.7261456054350357,0.055984350868405475,278282.5,0.3639373995891235,high_c,0.575930105457355,0.23963021910462243,0.4389733123703844
GO:0005667,transcription regulator complex,cellular_component,103,6011,0.7332960860194174,0.7261456054350357,-0.052135988062919414,288399.0,0.36362628239268535,low_c,0.575930105457355,0.23963021910462243,0.43934473412553804
GO:0031985,Golgi cisterna,cellular_component,21,6011,0.7721478119047619,0.7261456054350357,0.11407902058987207,70070.0,0.36612642567899234,high_c,0.5788665528039442,0.23742154345847183,0.43636892418487183
GO:0046854,phosphatidylinositol phosphate biosynthetic process,biological_process,20,6011,0.7681612915,0.7261456054350357,0.11655817058921714,66893.0,0.36747510669624517,high_c,0.5804702322335592,0.2362200469128069,0.4347720753297894
GO:0065004,protein-DNA complex assembly,biological_process,120,6011,0.752080173,0.7261456054350357,0.04783568154812423,370368.0,0.3689661014926595,high_c,0.5817177843595839,0.23528765868544513,0.4330135325155896
GO:0006356,regulation of transcription by RNA polymerase I,biological_process,47,6011,0.7527717670212766,0.7261456054350357,0.07593432938053857,150796.5,0.36917418558498705,high_c,0.5817177843595839,0.23528765868544513,0.4327686745203124
GO:0042558,pteridine-containing compound metabolic process,biological_process,18,6011,0.7758183500000001,0.7261456054350357,0.12238352151584264,60538.0,0.3692701603480768,high_c,0.5817177843595839,0.23528765868544513,0.43265578501015206
GO:0098791,Golgi apparatus subcompartment,cellular_component,75,6011,0.7535390778666667,0.7261456054350357,0.06019766397124893,236000.0,0.3696090228191453,high_c,0.5817237204116376,0.23528322701502483,0.4322574354153073
GO:0090066,regulation of anatomical structure size,biological_process,48,6011,0.71450427125,0.7261456054350357,-0.07468975347979201,132423.0,0.3720846395699491,low_c,0.5833194870693437,0.2340935147660789,0.4293582581905171
GO:0016567,protein ubiquitination,biological_process,117,6011,0.7351014424786323,0.7261456054350357,-0.04819329522417404,328182.0,0.3713382208062719,low_c,0.5833194870693437,0.2340935147660789,0.43023034775477376
GO:0032535,regulation of cellular component size,biological_process,48,6011,0.71450427125,0.7261456054350357,-0.07468975347979201,132423.0,0.3720846395699491,low_c,0.5833194870693437,0.2340935147660789,0.4293582581905171
GO:0051447,negative regulation of meiotic cell cycle,biological_process,30,6011,0.7641079536666667,0.7261456054350357,0.09429303906816022,98174.5,0.37229629516122476,high_c,0.5833194870693437,0.2340935147660789,0.42911128556254297
GO:0006644,phospholipid metabolic process,biological_process,149,6011,0.7522222822147651,0.7261456054350357,0.04273571793304165,455382.5,0.37230299059494976,high_c,0.5833194870693437,0.2340935147660789,0.42910347521414105
GO:0045332,phospholipid translocation,biological_process,16,6011,0.71803100375,0.7261456054350357,-0.12883653044203502,41781.0,0.37278399265920914,low_c,0.5835464483826754,0.2339245698269324,0.4285427445182454
GO:0071459,"protein localization to chromosome, centromeric region",biological_process,20,6011,0.727226957,0.7261456054350357,-0.114922383575363,53025.0,0.374237259030505,low_c,0.5852935870963574,0.23262623430700974,0.4268529763608254
GO:0051052,regulation of DNA metabolic process,biological_process,147,6011,0.7496387714965986,0.7261456054350357,0.0426376553349852,449381.0,0.37654674643232655,high_c,0.5867909800776651,0.23151657058302338,0.4241811005857864
GO:0001100,negative regulation of exit from mitosis,biological_process,25,6011,0.7692056488,0.7261456054350357,0.10246575342465758,82492.0,0.37594049398615514,high_c,0.5867909800776651,0.23151657058302338,0.4248808922495851
GO:0034061,DNA polymerase activity,molecular_function,15,6011,0.7219435973333332,0.7261456054350357,-0.13204358461196353,39032.0,0.37641484466365493,low_c,0.5867909800776651,0.23151657058302338,0.42433325764545776
GO:0005849,mRNA cleavage factor complex,cellular_component,20,6011,0.773822998,0.7261456054350357,0.11447170756134195,66768.0,0.3761137398370462,high_c,0.5867909800776651,0.23151657058302338,0.42468080104604766
GO:0051983,regulation of chromosome segregation,biological_process,51,6011,0.7304369647058823,0.7261456054350357,-0.07170680352677983,141082.0,0.3771933262164764,low_c,0.587271402970227,0.23116114650015088,0.4234359999564445
GO:0016407,acetyltransferase activity,molecular_function,54,6011,0.7402369077777777,0.7261456054350357,0.06936750415011295,171996.0,0.3795005319513818,high_c,0.5903341608132606,0.22890208477230745,0.42078761101122064
GO:0031625,ubiquitin protein ligase binding,molecular_function,20,6011,0.7711775130000001,0.7261456054350357,0.11343682189951587,66706.0,0.38044462569740045,high_c,0.5907440699558919,0.22860062923577068,0.4197085465258393
GO:0061630,ubiquitin protein ligase activity,molecular_function,69,6011,0.733254807826087,0.7261456054350357,-0.061351518787896575,192422.0,0.3802118959194939,low_c,0.5907440699558919,0.22860062923577068,0.41997429922393853
GO:0031503,protein-containing complex localization,biological_process,41,6011,0.7621277195121952,0.7261456054350357,0.07903746374147169,132058.0,0.38241485388638974,high_c,0.5914395101573214,0.22808966650224133,0.4174652470559609
GO:1901879,regulation of protein depolymerization,biological_process,15,6011,0.7470156120000001,0.7261456054350357,0.13033133199911062,50831.0,0.3826355523078243,high_c,0.5914395101573214,0.22808966650224133,0.41721468027375536
GO:0051985,negative regulation of chromosome segregation,biological_process,23,6011,0.7271208882608696,0.7261456054350357,-0.10525398623333626,61614.0,0.3829366413691413,low_c,0.5914395101573214,0.22808966650224133,0.4168730761096721
GO:0048878,chemical homeostasis,biological_process,240,6011,0.7469372977916665,0.7261456054350357,0.03328640328077159,715571.5,0.38153915774107017,high_c,0.5914395101573214,0.22808966650224133,0.4184608833495466
GO:1902100,negative regulation of metaphase/anaphase transition of cell cycle,biological_process,23,6011,0.7271208882608696,0.7261456054350357,-0.10525398623333626,61614.0,0.3829366413691413,low_c,0.5914395101573214,0.22808966650224133,0.4168730761096721
GO:1905819,negative regulation of chromosome separation,biological_process,23,6011,0.7271208882608696,0.7261456054350357,-0.10525398623333626,61614.0,0.3829366413691413,low_c,0.5914395101573214,0.22808966650224133,0.4168730761096721
GO:0031491,nucleosome binding,molecular_function,31,6011,0.7227610925806451,0.7261456054350357,-0.09054914230229794,84297.0,0.3838385878143794,low_c,0.5923055897295668,0.22745416879878078,0.4158513671918726
GO:0003700,DNA-binding transcription factor activity,molecular_function,179,6011,0.7337995653631284,0.7261456054350357,-0.03809841291736593,502078.0,0.38455970485861546,low_c,0.5928913389294462,0.2270248938659028,0.41503622419104846
GO:0015711,organic anion transport,biological_process,125,6011,0.74553635656,0.7261456054350357,0.045317023445463844,384546.0,0.38523578312287776,high_c,0.5934066721395881,0.22664757487607767,0.4142733796704442
GO:0006369,termination of RNA polymerase II transcription,biological_process,34,6011,0.7589259773529413,0.7261456054350357,0.08603568581523291,110351.0,0.3863063114024824,high_c,0.5934758907917783,0.22659691901565146,0.41306819637270487
GO:0015807,L-amino acid transport,biological_process,29,6011,0.716552259310345,0.7261456054350357,-0.09315302228524658,78659.0,0.3861341613768302,low_c,0.5934758907917783,0.22659691901565146,0.4132617745449336
GO:0000466,"maturation of 5.8S rRNA from tricistronic rRNA transcript (SSU-rRNA, 5.8S rRNA, LSU-rRNA)",biological_process,19,6011,0.7219250205263158,0.7261456054350357,-0.11510083620265621,50372.0,0.3856793839487288,low_c,0.5934758907917783,0.22659691901565146,0.41377357522936736
GO:0006400,tRNA modification,biological_process,81,6011,0.744603888765432,0.7261456054350357,0.055853267545229235,253579.0,0.38721665700122154,high_c,0.5943484673334399,0.22595885288633547,0.41204596880135325
GO:0000123,histone acetyltransferase complex,cellular_component,49,6011,0.7572031712244898,0.7261456054350357,0.07104861401118656,156447.0,0.39100966054403197,high_c,0.5996402568060419,0.22210921851582022,0.40781251250404066
GO:0033045,regulation of sister chromatid segregation,biological_process,43,6011,0.7284183288372094,0.7261456054350357,-0.07572947191221402,118595.0,0.39148683268562134,low_c,0.5998421372835293,0.22196302949522825,0.4072828404723041
GO:0005794,Golgi apparatus,cellular_component,183,6011,0.7490097966666669,0.7261456054350357,0.037008074830008564,552997.0,0.39325307669672827,high_c,0.6020170556838803,0.2203912046151536,0.40532787089873895
GO:0005730,nucleolus,cellular_component,278,6011,0.7477559760791367,0.7261456054350357,0.030205035343781494,820957.0,0.3943281536458684,high_c,0.6020364862107502,0.22037718767934936,0.4041422147184222
GO:0003682,chromatin binding,molecular_function,148,6011,0.7476841888513514,0.7261456054350357,0.040810211541918884,451568.0,0.39578247739015415,high_c,0.6020364862107502,0.22037718767934936,0.4025434373686866
GO:0071004,U2-type prespliceosome,cellular_component,30,6011,0.7584502849999999,0.7261456054350357,0.08930502145683561,97727.0,0.3981209021716251,high_c,0.6020364862107502,0.22037718767934936,0.39998502045786777
GO:0071173,spindle assembly checkpoint signaling,biological_process,22,6011,0.7264384859090909,0.7261456054350357,-0.10431245161584113,59007.0,0.3976898500139302,low_c,0.6020364862107502,0.22037718767934936,0.40045549309547146
GO:0070507,regulation of microtubule cytoskeleton organization,biological_process,31,6011,0.7669832774193549,0.7261456054350357,0.08867191714316536,100909.0,0.39377559769720316,high_c,0.6020364862107502,0.22037718767934936,0.4047512006250626
GO:0045841,negative regulation of mitotic metaphase/anaphase transition,biological_process,22,6011,0.7264384859090909,0.7261456054350357,-0.10431245161584113,59007.0,0.3976898500139302,low_c,0.6020364862107502,0.22037718767934936,0.40045549309547146
GO:0033048,negative regulation of mitotic sister chromatid segregation,biological_process,22,6011,0.7264384859090909,0.7261456054350357,-0.10431245161584113,59007.0,0.3976898500139302,low_c,0.6020364862107502,0.22037718767934936,0.40045549309547146
GO:0071010,prespliceosome,cellular_component,30,6011,0.7584502849999999,0.7261456054350357,0.08930502145683561,97727.0,0.3981209021716251,high_c,0.6020364862107502,0.22037718767934936,0.39998502045786777
GO:0007094,mitotic spindle assembly checkpoint signaling,biological_process,22,6011,0.7264384859090909,0.7261456054350357,-0.10431245161584113,59007.0,0.3976898500139302,low_c,0.6020364862107502,0.22037718767934936,0.40045549309547146
GO:2000816,negative regulation of mitotic sister chromatid separation,biological_process,22,6011,0.7264384859090909,0.7261456054350357,-0.10431245161584113,59007.0,0.3976898500139302,low_c,0.6020364862107502,0.22037718767934936,0.40045549309547146
GO:0140299,molecular sensor activity,molecular_function,27,6011,0.7188175562962962,0.7261456054350357,-0.0941523073876015,73178.0,0.3979212362405127,low_c,0.6020364862107502,0.22037718767934936,0.40020288282906746
GO:0005096,GTPase activator activity,molecular_function,47,6011,0.7587929004255322,0.7261456054350357,0.07152132654080501,150178.0,0.39764791226662666,high_c,0.6020364862107502,0.22037718767934936,0.4005012933406454
GO:0033046,negative regulation of sister chromatid segregation,biological_process,22,6011,0.7264384859090909,0.7261456054350357,-0.10431245161584113,59007.0,0.3976898500139302,low_c,0.6020364862107502,0.22037718767934936,0.40045549309547146
GO:0045839,negative regulation of mitotic nuclear division,biological_process,22,6011,0.7264384859090909,0.7261456054350357,-0.10431245161584113,59007.0,0.3976898500139302,low_c,0.6020364862107502,0.22037718767934936,0.40045549309547146
GO:1903725,regulation of phospholipid metabolic process,biological_process,17,6011,0.7240141635294117,0.7261456054350357,-0.11819662800054953,44927.0,0.3993636781794615,low_c,0.6033902048037817,0.21940174426741993,0.39863143641960785
GO:0015865,purine nucleotide transport,biological_process,34,6011,0.7528966397058823,0.7261456054350357,0.08317176628054601,110060.0,0.4023141329079517,high_c,0.6073194215027863,0.21658283032709436,0.3954347108139558
GO:0042790,nucleolar large rRNA transcription by RNA polymerase I,biological_process,35,6011,0.7505123574285714,0.7261456054350357,0.08190858672786394,113146.0,0.4027343870772363,high_c,0.6074256263823476,0.21650688979398822,0.39498128700466945
GO:1901678,iron coordination entity transport,biological_process,21,6011,0.7543847004761904,0.7261456054350357,0.1053024882741076,69518.0,0.4041576204412367,high_c,0.6090430808038081,0.2153519863595142,0.39344922811279404
GO:0061709,reticulophagy,biological_process,26,6011,0.7630811369230769,0.7261456054350357,0.09441552599447345,85151.0,0.4054517408470184,high_c,0.6104633322727008,0.2143404170096457,0.3920608305554198
GO:1902531,regulation of intracellular signal transduction,biological_process,134,6011,0.7511778299999999,0.7261456054350357,0.04188348710759637,410251.0,0.40639510890916075,high_c,0.6113534740609212,0.2137076155403463,0.39105152756110684
GO:0140223,general transcription initiation factor activity,molecular_function,34,6011,0.7301350997058823,0.7261456054350357,-0.08186282711177162,93291.0,0.40976096708466525,low_c,0.6149032128739491,0.21119323775746285,0.38746941388775497
GO:0140359,ABC-type transporter activity,molecular_function,22,6011,0.7076567581818182,0.7261456054350357,-0.10165606642480907,59182.0,0.4098174062760134,low_c,0.6149032128739491,0.21119323775746285,0.3874095996461863
GO:0046470,phosphatidylcholine metabolic process,biological_process,17,6011,0.7611461135294117,0.7261456054350357,0.11565487055683144,56841.5,0.4095796191062151,high_c,0.6149032128739491,0.21119323775746285,0.3876616622127097
GO:0009251,glucan catabolic process,biological_process,15,6011,0.7764696953333333,0.7261456054350357,0.1226150767178118,50484.0,0.4114428287596267,high_c,0.616808938451392,0.20984934135789574,0.38569050280695144
GO:0036211,protein modification process,biological_process,273,6011,0.7363958481684981,0.7261456054350357,-0.029184014544767378,760379.0,0.4145451496487319,low_c,0.6209235373513361,0.2069618770390932,0.3824281619159703
GO:0001558,regulation of cell growth,biological_process,42,6011,0.7524064097619048,0.7261456054350357,0.07262124149374949,134452.0,0.41667322630807435,high_c,0.6235730352334631,0.20511267299331007,0.3802044046068647
GO:0043543,protein acylation,biological_process,22,6011,0.7178511886363637,0.7261456054350357,-0.0999104418707023,59297.0,0.4179053298591031,low_c,0.6248782537772636,0.2042045888369419,0.37892208993884113
GO:0097035,regulation of membrane lipid distribution,biological_process,24,6011,0.7238365854166666,0.7261456054350357,-0.09533155169533991,64995.0,0.4195671177516397,low_c,0.6268231638699195,0.20285496281767246,0.37719855560383364
GO:0008168,methyltransferase activity,molecular_function,94,6011,0.7453830692553192,0.7261456054350357,0.0481519171230389,291490.0,0.42245804227913064,high_c,0.6305994508998889,0.20024641175375338,0.37421641786577803
GO:0022627,cytosolic small ribosomal subunit,cellular_component,59,6011,0.7258730238983051,0.7261456054350357,-0.06039844177145981,164979.0,0.42400545670080225,low_c,0.6323655264884818,0.19903181373019532,0.37262855425679875
GO:0045132,meiotic chromosome segregation,biological_process,24,6011,0.7684652129166666,0.7261456054350357,0.09399532320026727,78597.0,0.426114688591511,high_c,0.6349657505535306,0.19724969950606638,0.37047349498450166
GO:0009266,response to temperature stimulus,biological_process,81,6011,0.7470251997530863,0.7261456054350357,0.051356359169737464,252499.0,0.42658103456231156,high_c,0.635115502573047,0.19714728641104406,0.3699984568285219
GO:0006040,amino sugar metabolic process,biological_process,31,6011,0.7462690187096777,0.7261456054350357,0.08252238644945509,100339.0,0.4274024629480564,high_c,0.6352488661625222,0.19705610143666338,0.36916297950075583
GO:0000245,spliceosomal complex assembly,biological_process,35,6011,0.7291744362857143,0.7261456054350357,-0.07769171925798435,96455.0,0.4273891669197476,low_c,0.6352488661625222,0.19705610143666338,0.36917649014247117
GO:0101005,deubiquitinase activity,molecular_function,23,6011,0.7151896760869564,0.7261456054350357,-0.09513229357265252,62311.0,0.4303521990995073,low_c,0.6385396731937988,0.19481211435376847,0.3661759734480799
GO:0004843,cysteine-type deubiquitinase activity,molecular_function,23,6011,0.7151896760869564,0.7261456054350357,-0.09513229357265252,62311.0,0.4303521990995073,low_c,0.6385396731937988,0.19481211435376847,0.3661759734480799
GO:0003730,mRNA 3'-UTR binding,molecular_function,19,6011,0.7122010763157893,0.7261456054350357,-0.10445506289087203,50978.0,0.4311417410336551,low_c,0.6391648697134289,0.19438710307591495,0.36537992884402487
GO:0051537,"2 iron, 2 sulfur cluster binding",molecular_function,17,6011,0.7505024705882353,0.7261456054350357,0.10999234528646284,56553.0,0.4328900883190727,high_c,0.6409461149952534,0.19317848053407607,0.3636223579096726
GO:0019210,kinase inhibitor activity,molecular_function,19,6011,0.7474731431578947,0.7261456054350357,0.10401588082355429,62845.0,0.4330816779317006,high_c,0.6409461149952534,0.19317848053407607,0.36343018925901993
GO:0051503,adenine nucleotide transport,biological_process,33,6011,0.7517647521212121,0.7261456054350357,0.07887506716546522,106417.0,0.43390644221242625,high_c,0.6416197475986133,0.19272227792038896,0.3626039018492664
GO:0106310,protein serine kinase activity,molecular_function,120,6011,0.7499547831666666,0.7261456054350357,0.04162847281163362,368174.0,0.4343148418786885,high_c,0.6416770770224709,0.19268347496853724,0.3621953292012553
GO:0016042,lipid catabolic process,biological_process,52,6011,0.7527320065384617,0.7261456054350357,0.06262989401938901,164637.5,0.4361262100382307,high_c,0.6438053576754834,0.1912454134857322,0.3603878125860856
GO:0030136,clathrin-coated vesicle,cellular_component,16,6011,0.77125851375,0.7261456054350357,0.11198915763135942,53331.0,0.43850881491664473,high_c,0.6463581302406028,0.18952678403174836,0.35802167201018925
GO:0033047,regulation of mitotic sister chromatid segregation,biological_process,31,6011,0.7335070319354842,0.7261456054350357,-0.08047254288488515,85231.0,0.4389727033727382,low_c,0.6463581302406028,0.18952678403174836,0.3575624846398132
GO:0031578,mitotic spindle orientation checkpoint signaling,biological_process,16,6011,0.7684238299999999,0.7261456054350357,0.1118849040867389,53326.0,0.438935227668093,high_c,0.6463581302406028,0.18952678403174836,0.3575995625409627
GO:0000152,nuclear ubiquitin ligase complex,cellular_component,23,6011,0.7268241773913043,0.7261456054350357,-0.09328802532601432,62438.0,0.43934481202990283,low_c,0.6463581302406028,0.18952678403174836,0.3571944975660961
GO:0016078,tRNA decay,biological_process,18,6011,0.7642638527777776,0.7261456054350357,0.10519680367836548,59611.0,0.4402654932072405,high_c,0.6471641796848175,0.1889855287810454,0.3562853520080037
GO:0007059,chromosome segregation,biological_process,93,6011,0.7571649244086023,0.7261456054350357,0.04644114729256832,287967.0,0.4415361685827369,high_c,0.6484829007272684,0.1881014709564584,0.35503371525169497
GO:1902806,regulation of cell cycle G1/S phase transition,biological_process,26,6011,0.7493494196153847,0.7261456054350357,0.08645973909131799,84532.0,0.44616831911298616,high_c,0.6547322079291158,0.18393629451127494,0.35050127072381765
GO:0034243,regulation of transcription elongation by RNA polymerase II,biological_process,71,6011,0.7526149638028168,0.7261456054350357,0.05215535638070845,221868.0,0.44930376742539035,high_c,0.6587764698061467,0.1812619213660481,0.34745993981962026
GO:0030474,spindle pole body duplication,biological_process,16,6011,0.7696547043749999,0.7261456054350357,0.10907005838198502,53191.0,0.4505380809727769,high_c,0.6600287836023129,0.180437124629226,0.34626849512357644
GO:1904669,ATP export,biological_process,17,6011,0.76249144,0.7261456054350357,0.10545839957604652,56322.0,0.4520959475762474,high_c,0.6617525843105948,0.17930435399391403,0.3447693858061433
GO:0045005,DNA-templated DNA replication maintenance of fidelity,biological_process,26,6011,0.7288673342307692,0.7261456054350357,-0.08495597969282176,71195.0,0.4541179009456905,low_c,0.6631442747898906,0.1783919754735521,0.3428313782384203
GO:0055088,lipid homeostasis,biological_process,46,6011,0.7325920608695654,0.7261456054350357,-0.06403294580706298,128410.0,0.4537197487038138,low_c,0.6631442747898906,0.1783919754735521,0.34321231712712513
GO:0006813,potassium ion transport,biological_process,19,6011,0.7297722342105263,0.7261456054350357,-0.09930784906190715,51271.0,0.45419270894307595,low_c,0.6631442747898906,0.1783919754735521,0.34275984169533363
GO:0006334,nucleosome assembly,biological_process,39,6011,0.7526717492307693,0.7261456054350357,0.06927198722242256,124521.0,0.45521568537517476,high_c,0.6640793527826079,0.177780022414336,0.34178278186227834
GO:0034204,lipid translocation,biological_process,18,6011,0.723257731111111,0.7261456054350357,-0.10150731408865898,48462.0,0.45646776833796765,low_c,0.665346805906559,0.17695192367266444,0.34058988303036
GO:0016241,regulation of macroautophagy,biological_process,43,6011,0.7317475174418605,0.7261456054350357,-0.06555895005923063,119900.0,0.4581887281625934,low_c,0.667163959458129,0.17576742254900768,0.33895559903357103
GO:0016073,snRNA metabolic process,biological_process,31,6011,0.761125126129032,0.7261456054350357,0.07708490667817447,99835.0,0.4584830666091866,high_c,0.667163959458129,0.17576742254900768,0.3386766997191389
GO:1902911,protein kinase complex,cellular_component,63,6011,0.7531512315873017,0.7261456054350357,0.05397572613443491,197475.0,0.4604859943930668,high_c,0.6691704290907611,0.17446325893268608,0.3367835742625847
GO:0015297,antiporter activity,molecular_function,25,6011,0.7083173227999999,0.7261456054350357,-0.0853859004343468,68436.0,0.46063287025544897,low_c,0.6691704290907611,0.17446325893268608,0.3366450744890027
GO:0005319,lipid carrier activity,molecular_function,43,6011,0.7540565251162791,0.7261456054350357,0.06506016584575103,136660.0,0.4616160922236492,high_c,0.6700380736624205,0.17390051862500078,0.3357190598130818
GO:0031110,regulation of microtubule polymerization or depolymerization,biological_process,22,6011,0.7649505972727272,0.7261456054350357,0.09063586271801327,71850.0,0.46242606571291867,high_c,0.6706530075836481,0.1735021234522604,0.3349576938863228
GO:1905818,regulation of chromosome separation,biological_process,34,6011,0.7340348244117647,0.7261456054350357,-0.07283803600074801,94208.0,0.46329369140311405,low_c,0.6713504576592705,0.17305071068864042,0.334143613475821
GO:0005938,cell cortex,cellular_component,66,6011,0.7505872089393939,0.7261456054350357,0.05225170120039757,206436.0,0.4647165259885203,high_c,0.6728506164437625,0.17208134536804587,0.3328118831096703
GO:0000993,RNA polymerase II complex binding,molecular_function,32,6011,0.7347313240625,0.7261456054350357,-0.07459441378156884,88528.0,0.4661158827296922,low_c,0.6743143103489547,0.1711376235954375,0.3315060983882858
GO:0006891,intra-Golgi vesicle-mediated transport,biological_process,38,6011,0.7561374110526315,0.7261456054350357,0.06842193378977335,121252.0,0.4665364218530086,high_c,0.6743607230115095,0.1711077323870332,0.33111444582460026
GO:0015867,ATP transport,biological_process,31,6011,0.7500267080645161,0.7261456054350357,0.07526162477074116,99666.0,0.4691819161274863,high_c,0.6751135652412891,0.17062316552584528,0.3286587354256407
GO:0071071,regulation of phospholipid biosynthetic process,biological_process,16,6011,0.7251160175,0.7261456054350357,-0.10500417014178487,42924.0,0.46760044187353433,low_c,0.6751135652412891,0.17062316552584528,0.3301250871099687
GO:0008186,"ATP-dependent activity, acting on RNA",molecular_function,45,6011,0.7519045375555555,0.7261456054350357,0.06250977762878529,142626.0,0.4693905951879239,high_c,0.6751135652412891,0.17062316552584528,0.32846561626896914
GO:0140110,transcription regulator activity,molecular_function,269,6011,0.7377710671375465,0.7261456054350357,-0.026090931103109005,752149.0,0.46886193106541596,low_c,0.6751135652412891,0.17062316552584528,0.3289550280830782
GO:0006360,transcription by RNA polymerase I,biological_process,40,6011,0.74937311175,0.7261456054350357,0.06646290403617483,127357.0,0.46812566503013275,high_c,0.6751135652412891,0.17062316552584528,0.32963754798724754
GO:0015868,purine ribonucleotide transport,biological_process,31,6011,0.7500267080645161,0.7261456054350357,0.07526162477074116,99666.0,0.4691819161274863,high_c,0.6751135652412891,0.17062316552584528,0.3286587354256407
GO:0090575,RNA polymerase II transcription regulator complex,cellular_component,74,6011,0.7344184186486487,0.7261456054350357,-0.04878703868092449,208952.0,0.4700925648498302,low_c,0.6755634872345242,0.17033383115710335,0.32781661771246345
GO:0051055,negative regulation of lipid biosynthetic process,biological_process,17,6011,0.7680658805882353,0.7261456054350357,0.10098333627745393,56094.0,0.4715158269137726,high_c,0.6763603219073159,0.16982187783678074,0.32650372514095405
GO:0045833,negative regulation of lipid metabolic process,biological_process,17,6011,0.7680658805882353,0.7261456054350357,0.10098333627745393,56094.0,0.4715158269137726,high_c,0.6763603219073159,0.16982187783678074,0.32650372514095405
GO:0004659,prenyltransferase activity,molecular_function,17,6011,0.7720732411764706,0.7261456054350357,0.10082631651259111,56086.0,0.47220547819796477,high_c,0.6763603219073159,0.16982187783678074,0.32586897884698646
GO:0016482,cytosolic transport,biological_process,78,6011,0.7497399006410256,0.7261456054350357,0.04733628077636176,242340.0,0.47195623556482924,high_c,0.6763603219073159,0.16982187783678074,0.32609827156488075
GO:0000018,regulation of DNA recombination,biological_process,34,6011,0.7278425844117647,0.7261456054350357,-0.07101733114192643,94393.0,0.4745475554695959,low_c,0.6785951864046281,0.16838922533534936,0.3237202594365837
GO:0000793,condensed chromosome,cellular_component,32,6011,0.7404282321875,0.7261456054350357,0.07321458437865869,102668.0,0.47440458033436783,high_c,0.6785951864046281,0.16838922533534936,0.3238511265486455
GO:0022618,protein-RNA complex assembly,biological_process,184,6011,0.7459708287500001,0.7261456054350357,0.030887883242178393,552642.5,0.4749634502274209,high_c,0.6786309050162985,0.16836636636431818,0.3233398092704603
GO:0070786,positive regulation of growth of unicellular organism as a thread of attached cells,biological_process,17,6011,0.7673867364705883,0.7261456054350357,0.09945239357004065,56016.0,0.47826356914500723,high_c,0.6827841743714905,0.16571655355435289,0.3203326994581098
GO:0016973,poly(A)+ mRNA export from nucleus,biological_process,34,6011,0.7538096705882352,0.7261456054350357,0.07035794073359636,108758.0,0.47866001099744926,high_c,0.6827886434606179,0.1657137109366297,0.3199728535470378
GO:0009410,response to xenobiotic stimulus,biological_process,20,6011,0.7211692055000001,0.7261456054350357,-0.09065264563511932,54479.0,0.48336518522028626,low_c,0.688934286980638,0.16182220067977826,0.31572463322339483
GO:1902412,regulation of mitotic cytokinesis,biological_process,16,6011,0.76745448,0.7261456054350357,0.10102168473728113,52805.0,0.48465428322300896,high_c,0.6902049513331777,0.16102192952879132,0.31456794475088257
GO:0071826,protein-RNA complex organization,biological_process,193,6011,0.7452414925388602,0.7261456054350357,0.029496630966608928,577997.5,0.48505603484180637,high_c,0.6902108823650621,0.16101819758895622,0.31420808775468106
GO:0007155,cell adhesion,biological_process,16,6011,0.6849986299999999,0.7261456054350357,-0.10047956630525434,43141.0,0.48700153417045644,low_c,0.6924116816706899,0.15963561375689198,0.3124696706524826
GO:0006874,intracellular calcium ion homeostasis,biological_process,23,6011,0.7355457573913042,0.7261456054350357,-0.08351485579855367,63111.0,0.4887613613259073,low_c,0.6943451090521892,0.15842461930909443,0.3109031342430321
GO:0006275,regulation of DNA replication,biological_process,60,6011,0.7469731058333332,0.7261456054350357,0.051750406094213774,187769.0,0.48973155285057424,high_c,0.6951545181918208,0.1579186501734255,0.3100419139776131
GO:0000209,protein polyubiquitination,biological_process,45,6011,0.7492051662222222,0.7261456054350357,0.059567176965769075,142231.0,0.4905639892611463,high_c,0.6957672265991421,0.1575360321023177,0.3093043351332484
GO:0006361,transcription initiation at RNA polymerase I promoter,biological_process,19,6011,0.7561204189473686,0.7261456054350357,0.09106879347902463,62108.0,0.4924965120549183,high_c,0.6979379142263985,0.15618320876384087,0.3075968409037627
GO:2000045,regulation of G1/S transition of mitotic cell cycle,biological_process,24,6011,0.74715174,0.7261456054350357,0.08096709537330882,77661.0,0.49300340826476075,high_c,0.6980863921269369,0.15609082766010496,0.3071500783181818
GO:0006972,hyperosmotic response,biological_process,32,6011,0.7253620175000001,0.7261456054350357,-0.07000543569158724,88967.0,0.49399143349858765,low_c,0.6989153451944158,0.15557542417047682,0.30628058228394567
GO:0010965,regulation of mitotic sister chromatid separation,biological_process,33,6011,0.7342416433333333,0.7261456054350357,-0.06874702190861437,91856.0,0.49521555849140475,low_c,0.7000767178673278,0.15485436524175233,0.3052057192770765
GO:0034085,establishment of sister chromatid cohesion,biological_process,23,6011,0.7630125591304349,0.7261456054350357,0.08197554529348561,74507.0,0.496808878748502,high_c,0.7017577001687546,0.15381281328924443,0.3038106512432634
GO:0046873,metal ion transmembrane transporter activity,molecular_function,58,6011,0.7549966793103449,0.7261456054350357,0.05164593916715421,181553.0,0.4978556180661863,high_c,0.7023907782743022,0.15342119893975942,0.30289658769936434
GO:0005684,U2-type spliceosomal complex,cellular_component,59,6011,0.722318335084746,0.7261456054350357,-0.05104109713869143,166622.0,0.49928008087009734,low_c,0.7023907782743022,0.15342119893975942,0.3016557600830096
GO:0071038,TRAMP-dependent tRNA surveillance pathway,biological_process,16,6011,0.762047486875,0.7261456054350357,0.09770642201834856,52646.0,0.4991040904861217,high_c,0.7023907782743022,0.15342119893975942,0.3018088707905171
GO:0106354,tRNA surveillance,biological_process,16,6011,0.762047486875,0.7261456054350357,0.09770642201834856,52646.0,0.4991040904861217,high_c,0.7023907782743022,0.15342119893975942,0.3018088707905171
GO:0000302,response to reactive oxygen species,biological_process,17,6011,0.7508057617647059,0.7261456054350357,0.09495770280084015,55787.0,0.4983756725099078,high_c,0.7023907782743022,0.15342119893975942,0.30244316529063286
GO:0007120,axial cellular bud site selection,biological_process,15,6011,0.7246496813333334,0.7261456054350357,-0.10066711140760509,40443.0,0.5001067275160727,low_c,0.7029840315529572,0.1530545399690805,0.3009373032138691
GO:0140006,histone H3 reader activity,molecular_function,18,6011,0.7597222222222224,0.7261456054350357,0.09118045126721919,58855.0,0.5035534550782397,high_c,0.7072563090742914,0.15042316973321326,0.2979544198208894
GO:0031573,mitotic intra-S DNA damage checkpoint signaling,biological_process,21,6011,0.7310201590476191,0.7261456054350357,-0.08426742984338975,57595.0,0.5044118784084998,low_c,0.7078892650906674,0.1500346735550832,0.29721469476643564
GO:0042138,meiotic DNA double-strand break formation,biological_process,18,6011,0.765873555,0.7261456054350357,0.09079110814468727,58834.0,0.5053775030838027,high_c,0.7086715229026506,0.14955501847980063,0.2963840946361745
GO:0140115,export across plasma membrane,biological_process,15,6011,0.7626202,0.7261456054350357,0.09913275517011333,49428.0,0.5066629424602855,high_c,0.7099006199443548,0.14880244456355615,0.29528085902796575
GO:0032204,regulation of telomere maintenance,biological_process,23,6011,0.7315018913043478,0.7261456054350357,-0.07949231796927192,63388.0,0.509938610851566,low_c,0.7133387819809175,0.14670416411550566,0.29248210345724895
GO:0070784,regulation of growth of unicellular organism as a thread of attached cells,biological_process,38,6011,0.754638527894737,0.7261456054350357,0.061945421061443184,120517.0,0.5097670370309502,high_c,0.7133387819809175,0.14670416411550566,0.2926282506603961
GO:0042162,telomeric repeat DNA binding,molecular_function,31,6011,0.7348578561290322,0.7261456054350357,-0.06815190419678496,86373.0,0.5121910553218549,low_c,0.7136724330033023,0.14650107839477403,0.290568010128191
GO:0006862,nucleotide transport,biological_process,39,6011,0.7491466958974359,0.7261456054350357,0.06080512477029565,123535.0,0.5121651549028459,high_c,0.7136724330033023,0.14650107839477403,0.29058997203742676
GO:0120545,nucleic acid conformation isomerase activity,molecular_function,99,6011,0.7297911297979798,0.7261456054350357,-0.038312762264047784,281432.0,0.5126437349971877,low_c,0.7136724330033023,0.14650107839477403,0.29018434575670454
GO:0140104,molecular carrier activity,molecular_function,107,6011,0.7506573877570094,0.7261456054350357,0.036901957804624796,327520.0,0.5123651253334311,high_c,0.7136724330033023,0.14650107839477403,0.29042043862816563
GO:0000055,ribosomal large subunit export from nucleus,biological_process,32,6011,0.756316016875,0.7261456054350357,0.06724577688576683,102097.0,0.5111747916376961,high_c,0.7136724330033023,0.14650107839477403,0.2914305713648876
GO:0003713,transcription coactivator activity,molecular_function,50,6011,0.7562575696,0.7261456054350357,0.05377621204495897,157039.0,0.5119650570555561,high_c,0.7136724330033023,0.14650107839477403,0.29075967973867367
GO:0009408,response to heat,biological_process,79,6011,0.7453054005063291,0.7261456054350357,0.042489992061933934,244270.0,0.5158693704836022,high_c,0.7166802383272568,0.14467457056010863,0.28746025740456366
GO:0009653,anatomical structure morphogenesis,biological_process,18,6011,0.7634216311111112,0.7261456054350357,0.08852921000426428,58712.0,0.5160427983347183,high_c,0.7166802383272568,0.14467457056010863,0.28731427839252527
GO:0000902,cell morphogenesis,biological_process,18,6011,0.7634216311111112,0.7261456054350357,0.08852921000426428,58712.0,0.5160427983347183,high_c,0.7166802383272568,0.14467457056010863,0.28731427839252527
GO:0031396,regulation of protein ubiquitination,biological_process,18,6011,0.7635647227777779,0.7261456054350357,0.08838088881472839,58704.0,0.5167462181441211,high_c,0.7170834809737764,0.1444302819670699,0.286722693114123
GO:0031490,chromatin DNA binding,molecular_function,18,6011,0.7534023983333332,0.7261456054350357,0.08756512227228064,58660.0,0.5206238886921328,high_c,0.7179304880843537,0.14391760325465836,0.2834759082798974
GO:0043162,ubiquitin-dependent protein catabolic process via the multivesicular body sorting pathway,biological_process,21,6011,0.7579068080952381,0.7261456054350357,0.08110342634549639,67996.0,0.5205507994190357,high_c,0.7179304880843537,0.14391760325465836,0.28353688223250495
GO:0034087,establishment of mitotic sister chromatid cohesion,biological_process,20,6011,0.7634295784999999,0.7261456054350357,0.08324152896010673,64897.0,0.5198384381035416,high_c,0.7179304880843537,0.14391760325465836,0.28413161086988387
GO:0016558,protein import into peroxisome matrix,biological_process,19,6011,0.7573359394736843,0.7261456054350357,0.08546483030004914,61789.0,0.5195073756771815,high_c,0.7179304880843537,0.14391760325465836,0.28440828219118997
GO:0044743,protein transmembrane import into intracellular organelle,biological_process,19,6011,0.7573359394736843,0.7261456054350357,0.08546483030004914,61789.0,0.5195073756771815,high_c,0.7179304880843537,0.14391760325465836,0.28440828219118997
GO:0004549,tRNA-specific ribonuclease activity,molecular_function,15,6011,0.7494807760000001,0.7261456054350357,0.09628641316433173,49300.0,0.5189438119615182,high_c,0.7179304880843537,0.14391760325465836,0.2848796623366509
GO:0006405,RNA export from nucleus,biological_process,74,6011,0.745577546081081,0.7261456054350357,0.04338345419699641,229199.0,0.5206650256326044,high_c,0.7179304880843537,0.14391760325465836,0.28344159398726887
GO:0006367,transcription initiation at RNA polymerase II promoter,biological_process,40,6011,0.7553766535,0.7261456054350357,0.05888460894322556,126452.0,0.5203541531990473,high_c,0.7179304880843537,0.14391760325465836,0.2837009747733835
GO:0015802,basic amino acid transport,biological_process,19,6011,0.7020413321052632,0.7261456054350357,-0.0849202445365751,52090.0,0.522172423856593,low_c,0.7194375617579726,0.1430068914572294,0.28218606718013955
GO:0016747,"acyltransferase activity, transferring groups other than amino-acyl groups",molecular_function,110,6011,0.7417451863636363,0.7261456054350357,0.03548242978847971,336071.0,0.5231062664373796,high_c,0.720152639599755,0.1425754431380259,0.2814100774054174
GO:0007584,response to nutrient,biological_process,19,6011,0.7578394684210527,0.7261456054350357,0.08449862975194988,61734.0,0.5242405028902373,high_c,0.7211422448632742,0.14197906251199433,0.28046942844435196
GO:0031125,rRNA 3'-end processing,biological_process,23,6011,0.7622910634782609,0.7261456054350357,0.07645726235078842,74127.0,0.5262292430226152,high_c,0.7233048027610927,0.1406786511676212,0.27882502145276356
GO:0005686,U2 snRNP,cellular_component,17,6011,0.7193711088235295,0.7261456054350357,-0.08869653967693181,46430.0,0.5271248371883342,low_c,0.7239625928472692,0.14028387322234995,0.27808652011645685
GO:0031167,rRNA methylation,biological_process,17,6011,0.7358701770588236,0.7261456054350357,0.08853951991206888,55460.0,0.5278565456782234,high_c,0.724274615840252,0.1400967355554495,0.27748408861266616
GO:0006284,base-excision repair,biological_process,20,6011,0.7533808985,0.7261456054350357,0.08117175763645479,64773.0,0.5302724865973274,high_c,0.724274615840252,0.1400967355554495,0.2755009058419144
GO:0004674,protein serine/threonine kinase activity,molecular_function,125,6011,0.74874814008,0.7261456054350357,0.032872579001019364,379968.0,0.528797507642424,high_c,0.724274615840252,0.1400967355554495,0.27671060045829565
GO:0032790,ribosome disassembly,biological_process,22,6011,0.7602402381818181,0.7261456054350357,0.07750573020234075,70985.0,0.5297469175840992,high_c,0.724274615840252,0.1400967355554495,0.27593156162068133
GO:0071561,nucleus-vacuole junction,cellular_component,20,6011,0.7148104564999999,0.7261456054350357,-0.08122183274912365,55044.0,0.5300188000864855,low_c,0.724274615840252,0.1400967355554495,0.2757087254388081
GO:0006271,DNA strand elongation involved in DNA replication,biological_process,24,6011,0.7562301233333334,0.7261456054350357,0.07446690050665339,77194.0,0.5283684636285082,high_c,0.724274615840252,0.1400967355554495,0.2770631117252699
GO:1905354,exoribonuclease complex,cellular_component,18,6011,0.769411733888889,0.7261456054350357,0.08571110740308141,58560.0,0.52949219838975,high_c,0.724274615840252,0.1400967355554495,0.2761404344634697
GO:0008023,transcription elongation factor complex,cellular_component,22,6011,0.7244480386363636,0.7261456054350357,-0.07705034988387804,60803.0,0.532168004954587,low_c,0.7262921828625497,0.13888863015765865,0.2739512396857367
GO:0000785,chromatin,cellular_component,176,6011,0.7466030777272727,0.7261456054350357,0.027417815689023906,527558.5,0.5348312750544306,high_c,0.7293535691237168,0.1370618874647804,0.2717832046515981
GO:1901264,carbohydrate derivative transport,biological_process,49,6011,0.748295346734694,0.7261456054350357,0.05118129103368951,153545.0,0.5366326658514289,high_c,0.7312357205008482,0.1359426016868391,0.2703228945279806
GO:0140597,protein carrier activity,molecular_function,37,6011,0.7580099456756757,0.7261456054350357,0.058722934518046666,117009.0,0.5374467158464029,high_c,0.7317705872230239,0.13562505052507384,0.26966458659557296
GO:0032258,cytoplasm to vacuole targeting by the Cvt pathway,biological_process,49,6011,0.7595144273469386,0.7261456054350357,0.051003292964284075,153519.0,0.5380503457425088,high_c,0.7320183387217831,0.13547803874227546,0.2691770851976051
GO:0007130,synaptonemal complex assembly,biological_process,17,6011,0.7173933764705883,0.7261456054350357,-0.08626273332155687,46554.0,0.5385241762504427,low_c,0.7320892482151672,0.13543597133959265,0.2687947949166504
GO:0031967,organelle envelope,cellular_component,124,6011,0.7516056538709677,0.7261456054350357,0.03213477481821614,376723.0,0.5396847299739933,high_c,0.7330928726407295,0.13484100282081152,0.26785986983890325
GO:0009062,fatty acid catabolic process,biological_process,26,6011,0.7564338592307693,0.7261456054350357,0.06864597390913185,83146.0,0.5452817958375964,high_c,0.7401166517389112,0.13069982457459065,0.26337900093640987
GO:1902554,serine/threonine protein kinase complex,cellular_component,55,6011,0.7509418894545455,0.7261456054350357,0.0471640515293974,171515.0,0.5465313065270323,high_c,0.7402198867799484,0.13063925130956933,0.2623849556492857
GO:1905037,autophagosome organization,biological_process,28,6011,0.7503788653571428,0.7261456054350357,0.06593682099281306,89285.0,0.546637036205008,high_c,0.7402198867799484,0.13063925130956933,0.26230094696724376
GO:0000045,autophagosome assembly,biological_process,28,6011,0.7503788653571428,0.7261456054350357,0.06593682099281306,89285.0,0.546637036205008,high_c,0.7402198867799484,0.13063925130956933,0.26230094696724376
GO:0031501,mannosyltransferase complex,cellular_component,18,6011,0.7529855522222222,0.7261456054350357,0.0820216178133748,58361.0,0.5473657643816175,high_c,0.740628968796951,0.1303993050564723,0.2617223695220169
GO:1903241,U2-type prespliceosome assembly,biological_process,22,6011,0.7231726227272727,0.7261456054350357,-0.07409037781387084,60998.0,0.5480404407319475,low_c,0.740964334198334,0.13020269597969672,0.26118739308733535
GO:0046486,glycerolipid metabolic process,biological_process,123,6011,0.7505378696747965,0.7261456054350357,0.031422598533050516,373490.5,0.5502904913657801,high_c,0.7434274653782057,0.12876139825527988,0.2594079914284396
GO:0003724,RNA helicase activity,molecular_function,44,6011,0.7501088475,0.7261456054350357,0.05171625759861054,138063.0,0.5539154890242566,high_c,0.7460025515485721,0.1272596871096769,0.25655649059674696
GO:0044182,filamentous growth of a population of unicellular organisms,biological_process,75,6011,0.7427340357333333,0.7261456054350357,0.039725965858041334,231443.0,0.5537986287285346,high_c,0.7460025515485721,0.1272596871096769,0.2566481239540556
GO:0070783,growth of unicellular organism as a thread of attached cells,biological_process,75,6011,0.7427340357333333,0.7261456054350357,0.039725965858041334,231443.0,0.5537986287285346,high_c,0.7460025515485721,0.1272596871096769,0.2566481239540556
GO:0045834,positive regulation of lipid metabolic process,biological_process,20,6011,0.753472652,0.7261456054350357,0.07666499749624434,64503.0,0.5533538806545333,high_c,0.7460025515485721,0.1272596871096769,0.25699704001237333
GO:0030968,endoplasmic reticulum unfolded protein response,biological_process,19,6011,0.7588453963157895,0.7261456054350357,0.07831494624411506,61382.0,0.5550469328958314,high_c,0.7469468802381111,0.12671028230743486,0.255670292848659
GO:0070193,synaptonemal complex organization,biological_process,19,6011,0.7211281578947368,0.7261456054350357,-0.0778406296114117,52493.0,0.5574459630665256,low_c,0.7495942617222994,0.1251737467092319,0.2537972252832847
GO:0003774,cytoskeletal motor activity,molecular_function,17,6011,0.7664462570588235,0.7261456054350357,0.0820231996702585,55128.0,0.5586719268786906,high_c,0.7506613506667237,0.12455594409668047,0.2528431512780883
GO:0000154,rRNA modification,biological_process,28,6011,0.7396867524999999,0.7261456054350357,0.0638117523459325,89107.0,0.5596391771909257,high_c,0.7513794366615987,0.12414069464207682,0.2520918906021559
GO:0097747,RNA polymerase activity,molecular_function,34,6011,0.7571492420588235,0.7261456054350357,0.05781968132744142,107484.0,0.5604330950120981,high_c,0.7518638739884099,0.12386078191782962,0.2514762264256212
GO:0008374,O-acyltransferase activity,molecular_function,25,6011,0.7497227448,0.7261456054350357,0.06712996992983622,79848.0,0.5618833403567771,high_c,0.7532273968025985,0.12307389196949613,0.2503538443926986
GO:0000463,"maturation of LSU-rRNA from tricistronic rRNA transcript (SSU-rRNA, 5.8S rRNA, LSU-rRNA)",biological_process,43,6011,0.7354454100000001,0.7261456054350357,-0.051117588378327805,121753.0,0.5629862364383507,low_c,0.7541235389328524,0.12255750309309539,0.24950222239899397
GO:0120543,macromolecular conformation isomerase activity,molecular_function,123,6011,0.7438672148780487,0.7261456054350357,0.03033039501590662,373095.0,0.5642354858487041,high_c,0.7552141892315731,0.12192985895484376,0.2485396037112368
GO:0072344,rescue of stalled cytosolic ribosome,biological_process,19,6011,0.7591343352631579,0.7261456054350357,0.07640011243060929,61273.0,0.5647626986323915,high_c,0.7553374767533372,0.12185896685401167,0.24813399523013435
GO:1903338,regulation of cell wall organization or biogenesis,biological_process,29,6011,0.749797828965517,0.7261456054350357,0.06177152146093445,92097.0,0.5655121842899324,high_c,0.7557576227308104,0.12161746374229525,0.24755803350974043
GO:0030246,carbohydrate binding,molecular_function,33,6011,0.7413460648484849,0.7261456054350357,0.057787645609659766,104337.0,0.5664406667193067,high_c,0.7564161518651665,0.12123920617414076,0.2468455747077771
GO:0070063,RNA polymerase binding,molecular_function,37,6011,0.738534805135135,0.7261456054350357,-0.05434359702856517,104513.0,0.5682128503095408,low_c,0.7570356931215372,0.12088364366995713,0.24548894879784555
GO:0043175,RNA polymerase core enzyme binding,molecular_function,37,6011,0.738534805135135,0.7261456054350357,-0.05434359702856517,104513.0,0.5682128503095408,low_c,0.7570356931215372,0.12088364366995713,0.24548894879784555
GO:0044380,protein localization to cytoskeleton,biological_process,24,6011,0.7610459629166666,0.7261456054350357,0.06753521518846384,76696.0,0.5674550045890243,high_c,0.7570356931215372,0.12088364366995713,0.24606856943602595
GO:0018205,peptidyl-lysine modification,biological_process,32,6011,0.7276085596874999,0.7261456054350357,-0.057837849138651976,90131.0,0.5720163802040821,low_c,0.7591495801099772,0.11967264384625405,0.24259153461538693
GO:0007052,mitotic spindle organization,biological_process,26,6011,0.7560549842307692,0.7261456054350357,0.06416682732472201,82797.5,0.5718184050804886,high_c,0.7591495801099772,0.11967264384625405,0.2427418701458244
GO:0007114,cell budding,biological_process,31,6011,0.7546286474193549,0.7261456054350357,0.05894918545689931,98154.0,0.5707695401188113,high_c,0.7591495801099772,0.11967264384625405,0.24353921164585118
GO:0072665,protein localization to vacuole,biological_process,134,6011,0.7513140058955223,0.7261456054350357,0.02847680941895936,404972.0,0.5724232720990554,high_c,0.7591495801099772,0.11967264384625405,0.24228271813597135
GO:0040020,regulation of meiotic nuclear division,biological_process,35,6011,0.7551282777142859,0.7261456054350357,0.05527347485178802,110360.5,0.5723204055458138,high_c,0.7591495801099772,0.11967264384625405,0.24236076945424972
GO:0019954,asexual reproduction,biological_process,31,6011,0.7546286474193549,0.7261456054350357,0.05894918545689931,98154.0,0.5707695401188113,high_c,0.7591495801099772,0.11967264384625405,0.24353921164585118
GO:0006521,regulation of amino acid metabolic process,biological_process,18,6011,0.7255531066666667,0.7261456054350357,-0.07670059513877303,49800.0,0.5736578390864695,low_c,0.7602061134764206,0.11906864218043026,0.24134706736513908
GO:1902099,regulation of metaphase/anaphase transition of cell cycle,biological_process,38,6011,0.7317217473684211,0.7261456054350357,-0.05268444843902831,107508.0,0.5750418904187931,low_c,0.7614589792273263,0.11835348769900625,0.24030051684939507
GO:0070071,proton-transporting two-sector ATPase complex assembly,biological_process,21,6011,0.7307990238095237,0.7261456054350357,-0.07062564591779952,58453.0,0.5758313829338384,low_c,0.7619232322966033,0.11808878386971083,0.2397046696705425
GO:0032784,regulation of DNA-templated transcription elongation,biological_process,80,6011,0.750542535,0.7261456054350357,0.03628182431293214,245847.5,0.5766778487083857,high_c,0.7624621061369059,0.11778173559374885,0.23906673034474257
GO:0004860,protein kinase inhibitor activity,molecular_function,18,6011,0.7422196066666666,0.7261456054350357,0.07584774829894125,58028.0,0.5779269125899219,high_c,0.7635320549894249,0.11717272545393202,0.2381270810706431
GO:0031145,anaphase-promoting complex-dependent catabolic process,biological_process,17,6011,0.71554188,0.7261456054350357,-0.07776403854835223,46987.0,0.5792747766659123,low_c,0.764730807826634,0.11649141353854835,0.23711538155324477
GO:0005085,guanyl-nucleotide exchange factor activity,molecular_function,51,6011,0.7442389982352942,0.7261456054350357,0.04476904855902086,158784.0,0.5814129726051582,high_c,0.7652258684174031,0.11621035709607394,0.23551528239018177
GO:0046943,carboxylic acid transmembrane transporter activity,molecular_function,66,6011,0.7458188742424243,0.7261456054350357,0.03952901597981495,203940.0,0.5802094280986412,high_c,0.7652258684174031,0.11621035709607394,0.23641521841865767
GO:0016311,dephosphorylation,biological_process,22,6011,0.7523349954545455,0.7261456054350357,0.06815525432990777,70369.0,0.5805550018429695,high_c,0.7652258684174031,0.11621035709607394,0.2361566288705717
GO:0006896,Golgi to vacuole transport,biological_process,28,6011,0.7504655928571428,0.7261456054350357,0.060349561853823896,88817.0,0.5811383828438091,high_c,0.7652258684174031,0.11621035709607394,0.23572043946956536
GO:0000966,RNA 5'-end processing,biological_process,69,6011,0.7463471424637682,0.7261456054350357,0.0382684793584358,212844.0,0.5841465985399189,high_c,0.7682412841403782,0.11450235820625512,0.23347814784087834
GO:0000467,"exonucleolytic trimming to generate mature 3'-end of 5.8S rRNA from tricistronic rRNA transcript (SSU-rRNA, 5.8S rRNA, LSU-rRNA)",biological_process,18,6011,0.7641223155555555,0.7261456054350357,0.07434599625489002,57947.0,0.585480314391654,high_c,0.7688304279757273,0.11416943694142118,0.23248770263227286
GO:0006111,regulation of gluconeogenesis,biological_process,19,6011,0.7652357963157895,0.7261456054350357,0.07241233925936341,61046.0,0.5852550803954739,high_c,0.7688304279757273,0.11416943694142118,0.23265480765586818
GO:0000973,post-transcriptional tethering of RNA polymerase II gene DNA at nuclear periphery,biological_process,17,6011,0.7275867170588236,0.7261456054350357,-0.07548725195784023,47103.0,0.5904326244811132,low_c,0.7727593475789204,0.11195573284842844,0.22882965348740336
GO:0043255,regulation of carbohydrate biosynthetic process,biological_process,36,6011,0.7502244733333332,0.7261456054350357,0.05193863319386338,113136.0,0.5905422287335709,high_c,0.7727593475789204,0.11195573284842844,0.22874904123381884
GO:0060089,molecular transducer activity,molecular_function,23,6011,0.75216556,0.7261456054350357,0.06488338996834253,73330.0,0.5906979575099236,high_c,0.7727593475789204,0.11195573284842844,0.22863453082446603
GO:0034708,methyltransferase complex,cellular_component,20,6011,0.7567502295,0.7261456054350357,0.06960440660991485,64080.0,0.5904759653253779,high_c,0.7727593475789204,0.11195573284842844,0.22879777516985006
GO:0042147,"retrograde transport, endosome to Golgi",biological_process,54,6011,0.7493218462962964,0.7261456054350357,0.04264512960165123,167698.0,0.5890204966931027,high_c,0.7727593475789204,0.11195573284842844,0.22986959240163968
GO:0032885,regulation of polysaccharide biosynthetic process,biological_process,16,6011,0.743878616875,0.7261456054350357,0.07733527939949969,51669.0,0.592674514510863,high_c,0.7739616500147188,0.11128055817966052,0.22718374737759803
GO:1901682,sulfur compound transmembrane transporter activity,molecular_function,24,6011,0.7538768595833334,0.7261456054350357,0.06313679639218317,76380.0,0.5929544899306314,high_c,0.7739616500147188,0.11128055817966052,0.22697863805304783
GO:0010962,regulation of glucan biosynthetic process,biological_process,16,6011,0.743878616875,0.7261456054350357,0.07733527939949969,51669.0,0.592674514510863,high_c,0.7739616500147188,0.11128055817966052,0.22718374737759803
GO:0032881,regulation of polysaccharide metabolic process,biological_process,20,6011,0.747208541,0.7261456054350357,0.06898681355366376,64043.0,0.5937768366904437,high_c,0.7744527336548537,0.11100508292644196,0.22637674829223994
GO:0004540,RNA nuclease activity,molecular_function,56,6011,0.7506900225,0.7261456054350357,0.04108792131462158,173591.0,0.5961181567659677,high_c,0.7769227628721621,0.1096221540764605,0.22466765008265135
GO:0120569,phospholipase activity,molecular_function,19,6011,0.7598196278947369,0.7261456054350357,0.06961035766987567,60886.5,0.5998574070776348,high_c,0.7812096464266872,0.1072324026550296,0.22195197408164352
GO:0055074,calcium ion homeostasis,biological_process,24,6011,0.7389877741666666,0.7261456054350357,-0.06143867267969494,67430.0,0.6029378166780796,low_c,0.7846327209543823,0.10533358476929051,0.2197274760292334
GO:0003697,single-stranded DNA binding,molecular_function,69,6011,0.7499949585507245,0.7261456054350357,0.03622456694910703,212425.0,0.6043865209280876,high_c,0.7853405691101498,0.10494196719101559,0.21868522989196182
GO:0000400,four-way junction DNA binding,molecular_function,15,6011,0.7152017806666665,0.7261456054350357,-0.0774293973760285,41488.0,0.6040075730337946,low_c,0.7853405691101498,0.10494196719101559,0.21895761616997755
GO:0006363,termination of RNA polymerase I transcription,biological_process,17,6011,0.7491954205882353,0.7261456054350357,0.07238611160179786,54637.0,0.6057874918380224,high_c,0.7865722407111495,0.10426138454551771,0.21767969812400645
GO:1902555,endoribonuclease complex,cellular_component,21,6011,0.7491277442857144,0.7261456054350357,0.06461562922330866,66959.0,0.6087430961402633,high_c,0.7874649887477624,0.10376874614999763,0.21556595115749744
GO:0097526,spliceosomal tri-snRNP complex,cellular_component,27,6011,0.7529363692592592,0.7261456054350357,0.05711527035056441,85398.0,0.6081028181591751,high_c,0.7874649887477624,0.10376874614999763,0.21602298391154715
GO:0000775,"chromosome, centromeric region",cellular_component,45,6011,0.7362384351111111,0.7261456054350357,-0.04436994822512752,128279.0,0.6075924847368883,low_c,0.7874649887477624,0.10376874614999763,0.21638760652993008
GO:0000151,ubiquitin ligase complex,cellular_component,96,6011,0.7410648008333333,0.7261456054350357,-0.030431107354184306,275280.0,0.6084968629893834,low_c,0.7874649887477624,0.10376874614999763,0.21574165636557147
GO:0046540,U4/U6 x U5 tri-snRNP complex,cellular_component,27,6011,0.7529363692592592,0.7261456054350357,0.05711527035056441,85398.0,0.6081028181591751,high_c,0.7874649887477624,0.10376874614999763,0.21602298391154715
GO:0030071,regulation of mitotic metaphase/anaphase transition,biological_process,37,6011,0.731843691891892,0.7261456054350357,-0.04848940001266755,105160.0,0.6106099837832757,low_c,0.7892918330958799,0.1027623908722519,0.2142360990440097
GO:0015932,nucleobase-containing compound transmembrane transporter activity,molecular_function,30,6011,0.7201439803333334,0.7261456054350357,-0.05317951290196732,84944.0,0.6148587895188748,low_c,0.7941926031285467,0.1000741621417093,0.21122461426437594
GO:0010906,regulation of glucose metabolic process,biological_process,22,6011,0.7640561236363635,0.7261456054350357,0.06184064724722593,69953.0,0.6161091107394827,high_c,0.7952159228578007,0.09951493250907581,0.21034236901112213
GO:0051276,chromosome organization,biological_process,258,6011,0.7455685310852713,0.7261456054350357,0.018328152349229354,755739.0,0.6179328638645277,high_c,0.7969773043601933,0.09855404589557369,0.20905870684808878
GO:0051054,positive regulation of DNA metabolic process,biological_process,36,6011,0.7514451680555555,0.7261456054350357,0.048033472803347355,112716.0,0.6187717175603407,high_c,0.7974667421564599,0.09828741986840875,0.20846954498589626
GO:0034062,5'-3' RNA polymerase activity,molecular_function,33,6011,0.75580143,0.7261456054350357,0.049960967993754934,103565.0,0.6201431942417317,high_c,0.7986413836822301,0.09764818945951984,0.20750801810069192
GO:0042054,histone methyltransferase activity,molecular_function,18,6011,0.7382534350000001,0.7261456054350357,-0.06735636019800884,50304.0,0.6212246993450112,low_c,0.7988489467132885,0.09753533308996581,0.2067512854354328
GO:0031929,TOR signaling,biological_process,26,6011,0.7438719303846154,0.7261456054350357,0.056082513977250725,82168.5,0.6212092483829409,high_c,0.7988489467132885,0.09753533308996581,0.20676208724518674
GO:0000056,ribosomal small subunit export from nucleus,biological_process,15,6011,0.7531275860000001,0.7261456054350357,0.07344896597731831,48273.0,0.6227334232734884,high_c,0.799013468442554,0.09744590000893459,0.20569782425178465
GO:0070550,rDNA chromatin condensation,biological_process,16,6011,0.7634387850000001,0.7261456054350357,0.07130942452043376,51380.0,0.6218182464083842,high_c,0.799013468442554,0.09744590000893459,0.20633653832658289
GO:0051445,regulation of meiotic cell cycle,biological_process,59,6011,0.7526181140677964,0.7261456054350357,0.03717593858210311,182111.5,0.6226615337866082,high_c,0.799013468442554,0.09744590000893459,0.20574796289626304
GO:1990816,vacuole-mitochondrion membrane contact site,cellular_component,15,6011,0.7618541606666667,0.7261456054350357,0.07302646208583496,48254.0,0.6247357775684128,high_c,0.8009480675492908,0.0963956421029589,0.2043036220264266
GO:0070897,transcription preinitiation complex assembly,biological_process,47,6011,0.7529171963829788,0.7261456054350357,0.041311699987157,145944.0,0.6251639582541988,high_c,0.8009480675492908,0.0963956421029589,0.20400606773300745
GO:0034762,regulation of transmembrane transport,biological_process,19,6011,0.7331826010526316,0.7261456054350357,-0.0646300330264915,53245.0,0.626210463011397,low_c,0.8016971709349449,0.09598964895781976,0.2032796802672483
GO:0000288,"nuclear-transcribed mRNA catabolic process, deadenylation-dependent decay",biological_process,16,6011,0.7490641675,0.7261456054350357,0.07028773978315273,51331.0,0.6268206656641258,high_c,0.801887012227651,0.09588682052248033,0.2028566937032164
GO:0034212,protein N-acetyltransferase activity,molecular_function,31,6011,0.7198513141935485,0.7261456054350357,-0.05015643542992776,88041.0,0.6295571360790643,low_c,0.8030207114131195,0.095273253306086,0.20096484894322442
GO:0071692,protein localization to extracellular region,biological_process,15,6011,0.7438227613333334,0.7261456054350357,0.07204803202134746,48210.0,0.6293834391142026,high_c,0.8030207114131195,0.095273253306086,0.20108468880751645
GO:0140186,protein N-acyltransferase activity,molecular_function,31,6011,0.7198513141935485,0.7261456054350357,-0.05015643542992776,88041.0,0.6295571360790643,low_c,0.8030207114131195,0.095273253306086,0.20096484894322442
GO:0000398,"mRNA splicing, via spliceosome",biological_process,104,6011,0.7317019065384616,0.7261456054350357,-0.02764972457709891,298671.0,0.628329571072234,low_c,0.8030207114131195,0.095273253306086,0.20181250060351658
GO:0006665,sphingolipid metabolic process,biological_process,46,6011,0.7515408202173911,0.7261456054350357,0.04110208097962764,142834.0,0.6305830040839745,high_c,0.8034749227945887,0.09502767342694332,0.20025773884028028
GO:0005546,"phosphatidylinositol-4,5-bisphosphate binding",molecular_function,17,6011,0.7493011076470588,0.7261456054350357,0.06740073406740077,54383.0,0.6308388938761661,high_c,0.8034749227945887,0.09502767342694332,0.20008153843274287
GO:0016814,"hydrolase activity, acting on carbon-nitrogen (but not peptide) bonds, in cyclic amidines",molecular_function,17,6011,0.7332396711764706,0.7261456054350357,0.06691004730220418,54358.0,0.6333283126242512,high_c,0.8060542160672287,0.09363574610191382,0.19837109662192678
GO:0071229,cellular response to acid chemical,biological_process,27,6011,0.7323041103703704,0.7261456054350357,-0.05300554565260451,76502.0,0.6341583428429032,low_c,0.8065193283335385,0.09338522023036319,0.19780228969406147
GO:0006279,premeiotic DNA replication,biological_process,15,6011,0.734335156,0.7261456054350357,-0.07055814987769626,41797.0,0.6364887913424927,low_c,0.8088905869477068,0.09211021843518817,0.19620923993014755
GO:0005637,nuclear inner membrane,cellular_component,19,6011,0.7358827268421053,0.7261456054350357,-0.06231115171105328,53377.0,0.6386483116867578,low_c,0.8110413087697232,0.09095702530319184,0.1947382315758427
GO:0006023,aminoglycan biosynthetic process,biological_process,20,6011,0.745663484,0.7261456054350357,0.06027374394925733,63521.0,0.6412171041498278,high_c,0.8119277117462445,0.09048263552143218,0.19299490157239266
GO:0006031,chitin biosynthetic process,biological_process,20,6011,0.745663484,0.7261456054350357,0.06027374394925733,63521.0,0.6412171041498278,high_c,0.8119277117462445,0.09048263552143218,0.19299490157239266
GO:0003678,DNA helicase activity,molecular_function,43,6011,0.7333750720930233,0.7261456054350357,-0.04119645863208432,123026.0,0.6411135975287794,low_c,0.8119277117462445,0.09048263552143218,0.19306501196497788
GO:1901073,glucosamine-containing compound biosynthetic process,biological_process,20,6011,0.745663484,0.7261456054350357,0.06027374394925733,63521.0,0.6412171041498278,high_c,0.8119277117462445,0.09048263552143218,0.19299490157239266
GO:0003714,transcription corepressor activity,molecular_function,29,6011,0.7494618289655173,0.7261456054350357,0.05001210528136135,91077.0,0.6417432007978131,high_c,0.8120016010094778,0.09044311446708057,0.1926387239368208
GO:0071035,nuclear polyadenylation-dependent rRNA catabolic process,biological_process,19,6011,0.7559354084210526,0.7261456054350357,0.06109900920525613,60402.0,0.6451908973591616,high_c,0.8157694084599451,0.08843258485631668,0.1903117684600347
GO:0072663,establishment of protein localization to peroxisome,biological_process,21,6011,0.7523817819047619,0.7261456054350357,0.057588043564671176,66517.0,0.6482527461923178,high_c,0.8184485581017189,0.08700861207933853,0.1882556347535301
GO:0072662,protein localization to peroxisome,biological_process,21,6011,0.7523817819047619,0.7261456054350357,0.057588043564671176,66517.0,0.6482527461923178,high_c,0.8184485581017189,0.08700861207933853,0.1882556347535301
GO:0031124,mRNA 3'-end processing,biological_process,30,6011,0.756084907,0.7261456054350357,0.04802987237362766,94024.0,0.6495248519595844,high_c,0.8194586795071501,0.08647294046378566,0.18740422740476625
GO:0140102,"catalytic activity, acting on a rRNA",molecular_function,17,6011,0.7109864182352942,0.7261456054350357,-0.06320045535731811,47729.0,0.6522811955393741,low_c,0.8223385297431762,0.08494936088660644,0.18556514147015593
GO:0070192,chromosome organization involved in meiotic cell cycle,biological_process,38,6011,0.7497887721052633,0.7261456054350357,0.04215460801677717,118271.0,0.6537354442032599,high_c,0.8235738252081707,0.08429746456529366,0.18459796783415974
GO:0031903,microbody membrane,cellular_component,43,6011,0.7489746744186047,0.7261456054350357,0.039481887898247914,133378.0,0.655062810691619,high_c,0.8240500285222104,0.08404642124998604,0.18371705568922256
GO:0005778,peroxisomal membrane,cellular_component,43,6011,0.7489746744186047,0.7261456054350357,0.039481887898247914,133378.0,0.655062810691619,high_c,0.8240500285222104,0.08404642124998604,0.18371705568922256
GO:0140297,DNA-binding transcription factor binding,molecular_function,47,6011,0.7495523631914894,0.7261456054350357,0.037644305549609625,145430.0,0.6561960690946689,high_c,0.8248778971385555,0.08361033329679668,0.18296637555863848
GO:0008170,N-methyltransferase activity,molecular_function,44,6011,0.742547986590909,0.7261456054350357,0.038819568231333035,136370.0,0.6568351136549562,high_c,0.825083760712738,0.0835019605787631,0.1825436383810566
GO:0000781,"chromosome, telomeric region",cellular_component,122,6011,0.7389981778688525,0.7261456054350357,-0.02338619654871965,350828.0,0.6579266521351731,low_c,0.8258573160568767,0.0830949795584001,0.18182252028956264
GO:0051494,negative regulation of cytoskeleton organization,biological_process,30,6011,0.7448096989999998,0.7261456054350357,0.04649166805996763,93886.0,0.6600331792084044,high_c,0.8262078025834363,0.08291070792766059,0.18043423235973569
GO:0043467,regulation of generation of precursor metabolites and energy,biological_process,30,6011,0.7299297986666667,0.7261456054350357,-0.046480521651897644,85545.0,0.6601095749903376,low_c,0.8262078025834363,0.08291070792766059,0.18038396769484882
GO:0019236,response to pheromone,biological_process,42,6011,0.7527980654761904,0.7261456054350357,0.03940198964491137,130288.0,0.6594612668963341,high_c,0.8262078025834363,0.08291070792766059,0.18081070742191074
GO:0005802,trans-Golgi network,cellular_component,49,6011,0.7472325653061224,0.7261456054350357,0.03648960422813885,151399.0,0.6595546929938667,high_c,0.8262078025834363,0.08291070792766059,0.18074918513571278
GO:0042274,ribosomal small subunit biogenesis,biological_process,39,6011,0.7466604633333331,0.7261456054350357,0.04069417967609534,121193.0,0.6609066082958246,high_c,0.826609417868553,0.08269965094755571,0.17985990566919274
GO:0030705,cytoskeleton-dependent intracellular transport,biological_process,38,6011,0.7286823547368421,0.7261456054350357,-0.040718320160018306,108866.0,0.664801645263941,low_c,0.8308824018561567,0.0804604393193931,0.17730791442225063
GO:0062012,regulation of small molecule metabolic process,biological_process,70,6011,0.7345918261428571,0.7261456054350357,-0.02991319402697956,201715.0,0.6665545608869343,low_c,0.8318652577155263,0.07994701333621702,0.17616429557900648
GO:0009303,rRNA transcription,biological_process,48,6011,0.7452391764583334,0.7261456054350357,0.03602423276874056,148267.5,0.6668437696829776,high_c,0.8318652577155263,0.07994701333621702,0.1759759020834853
GO:0031297,replication fork processing,biological_process,18,6011,0.733647061111111,0.7261456054350357,-0.0585683297180043,50778.0,0.6674583132818135,low_c,0.8318652577155263,0.07994701333621702,0.175575853374662
GO:0002097,tRNA wobble base modification,biological_process,34,6011,0.7375544067647058,0.7261456054350357,0.042663543583737695,105944.0,0.6675047834088297,high_c,0.8318652577155263,0.07994701333621702,0.1755456177527266
GO:0008017,microtubule binding,molecular_function,40,6011,0.7574020969999999,0.7261456054350357,0.039248032155417834,124107.0,0.6683407056418921,high_c,0.8323095157778513,0.07971514005864418,0.17500208713712667
GO:0051056,regulation of small GTPase mediated signal transduction,biological_process,31,6011,0.7487504483870968,0.7261456054350357,0.044330564246412685,96799.0,0.6698766300622058,high_c,0.8336242507440783,0.07902965991410153,0.17400517314495828
GO:1902904,negative regulation of supramolecular fiber organization,biological_process,29,6011,0.7430697599999999,0.7261456054350357,0.04553891559736689,90689.0,0.6718254669647212,high_c,0.8348525487836479,0.07839022260548935,0.17274353733178055
GO:1900101,regulation of endoplasmic reticulum unfolded protein response,biological_process,17,6011,0.7305517694117648,0.7261456054350357,-0.059431981000608425,47921.0,0.6717675401852253,low_c,0.8348525487836479,0.07839022260548935,0.172780985101412
GO:0010507,negative regulation of autophagy,biological_process,23,6011,0.7321440173913044,0.7261456054350357,-0.05073915947837704,65368.0,0.6740699667160077,low_c,0.8370425337761012,0.07725247305223436,0.17129502248304485
GO:0071474,cellular hyperosmotic response,biological_process,23,6011,0.7277043913043478,0.7261456054350357,-0.05065202869507135,65374.0,0.6745975912318035,low_c,0.8370989409423952,0.07722320751949352,0.170955213868139
GO:0008649,rRNA methyltransferase activity,molecular_function,15,6011,0.7098783446666667,0.7261456054350357,-0.06233044251723374,42167.0,0.6763170569921586,low_c,0.8374368123668955,0.07704795214264709,0.1698496593524804
GO:0006301,DNA damage tolerance,biological_process,35,6011,0.7269796965714286,0.7261456054350357,-0.040877796901893304,100305.0,0.6762630447302296,low_c,0.8374368123668955,0.07704795214264709,0.1698843445105623
GO:1901976,regulation of cell cycle checkpoint,biological_process,26,6011,0.7390698676923079,0.7261456054350357,-0.04751622646359488,74108.0,0.6754705325268207,low_c,0.8374368123668955,0.07704795214264709,0.17039359237124865
GO:0008287,protein serine/threonine phosphatase complex,cellular_component,27,6011,0.7363020155555555,0.7261456054350357,-0.046135373341255725,77057.0,0.6787314875378938,low_c,0.8386319305094546,0.07642860606306971,0.16830200266244413
GO:0007531,mating type determination,biological_process,16,6011,0.744712485,0.7261456054350357,-0.05990408673894909,45087.0,0.6786043549408484,low_c,0.8386319305094546,0.07642860606306971,0.16838335759878398
GO:0007530,sex determination,biological_process,16,6011,0.744712485,0.7261456054350357,-0.05990408673894909,45087.0,0.6786043549408484,low_c,0.8386319305094546,0.07642860606306971,0.16838335759878398
GO:0004721,phosphoprotein phosphatase activity,molecular_function,50,6011,0.7391572405999999,0.7261456054350357,0.03375943633618528,154056.0,0.6805823534590355,high_c,0.8403207436734605,0.07555491558122061,0.16711931573788852
GO:0008654,phospholipid biosynthetic process,biological_process,111,6011,0.7470086044144143,0.7261456054350357,0.022647732478241034,334866.0,0.6822556551767818,high_c,0.8417880720589148,0.0747972323961397,0.16605285580186707
GO:0140527,reciprocal homologous recombination,biological_process,52,6011,0.7422922636538462,0.7261456054350357,0.03244607381207487,159961.0,0.6866385693673355,high_c,0.8457999158538474,0.07273236239580033,0.16327180534815391
GO:0033260,nuclear DNA replication,biological_process,17,6011,0.73823843,0.7261456054350357,-0.05642897799760549,48074.0,0.6874560375977987,low_c,0.8457999158538474,0.07273236239580033,0.16275506948192564
GO:0044786,cell cycle DNA replication,biological_process,17,6011,0.73823843,0.7261456054350357,-0.05642897799760549,48074.0,0.6874560375977987,low_c,0.8457999158538474,0.07273236239580033,0.16275506948192564
GO:0007131,reciprocal meiotic recombination,biological_process,52,6011,0.7422922636538462,0.7261456054350357,0.03244607381207487,159961.0,0.6866385693673355,high_c,0.8457999158538474,0.07273236239580033,0.16327180534815391
GO:0015174,basic amino acid transmembrane transporter activity,molecular_function,16,6011,0.7071266475,0.7261456054350357,-0.05788156797331112,45184.0,0.6888797700110691,low_c,0.8459028679797047,0.07267950259011519,0.1618565687702271
GO:0030686,90S preribosome,cellular_component,81,6011,0.7446708648148148,0.7261456054350357,0.025886369787437857,246382.0,0.6886152774798658,high_c,0.8459028679797047,0.07267950259011519,0.16202334635454885
GO:0036452,ESCRT complex,cellular_component,17,6011,0.7516584105882353,0.7261456054350357,0.056134565938487535,53809.0,0.6890015295641143,high_c,0.8459028679797047,0.07267950259011519,0.16177981396970767
GO:0000184,"nuclear-transcribed mRNA catabolic process, nonsense-mediated decay",biological_process,24,6011,0.7525851462500001,0.7261456054350357,0.046962863983074365,75218.0,0.6909215332413505,high_c,0.8476606231144768,0.07177799091523596,0.16057127189540005
GO:0006261,DNA-templated DNA replication,biological_process,50,6011,0.73800477,0.7261456054350357,-0.03251132360342224,144180.0,0.6917750310762067,low_c,0.8481083714324116,0.07154864997445363,0.16003511746117646
GO:0006406,mRNA export from nucleus,biological_process,61,6011,0.7424595863934425,0.7261456054350357,0.029331863893098165,186798.0,0.6930600898205443,high_c,0.8490842031958116,0.07104923888446071,0.1592291094774734
GO:0005801,cis-Golgi network,cellular_component,17,6011,0.740961894117647,0.7261456054350357,0.05525132976113367,53764.0,0.6936457768433268,high_c,0.8492024461213085,0.0709887635222231,0.15886225351564845
GO:0000282,cellular bud site selection,biological_process,43,6011,0.7474463411627906,0.7261456054350357,0.0346732963401708,132761.0,0.6948180181825935,high_c,0.8500381110394519,0.07056160247030635,0.15812892785330546
GO:0044232,organelle membrane contact site,cellular_component,71,6011,0.7447817150704226,0.7261456054350357,0.026973965002134115,216558.0,0.6955952745500282,high_c,0.850389715928767,0.07038200053367108,0.15764337699108774
GO:0045943,positive regulation of transcription by RNA polymerase I,biological_process,33,6011,0.7480188693939395,0.7261456054350357,0.03923983900564698,102507.5,0.6970722879651797,high_c,0.85159570155352,0.06976653933833966,0.15672218225134302
GO:0032968,positive regulation of transcription elongation by RNA polymerase II,biological_process,68,6011,0.7486608236764706,0.7261456054350357,0.027273807049321475,207573.0,0.6985556944344826,high_c,0.8528077957371744,0.06914883830089577,0.1557989627476214
GO:0000967,rRNA 5'-end processing,biological_process,37,6011,0.7334421424324326,0.7261456054350357,-0.03660908983975608,106473.0,0.7006580634456565,low_c,0.8537658531657861,0.06866121903105567,0.15449387559787192
GO:0045931,positive regulation of mitotic cell cycle,biological_process,47,6011,0.7479729723404255,0.7261456054350357,0.03258558442855719,144721.0,0.6999837157021325,high_c,0.8537658531657861,0.06866121903105567,0.15491206321855444
GO:0051017,actin filament bundle assembly,biological_process,16,6011,0.7377687993750001,0.7261456054350357,0.05554628857381161,50624.0,0.700815864493805,high_c,0.8537658531657861,0.06866121903105567,0.1543960755269997
GO:0071013,catalytic step 2 spliceosome,cellular_component,34,6011,0.7299640767647059,0.7261456054350357,-0.03806749402119891,97741.0,0.701502865765752,low_c,0.8540034887583069,0.06854035513606924,0.1539705504606956
GO:0046822,regulation of nucleocytoplasmic transport,biological_process,21,6011,0.7459796380952382,0.7261456054350357,0.047237459257492675,65866.0,0.7082658745367886,high_c,0.8548852389242028,0.06809218170119734,0.1498036827496805
GO:0008535,respiratory chain complex IV assembly,biological_process,28,6011,0.7297042725,0.7261456054350357,-0.04080609345526609,80344.0,0.7091213963426566,low_c,0.8548852389242028,0.06809218170119734,0.14927941044642082
GO:0035091,phosphatidylinositol binding,molecular_function,32,6011,0.7510307971875001,0.7261456054350357,0.03835298544907184,99333.0,0.7078857089717336,high_c,0.8548852389242028,0.06809218170119734,0.15003685526172195
GO:0008080,N-acetyltransferase activity,molecular_function,40,6011,0.7238174052499999,0.7261456054350357,-0.03493552168815939,115248.0,0.7029460957633404,low_c,0.8548852389242028,0.06809218170119734,0.15307797684376023
GO:0034475,U4 snRNA 3'-end processing,biological_process,15,6011,0.7630661233333332,0.7261456054350357,0.05681565488103191,47525.0,0.7035379193740089,high_c,0.8548852389242028,0.06809218170119734,0.15271248994056535
GO:1990837,sequence-specific double-stranded DNA binding,molecular_function,223,6011,0.7370517537219732,0.7261456054350357,-0.014903263594695737,635744.0,0.7052787168245573,low_c,0.8548852389242028,0.06809218170119734,0.15163922164967877
GO:0030880,RNA polymerase complex,cellular_component,37,6011,0.7521393664864865,0.7261456054350357,0.035812846659850406,114477.0,0.7068649213227429,high_c,0.8548852389242028,0.06809218170119734,0.15066356997821137
GO:0000428,DNA-directed RNA polymerase complex,cellular_component,37,6011,0.7521393664864865,0.7261456054350357,0.035812846659850406,114477.0,0.7068649213227429,high_c,0.8548852389242028,0.06809218170119734,0.15066356997821137
GO:0033617,mitochondrial respiratory chain complex IV assembly,biological_process,28,6011,0.7297042725,0.7261456054350357,-0.04080609345526609,80344.0,0.7091213963426566,low_c,0.8548852389242028,0.06809218170119734,0.14927941044642082
GO:0098687,chromosomal region,cellular_component,164,6011,0.7408034071951219,0.7261456054350357,-0.01712155910681734,471245.0,0.7080293760687844,low_c,0.8548852389242028,0.06809218170119734,0.1499487231013212
GO:0042393,histone binding,molecular_function,41,6011,0.7435908360975609,0.7261456054350357,0.033803162152224564,126522.0,0.7087478877551066,high_c,0.8548852389242028,0.06809218170119734,0.14950822240262585
GO:0015171,amino acid transmembrane transporter activity,molecular_function,53,6011,0.7387321366037737,0.7261456054350357,0.030287484086720218,162669.0,0.7038326959491548,high_c,0.8548852389242028,0.06809218170119734,0.15253056225149977
GO:0003899,DNA-directed RNA polymerase activity,molecular_function,31,6011,0.7536332835483871,0.7261456054350357,0.03917358938396798,96321.0,0.7063833345573618,high_c,0.8548852389242028,0.06809218170119734,0.15095955545986764
GO:0051880,G-quadruplex DNA binding,molecular_function,17,6011,0.7394583152941177,0.7261456054350357,0.05256236628785649,53627.0,0.7078552949228825,high_c,0.8548852389242028,0.06809218170119734,0.15005551496509154
GO:0016239,positive regulation of macroautophagy,biological_process,23,6011,0.7375343295652175,0.7261456054350357,-0.04466904824141038,65786.0,0.711198138325531,low_c,0.8567938710153516,0.06712364884488989,0.14800938887137363
GO:0006650,glycerophospholipid metabolic process,biological_process,109,6011,0.7479762156880733,0.7261456054350357,0.020607226907998877,328287.5,0.7119855665694352,high_c,0.8571476723748541,0.0669443498706666,0.1475288103277295
GO:0005815,microtubule organizing center,cellular_component,76,6011,0.7512548263157894,0.7261456054350357,0.024453509510929727,231045.0,0.7137425050544592,high_c,0.8586673518881089,0.06617504946227709,0.14645843920925597
GO:0060237,regulation of fungal-type cell wall organization,biological_process,21,6011,0.7436666314285715,0.7261456054350357,0.04604499562763342,65791.0,0.715306591555857,high_c,0.8599530768289251,0.06552524530321699,0.14550777291006983
GO:0005788,endoplasmic reticulum lumen,cellular_component,17,6011,0.7613935676470589,0.7261456054350357,0.050933286227403896,53544.0,0.716514113055773,high_c,0.860808650702299,0.06509337721045184,0.14477525095835833
GO:0006999,nuclear pore organization,biological_process,21,6011,0.7589683676190477,0.7261456054350357,0.04552031163049519,65758.0,0.7184122386068635,high_c,0.8624921481476592,0.06424484991459103,0.14362627779655215
GO:0099116,tRNA 5'-end processing,biological_process,16,6011,0.7441432381249999,0.7261456054350357,0.05195996663886571,50452.0,0.7192900742309299,high_c,0.8629492528437417,0.06401474293826508,0.14309593265970064
GO:0006366,transcription by RNA polymerase II,biological_process,63,6011,0.7438427617460315,0.7261456054350357,0.026141907110299956,192260.0,0.7207644841521641,high_c,0.8638448382390119,0.06356425746101953,0.14220662146954283
GO:0000175,3'-5'-RNA exonuclease activity,molecular_function,15,6011,0.735330884,0.7261456054350357,-0.0532132532799644,42577.0,0.7215293867779765,low_c,0.8638448382390119,0.06356425746101953,0.14174597606651776
GO:0043200,response to amino acid,biological_process,20,6011,0.7557189005,0.7261456054350357,0.04613587047237533,62674.0,0.7213331073399311,high_c,0.8638448382390119,0.06356425746101953,0.14186413434941378
GO:0030687,"preribosome, large subunit precursor",cellular_component,58,6011,0.7324551027586207,0.7261456054350357,-0.026987262290239067,167978.0,0.7231909947711108,low_c,0.8650603366245653,0.06295360010831341,0.14074699036671454
GO:0022616,DNA strand elongation,biological_process,27,6011,0.752394541851852,0.7261456054350357,0.03940136660724902,83967.0,0.7235412492965835,high_c,0.8650603366245653,0.06295360010831341,0.14053670458471154
GO:0031113,regulation of microtubule polymerization,biological_process,19,6011,0.7576862126315789,0.7261456054350357,0.04657086641838237,59575.0,0.7256252557314258,high_c,0.8669548822778769,0.06200350331687701,0.13928760985932856
GO:0004518,nuclease activity,molecular_function,97,6011,0.7409457627835053,0.7261456054350357,-0.020667366270495702,280901.0,0.7266058295195081,low_c,0.8675293810494266,0.06171580782059191,0.138701122138046
GO:0003712,transcription coregulator activity,molecular_function,96,6011,0.7493708483333332,0.7261456054350357,0.02051282051282044,289744.0,0.7298953536056529,high_c,0.8704044935221109,0.060278875565449926,0.13673940098830314
GO:0006623,protein targeting to vacuole,biological_process,103,6011,0.7501509781553399,0.7261456054350357,0.019772432968954368,310278.0,0.730455511874708,high_c,0.8704044935221109,0.060278875565449926,0.13640622947051972
GO:0017004,cytochrome complex assembly,biological_process,43,6011,0.7463085230232557,0.7261456054350357,0.030441424028929465,132218.0,0.7305180570632002,high_c,0.8704044935221109,0.060278875565449926,0.1363690446359329
GO:0009304,tRNA transcription,biological_process,18,6011,0.7585582511111111,0.7261456054350357,0.045951758533103515,56415.5,0.7360618228820497,high_c,0.8710897607120996,0.05993709117669512,0.13308570711774445
GO:0140296,general transcription initiation factor binding,molecular_function,31,6011,0.7388374309677419,0.7261456054350357,-0.035311252562304496,89417.0,0.7341803507227793,low_c,0.8710897607120996,0.05993709117669512,0.13419724294135332
GO:0016895,"DNA exonuclease activity, producing 5'-phosphomonoesters",molecular_function,17,6011,0.7334160452941177,0.7261456054350357,-0.04751810634163578,48528.0,0.7347839137572623,low_c,0.8710897607120996,0.05993709117669512,0.13384036004577102
GO:0044818,mitotic G2/M transition checkpoint,biological_process,19,6011,0.7591999700000001,0.7261456054350357,0.04486683999718921,59478.0,0.7352824769120792,high_c,0.8710897607120996,0.05993709117669512,0.13354578391411748
GO:0031965,nuclear membrane,cellular_component,93,6011,0.7506254799999998,0.7261456054350357,0.020582367626377662,280851.0,0.7330546888786558,high_c,0.8710897607120996,0.05993709117669512,0.13486362400520788
GO:0006383,transcription by RNA polymerase III,biological_process,30,6011,0.7534857223333334,0.7261456054350357,0.03618681379925315,92961.5,0.7320805171360494,high_c,0.8710897607120996,0.05993709117669512,0.13544115087487837
GO:0042797,tRNA transcription by RNA polymerase III,biological_process,18,6011,0.7585582511111111,0.7261456054350357,0.045951758533103515,56415.5,0.7360618228820497,high_c,0.8710897607120996,0.05993709117669512,0.13308570711774445
GO:0071027,nuclear RNA surveillance,biological_process,32,6011,0.7532204484375,0.7261456054350357,0.03449573507275461,98964.0,0.7361109901870104,high_c,0.8710897607120996,0.05993709117669512,0.13305669817388557
GO:0071444,cellular response to pheromone,biological_process,41,6011,0.7513544256097561,0.7261456054350357,0.030559300567880143,126125.0,0.7355983463762407,high_c,0.8710897607120996,0.05993709117669512,0.13335925572607682
GO:0031577,spindle checkpoint signaling,biological_process,38,6011,0.7416077252631581,0.7261456054350357,-0.03191554979865541,109865.0,0.7341495978376633,low_c,0.8710897607120996,0.05993709117669512,0.13421543477667416
GO:0008276,protein methyltransferase activity,molecular_function,41,6011,0.7314031580487805,0.7261456054350357,-0.03031417248845858,118675.0,0.7376410224835537,low_c,0.8713872027515202,0.05978882243011234,0.13215493883236173
GO:0006384,transcription initiation at RNA polymerase III promoter,biological_process,23,6011,0.7521807508695652,0.7261456054350357,0.0404286834538643,71646.0,0.7375536565935696,high_c,0.8713872027515202,0.05978882243011234,0.1322063795330491
GO:0034472,snRNA 3'-end processing,biological_process,20,6011,0.7590700399999999,0.7261456054350357,0.04328158905024204,62503.0,0.7379214345497012,high_c,0.8713872027515202,0.05978882243011234,0.1319898744342097
GO:0051051,negative regulation of transport,biological_process,18,6011,0.7230044144444444,0.7261456054350357,-0.045534605187533606,51481.0,0.7383701470319621,low_c,0.8713872027515202,0.05978882243011234,0.1317258705430553
GO:0000377,"RNA splicing, via transesterification reactions with bulged adenosine as nucleophile",biological_process,105,6011,0.7331845493333333,0.7261456054350357,-0.018928289229677597,304196.0,0.7391790538187228,low_c,0.8717492102101242,0.059608437415180925,0.13125034825417395
GO:0008173,RNA methyltransferase activity,molecular_function,36,6011,0.7412167602777777,0.7261456054350357,0.03205950720595063,110998.0,0.7398158685106353,high_c,0.871855550393556,0.05955546330548615,0.1308763576209296
GO:0006386,termination of RNA polymerase III transcription,biological_process,17,6011,0.75906246,0.7261456054350357,0.04649747787002689,53318.0,0.7402736643318557,high_c,0.871855550393556,0.05955546330548615,0.1306077006229266
GO:0006289,nucleotide-excision repair,biological_process,60,6011,0.7511182606666666,0.7261456054350357,0.024768946395563818,182952.0,0.7409596904258209,high_c,0.8720718797147289,0.059447717272802535,0.13020541779909384
GO:0061629,RNA polymerase II-specific DNA-binding transcription factor binding,molecular_function,41,6011,0.7476296890243902,0.7261456054350357,0.029783061649711895,126030.0,0.7420731650382808,high_c,0.872790660234726,0.05908990979623095,0.1295532731496813
GO:0099023,vesicle tethering complex,cellular_component,43,6011,0.7444580525581396,0.7261456054350357,-0.02897624540183308,124594.0,0.7430203474533306,low_c,0.8733130150162368,0.058830067486534535,0.1289992930150581
GO:0140142,nucleocytoplasmic carrier activity,molecular_function,15,6011,0.7291896413333333,0.7261456054350357,-0.04843228819212808,42792.0,0.7456453897404722,low_c,0.8753606824869135,0.057812963962848705,0.12746766300140727
GO:0036387,pre-replicative complex,cellular_component,16,6011,0.7425507275000001,0.7261456054350357,-0.04639282735613015,45735.0,0.7482921963194583,low_c,0.8753606824869135,0.057812963962848705,0.1259287838603135
GO:0008298,intracellular mRNA localization,biological_process,19,6011,0.7407097710526316,0.7261456054350357,0.04302227531445446,59373.0,0.7457834957205443,high_c,0.8753606824869135,0.057812963962848705,0.12738723185806647
GO:0005656,nuclear pre-replicative complex,cellular_component,16,6011,0.7425507275000001,0.7261456054350357,-0.04639282735613015,45735.0,0.7482921963194583,low_c,0.8753606824869135,0.057812963962848705,0.1259287838603135
GO:0005666,RNA polymerase III complex,cellular_component,16,6011,0.7585654575,0.7261456054350357,0.046517931609674656,50191.0,0.7476363569579623,high_c,0.8753606824869135,0.057812963962848705,0.12630958738644107
GO:0051028,mRNA transport,biological_process,62,6011,0.7419133769354838,0.7261456054350357,0.023728574604569008,188795.0,0.7475452878077546,high_c,0.8753606824869135,0.057812963962848705,0.12636249176711503
GO:0005643,nuclear pore,cellular_component,46,6011,0.7514731069565216,0.7261456054350357,0.027588468967527868,140980.0,0.7468624857128233,high_c,0.8753606824869135,0.057812963962848705,0.1267593542673646
GO:0004519,endonuclease activity,molecular_function,69,6011,0.7404495750724639,0.7261456054350357,-0.022307425889882437,200426.0,0.7496968239606308,low_c,0.8764132568320909,0.05729106182164639,0.12511432900888833
GO:0030684,preribosome,cellular_component,164,6011,0.7407078972560976,0.7261456054350357,0.014274570657456298,486298.0,0.7548677509371516,high_c,0.8765554619577894,0.057220599752514506,0.12212912793253913
GO:0061013,regulation of mRNA catabolic process,biological_process,52,6011,0.737738444423077,0.7261456054350357,0.02521718925477945,158841.0,0.7538772101962585,high_c,0.8765554619577894,0.057220599752514506,0.12269938526662907
GO:0072698,protein localization to microtubule cytoskeleton,biological_process,16,6011,0.7425803375,0.7261456054350357,-0.045162635529607975,45794.0,0.7547509175715286,low_c,0.8765554619577894,0.057220599752514506,0.12219635032075153
GO:0045814,"negative regulation of gene expression, epigenetic",biological_process,129,6011,0.7439833317829457,0.7261456054350357,0.016199731673822937,385535.0,0.7526126785457428,high_c,0.8765554619577894,0.057220599752514506,0.12342846981089889
GO:0004888,transmembrane signaling receptor activity,molecular_function,16,6011,0.748617383125,0.7261456054350357,0.0453502919099249,50135.0,0.7537645670299487,high_c,0.8765554619577894,0.057220599752514506,0.12276428172463719
GO:0070828,heterochromatin organization,biological_process,129,6011,0.7439833317829457,0.7261456054350357,0.016199731673822937,385535.0,0.7526126785457428,high_c,0.8765554619577894,0.057220599752514506,0.12342846981089889
GO:0006302,double-strand break repair,biological_process,177,6011,0.7391628923728812,0.7261456054350357,-0.01385991722011426,509153.0,0.7530694720905418,low_c,0.8765554619577894,0.057220599752514506,0.12316495745953346
GO:0031507,heterochromatin formation,biological_process,129,6011,0.7439833317829457,0.7261456054350357,0.016199731673822937,385535.0,0.7526126785457428,high_c,0.8765554619577894,0.057220599752514506,0.12342846981089889
GO:0045182,translation regulator activity,molecular_function,19,6011,0.7439676115789473,0.7261456054350357,0.041985805635584184,59314.0,0.7517050020451345,high_c,0.8765554619577894,0.057220599752514506,0.12395255983322859
GO:1901701,cellular response to oxygen-containing compound,biological_process,40,6011,0.7389454362500001,0.7261456054350357,0.028893820130631465,122870.5,0.7524662301738809,high_c,0.8765554619577894,0.057220599752514506,0.12351298593774854
GO:0006607,NLS-bearing protein import into nucleus,biological_process,16,6011,0.7295927931249999,0.7261456054350357,-0.04451626355296079,45825.0,0.7581514003711118,low_c,0.8786728464564396,0.0561727943525159,0.12024405851038707
GO:0003333,amino acid transmembrane transport,biological_process,52,6011,0.7362978553846153,0.7261456054350357,0.024758929608736713,158770.0,0.7582096336357986,high_c,0.8786728464564396,0.0561727943525159,0.12021070182954137
GO:0071174,mitotic spindle checkpoint signaling,biological_process,37,6011,0.7415935086486488,0.7261456054350357,-0.029370515476976777,107273.0,0.7577699262962532,low_c,0.8786728464564396,0.0561727943525159,0.120462634614942
GO:0030490,maturation of SSU-rRNA,biological_process,111,6011,0.7448730618018016,0.7261456054350357,0.016988853260039738,333013.0,0.7587759500530771,high_c,0.8787425278800146,0.0561383548475388,0.11988644283973246
GO:0097525,spliceosomal snRNP complex,cellular_component,53,6011,0.7446036305660376,0.7261456054350357,0.02410584785321146,161693.0,0.7622288297040859,high_c,0.8820147901567327,0.05452413229493715,0.11791462897684808
GO:0043562,cellular response to nitrogen levels,biological_process,50,6011,0.7427128732,0.7261456054350357,-0.02460660962925687,145358.0,0.7641418458500726,low_c,0.8820147901567327,0.05452413229493715,0.11682601687978676
GO:0006995,cellular response to nitrogen starvation,biological_process,50,6011,0.7427128732,0.7261456054350357,-0.02460660962925687,145358.0,0.7641418458500726,low_c,0.8820147901567327,0.05452413229493715,0.11682601687978676
GO:0031261,DNA replication preinitiation complex,cellular_component,22,6011,0.7460714327272726,0.7261456054350357,0.03705277857890987,68320.0,0.7638870857403802,high_c,0.8820147901567327,0.05452413229493715,0.11697083208398382
GO:0006282,regulation of DNA repair,biological_process,34,6011,0.7486528070588235,0.7261456054350357,0.02992845121987231,104650.0,0.7631614452837204,high_c,0.8820147901567327,0.05452413229493715,0.11738357819321474
GO:0061733,protein-lysine-acetyltransferase activity,molecular_function,23,6011,0.726793867826087,0.7261456054350357,-0.03595596991083616,66386.0,0.7656911233917155,low_c,0.8832158074471881,0.05393316671445502,0.11594638762506593
GO:0001067,transcription regulatory region nucleic acid binding,molecular_function,173,6011,0.7365498299421964,0.7261456054350357,-0.013232023794671921,498305.0,0.7664437633083488,low_c,0.88349692769143,0.05379495638809275,0.11551970536388405
GO:1903313,positive regulation of mRNA metabolic process,biological_process,39,6011,0.7238807805128206,0.7261456054350357,-0.02722963573599879,113283.0,0.7691355649124544,low_c,0.886011506760465,0.05256063783064233,0.11399710635648361
GO:0009894,regulation of catabolic process,biological_process,170,6011,0.7430162391764705,0.7261456054350357,0.012965144969133036,502922.0,0.7729045223598179,high_c,0.8868223733090839,0.0521633587667198,0.1118741515840062
GO:0045912,negative regulation of carbohydrate metabolic process,biological_process,18,6011,0.7502337544444444,0.7261456054350357,0.03971299849824805,56079.0,0.7708217131492914,high_c,0.8868223733090839,0.0521633587667198,0.11304606027487983
GO:0019395,fatty acid oxidation,biological_process,17,6011,0.7480493523529411,0.7261456054350357,0.04060923668766803,53018.0,0.7721960948845743,high_c,0.8868223733090839,0.0521633587667198,0.11227239900097377
GO:0034440,lipid oxidation,biological_process,17,6011,0.7480493523529411,0.7261456054350357,0.04060923668766803,53018.0,0.7721960948845743,high_c,0.8868223733090839,0.0521633587667198,0.11227239900097377
GO:1901505,carbohydrate derivative transmembrane transporter activity,molecular_function,29,6011,0.7401683524137931,0.7261456054350357,0.031070222160735073,89434.0,0.7725613745477224,high_c,0.8868223733090839,0.0521633587667198,0.11206700890168292
GO:0030148,sphingolipid biosynthetic process,biological_process,36,6011,0.7489237941666667,0.7261456054350357,0.028070664807066548,110569.0,0.7712259427546625,high_c,0.8868223733090839,0.0521633587667198,0.11281836991734304
GO:0015748,organophosphate ester transport,biological_process,94,6011,0.7341209043617022,0.7261456054350357,-0.01724565712210402,273303.0,0.7739005034986841,low_c,0.8873786486616352,0.051891025112351975,0.11131487078877114
GO:0006825,copper ion transport,biological_process,19,6011,0.7344596121052631,0.7261456054350357,-0.037857494202796715,54769.0,0.7754328512907596,low_c,0.8879626845915294,0.051605284465203925,0.11045580400964228
GO:0032774,RNA biosynthetic process,biological_process,260,6011,0.7460780310384615,0.7261456054350357,0.010455037919826715,755446.5,0.7752101286142818,high_c,0.8879626845915294,0.051605284465203925,0.1105805615860898
GO:0031134,sister chromatid biorientation,biological_process,21,6011,0.7390739995238095,0.7261456054350357,-0.0350107321726687,60693.0,0.7815365723658385,low_c,0.8896704850013741,0.05077081700019341,0.10705069415786184
GO:0051020,GTPase binding,molecular_function,45,6011,0.7301884735555555,0.7261456054350357,-0.024315565985026266,130971.0,0.7784072060254748,low_c,0.8896704850013741,0.05077081700019341,0.10879315228413615
GO:0010508,positive regulation of autophagy,biological_process,36,6011,0.7411796502777779,0.7261456054350357,-0.027029288702928866,104643.0,0.7794907470963168,low_c,0.8896704850013741,0.05077081700019341,0.10818903571421802
GO:1905039,carboxylic acid transmembrane transport,biological_process,53,6011,0.7331061826415094,0.7261456054350357,-0.022110750093421228,154396.0,0.7813875679085047,low_c,0.8896704850013741,0.05077081700019341,0.10713350280113194
GO:0051123,RNA polymerase II preinitiation complex assembly,biological_process,41,6011,0.7490429568292682,0.7261456054350357,0.025141970012664938,125462.0,0.7811527692365422,high_c,0.8896704850013741,0.05077081700019341,0.1072640232951441
GO:0007088,regulation of mitotic nuclear division,biological_process,39,6011,0.7420153751282051,0.7261456054350357,-0.02586428976248134,113442.0,0.7804086447909686,low_c,0.8896704850013741,0.05077081700019341,0.10767792845714455
GO:0009895,negative regulation of catabolic process,biological_process,38,6011,0.7377164313157893,0.7261456054350357,-0.02619683311744958,110514.0,0.7804366544025226,low_c,0.8896704850013741,0.05077081700019341,0.10766234149315042
GO:0030100,regulation of endocytosis,biological_process,31,6011,0.7521623877419353,0.7261456054350357,0.02923724242097303,95400.0,0.7785949724747604,high_c,0.8896704850013741,0.05077081700019341,0.10868840492497037
GO:0032786,"positive regulation of DNA-templated transcription, elongation",biological_process,76,6011,0.74758853,0.7261456054350357,0.01867379062652419,229741.5,0.7793829157412615,high_c,0.8896704850013741,0.05077081700019341,0.1082491182772477
GO:0034511,U3 snoRNA binding,molecular_function,16,6011,0.7338785593749999,0.7261456054350357,-0.03984570475396165,46049.0,0.7828580487821898,low_c,0.8900075787071915,0.05060629517902031,0.1063169789630722
GO:1905348,endonuclease complex,cellular_component,23,6011,0.7458875452173913,0.7261456054350357,0.033298481020010984,71155.0,0.7825594949394293,high_c,0.8900075787071915,0.05060629517902031,0.10648263481451448
GO:0006352,DNA-templated transcription initiation,biological_process,76,6011,0.7477506117105263,0.7261456054350357,0.018316853633662866,229661.0,0.7834942641340142,high_c,0.8901479335972833,0.05053781199990479,0.10596417860070681
GO:0031032,actomyosin structure organization,biological_process,15,6011,0.7432909973333335,0.7261456054350357,0.04084945519235039,46807.0,0.7844019427001466,high_c,0.8905963195078185,0.05031910397320811,0.10546133940136106
GO:0070847,core mediator complex,cellular_component,20,6011,0.7527679965,0.7261456054350357,0.035269571023201385,62023.0,0.7851185591212669,high_c,0.8908273324408623,0.050206466372913684,0.10506475639578797
GO:0072348,sulfur compound transport,biological_process,28,6011,0.7470299082142857,0.7261456054350357,0.02970320670471094,86250.0,0.7859892519062175,high_c,0.8912327506918313,0.050008862583947426,0.10458339272615953
GO:1902930,regulation of alcohol biosynthetic process,biological_process,16,6011,0.74043029875,0.7261456054350357,0.03884487072560461,49823.0,0.7881818980608168,high_c,0.8931356233900639,0.0490825881241623,0.10337354366805022
GO:0006298,mismatch repair,biological_process,23,6011,0.7415083856521738,0.7261456054350357,0.03225291162034205,71083.0,0.7892248513144032,high_c,0.8933125560643077,0.04899656168888425,0.10279924802857864
GO:0030261,chromosome condensation,biological_process,24,6011,0.7446605074999999,0.7261456054350357,0.0315544791492679,74111.0,0.7893672010383916,high_c,0.8933125560643077,0.04899656168888425,0.10272092291639523
GO:0004222,metalloendopeptidase activity,molecular_function,18,6011,0.7550303483333334,0.7261456054350357,0.0362459906928454,55892.0,0.7903444766570513,high_c,0.8933786241257137,0.04896444310585225,0.10218357743921715
GO:1901991,negative regulation of mitotic cell cycle phase transition,biological_process,70,6011,0.7525016197142855,0.7261456054350357,0.018448072715031127,211771.0,0.7904548195029356,high_c,0.8933786241257137,0.04896444310585225,0.10212294825083214
GO:0007089,traversing start control point of mitotic cell cycle,biological_process,17,6011,0.7322236347058823,0.7261456054350357,0.036664115095487615,52817.0,0.793805714088421,high_c,0.8936749154717891,0.04882043208999391,0.10028577921552881
GO:0006865,amino acid transport,biological_process,58,6011,0.7362893103448276,0.7261456054350357,0.01995516604204206,176082.0,0.7934032402500972,high_c,0.8936749154717891,0.04882043208999391,0.10050603020436429
GO:1900087,positive regulation of G1/S transition of mitotic cell cycle,biological_process,17,6011,0.7322236347058823,0.7261456054350357,0.036664115095487615,52817.0,0.793805714088421,high_c,0.8936749154717891,0.04882043208999391,0.10028577921552881
GO:0061572,actin filament bundle organization,biological_process,18,6011,0.7378255244444445,0.7261456054350357,0.03572686652946966,55864.0,0.7932793611010366,high_c,0.8936749154717891,0.04882043208999391,0.10057384468839961
GO:0003688,DNA replication origin binding,molecular_function,39,6011,0.7507862333333333,0.7261456054350357,0.024413072973019423,119297.0,0.7924414896635871,high_c,0.8936749154717891,0.04882043208999391,0.10103279428916634
GO:1902808,positive regulation of cell cycle G1/S phase transition,biological_process,17,6011,0.7322236347058823,0.7261456054350357,0.036664115095487615,52817.0,0.793805714088421,high_c,0.8936749154717891,0.04882043208999391,0.10028577921552881
GO:0000076,DNA replication checkpoint signaling,biological_process,19,6011,0.7533765136842105,0.7261456054350357,0.03457241233925945,58892.0,0.7944663422995752,high_c,0.8938389956137801,0.04874070224843598,0.09992449702576083
GO:0000460,maturation of 5.8S rRNA,biological_process,32,6011,0.740735189375,0.7261456054350357,-0.02643627696939288,93135.0,0.7962073182170976,low_c,0.8952175546793273,0.048071410141890376,0.09897383498264611
GO:0006278,RNA-templated DNA biosynthetic process,biological_process,18,6011,0.7443820761111112,0.7261456054350357,0.034799859094869934,55814.0,0.7985274898107428,high_c,0.8972451277096761,0.04708889132801553,0.0977101284076352
GO:0034398,telomere tethering at nuclear periphery,biological_process,20,6011,0.7402530970000001,0.7261456054350357,-0.03241528960106832,57968.0,0.8021355137452593,low_c,0.900245962369616,0.0456388177762028,0.09575225528170876
GO:0036388,pre-replicative complex assembly,biological_process,20,6011,0.7553986715000001,0.7261456054350357,0.032398597896845294,61851.0,0.8022353132406659,high_c,0.900245962369616,0.0456388177762028,0.09569822491730835
GO:0036267,invasive filamentous growth,biological_process,47,6011,0.7380172585106383,0.7261456054350357,0.0208699002525794,143079.0,0.8050762657452293,high_c,0.9018991212713979,0.044842036211105045,0.09416297649743562
GO:1905897,regulation of response to endoplasmic reticulum stress,biological_process,19,6011,0.7462884442105263,0.7261456054350357,0.03278054950460252,58790.0,0.8049008582319269,high_c,0.9018991212713979,0.044842036211105045,0.09425760953821426
GO:0005798,Golgi-associated vesicle,cellular_component,17,6011,0.7473184135294118,0.7261456054350357,0.03458360321105425,52711.0,0.8052670725637481,high_c,0.9018991212713979,0.044842036211105045,0.0940600588812867
GO:0031267,small GTPase binding,molecular_function,43,6011,0.7295846909302326,0.7261456054350357,-0.021182742066213622,125594.0,0.8105910657534621,low_c,0.9054304182240716,0.0431449193338567,0.09119818731447664
GO:0016896,"RNA exonuclease activity, producing 5'-phosphomonoesters",molecular_function,20,6011,0.7418762685,0.7261456054350357,-0.030979803037890163,58054.0,0.8107299020475067,low_c,0.9054304182240716,0.0431449193338567,0.09112380865937215
GO:0004532,RNA exonuclease activity,molecular_function,20,6011,0.7418762685,0.7261456054350357,-0.030979803037890163,58054.0,0.8107299020475067,low_c,0.9054304182240716,0.0431449193338567,0.09112380865937215
GO:0043488,regulation of mRNA stability,biological_process,46,6011,0.7349527743478262,0.7261456054350357,0.020481795983818607,140005.0,0.8106235882418882,high_c,0.9054304182240716,0.0431449193338567,0.09118076292563547
GO:0012507,ER to Golgi transport vesicle membrane,cellular_component,16,6011,0.7337503281250001,0.7261456054350357,0.034570475396163536,49618.0,0.811027822775594,high_c,0.9054304182240716,0.0431449193338567,0.09096424681147348
GO:0008301,"DNA binding, bending",molecular_function,22,6011,0.7500326477272726,0.7261456054350357,0.029311313165045094,67810.0,0.8121845563420926,high_c,0.9054492007933458,0.043135910268752214,0.09034527286023543
GO:1902533,positive regulation of intracellular signal transduction,biological_process,41,6011,0.7522491136585366,0.7261456054350357,0.021473219757323303,125013.0,0.8124465129893506,high_c,0.9054492007933458,0.043135910268752214,0.09020522096841149
GO:0010506,regulation of autophagy,biological_process,73,6011,0.7421261526027397,0.7261456054350357,-0.01612092074726512,213243.0,0.8126093633848115,low_c,0.9054492007933458,0.043135910268752214,0.09011817777267966
GO:0000972,transcription-dependent tethering of RNA polymerase II gene DNA at nuclear periphery,biological_process,21,6011,0.7360985066666668,0.7261456054350357,-0.02955719850544558,61036.0,0.8148992986130013,low_c,0.905504971977747,0.04310916070434411,0.08889605599475445
GO:0072666,establishment of protein localization to vacuole,biological_process,124,6011,0.7484179256451612,0.7261456054350357,0.012276914141054363,369475.0,0.8147615214111977,high_c,0.905504971977747,0.04310916070434411,0.088969489531209
GO:0006970,response to osmotic stress,biological_process,88,6011,0.7338021388636363,0.7261456054350357,-0.01449280923365004,256835.0,0.8152180083535951,low_c,0.905504971977747,0.04310916070434411,0.0887262352305176
GO:0140303,intramembrane lipid carrier activity,molecular_function,15,6011,0.7337884813333332,0.7261456054350357,-0.035201245274627535,43387.0,0.813628053540127,low_c,0.905504971977747,0.04310916070434411,0.08957408554299157
GO:0000124,SAGA complex,cellular_component,19,6011,0.7350175157894737,0.7261456054350357,-0.031006253952638563,55159.0,0.8152674373278909,low_c,0.905504971977747,0.04310916070434411,0.08869990352563033
GO:0000976,transcription cis-regulatory region binding,molecular_function,171,6011,0.7369132080701755,0.7261456054350357,-0.010390130577585532,494132.0,0.8166015746961106,low_c,0.9064068629619232,0.04267681482249572,0.08798978693913957
GO:0006403,RNA localization,biological_process,21,6011,0.7409535214285714,0.7261456054350357,0.029175610143890696,64730.0,0.817247098545141,high_c,0.9065437463733961,0.042611233653241994,0.08764661261124783
GO:0006895,Golgi to endosome transport,biological_process,32,6011,0.7458930209374999,0.7261456054350357,0.023415286837263682,97904.0,0.8190706671736162,high_c,0.9068256466970167,0.04247620572517697,0.08667862688478924
GO:1903293,phosphatase complex,cellular_component,29,6011,0.7403842972413792,0.7261456054350357,-0.02468324513771203,84598.0,0.8184016692206768,low_c,0.9068256466970167,0.04247620572517697,0.08703349350338682
GO:0045807,positive regulation of endocytosis,biological_process,23,6011,0.741752492173913,0.7261456054350357,-0.027518805727396844,66967.0,0.819590691052776,low_c,0.9068256466970167,0.04247620572517697,0.08640298297871339
GO:0010833,telomere maintenance via telomere lengthening,biological_process,16,6011,0.748027695,0.7261456054350357,0.03311092577147634,49548.0,0.8188669474271812,high_c,0.9068256466970167,0.04247620572517697,0.0867866583035673
GO:1901698,response to nitrogen compound,biological_process,19,6011,0.7534929857894737,0.7261456054350357,0.029934649708383,58628.0,0.8215442659829162,high_c,0.9084081820040398,0.04171896275789171,0.08536903118913108
GO:0046695,SLIK (SAGA-like) complex,cellular_component,16,6011,0.7417619125,0.7261456054350357,0.03213094245204329,49501.0,0.8241405896519478,high_c,0.9106989583932409,0.04062516014571889,0.08399869594621867
GO:0140719,constitutive heterochromatin formation,biological_process,89,6011,0.7459120499999998,0.7261456054350357,0.013611405196392035,267116.0,0.8253179451656779,high_c,0.9114198173076443,0.04028153263991203,0.08337871177699603
GO:0010639,negative regulation of organelle organization,biological_process,89,6011,0.7430948308988765,0.7261456054350357,0.01348048981326544,267081.5,0.8269715609536734,high_c,0.9126653717835836,0.03968842709514991,0.08250942531233617
GO:0005769,early endosome,cellular_component,15,6011,0.7463858933333332,0.7261456054350357,0.03224371803424497,46420.0,0.8290384633466932,high_c,0.9143651666898726,0.03888032701623571,0.08142531983366307
GO:0000978,RNA polymerase II cis-regulatory region sequence-specific DNA binding,molecular_function,107,6011,0.7375944273831777,0.7261456054350357,-0.012109642124458642,312039.0,0.8297857365266756,low_c,0.9146082784827357,0.03876487196572464,0.08103403468057838
GO:0019208,phosphatase regulator activity,molecular_function,41,6011,0.7370741446341464,0.7261456054350357,-0.019177186746741848,120038.0,0.8321882309732258,low_c,0.9154878475267507,0.03834741628538986,0.0797784304074399
GO:0000281,mitotic cytokinesis,biological_process,16,6011,0.7566019774999999,0.7261456054350357,0.030629691409507886,49429.0,0.8322347019276315,high_c,0.9154878475267507,0.03834741628538986,0.0797541792646883
GO:0004725,protein tyrosine phosphatase activity,molecular_function,17,6011,0.7470319705882352,0.7261456054350357,0.029676735559088563,52461.0,0.8324606179338458,high_c,0.9154878475267507,0.03834741628538986,0.07963630294905955
GO:0004620,glycerophospholipase activity,molecular_function,18,6011,0.7535249933333333,0.7261456054350357,0.02880212099301027,55490.5,0.8326931516386747,high_c,0.9154878475267507,0.03834741628538986,0.07951500711756873
GO:0000387,spliceosomal snRNP assembly,biological_process,18,6011,0.7419464172222222,0.7261456054350357,0.028681610026512372,55484.0,0.8333831153410824,high_c,0.9156665115393159,0.03826266887495578,0.07915530276100624
GO:0032008,positive regulation of TOR signaling,biological_process,15,6011,0.7560641193333333,0.7261456054350357,0.03119857682899707,46373.0,0.8345003451039223,high_c,0.9163141044278362,0.037955628475873505,0.07857347938413752
GO:0045930,negative regulation of mitotic cell cycle,biological_process,95,6011,0.7470917242105263,0.7261456054350357,-0.012149033842211998,277596.0,0.8388025557071583,low_c,0.9204559018379436,0.03599701329489643,0.07634025497371173
GO:0007118,budding cell apical bud growth,biological_process,16,6011,0.72491348375,0.7261456054350357,-0.02908673894912428,46565.0,0.8405722203014023,low_c,0.9218151449420305,0.03535616092106563,0.0754249668991828
GO:0009896,positive regulation of catabolic process,biological_process,91,6011,0.7388949852747252,0.7261456054350357,0.01221413721413711,272650.0,0.8413005862969113,high_c,0.9220314506385341,0.035254264840283385,0.07504880842728179
GO:0061157,mRNA destabilization,biological_process,32,6011,0.7358237425,0.7261456054350357,0.02008069911356425,97585.0,0.8444864447066622,high_c,0.9243559066902683,0.034160779265871875,0.07340731712475997
GO:0050779,RNA destabilization,biological_process,32,6011,0.7358237425,0.7261456054350357,0.02008069911356425,97585.0,0.8444864447066622,high_c,0.9243559066902683,0.034160779265871875,0.07340731712475997
GO:0009651,response to salt stress,biological_process,25,6011,0.7322540516000001,0.7261456054350357,-0.02262612763113936,73132.0,0.8450280719565165,low_c,0.9243659312643432,0.034156069398638425,0.07312886348426331
GO:0043328,protein transport to vacuole involved in ubiquitin-dependent protein catabolic process via the multivesicular body sorting pathway,biological_process,27,6011,0.7491826862962961,0.7261456054350357,0.021439889086947828,82516.0,0.8473869383545718,high_c,0.9257795626076378,0.033492410877357694,0.0719182345104512
GO:0004527,exonuclease activity,molecular_function,42,6011,0.7475606828571427,0.7261456054350357,0.017215933114743676,127507.0,0.8473416200951286,high_c,0.9257795626076378,0.033492410877357694,0.0719414612034956
GO:0048584,positive regulation of response to stimulus,biological_process,73,6011,0.7464258257534246,0.7261456054350357,0.01292349714169716,219538.0,0.8492811582608858,high_c,0.9259037480866263,0.033434157861816,0.07094851085471014
GO:0000375,"RNA splicing, via transesterification reactions",biological_process,112,6011,0.7358434775000001,0.7261456054350357,-0.010262029883999713,326954.0,0.8522075863708081,low_c,0.9259037480866263,0.033434157861816,0.06945460401926101
GO:2000217,regulation of invasive growth in response to glucose limitation,biological_process,20,6011,0.747408723,0.7261456054350357,-0.023451844433316604,58505.0,0.8561516267404883,low_c,0.9259037480866263,0.033434157861816,0.06744931379808608
GO:0001403,invasive growth in response to glucose limitation,biological_process,43,6011,0.7301622774418605,0.7261456054350357,-0.016623542614876197,126179.0,0.8508210931466229,low_c,0.9259037480866263,0.033434157861816,0.07016175181628757
GO:0030515,snoRNA binding,molecular_function,27,6011,0.7389396374074074,0.7261456054350357,-0.021056149732620266,79083.0,0.8500865766485783,low_c,0.9259037480866263,0.033434157861816,0.07053684152569586
GO:0000727,double-strand break repair via break-induced replication,biological_process,64,6011,0.7416821046875,0.7261456054350357,0.013562510509500525,192885.0,0.8517603823557285,high_c,0.9259037480866263,0.033434157861816,0.0696825639857132
GO:0016811,"hydrolase activity, acting on carbon-nitrogen (but not peptide) bonds, in linear amides",molecular_function,33,6011,0.7507544424242425,0.7261456054350357,0.01828928292628529,100441.0,0.8560453980925931,high_c,0.9259037480866263,0.033434157861816,0.06750320305848195
GO:0072686,mitotic spindle,cellular_component,21,6011,0.7350941885714286,0.7261456054350357,-0.022895301693298342,61455.0,0.8561085314879439,low_c,0.9259037480866263,0.033434157861816,0.06747117499749586
GO:0031509,subtelomeric heterochromatin formation,biological_process,71,6011,0.7445272394366198,0.7261456054350357,0.01312182861478628,213637.0,0.8490566703168267,high_c,0.9259037480866263,0.033434157861816,0.07106332178841948
GO:0071025,RNA surveillance,biological_process,36,6011,0.7498527225,0.7261456054350357,0.01782426778242674,109467.0,0.853530095957255,high_c,0.9259037480866263,0.033434157861816,0.0687811608085048
GO:0030532,small nuclear ribonucleoprotein complex,cellular_component,55,6011,0.7436111516363636,0.7261456054350357,0.014170584284754817,166111.0,0.8562610743764967,high_c,0.9259037480866263,0.033434157861816,0.06739379855411537
GO:0023056,positive regulation of signaling,biological_process,44,6011,0.7515180950000001,0.7261456054350357,0.01627131038895735,133410.0,0.8522890404839228,high_c,0.9259037480866263,0.033434157861816,0.06941309607923501
GO:0001101,response to acid chemical,biological_process,30,6011,0.7388192693333335,0.7261456054350357,-0.019372457225659057,87977.0,0.8545970841126521,low_c,0.9259037480866263,0.033434157861816,0.06823859333013219
GO:0000422,autophagy of mitochondrion,biological_process,47,6011,0.7400376585106384,0.7261456054350357,0.015711289010659657,142356.0,0.8526229512182364,high_c,0.9259037480866263,0.033434157861816,0.06924298103292108
GO:0008134,transcription factor binding,molecular_function,72,6011,0.7467070094444443,0.7261456054350357,0.012829507399300333,216547.0,0.8513689170497094,high_c,0.9259037480866263,0.033434157861816,0.0698822096911966
GO:0030688,"preribosome, small subunit precursor",cellular_component,22,6011,0.7422971513636363,0.7261456054350357,0.022298456260720467,67348.0,0.856567637918849,high_c,0.9259037480866263,0.033434157861816,0.06723833775962695
GO:0008081,phosphoric diester hydrolase activity,molecular_function,19,6011,0.7549196036842104,0.7261456054350357,0.02441852294287128,58314.0,0.8540270275085463,high_c,0.9259037480866263,0.033434157861816,0.0685283849174541
GO:0005669,transcription factor TFIID complex,cellular_component,16,6011,0.737097054375,0.7261456054350357,-0.025938281901584648,46716.0,0.8576398785451063,low_c,0.9263474077683673,0.03322610945034783,0.06669503335392939
GO:0051053,negative regulation of DNA metabolic process,biological_process,40,6011,0.7423946812500001,0.7261456054350357,-0.01629542790152405,117474.0,0.8588391800022032,low_c,0.9263474077683673,0.03322610945034783,0.06608815139155616
GO:0044732,mitotic spindle pole body,cellular_component,16,6011,0.750676586875,0.7261456054350357,0.0256672226855712,49191.0,0.8591125152690504,high_c,0.9263474077683673,0.03322610945034783,0.06594995425897118
GO:0043487,regulation of RNA stability,biological_process,47,6011,0.7346742919148936,0.7261456054350357,0.015033463190490481,142261.0,0.8589144157018443,high_c,0.9263474077683673,0.03322610945034783,0.0660501081596294
GO:0061014,positive regulation of mRNA catabolic process,biological_process,36,6011,0.7257671697222222,0.7261456054350357,-0.01697814969781497,105724.0,0.8604116611795645,low_c,0.9271723425249683,0.03283953182006303,0.06529371224131807
GO:0051301,cell division,biological_process,37,6011,0.7475760567567566,0.7261456054350357,0.016431563803508853,112335.0,0.8630273435933498,high_c,0.9289868424408008,0.0319904370244657,0.06397544416476418
GO:0015914,phospholipid transport,biological_process,42,6011,0.7454355757142858,0.7261456054350357,0.015412966996146693,127281.0,0.8631657700789237,high_c,0.9289868424408008,0.0319904370244657,0.0639057904759773
GO:0000725,recombinational repair,biological_process,129,6011,0.7413141949612403,0.7261456054350357,0.008774635005232012,382718.0,0.8644476665340584,high_c,0.9297900552063973,0.031615103229380964,0.06326129368380246
GO:2000001,regulation of DNA damage checkpoint,biological_process,16,6011,0.74104143875,0.7261456054350357,-0.024478732276897452,46786.0,0.8655751816669558,low_c,0.9304263253088763,0.03131801025871683,0.0626952044320682
GO:0030950,establishment or maintenance of actin cytoskeleton polarity,biological_process,21,6011,0.7362192614285714,0.7261456054350357,-0.02120995309643059,61561.0,0.8666009844642947,low_c,0.9307261092133785,0.03117810286134331,0.06218082194003777
GO:0110085,mitotic actomyosin contractile ring,cellular_component,19,6011,0.7431560384210527,0.7261456054350357,0.022240179888974865,58190.0,0.8669263355979453,high_c,0.9307261092133785,0.03117810286134331,0.062017803795415265
GO:0005816,spindle pole body,cellular_component,67,6011,0.7481660482089552,0.7261456054350357,0.011816757397400623,201477.0,0.8677273579935338,high_c,0.9310103173527656,0.031045506188854825,0.06161670975307443
GO:0005680,anaphase-promoting complex,cellular_component,16,6011,0.73850631375,0.7261456054350357,-0.023811509591326052,46818.0,0.8692073178151767,low_c,0.9310766361577857,0.03101457112320227,0.060876626031480044
GO:0030866,cortical actin cytoskeleton organization,biological_process,37,6011,0.7355144118918919,0.7261456054350357,-0.01549054913634762,108807.0,0.8708027153769724,low_c,0.9310766361577857,0.03101457112320227,0.06008022539185649
GO:0070461,SAGA-type complex,cellular_component,21,6011,0.744812710952381,0.7261456054350357,0.020573972493838966,64189.0,0.8705666216212147,high_c,0.9310766361577857,0.03101457112320227,0.06019798813613727
GO:0016891,"RNA endonuclease activity producing 5'-phosphomonoesters, hydrolytic mechanism",molecular_function,20,6011,0.739358843,0.7261456054350357,0.021131697546319383,61176.0,0.8702548638236011,high_c,0.9310766361577857,0.03101457112320227,0.060353540780418616
GO:0003690,double-stranded DNA binding,molecular_function,276,6011,0.7382788463043479,0.7261456054350357,-0.0057541412380122114,786876.0,0.871543510228342,low_c,0.9310766361577857,0.03101457112320227,0.0597109266487822
GO:0006270,DNA replication initiation,biological_process,37,6011,0.7416457516216216,0.7261456054350357,-0.015409115174766286,108816.0,0.8714761827083204,low_c,0.9310766361577857,0.03101457112320227,0.059744477584045455
GO:0006303,double-strand break repair via nonhomologous end joining,biological_process,34,6011,0.7425147002941177,0.7261456054350357,-0.01626824395476778,99956.0,0.8699100807944854,low_c,0.9310766361577857,0.03101457112320227,0.0605256363848282
GO:0051784,negative regulation of nuclear division,biological_process,45,6011,0.7468519053333333,0.7261456054350357,0.013606734458226244,136061.5,0.8748926778536612,high_c,0.9340797593812766,0.029616038566220287,0.058045218148644
GO:0000470,maturation of LSU-rRNA,biological_process,58,6011,0.7472640144827586,0.7261456054350357,0.01186883460671817,174686.0,0.8762280732128651,high_c,0.9349305071281708,0.02922066879848162,0.05738283670209596
GO:0071028,nuclear mRNA surveillance,biological_process,27,6011,0.7504129866666667,0.7261456054350357,0.01718162012279656,82172.0,0.8774374614763141,high_c,0.9356458434415733,0.028888507399493363,0.05678382768678406
GO:0008608,attachment of spindle microtubules to kinetochore,biological_process,44,6011,0.7433903749999999,0.7261456054350357,-0.013399454575925174,129515.0,0.8781402663290998,low_c,0.9358204434299062,0.02880747167662162,0.05643610820858533
GO:0019216,regulation of lipid metabolic process,biological_process,53,6011,0.7350366256603773,0.7261456054350357,-0.011970586558741392,155997.0,0.8805877475684077,low_c,0.9372779459097215,0.028131601774966444,0.055227361575163704
GO:0008028,monocarboxylic acid transmembrane transporter activity,molecular_function,20,6011,0.7432602399999999,0.7261456054350357,0.01951260223668827,61079.0,0.8801214731358279,high_c,0.9372779459097215,0.028131601774966444,0.05545738299548072
GO:0010389,regulation of G2/M transition of mitotic cell cycle,biological_process,24,6011,0.7533409354166666,0.7261456054350357,0.01691164189076333,73059.0,0.8861776902630749,high_c,0.9391968683130024,0.027243364218958222,0.05247918763503162
GO:0009116,nucleoside metabolic process,biological_process,16,6011,0.736736481875,0.7261456054350357,-0.020934111759799867,46956.0,0.8849015874784981,low_c,0.9391968683130024,0.027243364218958222,0.053105025789826614
GO:1902850,microtubule cytoskeleton organization involved in mitosis,biological_process,42,6011,0.7399526578571429,0.7261456054350357,0.012816217121796036,126955.5,0.8860519391112708,high_c,0.9391968683130024,0.027243364218958222,0.0525408196385914
GO:0044773,mitotic DNA damage checkpoint signaling,biological_process,29,6011,0.7491850200000001,0.7261456054350357,0.0156100485364139,88093.0,0.8845660109451421,high_c,0.9391968683130024,0.027243364218958222,0.05326975221778701
GO:1902749,regulation of cell cycle G2/M phase transition,biological_process,24,6011,0.7533409354166666,0.7261456054350357,0.01691164189076333,73059.0,0.8861776902630749,high_c,0.9391968683130024,0.027243364218958222,0.05247918763503162
GO:0000183,rDNA heterochromatin formation,biological_process,27,6011,0.7505645162962964,0.7261456054350357,0.01624083977025159,82096.0,0.8841020045108446,high_c,0.9391968683130024,0.027243364218958222,0.053497624760112855
GO:0140718,facultative heterochromatin formation,biological_process,27,6011,0.7505645162962964,0.7261456054350357,0.01624083977025159,82096.0,0.8841020045108446,high_c,0.9391968683130024,0.027243364218958222,0.053497624760112855
GO:0034389,lipid droplet organization,biological_process,18,6011,0.7476453427777777,0.7261456054350357,-0.0192261341935962,52900.0,0.8878768826849227,low_c,0.9404235926424807,0.026676484155862743,0.05164725142583675
GO:0042398,modified amino acid biosynthetic process,biological_process,23,6011,0.7577458069565217,0.7261456054350357,0.016903371961313862,70026.0,0.888605299522924,high_c,0.9406212194949977,0.026585228220559098,0.05129110101333434
GO:1903320,regulation of protein modification by small protein conjugation or removal,biological_process,34,6011,0.7430717982352941,0.7261456054350357,0.013414166067966526,102972.0,0.892586607751301,high_c,0.941778178454126,0.02605137663140668,0.04934963354225455
GO:1901873,regulation of post-translational protein modification,biological_process,34,6011,0.7430717982352941,0.7261456054350357,0.013414166067966526,102972.0,0.892586607751301,high_c,0.941778178454126,0.02605137663140668,0.04934963354225455
GO:0034502,protein localization to chromosome,biological_process,32,6011,0.7454095868749999,0.7261456054350357,-0.013777387522997175,94346.0,0.892953272889108,low_c,0.941778178454126,0.02605137663140668,0.049171266595628746
GO:0062013,positive regulation of small molecule metabolic process,biological_process,29,6011,0.7359997744827587,0.7261456054350357,-0.014526337633590458,85479.0,0.892532378139758,low_c,0.941778178454126,0.02605137663140668,0.04937602015428688
GO:0008408,3'-5' exonuclease activity,molecular_function,27,6011,0.7440149614814814,0.7261456054350357,0.015361952861952854,82025.0,0.8903355189539516,high_c,0.941778178454126,0.02605137663140668,0.05044630057869884
GO:0007231,osmosensory signaling pathway,biological_process,15,6011,0.7406182446666667,0.7261456054350357,-0.020458083166555507,44050.0,0.8910467864699394,low_c,0.941778178454126,0.02605137663140668,0.05009949172938527
GO:0032365,intracellular lipid transport,biological_process,20,6011,0.742842974,0.7261456054350357,0.017125688532799277,60936.0,0.8947006639098819,high_c,0.9430481800531603,0.025466118718973585,0.04832224038969233
GO:0010972,negative regulation of G2/M transition of mitotic cell cycle,biological_process,21,6011,0.7549366428571429,0.7261456054350357,0.016281103426345478,63919.0,0.8974149308890212,high_c,0.9441892848626309,0.024940932470149866,0.0470067090967167
GO:1902750,negative regulation of cell cycle G2/M phase transition,biological_process,21,6011,0.7549366428571429,0.7261456054350357,0.016281103426345478,63919.0,0.8974149308890212,high_c,0.9441892848626309,0.024940932470149866,0.0470067090967167
GO:0030865,cortical cytoskeleton organization,biological_process,38,6011,0.7365664602631581,0.7261456054350357,-0.012230475737309066,112099.0,0.8964757491722322,low_c,0.9441892848626309,0.024940932470149866,0.04746145416998796
GO:0003684,damaged DNA binding,molecular_function,23,6011,0.7438296991304346,0.7261456054350357,-0.015407626847898648,67801.0,0.8984105655605478,low_c,0.9446642894083046,0.024722501713818328,0.046525149291497786
GO:0000977,RNA polymerase II transcription regulatory region sequence-specific DNA binding,molecular_function,124,6011,0.7414152437096776,0.7261456054350357,0.006515175591927491,367372.0,0.9010612776613272,high_c,0.9463026476686258,0.023969944790766234,0.04524567334363407
GO:0044774,mitotic DNA integrity checkpoint signaling,biological_process,40,6011,0.745311046,0.7261456054350357,-0.011380003349522716,118061.0,0.9011646990726627,low_c,0.9463026476686258,0.023969944790766234,0.04519582904121825
GO:0007032,endosome organization,biological_process,22,6011,0.728888996818182,0.7261456054350357,0.01525524066849826,66884.0,0.9016040203017899,high_c,0.9463026476686258,0.023969944790766234,0.044984160414711434
GO:0000472,"endonucleolytic cleavage to generate mature 5'-end of SSU-rRNA from (SSU-rRNA, 5.8S rRNA, LSU-rRNA)",biological_process,34,6011,0.7356929488235293,0.7261456054350357,-0.01215443513861958,100374.0,0.9026246972535519,low_c,0.9468014951251759,0.023741064933807267,0.04449278766254282
GO:0070938,contractile ring,cellular_component,21,6011,0.7439599614285715,0.7261456054350357,0.014850147070514241,63829.0,0.9063920974772341,high_c,0.9471766573028914,0.023569013460539,0.04268388959323771
GO:0005826,actomyosin contractile ring,cellular_component,21,6011,0.7439599614285715,0.7261456054350357,0.014850147070514241,63829.0,0.9063920974772341,high_c,0.9471766573028914,0.023569013460539,0.04268388959323771
GO:0001217,DNA-binding transcription repressor activity,molecular_function,23,6011,0.7351721717391304,0.7261456054350357,0.014187795881618337,69839.0,0.9064186612745775,high_c,0.9471766573028914,0.023569013460539,0.04267116183271474
GO:0001227,"DNA-binding transcription repressor activity, RNA polymerase II-specific",molecular_function,23,6011,0.7351721717391304,0.7261456054350357,0.014187795881618337,69839.0,0.9064186612745775,high_c,0.9471766573028914,0.023569013460539,0.04267116183271474
GO:0007121,bipolar cellular bud site selection,biological_process,16,6011,0.735107089375,0.7261456054350357,-0.017264386989157665,47132.0,0.9049823670806536,low_c,0.9471766573028914,0.023569013460539,0.04335988262261502
GO:0018193,peptidyl-amino acid modification,biological_process,54,6011,0.7400113940740742,0.7261456054350357,0.009189313537139698,162317.0,0.9073472241328966,high_c,0.9471766573028914,0.023569013460539,0.042226485081492814
GO:0034397,telomere localization,biological_process,23,6011,0.7442371047826088,0.7261456054350357,-0.01437657924544744,67872.0,0.9051786697683947,low_c,0.9471766573028914,0.023569013460539,0.0432656886004618
GO:0016722,"oxidoreductase activity, acting on metal ions",molecular_function,15,6011,0.7486984573333334,0.7261456054350357,0.017389370691572203,45752.0,0.9073183931937369,high_c,0.9471766573028914,0.023569013460539,0.042240284998862336
GO:0008380,RNA splicing,biological_process,124,6011,0.737561939032258,0.7261456054350357,-0.005906946415557557,362838.0,0.910258651105619,low_c,0.9481333707299985,0.02313056762181115,0.04083518483611831
GO:0015179,L-amino acid transmembrane transporter activity,molecular_function,31,6011,0.7374888777419355,0.7261456054350357,0.01188909267450633,93792.0,0.9090024923692877,high_c,0.9481333707299985,0.02313056762181115,0.041434925996135345
GO:0009967,positive regulation of signal transduction,biological_process,43,6011,0.75042196,0.7261456054350357,0.009882162229565505,129580.0,0.9109945059779018,high_c,0.9481333707299985,0.02313056762181115,0.040484242160564336
GO:0010647,positive regulation of cell communication,biological_process,43,6011,0.75042196,0.7261456054350357,0.009882162229565505,129580.0,0.9109945059779018,high_c,0.9481333707299985,0.02313056762181115,0.040484242160564336
GO:0017056,structural constituent of nuclear pore,molecular_function,29,6011,0.7437607679310344,0.7261456054350357,-0.012232098594634477,85678.0,0.9094321961637694,low_c,0.9481333707299985,0.02313056762181115,0.041229674752913184
GO:0000149,SNARE binding,molecular_function,33,6011,0.7465777363636364,0.7261456054350357,0.010857994464551934,99708.0,0.9142499604603592,high_c,0.950951426817965,0.021841665611134303,0.03893504977236066
GO:0030952,establishment or maintenance of cytoskeleton polarity,biological_process,24,6011,0.7429458579166668,0.7261456054350357,0.012262680251656333,72725.0,0.917346483166116,high_c,0.9536008950756751,0.02063334996306261,0.037466599655952455
GO:0008757,S-adenosylmethionine-dependent methyltransferase activity,molecular_function,82,6011,0.7376183581707317,0.7261456054350357,0.006618974943333411,244698.0,0.9179126367589088,high_c,0.953618394622062,0.02062538029069941,0.037198651237781155
GO:0010565,regulation of ketone metabolic process,biological_process,15,6011,0.7315547619999999,0.7261456054350357,0.014787636201912369,45635.0,0.9211446976155655,high_c,0.9564038247970226,0.019358695746434475,0.03567214348390999
GO:1901992,positive regulation of mitotic cell cycle phase transition,biological_process,38,6011,0.7377004855263158,0.7261456054350357,-0.009208103130755041,112442.0,0.9219725185628622,low_c,0.9566911489689951,0.01922824398627155,0.03528202386435013
GO:0019888,protein phosphatase regulator activity,molecular_function,40,6011,0.73834422325,0.7261456054350357,-0.008775749455702586,118372.0,0.9237116244842832,low_c,0.9573512717043079,0.018928681479615014,0.03446359094722407
GO:0051783,regulation of nuclear division,biological_process,73,6011,0.7472496691780821,0.7261456054350357,0.006521729100245954,218150.5,0.9236134686231308,high_c,0.9573512717043079,0.018928681479615014,0.03450974259542519
GO:0090592,DNA synthesis involved in DNA replication,biological_process,20,6011,0.7336337115000001,0.7261456054350357,-0.011901185110999801,59197.0,0.9267294189179197,low_c,0.9593334950754374,0.01803039189770978,0.03304705013209712
GO:0019985,translesion synthesis,biological_process,20,6011,0.7336337115000001,0.7261456054350357,-0.011901185110999801,59197.0,0.9267294189179197,low_c,0.9593334950754374,0.01803039189770978,0.03304705013209712
GO:0015698,inorganic anion transport,biological_process,29,6011,0.7489906475862069,0.7261456054350357,0.00915389847704029,87533.0,0.9321700024819137,high_c,0.9643904197309906,0.015747112561103935,0.03050487690889556
GO:0000480,"endonucleolytic cleavage in 5'-ETS of tricistronic rRNA transcript (SSU-rRNA, 5.8S rRNA, LSU-rRNA)",biological_process,33,6011,0.7363190945454545,0.7261456054350357,-0.00850593590640425,97798.0,0.932783688937136,low_c,0.9644505562804456,0.015720032079174846,0.030219056781599175
GO:0000479,"endonucleolytic cleavage of tricistronic rRNA transcript (SSU-rRNA, 5.8S rRNA, LSU-rRNA)",biological_process,59,6011,0.7411914840677966,0.7261456054350357,-0.006031301257517718,174525.0,0.9363946230601863,low_c,0.9647365374673492,0.015591273129135582,0.02854108876225126
GO:0016278,lysine N-methyltransferase activity,molecular_function,24,6011,0.7394708066666666,0.7261456054350357,-0.009673737542453043,71149.0,0.9347623301883318,low_c,0.9647365374673492,0.015591273129135582,0.029298797478973636
GO:0031333,negative regulation of protein-containing complex assembly,biological_process,25,6011,0.7356944148,0.7261456054350357,-0.009248245907116592,74133.0,0.9363477764824062,low_c,0.9647365374673492,0.015591273129135582,0.028562816481167815
GO:0007093,mitotic cell cycle checkpoint signaling,biological_process,82,6011,0.7469910948780487,0.7261456054350357,-0.005125694704408712,241843.0,0.9363927691337798,low_c,0.9647365374673492,0.015591273129135582,0.028541948603588888
GO:0016279,protein-lysine N-methyltransferase activity,molecular_function,24,6011,0.7394708066666666,0.7261456054350357,-0.009673737542453043,71149.0,0.9347623301883318,low_c,0.9647365374673492,0.015591273129135582,0.029298797478973636
GO:0004402,histone acetyltransferase activity,molecular_function,20,6011,0.7312970129999999,0.7261456054350357,-0.010499081956267697,59281.0,0.9353474384730257,low_c,0.9647365374673492,0.015591273129135582,0.02902703877057233
GO:0045017,glycerolipid biosynthetic process,biological_process,85,6011,0.7425536102352943,0.7261456054350357,-0.004788469555895292,250649.0,0.9395102950395767,low_c,0.9673724034333958,0.014406306039505564,0.027098456591255173
GO:1901989,positive regulation of cell cycle phase transition,biological_process,44,6011,0.7425592811363636,0.7261456054350357,0.006505477093712297,132128.0,0.9406774714583943,high_c,0.9680000536169369,0.014124618636297272,0.026559256887645145
GO:0005635,nuclear envelope,cellular_component,111,6011,0.7464680576576576,0.7261456054350357,0.0040739044128874635,328784.0,0.9413139910028688,high_c,0.9680812134958414,0.014088207677543051,0.026265486228379903
GO:0006109,regulation of carbohydrate metabolic process,biological_process,54,6011,0.7442352903703705,0.7261456054350357,0.005744875310092601,161763.0,0.9420084775676082,high_c,0.9682218573459845,0.014025117504255615,0.02594518877372006
GO:0015804,neutral amino acid transport,biological_process,22,6011,0.7360588963636363,0.7261456054350357,-0.00860668801894382,65312.0,0.9444120279154576,low_c,0.9701179174326832,0.01317547421017052,0.024838490436970097
GO:0015919,peroxisomal membrane transport,biological_process,24,6011,0.7413429258333334,0.7261456054350357,0.00773899003396239,72400.0,0.9477982781421564,high_c,0.9711701070665997,0.012704693789227324,0.02328408461534664
GO:0043574,peroxisomal transport,biological_process,24,6011,0.7413429258333334,0.7261456054350357,0.00773899003396239,72400.0,0.9477982781421564,high_c,0.9711701070665997,0.012704693789227324,0.02328408461534664
GO:0006397,mRNA processing,biological_process,163,6011,0.7421382871779142,0.7261456054350357,0.0030108348090269743,478047.0,0.9476625611418158,high_c,0.9711701070665997,0.012704693789227324,0.02334627650370177
GO:0000462,"maturation of SSU-rRNA from tricistronic rRNA transcript (SSU-rRNA, 5.8S rRNA, LSU-rRNA)",biological_process,69,6011,0.7407633860869565,0.7261456054350357,-0.004712218108380961,204033.0,0.9462901153106476,low_c,0.9711701070665997,0.012704693789227324,0.023975696407301753
GO:1903311,regulation of mRNA metabolic process,biological_process,61,6011,0.7324490609836066,0.7261456054350357,0.004827111172337695,182351.0,0.9482334858743586,high_c,0.9711701070665997,0.012704693789227324,0.02308471209059942
GO:0016410,N-acyltransferase activity,molecular_function,46,6011,0.7333993786956523,0.7261456054350357,0.005459382630562448,137944.0,0.9490981049414491,high_c,0.9714824942089362,0.01256502083564359,0.022688893755421703
GO:0006839,mitochondrial transport,biological_process,18,6011,0.7302475183333333,0.7261456054350357,-0.008547008547008517,53476.0,0.9500531040553392,low_c,0.971886970324142,0.012384240237164633,0.02225211875996196
GO:0019213,deacetylase activity,molecular_function,18,6011,0.7488479899999999,0.7261456054350357,-0.008250366167936618,53492.0,0.951786349282715,low_c,0.9725138919098254,0.0121041862627282,0.021460528234155722
GO:0010038,response to metal ion,biological_process,18,6011,0.7335161083333332,0.7261456054350357,0.008287446465320647,54384.0,0.9515696809873001,high_c,0.9725138919098254,0.0121041862627282,0.02155940395053462
GO:0046890,regulation of lipid biosynthetic process,biological_process,38,6011,0.7370294084210527,0.7261456054350357,-0.005454369222906541,112868.0,0.9537481187805994,low_c,0.9739451377665415,0.011465506197679887,0.020566305659879037
GO:0000987,cis-regulatory region sequence-specific DNA binding,molecular_function,122,6011,0.7376115429508198,0.7261456054350357,-0.0030092225293615327,358148.0,0.9545838246959566,low_c,0.9742254671794125,0.011340521745439154,0.020185928973343235
GO:0007117,budding cell bud growth,biological_process,25,6011,0.7309212744000001,0.7261456054350357,0.006468426328098964,75309.0,0.9554698996629241,high_c,0.9745568424293984,0.011192824957362133,0.019782990049266154
GO:0033108,mitochondrial respiratory chain complex assembly,biological_process,57,6011,0.7435131456140351,0.7261456054350357,0.004231270147151633,170407.0,0.9561184309350816,high_c,0.9746456817987679,0.011153237025949104,0.01948830990382116
GO:0008194,UDP-glycosyltransferase activity,molecular_function,24,6011,0.7394488720833334,0.7261456054350357,0.006166137742887434,72287.0,0.9584063168188489,high_c,0.9764045575102827,0.010370202117458968,0.018450332527250736
GO:0046349,amino sugar biosynthetic process,biological_process,23,6011,0.7325488491304348,0.7261456054350357,0.006055589439749154,69279.0,0.9600101804618361,high_c,0.9774649110156876,0.009898823932896369,0.017724161444852907
GO:0051315,attachment of mitotic spindle microtubules to kinetochore,biological_process,16,6011,0.74775354375,0.7261456054350357,-0.006150959132610545,47665.0,0.9661139229339727,low_c,0.9813772792354457,0.008164000988173898,0.014971659107910191
GO:0007129,homologous chromosome pairing at meiosis,biological_process,18,6011,0.7327023588888889,0.7261456054350357,-0.005840146837977622,53622.0,0.9658767017218781,low_c,0.9813772792354457,0.008164000988173898,0.015078309588099937
GO:0006488,dolichol-linked oligosaccharide biosynthetic process,biological_process,17,6011,0.7493483700000001,0.7261456054350357,-0.006143398300261005,50636.0,0.9651140988238524,low_c,0.9813772792354457,0.008164000988173898,0.015421339961544519
GO:0032040,small-subunit processome,cellular_component,61,6011,0.734362927377049,0.7261456054350357,-0.0032401157184185347,180887.0,0.9652489210062116,low_c,0.9813772792354457,0.008164000988173898,0.015360675175356117
GO:0030466,silent mating-type cassette heterochromatin formation,biological_process,46,6011,0.744262360652174,0.7261456054350357,0.003556980939538601,137683.0,0.9668344992484649,high_c,0.9815349068393773,0.008094250747469396,0.014647861195788685
GO:0015631,tubulin binding,molecular_function,49,6011,0.7482482514285714,0.7261456054350357,0.003299810363595279,146551.0,0.9682525520771943,high_c,0.9824000177708997,0.0077116383468370945,0.014011349646209932
GO:0015215,nucleotide transmembrane transporter activity,molecular_function,19,6011,0.7303906852631578,0.7261456054350357,-0.005164781111657635,56630.0,0.9690003139352381,low_c,0.9825821267451362,0.007631139983975989,0.013676082247150565
GO:0046527,glucosyltransferase activity,molecular_function,16,6011,0.7427756862499999,0.7261456054350357,0.005525437864887461,48225.0,0.9695640455728217,high_c,0.9825821267451362,0.007631139983975989,0.01342349785893856
GO:0035825,homologous recombination,biological_process,62,6011,0.7364883746774192,0.7261456054350357,0.0026353033038895024,184905.0,0.971509486131273,high_c,0.9839792695005191,0.007014051199116011,0.012552954452409695
GO:0016746,acyltransferase activity,molecular_function,242,6011,0.7390140124793388,0.7261456054350357,0.0011446187875063796,698848.0,0.9759135837133521,high_c,0.9872878679058155,0.005556199696113974,0.010588637023900442
GO:0071230,cellular response to amino acid stimulus,biological_process,17,6011,0.7483535829411766,0.7261456054350357,0.004318043533729776,51169.0,0.9754921854607741,high_c,0.9872878679058155,0.005556199696113974,0.010776205331337116
GO:0015175,neutral L-amino acid transmembrane transporter activity,molecular_function,15,6011,0.7343642233333334,0.7261456054350357,-0.003913720257949782,44794.0,0.97914201245573,low_c,0.9876760799669653,0.005385464064895283,0.009154314577808124
GO:0070873,regulation of glycogen metabolic process,biological_process,15,6011,0.7304824679999999,0.7261456054350357,-0.0039804313987102935,44791.0,0.978785548985048,low_c,0.9876760799669653,0.005385464064895283,0.009312451296526981
GO:0000724,double-strand break repair via homologous recombination,biological_process,116,6011,0.7396817620689655,0.7261456054350357,-0.0014828463630780497,341403.0,0.9781689034673282,low_c,0.9876760799669653,0.005385464064895283,0.009586147758050688
GO:0005881,cytoplasmic microtubule,cellular_component,16,6011,0.752656260625,0.7261456054350357,-0.004128440366972463,47762.0,0.9772712807078063,low_c,0.9876760799669653,0.005385464064895283,0.009984863752359623
GO:0005876,spindle microtubule,cellular_component,19,6011,0.7507632531578947,0.7261456054350357,-0.0036012929520061743,56719.0,0.9783977623370246,low_c,0.9876760799669653,0.005385464064895283,0.00948454923198546
GO:0046474,glycerophospholipid biosynthetic process,biological_process,82,6011,0.7431305957317074,0.7261456054350357,0.0014274607242614756,243436.0,0.9822870413481894,high_c,0.9902731148550854,0.004245011547398803,0.007761585270235987
GO:0006260,DNA replication,biological_process,78,6011,0.7391944894871795,0.7261456054350357,-0.0013872862347495962,231066.0,0.983206829820423,low_c,0.9906251053791376,0.004090669903466239,0.007355113295910808
GO:0008234,cysteine-type peptidase activity,molecular_function,31,6011,0.7350630983870968,0.7261456054350357,-0.001683029453015461,92534.0,0.9871263615360992,low_c,0.9934210803632859,0.002866628528116187,0.005627249959296342
GO:0030258,lipid modification,biological_process,30,6011,0.7448553816666668,0.7261456054350357,0.001727693250849871,89870.0,0.9869988151249983,high_c,0.9934210803632859,0.002866628528116187,0.005683368693062204
GO:0034045,phagophore assembly site membrane,cellular_component,28,6011,0.7467775903571428,0.7261456054350357,0.0016594637186313488,83901.0,0.987938094767534,high_c,0.9936619539492694,0.0027613384441741813,0.005270267905456456
GO:1902299,pre-replicative complex assembly involved in cell cycle DNA replication,biological_process,19,6011,0.7502858152631579,0.7261456054350357,-0.0017391609865785584,56825.0,0.9895940337260778,low_c,0.9941754875859208,0.0025369490399192547,0.004542931737517883
GO:0006267,pre-replicative complex assembly involved in nuclear cell cycle DNA replication,biological_process,19,6011,0.7502858152631579,0.7261456054350357,-0.0017391609865785584,56825.0,0.9895940337260778,low_c,0.9941754875859208,0.0025369490399192547,0.004542931737517883
GO:0000447,"endonucleolytic cleavage in ITS1 to separate SSU-rRNA from 5.8S rRNA and LSU-rRNA from tricistronic rRNA transcript (SSU-rRNA, 5.8S rRNA, LSU-rRNA)",biological_process,44,6011,0.7391126445454546,0.7261456054350357,0.0010740893093834636,131415.0,0.9902257756554914,high_c,0.994234786892963,0.0025110455710353084,0.0042657731375858095
GO:0120114,Sm-like protein family complex,cellular_component,58,6011,0.7407190051724138,0.7261456054350357,-0.0007935726408591082,172500.0,0.9917193559700247,low_c,0.9951588450658745,0.0021075925913256336,0.0036112103030033122
GO:1901875,positive regulation of post-translational protein modification,biological_process,16,6011,0.7407183281249999,0.7261456054350357,-0.001292743953294373,47898.0,0.9929215848176334,low_c,0.9952147062606301,0.0020832150481000403,0.0030850482072452665
GO:1903322,positive regulation of protein modification by small protein conjugation or removal,biological_process,16,6011,0.7407183281249999,0.7261456054350357,-0.001292743953294373,47898.0,0.9929215848176334,low_c,0.9952147062606301,0.0020832150481000403,0.0030850482072452665
GO:0071897,DNA biosynthetic process,biological_process,46,6011,0.7402484613043476,0.7261456054350357,0.0005831116294325867,137275.0,0.9945899552236785,high_c,0.9963116920186417,0.0016047730751234176,0.0023559312016795276
GO:0006409,tRNA export from nucleus,biological_process,20,6011,0.7427646875,0.7261456054350357,-0.0007845100984810172,59863.0,0.995211418463634,low_c,0.9963592978390245,0.0015840220879228943,0.002084649788204472
GO:0004529,DNA exonuclease activity,molecular_function,18,6011,0.7412892744444446,0.7261456054350357,0.0005005840146838914,53964.0,0.9971238751093764,high_c,0.9976985862765864,0.0010006431697848193,0.001250884883365374
GO:0140993,histone modifying activity,molecular_function,60,6011,0.7431295813333333,0.7261456054350357,5.6012995015564115e-06,178531.0,0.9999701722425774,high_c,0.9999701722425773,1.2954223654891894e-05,1.2954223654843675e-05
