GO_id,term,namespace,n_annotated,n_background,mean_c_ann,mean_c_all,rank_biserial,U_stat,p_two,direction,p_fdr,neg_log10_fdr,neg_log10_p
GO:0019752,carboxylic acid metabolic process,biological_process,299,6011,0.8273083761538461,0.7244528781452337,0.3933337549066449,1189829.0,1.6129642116110758e-30,high_c,2.8001058713568274e-27,26.552825547773203,29.792375268613675
GO:0002181,cytoplasmic translation,biological_process,131,6011,0.866620996870229,0.7244528781452337,0.5511242665004934,597400.0,3.260284297481694e-27,high_c,2.8299267702141105e-24,23.54822480253345,26.48674452770994
GO:0006412,translation,biological_process,260,6011,0.8258404257307693,0.7244528781452337,0.3784679587496489,1030584.0,4.741776655909133e-25,high_c,1.8626687576959494e-22,21.72986436973888,24.324058905733313
GO:0044283,small molecule biosynthetic process,biological_process,276,6011,0.8199033754347826,0.7244528781452337,0.3676749680957254,1082419.0,4.98578026274794e-25,high_c,1.8626687576959494e-22,21.72986436973888,24.302266865980453
GO:0003735,structural constituent of ribosome,molecular_function,209,6011,0.8366687751674642,0.7244528781452337,0.4197859507280941,860829.0,5.364829371244094e-25,high_c,1.8626687576959494e-22,21.72986436973888,24.270444086243334
GO:0044391,ribosomal subunit,cellular_component,216,6011,0.8349471041666666,0.7244528781452337,0.4102898411785383,882644.0,1.1350792391936905e-24,high_c,3.284162598733744e-22,21.4835753491212,23.944973819578028
GO:0005840,ribosome,cellular_component,202,6011,0.8341387288613861,0.7244528781452337,0.4178408717098254,831860.0,4.945474459918347e-24,high_c,1.22647766605975e-21,20.911340355810896,23.30579203663711
GO:0005618,cell wall,cellular_component,129,6011,0.8577331553488371,0.7244528781452337,0.5013930293181932,569612.0,1.7334546222809961e-22,high_c,3.343641360310899e-20,19.475780311254205,21.76108752265535
GO:0030312,external encapsulating structure,cellular_component,130,6011,0.8574328718461537,0.7244528781452337,0.4997004695695395,573283.0,1.668883531525376e-22,high_c,3.343641360310899e-20,19.475780311254205,21.7775739709186
GO:0009277,fungal-type cell wall,cellular_component,127,6011,0.8579416097637795,0.7244528781452337,0.5024087743620762,561351.0,2.966753620329164e-22,high_c,5.150284284891429e-20,19.288168798152572,21.527718518993048
GO:0022625,cytosolic large ribosomal subunit,cellular_component,75,6011,0.8876355510666667,0.7244528781452337,0.6355256064690027,364068.0,2.7347457739454447e-21,high_c,4.3159260577902653e-19,18.36492600443601,20.563083040118258
GO:0006520,amino acid metabolic process,biological_process,200,6011,0.8288124515000002,0.7244528781452337,0.38618998451213216,805515.0,1.402007281912076e-20,high_c,2.0282372011661365e-18,17.69288125588035,19.8532497306732
GO:0005975,carbohydrate metabolic process,biological_process,192,6011,0.8199744064583333,0.7244528781452337,0.3809073724007561,771408.0,2.3877885026863606e-19,high_c,3.188616031279632e-17,16.49639777474773,18.622004143281366
GO:0016491,oxidoreductase activity,molecular_function,300,6011,0.8058096626666666,0.7244528781452337,0.3017743535866457,1115165.0,1.1076672473074672e-18,high_c,1.3735073866612594e-16,15.86216900062085,17.955590685783086
GO:1901605,alpha-amino acid metabolic process,biological_process,136,6011,0.8418203138970588,0.7244528781452337,0.43664080100125147,573938.0,2.8162037701120294e-18,high_c,3.2592864966096553e-16,15.486877462662207,17.550335924446998
GO:0015934,large ribosomal subunit,cellular_component,123,6011,0.8450353568292683,0.7244528781452337,0.45161165606221276,525646.0,9.066301352690454e-18,high_c,9.836936967669143e-16,15.00714011143919,17.04256984962374
GO:0170039,proteinogenic amino acid metabolic process,biological_process,128,6011,0.843100519765625,0.7244528781452337,0.441802651708312,542856.0,1.0890774228685491e-17,high_c,1.112140238882236e-15,14.953840445548442,16.96294124501064
GO:0170033,L-amino acid metabolic process,biological_process,124,6011,0.8421244237096774,0.7244528781452337,0.4376510298799432,524734.0,6.662532151410085e-17,high_c,6.425642119359948e-15,14.192083466446396,16.176360682183564
GO:0006090,pyruvate metabolic process,biological_process,39,6011,0.9054126556410258,0.7244528781452337,0.724122829615127,200781.0,5.882609690663032e-15,high_c,5.374847591047906e-13,12.269633846073813,14.230429965961457
GO:0000324,fungal-type vacuole,cellular_component,272,6011,0.8004458674632353,0.7244528781452337,0.2779934503859045,997479.0,8.582478361812553e-15,high_c,7.094848779098377e-13,12.149056856739701,14.066387282846256
GO:0000322,storage vacuole,cellular_component,272,6011,0.8004458674632353,0.7244528781452337,0.2779934503859045,997479.0,8.582478361812553e-15,high_c,7.094848779098377e-13,12.149056856739701,14.066387282846256
GO:0008652,amino acid biosynthetic process,biological_process,96,6011,0.8467086047916667,0.7244528781452337,0.46004156100309945,414535.0,9.641552283923394e-15,high_c,7.608061256768641e-13,12.11872599930809,14.015853039326357
GO:0000323,lytic vacuole,cellular_component,273,6011,0.8000301723443224,0.7244528781452337,0.2759637249006368,999382.0,1.2051465303104737e-14,high_c,9.096236420082533e-13,12.041138260435217,13.918960145258096
GO:1901607,alpha-amino acid biosynthetic process,biological_process,93,6011,0.8472820641935483,0.7244528781452337,0.46114460348781017,402088.0,2.1362532320167975e-14,high_c,1.545223171158817e-12,11.811008788081603,13.67034726721047
GO:0044282,small molecule catabolic process,biological_process,140,6011,0.8270966252142857,0.7244528781452337,0.37615397717594967,565558.0,2.578294211179093e-14,high_c,1.7215072117718866e-12,11.764091153600507,13.588667526470163
GO:0072521,purine-containing compound metabolic process,biological_process,156,6011,0.8188910713461539,0.7244528781452337,0.3568897939521338,619678.0,2.5524186105871708e-14,high_c,1.7215072117718866e-12,11.764091153600507,13.593048097443376
GO:0170038,proteinogenic amino acid biosynthetic process,biological_process,90,6011,0.8473375194444442,0.7244528781452337,0.46236183827806854,389639.0,4.712997360365846e-14,high_c,3.030282747257448e-12,11.51851684679649,13.326702803477977
GO:0016053,organic acid biosynthetic process,biological_process,152,6011,0.820496717631579,0.7244528781452337,0.35526315789473695,603477.0,6.931238869123965e-14,high_c,4.149182991999726e-12,11.382037410998167,13.159189133939684
GO:0046394,carboxylic acid biosynthetic process,biological_process,152,6011,0.820496717631579,0.7244528781452337,0.35526315789473695,603477.0,6.931238869123965e-14,high_c,4.149182991999726e-12,11.382037410998167,13.159189133939684
GO:0006091,generation of precursor metabolites and energy,biological_process,152,6011,0.8199996491447369,0.7244528781452337,0.35409536385767293,602957.0,8.358568348396793e-14,high_c,4.8368248842722774e-12,11.315439635822408,13.077868101943219
GO:0016052,carbohydrate catabolic process,biological_process,78,6011,0.8478095726923076,0.7244528781452337,0.47693690656778465,341744.0,4.2420224044622956e-13,high_c,2.3755325464988854e-11,10.62423901505827,12.372427042064471
GO:0006753,nucleoside phosphate metabolic process,biological_process,206,6011,0.799021166407767,0.7244528781452337,0.29242952593596083,772763.0,9.104065859989826e-13,high_c,4.938955729044481e-11,10.306364866674626,12.040764609195193
GO:0055086,nucleobase-containing small molecule metabolic process,biological_process,218,6011,0.7976582507798167,0.7244528781452337,0.2841724510917163,810874.0,9.774030681645504e-13,high_c,5.141732504041392e-11,10.288890521049945,12.00992630201253
GO:0170034,L-amino acid biosynthetic process,biological_process,86,6011,0.843577198255814,0.7244528781452337,0.44513394171327647,368184.0,1.2661491643373668e-12,high_c,6.464808674381378e-11,10.189444323512117,11.897515127310335
GO:0032787,monocarboxylic acid metabolic process,biological_process,135,6011,0.8178364063703705,0.7244528781452337,0.351768650883695,536152.0,2.5843400941728425e-12,high_c,1.2818326867097297e-10,9.892168658109519,11.587650334599717
GO:0006066,alcohol metabolic process,biological_process,111,6011,0.8223864687387387,0.7244528781452337,0.37408153916628484,449943.0,1.3569102950125898e-11,high_c,6.543322978171822e-10,9.184201642413553,10.867448862486738
GO:0071555,cell wall organization,biological_process,187,6011,0.8006396952941176,0.7244528781452337,0.2883513545278251,701564.0,1.7915683991241877e-11,high_c,8.184638791788395e-10,9.087000482311247,10.74676660653491
GO:0045229,external encapsulating structure organization,biological_process,187,6011,0.8006396952941176,0.7244528781452337,0.2883513545278251,701564.0,1.7915683991241877e-11,high_c,8.184638791788395e-10,9.087000482311247,10.74676660653491
GO:0005576,extracellular region,cellular_component,68,6011,0.840186395,0.7244528781452337,0.4658916570161633,296201.0,3.692159129932975e-11,high_c,1.6434841665547807e-09,8.784234475586624,10.432719589400596
GO:0072524,pyridine-containing compound metabolic process,biological_process,84,6011,0.8356924415476192,0.7244528781452337,0.41898254155719994,353233.0,4.004137758800053e-11,high_c,1.737795787319223e-09,8.7600012599076,10.397490989420112
GO:0016054,organic acid catabolic process,biological_process,86,6011,0.838672503488372,0.7244528781452337,0.41287410460209983,359965.0,4.5934663932814815e-11,high_c,1.944940892374793e-09,8.711093592541628,10.337859456662366
GO:0006163,purine nucleotide metabolic process,biological_process,115,6011,0.8192415691304349,0.7244528781452337,0.35760132145596124,460254.0,4.776807177549701e-11,high_c,1.9744136333872097e-09,8.704561858819668,10.32086228926224
GO:0046395,carboxylic acid catabolic process,biological_process,85,6011,0.8383966411764705,0.7244528781452337,0.41186396934744196,355585.0,6.590217530297928e-11,high_c,2.6606087517667916e-09,8.575018984690043,10.18110024995093
GO:0046496,nicotinamide nucleotide metabolic process,biological_process,69,6011,0.841761228115942,0.7244528781452337,0.45301196591202886,297866.0,9.195564911284985e-11,high_c,3.6280683377251664e-09,8.440324541232275,10.036421585586561
GO:0071554,cell wall organization or biogenesis,biological_process,211,6011,0.794727488720379,0.7244528781452337,0.26019774472953094,771115.0,1.276343124428895e-10,high_c,4.923848142241248e-09,8.307695349730091,9.89403255679522
GO:0031505,fungal-type cell wall organization,biological_process,181,6011,0.7989321471270717,0.7244528781452337,0.2789003345242269,674767.0,1.5549258817346468e-10,high_c,5.868155066720319e-09,8.231498418391952,9.808290307550852
GO:0071852,fungal-type cell wall organization or biogenesis,biological_process,203,6011,0.7940675472906403,0.7244528781452337,0.2554367001859166,740095.0,5.800586909983169e-10,high_c,2.1425146544108043e-08,7.669076198899289,9.236528061804044
GO:0019318,hexose metabolic process,biological_process,50,6011,0.8512296829999998,0.7244528781452337,0.5069820499916122,224578.0,6.297325609758271e-10,high_c,2.2775327621959083e-08,7.642535367005432,9.200843850470317
GO:0009154,purine ribonucleotide catabolic process,biological_process,26,6011,0.8991876442307694,0.7244528781452337,0.6984512563459933,132148.0,7.525263577174107e-10,high_c,2.512280301918125e-08,7.5999319068198,9.123478284025474
GO:0031974,membrane-enclosed lumen,cellular_component,291,6011,0.7848429002405498,0.7244528781452337,0.2135810924470718,1010015.0,7.488186137290585e-10,high_c,2.512280301918125e-08,7.5999319068198,9.125623368677877
GO:0043233,organelle lumen,cellular_component,291,6011,0.7848429002405498,0.7244528781452337,0.2135810924470718,1010015.0,7.488186137290585e-10,high_c,2.512280301918125e-08,7.5999319068198,9.125623368677877
GO:0070013,intracellular organelle lumen,cellular_component,291,6011,0.7848429002405498,0.7244528781452337,0.2135810924470718,1010015.0,7.488186137290585e-10,high_c,2.512280301918125e-08,7.5999319068198,9.125623368677877
GO:0009063,amino acid catabolic process,biological_process,48,6011,0.8621913785416667,0.7244528781452337,0.5144781709430377,216740.0,7.822617298236736e-10,high_c,2.5622761565545235e-08,7.591374064753524,9.106647915993207
GO:0051119,sugar transmembrane transporter activity,molecular_function,19,6011,0.9258697442105264,0.7244528781452337,0.809886866699459,103026.0,1.0327380429144458e-09,high_c,3.145321478069259e-08,7.502334959434508,8.98600982460249
GO:0071944,cell periphery,cellular_component,285,6011,0.7824893072631579,0.7244528781452337,0.21409636560839762,990648.0,9.992943289171898e-10,high_c,3.145321478069259e-08,7.502334959434508,9.000306577241377
GO:0015145,monosaccharide transmembrane transporter activity,molecular_function,19,6011,0.9258697442105264,0.7244528781452337,0.809886866699459,103026.0,1.0327380429144458e-09,high_c,3.145321478069259e-08,7.502334959434508,8.98600982460249
GO:0015149,hexose transmembrane transporter activity,molecular_function,19,6011,0.9258697442105264,0.7244528781452337,0.809886866699459,103026.0,1.0327380429144458e-09,high_c,3.145321478069259e-08,7.502334959434508,8.98600982460249
GO:0022627,cytosolic small ribosomal subunit,cellular_component,59,6011,0.8486409055932204,0.7244528781452337,0.45833333333333326,256060.0,1.3017027318738215e-09,high_c,3.896130935401645e-08,7.409366456422041,8.885488183699577
GO:0055056,D-glucose transmembrane transporter activity,molecular_function,16,6011,0.939027835,0.7244528781452337,0.873790658882402,89867.0,1.4925996639961667e-09,high_c,4.3917847740632974e-08,7.357358951282689,8.826056660481017
GO:1901135,carbohydrate derivative metabolic process,biological_process,291,6011,0.7816840821649484,0.7244528781452337,0.20874606493163195,1005991.0,1.7870511924656377e-09,high_c,5.1705347835339115e-08,7.286464535914472,8.747863006371302
GO:0006096,glycolytic process,biological_process,24,6011,0.9008002604166666,0.7244528781452337,0.707880964311564,122701.0,2.0473064874731013e-09,high_c,5.553318847270787e-08,7.255447390522585,8.688817137379171
GO:0009137,purine nucleoside diphosphate catabolic process,biological_process,24,6011,0.9008002604166666,0.7244528781452337,0.707880964311564,122701.0,2.0473064874731013e-09,high_c,5.553318847270787e-08,7.255447390522585,8.688817137379171
GO:0009181,purine ribonucleoside diphosphate catabolic process,biological_process,24,6011,0.9008002604166666,0.7244528781452337,0.707880964311564,122701.0,2.0473064874731013e-09,high_c,5.553318847270787e-08,7.255447390522585,8.688817137379171
GO:0046032,ADP catabolic process,biological_process,24,6011,0.9008002604166666,0.7244528781452337,0.707880964311564,122701.0,2.0473064874731013e-09,high_c,5.553318847270787e-08,7.255447390522585,8.688817137379171
GO:0009150,purine ribonucleotide metabolic process,biological_process,67,6011,0.8340904125373133,0.7244528781452337,0.4184628673590325,282450.0,3.655948329618335e-09,high_c,9.764194308026815e-08,7.010363586683753,8.43699995088137
GO:0046364,monosaccharide biosynthetic process,biological_process,16,6011,0.93319817375,0.7244528781452337,0.850583819849875,88754.0,3.989990932218526e-09,high_c,1.03382451616886e-07,6.985553173164064,8.39902809130371
GO:0019319,hexose biosynthetic process,biological_process,16,6011,0.93319817375,0.7244528781452337,0.850583819849875,88754.0,3.989990932218526e-09,high_c,1.03382451616886e-07,6.985553173164064,8.39902809130371
GO:0015578,mannose transmembrane transporter activity,molecular_function,15,6011,0.9386755106666667,0.7244528781452337,0.8712697353791417,84151.0,5.321351990709185e-09,high_c,1.3223895871762363e-07,6.878640579165666,8.273978012910137
GO:0005353,fructose transmembrane transporter activity,molecular_function,15,6011,0.9386755106666667,0.7244528781452337,0.8712697353791417,84151.0,5.321351990709185e-09,high_c,1.3223895871762363e-07,6.878640579165666,8.273978012910137
GO:1902600,proton transmembrane transport,biological_process,81,6011,0.8237439751851854,0.7244528781452337,0.37699081881206675,330705.0,5.332216077323533e-09,high_c,1.3223895871762363e-07,6.878640579165666,8.273092259991882
GO:1901136,carbohydrate derivative catabolic process,biological_process,50,6011,0.8491225043999998,0.7244528781452337,0.47727562489515174,220151.0,5.866425525056721e-09,high_c,1.4192354287487386e-07,6.847945555969207,8.231626438375331
GO:0019364,pyridine nucleotide catabolic process,biological_process,26,6011,0.8903540880769231,0.7244528781452337,0.6604716920506395,129193.0,5.8862298888196525e-09,high_c,1.4192354287487386e-07,6.847945555969207,8.23016278037841
GO:0009134,nucleoside diphosphate catabolic process,biological_process,26,6011,0.8865298607692308,0.7244528781452337,0.6587494376968062,129059.0,6.44498068873638e-09,high_c,1.5326693802255281e-07,6.814551518876487,8.190778379596503
GO:0046034,ATP metabolic process,biological_process,40,6011,0.862117373,0.7244528781452337,0.5314520180874225,182886.0,6.559341528940801e-09,high_c,1.5387860667893555e-07,6.81282175474363,8.183139755853126
GO:0009117,nucleotide metabolic process,biological_process,150,6011,0.7948501672666667,0.7244528781452337,0.2766490360006826,561183.0,6.85574973099516e-09,high_c,1.5868775377343463e-07,6.7994565872579695,8.163945044706743
GO:0009261,ribonucleotide catabolic process,biological_process,27,6011,0.8838064266666668,0.7244528781452337,0.6433947316300257,132760.0,7.604566261078406e-09,high_c,1.7144840297704042e-07,6.765866555935384,8.118925551603375
GO:0072526,pyridine-containing compound catabolic process,biological_process,28,6011,0.8850562532142858,0.7244528781452337,0.6320885365678948,136707.0,7.508191033599686e-09,high_c,1.7144840297704042e-07,6.765866555935384,8.124464685999714
GO:0006195,purine nucleotide catabolic process,biological_process,29,6011,0.8817938151724137,0.7244528781452337,0.6205743667784964,140567.0,7.749481529971333e-09,high_c,1.7190415181404508e-07,6.764713634143924,8.110727352487837
GO:0046165,alcohol biosynthetic process,biological_process,70,6011,0.8325722542857144,0.7244528781452337,0.400697333301272,291254.0,7.822827185086153e-09,high_c,1.7190415181404508e-07,6.764713634143924,8.106636263693956
GO:0008645,hexose transmembrane transport,biological_process,24,6011,0.8941245916666666,0.7244528781452337,0.6785256945604365,120592.0,9.168268336840763e-09,high_c,1.964952325031551e-07,6.706647982299699,8.037712684261523
GO:0015749,monosaccharide transmembrane transport,biological_process,24,6011,0.8941245916666666,0.7244528781452337,0.6785256945604365,120592.0,9.168268336840763e-09,high_c,1.964952325031551e-07,6.706647982299699,8.037712684261523
GO:0015078,proton transmembrane transporter activity,molecular_function,87,6011,0.8158875613793104,0.7244528781452337,0.3558872150690353,349404.0,1.1480354516729599e-08,high_c,2.430475053785681e-07,6.61430883213267,7.940044700589426
GO:1901606,alpha-amino acid catabolic process,biological_process,37,6011,0.8683302997297296,0.7244528781452337,0.5421330269003519,170435.0,1.2438925305778069e-08,high_c,2.6016836543169556e-07,6.584745511593349,7.905217140057748
GO:0005996,monosaccharide metabolic process,biological_process,58,6011,0.834619668275862,0.7244528781452337,0.42841337604337415,246597.0,1.8731677742038695e-08,high_c,3.8712134000213307e-07,6.412152887607108,7.7274233223856985
GO:0046031,ADP metabolic process,biological_process,26,6011,0.8823599649999999,0.7244528781452337,0.6372598162071845,127387.0,1.960882572139677e-08,high_c,4.004814288511152e-07,6.397417618242624,7.707548413368805
GO:0009191,ribonucleoside diphosphate catabolic process,biological_process,25,6011,0.8841240408000001,0.7244528781452337,0.6480454393585031,123315.0,2.1431265915897206e-08,high_c,4.3261253058136686e-07,6.363900905415815,7.668952175012721
GO:0099023,vesicle tethering complex,cellular_component,43,6011,0.5859840781395348,0.7244528781452337,-0.49260396533449713,65105.0,2.4845557645186687e-08,low_c,4.901350917277738e-07,6.3096842026125435,7.604751251302848
GO:0006812,monoatomic cation transport,biological_process,181,6011,0.7886161895027625,0.7244528781452337,0.24295556418979758,655802.0,2.4743879532305525e-08,high_c,4.901350917277738e-07,6.3096842026125435,7.606532207399572
GO:0072523,purine-containing compound catabolic process,biological_process,41,6011,0.8553413334146343,0.7244528781452337,0.5041712628181558,184088.0,2.519483878971108e-08,high_c,4.914409004375105e-07,6.308528701956188,7.598688416151749
GO:0015935,small ribosomal subunit,cellular_component,94,6011,0.820712385957447,0.7244528781452337,0.3342478757564753,371053.0,2.5705604721302518e-08,high_c,4.958325532909018e-07,6.304664963549442,7.58997217495059
GO:0046434,organophosphate catabolic process,biological_process,62,6011,0.8312118785483871,0.7244528781452337,0.4093341792331593,259908.0,2.8047065669874018e-08,high_c,5.350517143175966e-07,6.271604240114553,7.552112568633933
GO:0015755,fructose transmembrane transport,biological_process,18,6011,0.9082899233333335,0.7244528781452337,0.7520255112446002,94499.0,3.439949964555576e-08,high_c,6.491036020074434e-07,6.18768598087409,7.463447874369007
GO:0170035,L-amino acid catabolic process,biological_process,33,6011,0.8705949099999999,0.7244528781452337,0.5558360452974036,153463.0,3.492008632741282e-08,high_c,6.518416114450393e-07,6.185857919040965,7.456924691327502
GO:0016051,carbohydrate biosynthetic process,biological_process,58,6011,0.8253214382758621,0.7244528781452337,0.41745396409807856,244705.0,4.26598659329381e-08,high_c,7.878460346763888e-07,6.103558646499934,7.369980513740708
GO:0009179,purine ribonucleoside diphosphate metabolic process,biological_process,27,6011,0.8768814625925926,0.7244528781452337,0.6096009110714993,130030.0,4.410793410420298e-08,high_c,7.976184750510038e-07,6.098204795117942,7.355483282918847
GO:0009135,purine nucleoside diphosphate metabolic process,biological_process,27,6011,0.8768814625925926,0.7244528781452337,0.6096009110714993,130030.0,4.410793410420298e-08,high_c,7.976184750510038e-07,6.098204795117942,7.355483282918847
GO:0006790,sulfur compound metabolic process,biological_process,117,6011,0.8021612150427351,0.7244528781452337,0.29204261033239654,445495.0,6.046225259677136e-08,high_c,1.0820873248246916e-06,5.965737690098962,7.2185156766731895
GO:0006006,glucose metabolic process,biological_process,30,6011,0.868506356,0.7244528781452337,0.5701945048208215,140870.0,6.84003777113716e-08,high_c,1.211663833744297e-06,5.916617854922673,7.164941500070651
GO:0019842,vitamin binding,molecular_function,49,6011,0.8430662928571427,0.7244528781452337,0.4427975819646879,210748.0,8.980866899981503e-08,high_c,1.574826761451302e-06,5.802767213737106,7.04668173998003
GO:0009205,purine ribonucleoside triphosphate metabolic process,biological_process,45,6011,0.845424029333333,0.7244528781452337,0.4592617424665699,195884.0,1.0628160302790075e-07,high_c,1.845048628564357e-06,5.733992182979799,6.973541903820272
GO:0015761,mannose transmembrane transport,biological_process,16,6011,0.9100531674999999,0.7244528781452337,0.7672226855713093,84756.0,1.1090638939841731e-07,high_c,1.9055325251826795e-06,5.719983633936261,6.955043433106545
GO:1901292,nucleoside phosphate catabolic process,biological_process,43,6011,0.8436613769767439,0.7244528781452337,0.4689039216908786,188478.0,1.1196101242432795e-07,high_c,1.9055325251826795e-06,5.719983633936261,6.950933183014816
GO:0009166,nucleotide catabolic process,biological_process,33,6011,0.859904513030303,0.7244528781452337,0.5327919543376218,151190.0,1.2491656055446403e-07,high_c,2.1053897973063065e-06,5.676667485981699,6.903379982116999
GO:0006302,double-strand break repair,biological_process,177,6011,0.6639668539548023,0.7244528781452337,-0.2313711362769194,396850.0,1.504205865234679e-07,low_c,2.510866713507118e-06,5.600176340701948,6.822692722243641
GO:0006811,monoatomic ion transport,biological_process,192,6011,0.7837298697395833,0.7244528781452337,0.22179498195566238,682524.0,1.6327886756556724e-07,high_c,2.6995439437507117e-06,5.568709598597215,6.78707002036775
GO:0004553,"hydrolase activity, hydrolyzing O-glycosyl compounds",molecular_function,48,6011,0.838684945625,0.7244528781452337,0.4367069148638829,205610.0,1.7985136304347482e-07,high_c,2.9454902475799273e-06,5.530842410860167,6.74508626643587
GO:0170040,proteinogenic amino acid catabolic process,biological_process,33,6011,0.8643215248484849,0.7244528781452337,0.5245191966503442,150374.0,1.9496890889520063e-07,high_c,3.16323388637447e-06,5.499868695594067,6.710034638749331
GO:0034219,carbohydrate transmembrane transport,biological_process,35,6011,0.8477805317142858,0.7244528781452337,0.5040256263147829,157291.0,2.616131214482097e-07,high_c,4.20518869290826e-06,5.376214512006323,6.582340477359845
GO:0030170,pyridoxal phosphate binding,molecular_function,38,6011,0.8546206984210527,0.7244528781452337,0.48061011393375463,168030.0,3.1408403464434727e-07,high_c,4.870891166796822e-06,5.312391574018381,6.502954138870781
GO:0015293,symporter activity,molecular_function,37,6011,0.8326754372972974,0.7244528781452337,0.48701128312778796,164343.0,3.142510430191498e-07,high_c,4.870891166796822e-06,5.312391574018381,6.502723272188673
GO:0070279,vitamin B6 binding,molecular_function,38,6011,0.8546206984210527,0.7244528781452337,0.48061011393375463,168030.0,3.1408403464434727e-07,high_c,4.870891166796822e-06,5.312391574018381,6.502954138870781
GO:0015294,solute:monoatomic cation symporter activity,molecular_function,37,6011,0.8326754372972974,0.7244528781452337,0.48701128312778796,164343.0,3.142510430191498e-07,high_c,4.870891166796822e-06,5.312391574018381,6.502723272188673
GO:0005402,carbohydrate:monoatomic cation symporter activity,molecular_function,25,6011,0.8616950296000002,0.7244528781452337,0.5900167056465084,118973.0,3.422182509463512e-07,high_c,5.211323540726892e-06,5.283051963181255,6.465696832685256
GO:0005351,carbohydrate:proton symporter activity,molecular_function,25,6011,0.8616950296000002,0.7244528781452337,0.5900167056465084,118973.0,3.422182509463512e-07,high_c,5.211323540726892e-06,5.283051963181255,6.465696832685256
GO:0015295,solute:proton symporter activity,molecular_function,34,6011,0.8350743905882353,0.7244528781452337,0.5055949768229193,152982.0,3.555714780495783e-07,high_c,5.321311085293689e-06,5.2739813513595655,6.44907308297312
GO:0044183,protein folding chaperone,molecular_function,43,6011,0.8460890241860466,0.7244528781452337,0.4499501215786521,186046.0,3.549203659379656e-07,high_c,5.321311085293689e-06,5.2739813513595655,6.449869079376817
GO:0009067,aspartate family amino acid biosynthetic process,biological_process,31,6011,0.8620695306451613,0.7244528781452337,0.5281368000863091,141643.0,3.783454428218544e-07,high_c,5.6137409293909335e-06,5.2507476336559975,6.422111492750309
GO:0009132,nucleoside diphosphate metabolic process,biological_process,31,6011,0.8567761280645162,0.7244528781452337,0.5276081562196568,141594.0,3.886025667718191e-07,high_c,5.717068270473542e-06,5.242826621619398,6.410494335153746
GO:0046906,tetrapyrrole binding,molecular_function,26,6011,0.8706572596153846,0.7244528781452337,0.574937343358396,122538.0,4.05755349140176e-07,high_c,5.869927384227879e-06,5.231367271294838,6.3917357460876865
GO:0020037,heme binding,molecular_function,26,6011,0.8706572596153846,0.7244528781452337,0.574937343358396,122538.0,4.05755349140176e-07,high_c,5.869927384227879e-06,5.231367271294838,6.3917357460876865
GO:0140097,"catalytic activity, acting on DNA",molecular_function,142,6011,0.6630970202816903,0.7244528781452337,-0.24775197444678287,313461.0,4.3643469159121515e-07,low_c,6.261575409936772e-06,5.203316384718667,6.36008073524269
GO:0016829,lyase activity,molecular_function,112,6011,0.8019611255357143,0.7244528781452337,0.27625142275930537,421602.0,5.277745534285669e-07,high_c,7.509972334032722e-06,5.124361662889181,6.277551553054907
GO:0008643,carbohydrate transport,biological_process,36,6011,0.8437115905555557,0.7244528781452337,0.48380288238028823,159583.0,5.378788597060494e-07,high_c,7.591526019916275e-06,5.119670915090883,6.269315524491959
GO:0098655,monoatomic cation transmembrane transport,biological_process,145,6011,0.7860244884827585,0.7244528781452337,0.24203298964223996,528218.0,6.154573743488858e-07,high_c,8.6164032408844e-06,5.064673984594819,6.210802020273057
GO:0009259,ribonucleotide metabolic process,biological_process,82,6011,0.8030131798780489,0.7244528781452337,0.3175009975770191,320270.0,7.603366427276269e-07,high_c,1.0559555294201283e-05,4.976354371323154,6.118994079155571
GO:0009185,ribonucleoside diphosphate metabolic process,biological_process,29,6011,0.8567487744827587,0.7244528781452337,0.5307992944350293,132780.0,7.870784758531083e-07,high_c,1.084419233397616e-05,4.964802788321008,6.103981964043919
GO:0015144,carbohydrate transmembrane transporter activity,molecular_function,29,6011,0.8495113531034484,0.7244528781452337,0.5294504202261958,132663.0,8.393240213191453e-07,high_c,1.1472964574882176e-05,4.940324347385953,6.076070347270469
GO:0009144,purine nucleoside triphosphate metabolic process,biological_process,47,6011,0.8339795185106381,0.7244528781452337,0.4157212780227464,198419.0,8.804730770139421e-07,high_c,1.194141610700159e-05,4.9229441680987,6.055283919291305
GO:0005199,structural constituent of cell wall,molecular_function,41,6011,0.844413132195122,0.7244528781452337,0.4386240143808473,176066.0,1.2502156338772978e-06,high_c,1.6824607290007666e-05,4.774055064029579,5.903015074570803
GO:0005984,disaccharide metabolic process,biological_process,21,6011,0.8840276019047618,0.7244528781452337,0.6097782017648461,101247.0,1.358232304652007e-06,high_c,1.81376252375068e-05,4.7414195758073925,5.867025944341029
GO:0015926,glucosidase activity,molecular_function,31,6011,0.8539403709677418,0.7244528781452337,0.49937425828028914,138977.0,1.5637971000243042e-06,high_c,2.0723295920932765e-05,4.683541171395923,5.805819596580632
GO:0051156,glucose 6-phosphate metabolic process,biological_process,20,6011,0.8866416895,0.7244528781452337,0.6208479385745285,97105.0,1.581937215239089e-06,high_c,2.0804871254962567e-05,4.6818349673707855,5.800810757005409
GO:0008324,monoatomic cation transmembrane transporter activity,molecular_function,149,6011,0.7815223961073826,0.7244528781452337,0.22936029804061642,536885.0,1.6818246172479125e-06,high_c,2.1952237109341173e-05,4.658521215069445,5.774219294942832
GO:0019693,ribose phosphate metabolic process,biological_process,89,6011,0.7979956353932585,0.7244528781452337,0.29313661874025243,340779.0,1.9955605110875345e-06,high_c,2.5852933188417612e-05,4.587490176157002,5.6999350986326665
GO:0180051,translation factor activity,molecular_function,50,6011,0.8337368858,0.7244528781452337,0.3861768159704748,206575.0,2.4828125791361328e-06,high_c,3.192713064726168e-05,4.495840110588519,5.605056062933986
GO:1990204,oxidoreductase complex,cellular_component,28,6011,0.858739555357143,0.7244528781452337,0.5147322174733173,126877.0,2.5243600829239793e-06,high_c,3.2222713999676675e-05,4.491837883362972,5.597848695833227
GO:0006457,protein folding,biological_process,136,6011,0.7909556747794118,0.7244528781452337,0.23468836045056318,493258.0,2.7842776370982777e-06,high_c,3.528106553286577e-05,4.452458307098723,5.55528746078279
GO:0051082,unfolded protein binding,molecular_function,81,6011,0.8059082362962964,0.7244528781452337,0.30154685320508823,312586.0,3.034792145165371e-06,high_c,3.790215225904377e-05,4.421336128087676,5.517871048674054
GO:0006826,iron ion transport,biological_process,40,6011,0.8414409737499999,0.7244528781452337,0.42771730028470945,170498.0,3.0214141928909696e-06,high_c,3.790215225904377e-05,4.421336128087676,5.519789735052169
GO:0009311,oligosaccharide metabolic process,biological_process,24,6011,0.8704362491666666,0.7244528781452337,0.5507766828127609,111414.0,3.1056037110350023e-06,high_c,3.850948601683403e-05,4.4144322778338365,5.507853962996071
GO:0034220,monoatomic ion transmembrane transport,biological_process,154,6011,0.7808628361688311,0.7244528781452337,0.2192159897469783,549853.0,3.307961610110683e-06,high_c,4.072781102944784e-05,4.3901089310232235,5.480439539208317
GO:0044272,sulfur compound biosynthetic process,biological_process,60,6011,0.8131841688333333,0.7244528781452337,0.34510166358595185,240141.0,4.096242856914868e-06,high_c,5.007801126481838e-05,4.300352926480235,5.387614302937651
GO:0015075,monoatomic ion transmembrane transporter activity,molecular_function,156,6011,0.7788859188461539,0.7244528781452337,0.215524754209639,555118.0,4.200482102665369e-06,high_c,5.0993265246343225e-05,4.292487178009657,5.376700861385069
GO:1902653,secondary alcohol biosynthetic process,biological_process,30,6011,0.85315929,0.7244528781452337,0.4843783090898959,133171.0,4.576929154299633e-06,high_c,5.5177423693501125e-05,4.25823858116413,5.339425809909353
GO:0034308,primary alcohol metabolic process,biological_process,29,6011,0.8482537744827587,0.7244528781452337,0.48119069853237884,128477.0,7.570556556446987e-06,high_c,9.063783573787565e-05,4.042690473161426,5.120872191766924
GO:0098687,chromosomal region,cellular_component,164,6011,0.6751735514024391,0.7244528781452337,-0.20409882908475052,381598.0,8.023638071581561e-06,low_c,9.540435405661363e-05,4.020431804545264,5.095628669601299
GO:0016129,phytosteroid biosynthetic process,biological_process,28,6011,0.8529304760714286,0.7244528781452337,0.4854587999331439,124425.0,9.058595439987618e-06,high_c,0.0001055417562672383,3.9765756832229076,5.042939135651107
GO:0006696,ergosterol biosynthetic process,biological_process,28,6011,0.8529304760714286,0.7244528781452337,0.4854587999331439,124425.0,9.058595439987618e-06,high_c,0.0001055417562672383,3.9765756832229076,5.042939135651107
GO:0022804,active transmembrane transporter activity,molecular_function,150,6011,0.7784321534,0.7244528781452337,0.2119843030199624,532758.0,8.995445598417774e-06,high_c,0.0001055417562672383,3.9765756832229076,5.0459773185729295
GO:0035770,ribonucleoprotein granule,cellular_component,139,6011,0.78708909323741,0.7244528781452337,0.21957883284652935,497715.0,9.362916459800699e-06,high_c,0.00010836015316142674,3.9651303897858288,5.02858885157062
GO:0010494,cytoplasmic stress granule,cellular_component,101,6011,0.792891724059406,0.7244528781452337,0.25427283845135773,374344.0,1.1420633151902548e-05,high_c,0.00013129946458081339,3.8817370448935544,4.942309818440858
GO:0005759,mitochondrial matrix,cellular_component,140,6011,0.7842473077857143,0.7244528781452337,0.21591843686887113,499706.0,1.2266950834116653e-05,high_c,0.00014010149110543757,3.853557242477128,4.911263375372829
GO:0050660,flavin adenine dinucleotide binding,molecular_function,35,6011,0.8414705359999999,0.7244528781452337,0.424966532797858,149023.0,1.4151008324127685e-05,high_c,0.00016056307484108275,3.7943543235441863,4.849212613567061
GO:0015980,energy derivation by oxidation of organic compounds,biological_process,109,6011,0.7945310798165137,0.7244528781452337,0.24074563435190677,399097.0,1.6076377423613335e-05,high_c,0.00018122461822982303,3.741782806465262,4.793811806469272
GO:0036464,cytoplasmic ribonucleoprotein granule,cellular_component,138,6011,0.7859442057971014,0.7244528781452337,0.21436591426745344,492106.0,1.625478747331122e-05,high_c,0.00018205361970108567,3.739800681736466,4.789018704406648
GO:0016705,"oxidoreductase activity, acting on paired donors, with incorporation or reduction of molecular oxygen",molecular_function,24,6011,0.86034354,0.7244528781452337,0.5082818328600858,108361.0,1.678335074181304e-05,high_c,0.000184404410682199,3.734228695473106,4.775121329359156
GO:0016874,ligase activity,molecular_function,114,6011,0.7893109180701754,0.7244528781452337,0.23506153887346826,415140.0,1.668003822250943e-05,high_c,0.000184404410682199,3.734228695473106,4.777802958506079
GO:0009141,nucleoside triphosphate metabolic process,biological_process,58,6011,0.8099650896551723,0.7244528781452337,0.328040918227263,229269.0,1.663579163737381e-05,high_c,0.000184404410682199,3.734228695473106,4.778956527794089
GO:0000041,transition metal ion transport,biological_process,67,6011,0.811285773880597,0.7244528781452337,0.3039312187380727,259644.0,1.8315451365844454e-05,high_c,0.00019997247528997464,3.6990297775976173,4.737182374117639
GO:0016614,"oxidoreductase activity, acting on CH-OH group of donors",molecular_function,88,6011,0.7958522827272728,0.7244528781452337,0.2644352524058755,329527.0,2.0024970474758298e-05,high_c,0.00021727092965112752,3.6629983773917107,4.6984281155762595
GO:1902652,secondary alcohol metabolic process,biological_process,42,6011,0.8260505407142857,0.7244528781452337,0.38087260369049614,173091.0,2.0449722053138245e-05,high_c,0.00022050135083383844,3.6565887456161654,4.689312590424788
GO:0009081,branched-chain amino acid metabolic process,biological_process,16,6011,0.886241845,0.7244528781452337,0.6145537948290243,77434.0,2.1219427765375565e-05,high_c,0.00022738843580674063,3.6432316258093467,4.673266332107189
GO:0006694,steroid biosynthetic process,biological_process,34,6011,0.8366256729411765,0.7244528781452337,0.42198033638752475,144486.0,2.1442098932885778e-05,high_c,0.00022836493096619454,3.641370588067314,4.66873270450383
GO:0016798,"hydrolase activity, acting on glycosyl bonds",molecular_function,57,6011,0.8119608143859649,0.7244528781452337,0.3222188827796735,224366.0,2.7511206341447704e-05,high_c,0.00029121618419971474,3.535784492980848,4.5604903657736235
GO:0006740,NADPH regeneration,biological_process,15,6011,0.8857774173333333,0.7244528781452337,0.6253279964420726,73091.0,2.7997959010321442e-05,high_c,0.0002945724657085941,3.530807849990578,4.552873626617145
GO:0042645,mitochondrial nucleoid,cellular_component,23,6011,0.8584377826086957,0.7244528781452337,0.5026720106880427,103477.0,3.084931737447944e-05,high_c,0.00031877627953628756,3.4965140023630257,4.510754441477636
GO:0008204,ergosterol metabolic process,biological_process,32,6011,0.837681153125,0.7244528781452337,0.4266704298377655,136481.0,3.05993911738232e-05,high_c,0.00031877627953628756,3.4965140023630257,4.514287214449121
GO:0009295,nucleoid,cellular_component,23,6011,0.8584377826086957,0.7244528781452337,0.5026720106880427,103477.0,3.084931737447944e-05,high_c,0.00031877627953628756,3.4965140023630257,4.510754441477636
GO:0000725,recombinational repair,biological_process,129,6011,0.6688561136434108,0.7244528781452337,-0.2099138351401859,299750.0,4.415761912695721e-05,low_c,0.00045359542487809305,3.3433313345389126,4.354994350765712
GO:0016126,sterol biosynthetic process,biological_process,33,6011,0.8341158036363636,0.7244528781452337,0.41044435658018785,139122.0,4.6560114874590785e-05,high_c,0.00047546093777817416,3.3228851573895395,4.331985956851739
GO:0034515,proteasome storage granule,cellular_component,20,6011,0.865212791,0.7244528781452337,0.5257719913203138,91409.0,4.794424413272884e-05,high_c,0.0004867322094410366,3.3127099134243436,4.319263523872663
GO:0005839,proteasome core complex,cellular_component,15,6011,0.882609646,0.7244528781452337,0.6034467422726262,72107.0,5.286646591276271e-05,high_c,0.0005316852904721584,3.2743453546475303,4.276819720914841
GO:0051276,chromosome organization,biological_process,258,6011,0.6859902714728682,0.7244528781452337,-0.1485237900818851,631912.0,5.2984766850048054e-05,low_c,0.0005316852904721584,3.2743453546475303,4.275848972359208
GO:0006310,DNA recombination,biological_process,222,6011,0.6838748016216216,0.7244528781452337,-0.15926446398030436,540239.0,5.503022764484818e-05,low_c,0.0005490372137440025,3.2603982180709683,4.259398690628841
GO:0071897,DNA biosynthetic process,biological_process,46,6011,0.6315415082608696,0.7244528781452337,-0.3421771930463938,90250.0,6.231037214224695e-05,low_c,0.0006181188916510898,3.2089279828044814,4.20543965495866
GO:0006739,NADP+ metabolic process,biological_process,22,6011,0.8519036954545455,0.7244528781452337,0.49253935244918723,98327.0,6.505408998942717e-05,high_c,0.0006416698876229862,3.192688340864683,4.186725393891006
GO:0010499,proteasomal ubiquitin-independent protein catabolic process,biological_process,17,6011,0.8707229052941178,0.7244528781452337,0.5594810496771281,79454.0,6.62299902791358e-05,high_c,0.0006495777577659873,3.1873688542177336,4.178945308696401
GO:0043648,dicarboxylic acid metabolic process,biological_process,40,6011,0.8278925454999999,0.7244528781452337,0.3646876570088762,162971.0,6.855035752663505e-05,high_c,0.0006685585430687553,3.174860557259887,4.163990275791466
GO:0072329,monocarboxylic acid catabolic process,biological_process,42,6011,0.82660493,0.7244528781452337,0.35255965344757434,169542.0,8.038490074670436e-05,high_c,0.0007795988139456915,3.1081288302743153,4.094825520134895
GO:0032502,developmental process,biological_process,182,6011,0.7721672089010989,0.7244528781452337,0.1713052773268935,621306.0,8.100218511258013e-05,high_c,0.0007812210741968838,3.1072260497109006,4.091503265448067
GO:0042026,protein refolding,biological_process,28,6011,0.8298049817857144,0.7244528781452337,0.4293116210214656,119722.0,8.667568964275561e-05,high_c,0.0008313204266288605,3.0802315481842495,4.062102694155538
GO:0031072,heat shock protein binding,molecular_function,25,6011,0.8401159695999999,0.7244528781452337,0.4534714333444705,108756.0,8.905777149127562e-05,high_c,0.000849474128070629,3.070849843642805,4.050328176498203
GO:0006458,'de novo' protein folding,biological_process,16,6011,0.865176765625,0.7244528781452337,0.5643661384487073,75027.0,9.444417338812811e-05,high_c,0.0008959294262392919,3.0477261990454387,4.024824830155482
GO:0003729,mRNA binding,molecular_function,240,6011,0.7698766951666668,0.7244528781452337,0.1481069138797435,795087.0,9.875218986152734e-05,high_c,0.0009317054434761493,3.03072136714416,4.005453264975097
GO:0033750,ribosome localization,biological_process,68,6011,0.8052159358823527,0.7244528781452337,0.2721540913185061,257054.0,0.00011121124653369811,high_c,0.0010435822917972968,2.9814732989086963,3.9538512913461554
GO:0006099,tricarboxylic acid cycle,biological_process,28,6011,0.8347487528571428,0.7244528781452337,0.4220768367517489,119116.0,0.00011385087462154033,high_c,0.0010626081631343763,2.973626852090316,3.943663628712873
GO:0006637,acyl-CoA metabolic process,biological_process,22,6011,0.852929991818182,0.7244528781452337,0.4730490748189864,97043.0,0.00012523311084033256,high_c,0.001162591873897419,2.9345727169325673,3.902280831236541
GO:0000781,"chromosome, telomeric region",cellular_component,122,6011,0.6733921719672131,0.7244528781452337,-0.20244746387401913,286504.0,0.00012648835396805646,low_c,0.001167998843024181,2.932557587419221,3.897949458996014
GO:0070585,protein localization to mitochondrion,biological_process,53,6011,0.8096823458490566,0.7244528781452337,0.3037298827642554,205842.0,0.00013750730422364113,high_c,0.0012630300536097408,2.898586315349987,3.861674232017216
GO:0170041,non-proteinogenic amino acid metabolic process,biological_process,33,6011,0.8285606087878787,0.7244528781452337,0.3837505195819013,136489.0,0.00014043151153126133,high_c,0.0012831005474645773,2.8917393097216837,3.852535429609328
GO:0090407,organophosphate biosynthetic process,biological_process,246,6011,0.7678845971544715,0.7244528781452337,0.14294276507379133,810455.0,0.00014319686430606173,high_c,0.0013015170493995978,2.8855501384178517,3.8440664920105974
GO:0071806,protein transmembrane transport,biological_process,86,6011,0.7990088401162793,0.7244528781452337,0.23770778137572357,315337.0,0.00015040850257692223,high_c,0.001359943544133005,2.866479120291858,3.822727612428781
GO:0016860,intramolecular oxidoreductase activity,molecular_function,19,6011,0.8627013142105263,0.7244528781452337,0.5014932190288806,85471.0,0.00015694076575974736,high_c,0.0014116537272482975,2.8502718208395375,3.804264232672237
GO:0016879,"ligase activity, forming carbon-nitrogen bonds",molecular_function,42,6011,0.8164907735714285,0.7244528781452337,0.3377609713679408,167687.0,0.00015826433885275667,high_c,0.0014162210940638434,2.848868941253299,3.8006169321635457
GO:0000287,magnesium ion binding,molecular_function,67,6011,0.7909116564179104,0.7244528781452337,0.2676171631747053,252413.0,0.00016157166557404507,high_c,0.0014384021099309858,2.842119688562242,3.791634798040197
GO:0016616,"oxidoreductase activity, acting on the CH-OH group of donors, NAD or NADP as acceptor",molecular_function,83,6011,0.7897372755421688,0.7244528781452337,0.23921190836219375,304861.0,0.00017810431961419264,high_c,0.0015774954022971348,2.802031897858721,3.749325547342718
GO:0006260,DNA replication,biological_process,78,6011,0.6649835267948718,0.7244528781452337,-0.24633190282945883,174389.0,0.0001816326689697879,low_c,0.001600580270718537,2.7957225406664006,3.740806035345281
GO:0070726,cell wall assembly,biological_process,53,6011,0.804765804528302,0.7244528781452337,0.29652852989796497,204705.0,0.00019748465197840426,high_c,0.0017227806825854764,2.7637700065945823,3.7044666510253488
GO:0000054,ribosomal subunit export from nucleus,biological_process,67,6011,0.8035013447761195,0.7244528781452337,0.2640866997448825,251710.0,0.0001970213217428584,high_c,0.0017227806825854764,2.7637700065945823,3.7054867717359015
GO:0003006,developmental process involved in reproduction,biological_process,141,6011,0.7727490711347517,0.7244528781452337,0.18237220148126676,489307.0,0.0002103449958663734,high_c,0.001825794564120121,2.7385480902673636,3.677067815443855
GO:0032561,guanyl ribonucleotide binding,molecular_function,92,6011,0.7902883765217389,0.7244528781452337,0.2230657352519887,333009.0,0.00023595480257742593,high_c,0.002017820380662125,2.6951174957597455,3.6271711786870053
GO:0019001,guanyl nucleotide binding,molecular_function,92,6011,0.7902883765217389,0.7244528781452337,0.2230657352519887,333009.0,0.00023595480257742593,high_c,0.002017820380662125,2.6951174957597455,3.6271711786870053
GO:0005525,GTP binding,molecular_function,92,6011,0.7902883765217389,0.7244528781452337,0.2230657352519887,333009.0,0.00023595480257742593,high_c,0.002017820380662125,2.6951174957597455,3.6271711786870053
GO:0016769,"transferase activity, transferring nitrogenous groups",molecular_function,22,6011,0.8486626636363636,0.7244528781452337,0.4531489549021692,95732.0,0.00023851237759194084,high_c,0.0020296935661745555,2.692569524926712,3.6224890783412866
GO:0016125,sterol metabolic process,biological_process,45,6011,0.8058943351111111,0.7244528781452337,0.31672812604760314,176751.0,0.000246470778292822,high_c,0.0020752026255947474,2.682939491780143,3.6082345635204836
GO:0016836,hydro-lyase activity,molecular_function,37,6011,0.8222248916216216,0.7244528781452337,0.3490078629014015,149091.0,0.000247010789264815,high_c,0.0020752026255947474,2.682939491780143,3.607284076635731
GO:0005758,mitochondrial intermembrane space,cellular_component,84,6011,0.7921155266666668,0.7244528781452337,0.2324592060546169,306801.0,0.00024834131411762147,high_c,0.0020752026255947474,2.682939491780143,3.604951025106063
GO:0042244,spore wall assembly,biological_process,51,6011,0.8044044439215687,0.7244528781452337,0.2972825371759442,197161.0,0.00025103257567678396,high_c,0.0020752026255947474,2.682939491780143,3.600269917886697
GO:0006414,translational elongation,biological_process,49,6011,0.8069601853061225,0.7244528781452337,0.3033155563466581,190374.0,0.00025011703421376865,high_c,0.0020752026255947474,2.682939491780143,3.6018567296484583
GO:0030476,ascospore wall assembly,biological_process,51,6011,0.8044044439215687,0.7244528781452337,0.2972825371759442,197161.0,0.00025103257567678396,high_c,0.0020752026255947474,2.682939491780143,3.600269917886697
GO:0000724,double-strand break repair via homologous recombination,biological_process,116,6011,0.6717571338793104,0.7244528781452337,-0.19809306542657423,274180.0,0.00025298753110880926,low_c,0.002081451914715132,2.681633617645374,3.5969008831881544
GO:0010927,cellular component assembly involved in morphogenesis,biological_process,71,6011,0.7908734246478873,0.7244528781452337,0.2508464931000143,263766.0,0.00027373966146686284,high_c,0.0022415662844644997,2.6494484142590236,3.562662274170745
GO:0008202,steroid metabolic process,biological_process,47,6011,0.8044190687234042,0.7244528781452337,0.3063701357078643,183093.0,0.000290812140165947,high_c,0.0023701872081130703,2.625217350091359,3.536387467493095
GO:0006415,translational termination,biological_process,20,6011,0.8539941299999999,0.7244528781452337,0.46644967451176766,87855.0,0.0003100880433710555,high_c,0.002515480576131553,2.599379031831158,3.5085149793224404
GO:0008610,lipid biosynthetic process,biological_process,194,6011,0.7733412753092783,0.7244528781452337,0.15190988375699388,649964.0,0.0003123548516342027,high_c,0.00252208382528826,2.5982404830860366,3.5053517440109045
GO:0071940,fungal-type cell wall assembly,biological_process,52,6011,0.803061371923077,0.7244528781452337,0.28945873726877247,199781.0,0.0003190415656943581,high_c,0.002564148879839841,2.59105676237639,3.4961527320659322
GO:0005657,replication fork,cellular_component,43,6011,0.6475161813953488,0.7244528781452337,-0.3178502400399027,87528.0,0.0003221487488441261,low_c,0.002577189990753009,2.5888535640279953,3.491943551019939
GO:0006298,mismatch repair,biological_process,23,6011,0.5942062191304348,0.7244528781452337,-0.43322877639336643,39029.0,0.00032888347513825955,low_c,0.002618998682752379,2.5818647200068097,3.482957947242678
GO:0016755,aminoacyltransferase activity,molecular_function,116,6011,0.6861962463793103,0.7244528781452337,-0.1939486999502793,275597.0,0.0003401126933330451,low_c,0.0026960531307130883,2.5692715534764243,3.468377159476779
GO:0000096,sulfur amino acid metabolic process,biological_process,30,6011,0.8314171219999998,0.7244528781452337,0.3765033717884412,123493.0,0.00036726828996434645,high_c,0.0028980806880822977,2.5378895271115423,3.435016567129809
GO:0009084,L-glutamine family amino acid biosynthetic process,biological_process,24,6011,0.83666970875,0.7244528781452337,0.4179054618339737,101868.0,0.0004022457898546582,high_c,0.0031596813086285595,2.500356718927087,3.3955084927912913
GO:0000776,kinetochore,cellular_component,59,6011,0.6603270542372882,0.7244528781452337,-0.2672282212502278,128663.0,0.0004040606281771545,low_c,0.0031596813086285595,2.500356718927087,3.3935534653169217
GO:0048646,anatomical structure formation involved in morphogenesis,biological_process,129,6011,0.7694402589147287,0.7244528781452337,0.18029252297773524,447790.0,0.0004511675003926136,high_c,0.0035122277160608843,2.454417334274293,3.345662192066605
GO:0006879,intracellular iron ion homeostasis,biological_process,57,6011,0.8004957914035088,0.7244528781452337,0.26903924237870447,215342.0,0.00046335114572514867,high_c,0.003575011506572703,2.4467225560354913,3.334089758764602
GO:0008483,transaminase activity,molecular_function,21,6011,0.8462556542857143,0.7244528781452337,0.44194292074091734,90691.0,0.00046294887914822663,high_c,0.003575011506572703,2.4467225560354913,3.3344669630416237
GO:0016651,"oxidoreductase activity, acting on NAD(P)H",molecular_function,31,6011,0.8228022690322582,0.7244528781452337,0.3607185241126336,126125.0,0.0005217749150544555,high_c,0.0040079701439581185,2.3970755222612037,3.282516803954276
GO:0043650,dicarboxylic acid biosynthetic process,biological_process,21,6011,0.8455447571428572,0.7244528781452337,0.4376341521583591,90420.0,0.0005259319374158772,high_c,0.004022105036801599,2.395546592041692,3.2790704556890424
GO:0019787,ubiquitin-like protein transferase activity,molecular_function,114,6011,0.6884188205263158,0.7244528781452337,-0.18834435588717424,272821.0,0.0005614248213163403,low_c,0.004274708288619152,2.369093516717237,3.2507083905572562
GO:0016835,carbon-oxygen lyase activity,molecular_function,45,6011,0.8099628724444444,0.7244528781452337,0.2979103810481618,174225.0,0.0005645553152639262,high_c,0.0042797730449702,2.368579260877127,3.248293499377712
GO:0016830,carbon-carbon lyase activity,molecular_function,37,6011,0.8133860767567567,0.7244528781452337,0.32815172051864394,146786.0,0.0005683152157335407,high_c,0.004289544410927942,2.3675888314346007,3.245410716257481
GO:0006568,L-tryptophan metabolic process,biological_process,15,6011,0.8640690173333335,0.7244528781452337,0.5122748498999332,68007.0,0.0005996031555112045,high_c,0.004467429918080873,2.349942251677268,3.2221360902708933
GO:0007064,mitotic sister chromatid cohesion,biological_process,34,6011,0.6405063923529412,0.7244528781452337,-0.34079658297985416,66981.0,0.0005996032090511771,low_c,0.004467429918080873,2.349942251677268,3.222136051491722
GO:0043596,nuclear replication fork,cellular_component,31,6011,0.6338449983870966,0.7244528781452337,-0.3570180170460675,59598.0,0.0005953367301251455,low_c,0.004467429918080873,2.349942251677268,3.225237322221337
GO:0070647,protein modification by small protein conjugation or removal,biological_process,175,6011,0.6926473156571429,0.7244528781452337,-0.15181043767746993,433128.0,0.0006100668159496337,low_c,0.004525965779865659,2.3442887340029643,3.2146225974332947
GO:0006904,vesicle docking involved in exocytosis,biological_process,15,6011,0.5887378333333333,0.7244528781452337,-0.5108739159439626,21996.0,0.0006206895887675444,low_c,0.0045851792600019444,2.3386436806901814,3.207125539258918
GO:0003684,damaged DNA binding,molecular_function,23,6011,0.6130079060869565,0.7244528781452337,-0.4122012140222474,40477.0,0.0006329224025576726,low_c,0.004655734283220846,2.3320118141451025,3.198649532015469
GO:0015695,organic cation transport,biological_process,44,6011,0.8119325461363637,0.7244528781452337,0.2960296783826195,170135.0,0.0007032067867752687,high_c,0.005150915535197749,2.2881155716294757,3.152916946459845
GO:0043687,post-translational protein modification,biological_process,181,6011,0.6938016600552487,0.7244528781452337,-0.14740862181704462,449840.0,0.0007181503224770041,low_c,0.005238272940420501,2.280811876389923,3.1437846401738843
GO:0000972,transcription-dependent tethering of RNA polymerase II gene DNA at nuclear periphery,biological_process,21,6011,0.6002409809523809,0.7244528781452337,-0.4266316877335241,36062.0,0.0007248066519292369,low_c,0.005264704383887679,2.27862600967331,3.139777829565646
GO:0015291,secondary active transmembrane transporter activity,molecular_function,75,6011,0.7754350186666666,0.7244528781452337,0.2258445642407907,272873.0,0.0007622400975235264,high_c,0.005513536705420175,2.258569729839388,3.117908208968255
GO:0031970,organelle envelope lumen,cellular_component,89,6011,0.7861837256179777,0.7244528781452337,0.2070550110234548,318094.0,0.0007854942459345452,high_c,0.0056581660205077605,2.2473243137308136,3.104856991996418
GO:0022616,DNA strand elongation,biological_process,27,6011,0.6233874940740741,0.7244528781452337,-0.3731431966726084,50640.0,0.000806938612959386,low_c,0.005788617488006174,2.237425147675684,3.093159502535726
GO:0008017,microtubule binding,molecular_function,40,6011,0.653291712,0.7244528781452337,-0.3059872718137665,82879.0,0.0008364942255921126,low_c,0.005975942286534598,2.223593605429704,3.0775370526718646
GO:0000407,phagophore assembly site,cellular_component,41,6011,0.6348375707317073,0.7244528781452337,-0.30180986231972873,85448.0,0.00085153589473475,low_c,0.00605846849696527,2.217637146027977,3.069797040529721
GO:0031160,spore wall,cellular_component,18,6011,0.8518037266666667,0.7244528781452337,0.45219422659769726,78327.0,0.0009079038466087166,high_c,0.0064331472559703345,2.191576507402151,3.041960143878091
GO:0009055,electron transfer activity,molecular_function,33,6011,0.8227624436363636,0.7244528781452337,0.33426604620984013,131608.0,0.0009117315751449748,high_c,0.006434008188827952,2.1915183906891733,3.0401330044262673
GO:0050000,chromosome localization,biological_process,39,6011,0.6448067576923078,0.7244528781452337,-0.3071770827966407,80682.0,0.0009279388572944646,low_c,0.006521869863413726,2.185627871302092,3.0324806388828995
GO:0019320,hexose catabolic process,biological_process,17,6011,0.8390526700000001,0.7244528781452337,0.46409154252291507,74594.0,0.0009354915905612197,high_c,0.006548441133928539,2.1838620721467996,3.0289601121610565
GO:0006891,intra-Golgi vesicle-mediated transport,biological_process,38,6011,0.6379037465789473,0.7244528781452337,-0.3097182937252725,78338.0,0.0009803844191386753,low_c,0.0068351299262037766,2.1652532256905905,3.0086035994353275
GO:0140299,molecular sensor activity,molecular_function,27,6011,0.6185369933333332,0.7244528781452337,-0.36281937017231136,51474.0,0.0011231675011859,low_c,0.00779927512823489,2.107945759160351,2.9495554713287864
GO:0009070,serine family amino acid biosynthetic process,biological_process,17,6011,0.8440140088235294,0.7244528781452337,0.4559853971618677,74181.0,0.0011482256797311322,high_c,0.007931413660652642,2.1006493990248893,2.9399727444908565
GO:0008094,"ATP-dependent activity, acting on DNA",molecular_function,85,6011,0.675814334117647,0.7244528781452337,-0.20503861348791963,200215.0,0.0011513342410624803,low_c,0.007931413660652642,2.1006493990248893,2.938798579083818
GO:0006261,DNA-templated DNA replication,biological_process,50,6011,0.6576619478000001,0.7244528781452337,-0.26594866633115244,109392.0,0.001181508804546668,low_c,0.008107111797205595,2.0911338380133504,2.9275630376780057
GO:0051287,NAD binding,molecular_function,29,6011,0.8132266448275861,0.7244528781452337,0.34789425748509895,116915.0,0.0012088585196799871,high_c,0.00822971917711552,2.0846149839748405,2.9176245243813583
GO:0009072,aromatic amino acid metabolic process,biological_process,34,6011,0.8178045438235294,0.7244528781452337,0.32152663642000223,134279.0,0.0012047876744138751,high_c,0.00822971917711552,2.0846149839748405,2.919089484172443
GO:0006271,DNA strand elongation involved in DNA replication,biological_process,24,6011,0.61766638,0.7244528781452337,-0.3806580925338233,44496.0,0.0012676285781771518,low_c,0.00859610629576381,2.0656982228480847,2.8970079783767084
GO:0016831,carboxy-lyase activity,molecular_function,24,6011,0.8228664933333333,0.7244528781452337,0.38029619731640785,99166.0,0.0012812577794648263,high_c,0.00865472180992583,2.062746887159566,2.8923634846687447
GO:0072522,purine-containing compound biosynthetic process,biological_process,82,6011,0.7838838720731706,0.7244528781452337,0.20537334062832957,293013.0,0.0013799585083321849,high_c,0.009285302211103384,2.0322039566007053,2.860133971477948
GO:0032543,mitochondrial translation,biological_process,101,6011,0.7860438401980199,0.7244528781452337,0.18515019014591805,353714.0,0.0013963513196580625,high_c,0.00935932776419458,2.0287553434398014,2.8550053001990228
GO:0016903,"oxidoreductase activity, acting on the aldehyde or oxo group of donors",molecular_function,29,6011,0.8168423748275861,0.7244528781452337,0.3425218183285488,116449.0,0.0014385815355275834,high_c,0.009605298252599556,2.0174891453835286,2.8420655182531838
GO:0042430,indole-containing compound metabolic process,biological_process,16,6011,0.85200496,0.7244528781452337,0.45994578815679743,70019.0,0.0014625311102558524,high_c,0.009727793131816705,2.0119856735427377,2.8348948870449298
GO:1902531,regulation of intracellular signal transduction,biological_process,134,6011,0.687858924477612,0.7244528781452337,-0.16038998473685684,330604.0,0.0014754291896622584,low_c,0.009776126233792674,2.0098331992572454,2.831081628777973
GO:0009100,glycoprotein metabolic process,biological_process,79,6011,0.789409776329114,0.7244528781452337,0.20563431975895585,282497.0,0.0016635135135719843,high_c,0.010980454218862986,1.9593796944336797,2.778973666784395
GO:0046983,protein dimerization activity,molecular_function,71,6011,0.7895827636619717,0.7244528781452337,0.2154882154882154,256310.0,0.0017718719424309904,high_c,0.011651400348712877,1.933621874880834,2.751567668851476
GO:0006081,aldehyde metabolic process,biological_process,41,6011,0.8003340707317074,0.7244528781452337,0.2827062139968133,156984.0,0.001781999443783144,high_c,0.01167377748833033,1.9327885889521281,2.7490924358557933
GO:0015631,tubulin binding,molecular_function,49,6011,0.6680022363265306,0.7244528781452337,-0.2585216575727909,108307.0,0.0018005082997567447,low_c,0.011750685745780861,1.9299367881225857,2.744604872331992
GO:0004518,nuclease activity,molecular_function,97,6011,0.6807931512371133,0.7244528781452337,-0.18377151543254,234118.0,0.001875806545338033,low_c,0.0121962552910368,1.9137734935942776,2.7268119530701758
GO:0006575,modified amino acid metabolic process,biological_process,54,6011,0.7977543637037038,0.7244528781452337,0.24494059276667968,200235.0,0.0019140644275586084,high_c,0.012398566590454269,1.9066285211151675,2.718043447926852
GO:0022406,membrane docking,biological_process,47,6011,0.6558443414893615,0.7244528781452337,-0.2616050915421607,103489.0,0.0019753037420463257,low_c,0.01270047146737934,1.8961801568487107,2.704366113530196
GO:0140056,organelle localization by membrane tethering,biological_process,47,6011,0.6558443414893615,0.7244528781452337,-0.2616050915421607,103489.0,0.0019753037420463257,low_c,0.01270047146737934,1.8961801568487107,2.704366113530196
GO:0043248,proteasome assembly,biological_process,31,6011,0.8088567019354838,0.7244528781452337,0.3209299816592943,122437.0,0.002024345711815763,high_c,0.012967764412222008,1.8871348879961674,2.6937153179622344
GO:0006364,rRNA processing,biological_process,276,6011,0.7609422700724638,0.7244528781452337,0.10963193207232469,878196.0,0.00206231648086256,high_c,0.013162431657269867,1.88066387076924,2.6856446875755142
GO:0034398,telomere tethering at nuclear periphery,biological_process,20,6011,0.617797927,0.7244528781452337,-0.39764646970455686,36087.0,0.0021070905164921913,low_c,0.013398934566411882,1.8729297337489412,2.676316807548658
GO:0034085,establishment of sister chromatid cohesion,biological_process,23,6011,0.625682234347826,0.7244528781452337,-0.37016061107722686,43372.0,0.0021507776927050136,low_c,0.013577272998312375,1.8671874495483676,2.667404476558578
GO:0004520,DNA endonuclease activity,molecular_function,27,6011,0.6278201162962963,0.7244528781452337,-0.341849871261636,53168.0,0.00214474560160457,low_c,0.013577272998312375,1.8671874495483676,2.6686242141420005
GO:0016722,"oxidoreductase activity, acting on metal ions",molecular_function,15,6011,0.8511156653333335,0.7244528781452337,0.4565932844118301,65503.0,0.0022224924867902465,high_c,0.013979155641550245,1.854519059726949,2.653159698502204
GO:0005085,guanyl-nucleotide exchange factor activity,molecular_function,51,6011,0.6488054121568627,0.7244528781452337,-0.24814449269640737,114267.0,0.0022428550188109964,low_c,0.014056304377819096,1.8521288471177695,2.649198798893794
GO:0007059,chromosome segregation,biological_process,93,6011,0.6796239546236559,0.7244528781452337,-0.18426742542343932,224479.0,0.0022604852465251974,low_c,0.01411583592794152,1.850293398201254,2.6457983231236506
GO:0140719,constitutive heterochromatin formation,biological_process,89,6011,0.6774245741573033,0.7244528781452337,-0.18816904401413126,213941.0,0.002276436504112466,low_c,0.014164493803366455,1.8487989412517574,2.642744458818633
GO:0035556,intracellular signal transduction,biological_process,281,6011,0.7019471676156585,0.7244528781452337,-0.10717892344096436,718779.0,0.002381499926852045,low_c,0.014765299546482678,1.8307577379935254,2.623149427491779
GO:0034087,establishment of mitotic sister chromatid cohesion,biological_process,20,6011,0.6154777555,0.7244528781452337,-0.3915706893673844,36451.0,0.002464005498940373,low_c,0.015184881160333296,1.8185886026007334,2.6083583272881334
GO:0098803,respiratory chain complex,cellular_component,39,6011,0.8083725712820513,0.7244528781452337,0.2808233293832758,149157.0,0.0024666684834181965,high_c,0.015184881160333296,1.8185886026007334,2.6078892151218453
GO:0016667,"oxidoreductase activity, acting on a sulfur group of donors",molecular_function,40,6011,0.80612427275,0.7244528781452337,0.27711438619996653,152513.0,0.002484510712736761,high_c,0.015240673488731512,1.8169958410031788,2.6047591263193617
GO:0061659,ubiquitin-like protein ligase activity,molecular_function,77,6011,0.6848341748051948,0.7244528781452337,-0.20004902411373593,182756.0,0.0025222373522935477,low_c,0.01525646008216585,1.81654622294232,2.598214047048801
GO:0036211,protein modification process,biological_process,273,6011,0.7047804894139194,0.7244528781452337,-0.10804775566016411,698610.0,0.0025208495817267275,low_c,0.01525646008216585,1.81654622294232,2.5984530677606847
GO:0030474,spindle pole body duplication,biological_process,16,6011,0.59851727,0.7244528781452337,-0.43680150125104256,27011.0,0.0025119701279250274,low_c,0.01525646008216585,1.81654622294232,2.599985529486777
GO:0043067,regulation of programmed cell death,biological_process,18,6011,0.8397232938888889,0.7244528781452337,0.4119435637873816,76156.0,0.0025086231103697005,high_c,0.01525646008216585,1.81654622294232,2.6005645811651186
GO:0045005,DNA-templated DNA replication maintenance of fidelity,biological_process,26,6011,0.6317104430769231,0.7244528781452337,-0.3423687423687424,51167.0,0.002554036937760813,low_c,0.015395167097058234,1.8126155929617247,2.592772826042967
GO:0010646,regulation of cell communication,biological_process,155,6011,0.6932759000645161,0.7244528781452337,-0.1411114049004054,389798.0,0.0026720540408478803,low_c,0.01599546832728248,1.7960030397951323,2.573154762736649
GO:0009966,regulation of signal transduction,biological_process,155,6011,0.6932759000645161,0.7244528781452337,-0.1411114049004054,389798.0,0.0026720540408478803,low_c,0.01599546832728248,1.7960030397951323,2.573154762736649
GO:0048278,vesicle docking,biological_process,31,6011,0.640766682580645,0.7244528781452337,-0.3110583665983385,63858.0,0.002774356667993374,low_c,0.016550801290847073,1.7811809754369512,2.556837707291517
GO:0023051,regulation of signaling,biological_process,156,6011,0.6937820067307693,0.7244528781452337,-0.13989358207974778,392802.0,0.002821352268703359,low_c,0.016773518967359697,1.775375815880193,2.549542685272248
GO:0006487,protein N-linked glycosylation,biological_process,42,6011,0.8032917597619047,0.7244528781452337,0.2668469632785264,158798.0,0.002839735187278167,high_c,0.01682518868639897,1.774040056672937,2.5467221571593006
GO:0019751,polyol metabolic process,biological_process,37,6011,0.8021102202702702,0.7244528781452337,0.2836525846234583,141868.0,0.002892300918195554,high_c,0.017078348278868984,1.767554134118907,2.538756524547223
GO:0019646,aerobic electron transport chain,biological_process,31,6011,0.814283494516129,0.7244528781452337,0.30954795555076053,121382.0,0.002909270835785792,high_c,0.017120319223471642,1.7664881417792093,2.5362158466415194
GO:1902495,transmembrane transporter complex,cellular_component,42,6011,0.8037238133333334,0.7244528781452337,0.2658018811478353,158667.0,0.0029501496866721037,high_c,0.017128628281146398,1.7662774154222447,2.530155947938288
GO:0006418,tRNA aminoacylation for protein translation,biological_process,37,6011,0.8057556364864864,0.7244528781452337,0.283127787982157,141810.0,0.0029447547460673233,high_c,0.017128628281146398,1.7662774154222447,2.5309508695916327
GO:0004536,DNA nuclease activity,molecular_function,37,6011,0.647687395945946,0.7244528781452337,-0.28329065590531943,79210.0,0.002928383808454024,low_c,0.017128628281146398,1.7662774154222447,2.5333720031020763
GO:0006979,response to oxidative stress,biological_process,123,6011,0.7732075399186992,0.7244528781452337,0.15645711823966058,418767.0,0.002936950468000348,high_c,0.017128628281146398,1.7662774154222447,2.5321033778406736
GO:0072593,reactive oxygen species metabolic process,biological_process,19,6011,0.8264195647368422,0.7244528781452337,0.3941219872110182,79359.0,0.002972805003620003,high_c,0.01720263162094775,1.764405110590558,2.5268335767113688
GO:0004519,endonuclease activity,molecular_function,69,6011,0.6730875494202899,0.7244528781452337,-0.2067863745676808,162608.0,0.0030991152707619167,low_c,0.017873967142998964,1.7477790447468067,2.5087622699934364
GO:0006270,DNA replication initiation,biological_process,37,6011,0.6452686764864866,0.7244528781452337,-0.2810738425067183,79455.0,0.0031585013722390588,low_c,0.018156153583466908,1.740976152203143,2.5005189300864656
GO:0016620,"oxidoreductase activity, acting on the aldehyde or oxo group of donors, NAD or NADP as acceptor",molecular_function,24,6011,0.8194521641666667,0.7244528781452337,0.3481710372473692,96858.0,0.003197115676409466,high_c,0.01831746803381793,1.7371345576843353,2.4952416500225034
GO:0046365,monosaccharide catabolic process,biological_process,23,6011,0.8187989365217393,0.7244528781452337,0.35504342017368073,93311.0,0.003247761454964405,high_c,0.018511230005461215,1.7325647229630987,2.488415876782207
GO:0000973,post-transcriptional tethering of RNA polymerase II gene DNA at nuclear periphery,biological_process,17,6011,0.5960876588235293,0.7244528781452337,-0.4127068244715304,29922.0,0.003252261032065478,low_c,0.018511230005461215,1.7325647229630987,2.4878146044567857
GO:0048193,Golgi vesicle transport,biological_process,207,6011,0.6974538893236715,0.7244528781452337,-0.11954773819155207,528900.0,0.0034213294769132,low_c,0.019409895333076195,1.7119768065173562,2.465805100876249
GO:0022900,electron transport chain,biological_process,35,6011,0.8106565654285715,0.7244528781452337,0.2863740676993689,134529.0,0.0034377816123327253,high_c,0.019439703188956388,1.711310370293616,2.4637217156569027
GO:0098798,mitochondrial protein-containing complex,cellular_component,148,6011,0.7750613206756757,0.7244528781452337,0.1404617136324453,494803.0,0.0034691990350337477,high_c,0.019553667288372035,1.708771778741751,2.4597707830817797
GO:0007120,axial cellular bud site selection,biological_process,15,6011,0.5895337646666667,0.7244528781452337,-0.43586835668223256,25369.0,0.0035011450832316674,low_c,0.01966986363912678,1.706198650806645,2.4557898922222834
GO:0004842,ubiquitin-protein transferase activity,molecular_function,96,6011,0.6943771393750001,0.7244528781452337,-0.17239010989010994,234975.0,0.0037098920329750725,low_c,0.020775395384660406,1.6824507022373647,2.430638729243565
GO:0051301,cell division,biological_process,37,6011,0.6546184616216215,0.7244528781452337,-0.27577158678598246,80041.0,0.0037772398127866712,low_c,0.02100733817067511,1.6776289733448182,2.422825441419839
GO:1901293,nucleoside phosphate biosynthetic process,biological_process,114,6011,0.7667016694736842,0.7244528781452337,0.1580821648831252,389265.0,0.0037876133913717215,high_c,0.02100733817067511,1.6776289733448182,2.421634356638843
GO:1901678,iron coordination entity transport,biological_process,21,6011,0.826590150952381,0.7244528781452337,0.3654821527943397,85882.0,0.0037849586104847124,high_c,0.02100733817067511,1.6776289733448182,2.4219388652620273
GO:0019867,outer membrane,cellular_component,113,6011,0.7741216763716814,0.7244528781452337,0.15864384807209286,386103.0,0.003814725281077937,high_c,0.021090328305577385,1.6759166597014394,2.4185367324686977
GO:0006720,isoprenoid metabolic process,biological_process,18,6011,0.8316726727777778,0.7244528781452337,0.39418210134045273,75198.0,0.0038281473403655604,high_c,0.02109734534245909,1.6757721880981666,2.417011355149039
GO:0008320,transmembrane protein transporter activity,molecular_function,35,6011,0.8102416051428573,0.7244528781452337,0.2823388793268311,134107.0,0.003921743198053568,high_c,0.021476801866943198,1.6680303894039277,2.4065208480266493
GO:0022884,macromolecule transmembrane transporter activity,molecular_function,35,6011,0.8102416051428573,0.7244528781452337,0.2823388793268311,134107.0,0.003921743198053568,high_c,0.021476801866943198,1.6680303894039277,2.4065208480266493
GO:0007062,sister chromatid cohesion,biological_process,50,6011,0.6680387116,0.7244528781452337,-0.23623553095118266,113820.0,0.003964865957128619,low_c,0.021644677048978878,1.6646488897257492,2.4017714905817895
GO:0015399,primary active transmembrane transporter activity,molecular_function,75,6011,0.7814292881333333,0.7244528781452337,0.19276729559748418,265510.0,0.00406412059616308,high_c,0.022116969764699394,1.6552743757678392,2.3910334135511313
GO:0005816,spindle pole body,cellular_component,67,6011,0.6754821013432835,0.7244528781452337,-0.20373736967919487,158555.0,0.004078074345047974,low_c,0.02212355332188526,1.6551451185900872,2.3895448611106542
GO:0031667,response to nutrient levels,biological_process,181,6011,0.7625029557458564,0.7244528781452337,0.12493390066620558,593532.0,0.004146076364531033,high_c,0.022422394295407707,1.6493180146775128,2.382362703113114
GO:0008608,attachment of spindle microtubules to kinetochore,biological_process,44,6011,0.6598239420454545,0.7244528781452337,-0.2498895440071911,98470.0,0.004233689767917013,low_c,0.022825110053117804,1.6415871198025767,2.3732809689472187
GO:0005506,iron ion binding,molecular_function,26,6011,0.8205256603846152,0.7244528781452337,0.3244264507422403,103047.0,0.004253017565412141,high_c,0.02285832350945968,1.640955625090782,2.371302823600152
GO:0005876,spindle microtubule,cellular_component,19,6011,0.6275755026315789,0.7244528781452337,-0.37769657789333144,35424.0,0.004417033893336108,low_c,0.023666576663060136,1.6258645576123052,2.354869268246166
GO:0022853,active monoatomic ion transmembrane transporter activity,molecular_function,49,6011,0.7913832824489796,0.7244528781452337,0.23543667718680905,180459.0,0.004474974448795433,high_c,0.02390324813264268,1.6215430802135833,2.349209440075182
GO:0032446,protein modification by small protein conjugation,biological_process,144,6011,0.6971225264583334,0.7244528781452337,-0.13823078234191244,364032.0,0.004537015444255531,low_c,0.024160303101925157,1.6168976215961113,2.3432297423686452
GO:0003743,translation initiation factor activity,molecular_function,31,6011,0.8125421461290322,0.7244528781452337,0.29483223648721535,120018.0,0.0045735361138709105,high_c,0.024280301815534866,1.6147459190792073,2.3397478872593944
GO:0072686,mitotic spindle,cellular_component,21,6011,0.6186829033333332,0.7244528781452337,-0.3573257015661022,40421.0,0.004641319717428166,low_c,0.024565033626388098,1.609682637035172,2.333358514163966
GO:0022904,respiratory electron transport chain,biological_process,34,6011,0.809237285,0.7244528781452337,0.2809199972443386,130153.0,0.004671810238257885,high_c,0.02465125402314799,1.6081609830203953,2.330514805910894
GO:0015036,disulfide oxidoreductase activity,molecular_function,30,6011,0.8098919123333335,0.7244528781452337,0.298266733545115,116474.0,0.004768809152751618,high_c,0.02507865816616863,1.6006957041498684,2.3215900576385464
GO:0140612,DNA damage sensor activity,molecular_function,16,6011,0.6022682187499999,0.7244528781452337,-0.4078190158465388,28401.0,0.004781702680300586,low_c,0.02507865816616863,1.6006957041498684,2.3204174312146226
GO:0031669,cellular response to nutrient levels,biological_process,162,6011,0.7648149534567902,0.7244528781452337,0.12960324546350654,535171.0,0.0048303489665787215,high_c,0.02525748736741163,1.5976098555520328,2.3160214926884697
GO:0031968,organelle outer membrane,cellular_component,112,6011,0.7731419109821429,0.7244528781452337,0.1545661492262611,381404.0,0.005008849929581891,high_c,0.026112202635898384,1.5831564927013921,2.3002619800355455
GO:0006278,RNA-templated DNA biosynthetic process,biological_process,18,6011,0.6034164844444444,0.7244528781452337,-0.3814079388916699,33365.0,0.0051378079000462965,low_c,0.026704294953534043,1.5734188837810348,2.2892221378099435
GO:0009127,purine nucleoside monophosphate biosynthetic process,biological_process,22,6011,0.8262451745454545,0.7244528781452337,0.34476843910806165,88592.0,0.005182147916513149,high_c,0.026774430901984603,1.5722797514486526,2.285490194899282
GO:0009168,purine ribonucleoside monophosphate biosynthetic process,biological_process,22,6011,0.8262451745454545,0.7244528781452337,0.34476843910806165,88592.0,0.005182147916513149,high_c,0.026774430901984603,1.5722797514486526,2.285490194899282
GO:0015035,protein-disulfide reductase activity,molecular_function,18,6011,0.8308632550000001,0.7244528781452337,0.3807775738361421,74475.0,0.005211858619941752,high_c,0.02684803134783051,1.5710875537677427,2.283007373736877
GO:0070828,heterochromatin organization,biological_process,129,6011,0.6914785689147287,0.7244528781452337,-0.1433120095732876,325018.0,0.005293548292410207,low_c,0.027028234810659173,1.568182316751258,2.2762531205494763
GO:0045814,"negative regulation of gene expression, epigenetic",biological_process,129,6011,0.6914785689147287,0.7244528781452337,-0.1433120095732876,325018.0,0.005293548292410207,low_c,0.027028234810659173,1.568182316751258,2.2762531205494763
GO:0031507,heterochromatin formation,biological_process,129,6011,0.6914785689147287,0.7244528781452337,-0.1433120095732876,325018.0,0.005293548292410207,low_c,0.027028234810659173,1.568182316751258,2.2762531205494763
GO:0044036,cell wall macromolecule metabolic process,biological_process,35,6011,0.8046033522857142,0.7244528781452337,0.2722030981067125,133047.0,0.005421856725866035,high_c,0.027361463011928596,1.562860684692401,2.265851962961344
GO:0030001,metal ion transport,biological_process,100,6011,0.7716219671999999,0.7244528781452337,0.16192860768059547,343408.0,0.005419208291498522,high_c,0.027361463011928596,1.562860684692401,2.266064156219577
GO:0000097,sulfur amino acid biosynthetic process,biological_process,16,6011,0.8386010162499999,0.7244528781452337,0.40227272727272734,67253.0,0.005385683330700013,high_c,0.027361463011928596,1.562860684692401,2.268759185973282
GO:0044038,cell wall macromolecule biosynthetic process,biological_process,35,6011,0.8046033522857142,0.7244528781452337,0.2722030981067125,133047.0,0.005421856725866035,high_c,0.027361463011928596,1.562860684692401,2.265851962961344
GO:0004812,aminoacyl-tRNA ligase activity,molecular_function,37,6011,0.8004851472972973,0.7244528781452337,0.264578941177535,139760.0,0.005458679435987353,high_c,0.02738805636090764,1.5624387870846226,2.2629124091323187
GO:0016875,"ligase activity, forming carbon-oxygen bonds",molecular_function,37,6011,0.8004851472972973,0.7244528781452337,0.264578941177535,139760.0,0.005458679435987353,high_c,0.02738805636090764,1.5624387870846226,2.2629124091323187
GO:0000282,cellular bud site selection,biological_process,43,6011,0.6546805483720929,0.7244528781452337,-0.2451134734085666,96861.0,0.005542214144440347,low_c,0.02772704252088888,1.5570964515673396,2.256316697616939
GO:0003697,single-stranded DNA binding,molecular_function,69,6011,0.6687417871014493,0.7244528781452337,-0.19378631115273737,165273.0,0.005574973620318041,low_c,0.027810787945034828,1.5557867063773738,2.253757183271266
GO:0019954,asexual reproduction,biological_process,31,6011,0.6489716283870968,0.7244528781452337,-0.2876577840112202,66027.0,0.005663956784575177,low_c,0.028013187971574094,1.5526374645545375,2.246880068929187
GO:0007114,cell budding,biological_process,31,6011,0.6489716283870968,0.7244528781452337,-0.2876577840112202,66027.0,0.005663956784575177,low_c,0.028013187971574094,1.5526374645545375,2.246880068929187
GO:1990825,sequence-specific mRNA binding,molecular_function,22,6011,0.818235669090909,0.7244528781452337,0.34139862475143823,88370.0,0.005637315266146419,high_c,0.028013187971574094,1.5526374645545375,2.248927676636424
GO:0009101,glycoprotein biosynthetic process,biological_process,73,6011,0.7846693091780822,0.7244528781452337,0.18772982924004666,257425.0,0.005763117181290151,high_c,0.02842264609863552,1.5463354924697486,2.2393425498320907
GO:0051020,GTPase binding,molecular_function,45,6011,0.6586684159999999,0.7244528781452337,-0.23782918016910637,102310.0,0.005910777425000668,low_c,0.02906829917790697,1.5365803785928047,2.228355394045455
GO:0006112,energy reserve metabolic process,biological_process,29,6011,0.8073068289655171,0.7244528781452337,0.29369718350453655,112214.0,0.006285035112122376,high_c,0.030734706914491393,1.51237092394628,2.201692291731659
GO:0034061,DNA polymerase activity,molecular_function,15,6011,0.6174610313333332,0.7244528781452337,-0.4079386257505003,26625.0,0.006279518267298707,low_c,0.030734706914491393,1.51237092394628,2.202073671848573
GO:0031509,subtelomeric heterochromatin formation,biological_process,71,6011,0.6752024633802816,0.7244528781452337,-0.18775548916393991,171278.0,0.0064553368663853965,low_c,0.031478833707991705,1.5019813666422792,2.190081089509877
GO:0000727,double-strand break repair via break-induced replication,biological_process,64,6011,0.6742540153125001,0.7244528781452337,-0.19755233731293087,152709.0,0.006479174751963203,low_c,0.031506575264448514,1.5015988016684474,2.1884803063967273
GO:0030010,establishment of cell polarity,biological_process,67,6011,0.672323386119403,0.7244528781452337,-0.1928798135834957,160717.0,0.006547978249597267,low_c,0.03175220737793535,1.49822607765598,2.1838927718525785
GO:0009225,nucleotide-sugar metabolic process,biological_process,15,6011,0.8371277806666667,0.7244528781452337,0.40567044696464305,63213.0,0.006575290860515274,high_c,0.03179583547034684,1.4976297589680112,2.1820850312301654
GO:0046982,protein heterodimerization activity,molecular_function,34,6011,0.8063573894117646,0.7244528781452337,0.2695627355844463,128999.0,0.006638302907523666,high_c,0.03201137179850301,1.494695714429605,2.177942934502791
GO:0006450,regulation of translational fidelity,biological_process,34,6011,0.799289775882353,0.7244528781452337,0.2689230284718873,128934.0,0.006768542595685806,high_c,0.0324590882489242,1.4886636833398013,2.1695048336471086
GO:0061630,ubiquitin protein ligase activity,molecular_function,69,6011,0.68823577,0.7244528781452337,-0.189386289689218,166175.0,0.006751686199229114,low_c,0.0324590882489242,1.4886636833398013,2.17058775078853
GO:0051300,spindle pole body organization,biological_process,21,6011,0.63130052,0.7244528781452337,-0.3414420860163765,41420.0,0.006828662802078079,low_c,0.03256746874837238,1.4872159949301846,2.165664332121602
GO:0031023,microtubule organizing center organization,biological_process,21,6011,0.63130052,0.7244528781452337,-0.3414420860163765,41420.0,0.006828662802078079,low_c,0.03256746874837238,1.4872159949301846,2.165664332121602
GO:0043022,ribosome binding,molecular_function,65,6011,0.7764034376923077,0.7244528781452337,0.1947062019715904,230871.0,0.006852620987241619,high_c,0.03259219187356562,1.48688643160037,2.1641432879843685
GO:0015850,organic hydroxy compound transport,biological_process,48,6011,0.7808919410416667,0.7244528781452337,0.22509642797249696,175326.0,0.007143378928292078,high_c,0.033882256337472806,1.4700276761959632,2.1460963116420255
GO:0000131,incipient cellular bud site,cellular_component,70,6011,0.6813483745714285,0.7244528781452337,-0.18609661673119005,169239.0,0.007344858049924687,low_c,0.03474297976749116,1.4591329365773942,2.1340165931657777
GO:0005782,peroxisomal matrix,cellular_component,19,6011,0.8274872294736842,0.7244528781452337,0.35505235050242434,77135.0,0.007449379309348481,high_c,0.035027844287017745,1.4555865895752798,2.1278799116483165
GO:0031907,microbody lumen,cellular_component,19,6011,0.8274872294736842,0.7244528781452337,0.35505235050242434,77135.0,0.007449379309348481,high_c,0.035027844287017745,1.4555865895752798,2.1278799116483165
GO:0072348,sulfur compound transport,biological_process,28,6011,0.7999124253571431,0.7244528781452337,0.29261478952269515,108272.0,0.007465611973615532,high_c,0.035027844287017745,1.4555865895752798,2.126934586348758
GO:0005815,microtubule organizing center,cellular_component,76,6011,0.6845489147368421,0.7244528781452337,-0.17820689043586224,185339.0,0.007505435725473412,low_c,0.03511977471542276,1.454448278647557,2.124624089872984
GO:0043200,response to amino acid,biological_process,20,6011,0.640790963,0.7244528781452337,-0.3456184276414622,39204.0,0.0075309796950279295,low_c,0.03514457191013034,1.4541417423800906,2.123148523338666
GO:0044273,sulfur compound catabolic process,biological_process,17,6011,0.8259972929411764,0.7244528781452337,0.37360890302066774,69984.0,0.0077209734535400865,high_c,0.0359346110330981,1.444487051714243,2.1123279407460283
GO:0008380,RNA splicing,biological_process,124,6011,0.6944020557258065,0.7244528781452337,-0.13906255993249206,314237.0,0.007952362491579197,low_c,0.03691257028176868,1.432825713126621,2.099503831766614
GO:0007018,microtubule-based movement,biological_process,36,6011,0.6687433652777778,0.7244528781452337,-0.2556857275685728,80051.0,0.008074784969500806,low_c,0.037380871218809064,1.427350580937067,2.092869034049821
GO:0043038,amino acid activation,biological_process,41,6011,0.7948866270731707,0.7244528781452337,0.23894268088409532,151628.0,0.008273869106851644,high_c,0.03799850997220755,1.4202334329499133,2.082291353953161
GO:0000775,"chromosome, centromeric region",cellular_component,45,6011,0.6727063864444446,0.7244528781452337,-0.2281670205237084,103607.0,0.008269673607449636,low_c,0.03799850997220755,1.4202334329499133,2.0825116311101945
GO:0043039,tRNA aminoacylation,biological_process,41,6011,0.7948866270731707,0.7244528781452337,0.23894268088409532,151628.0,0.008273869106851644,high_c,0.03799850997220755,1.4202334329499133,2.082291353953161
GO:0008299,isoprenoid biosynthetic process,biological_process,17,6011,0.8262928358823529,0.7244528781452337,0.36933011442815356,69766.0,0.00845040574511985,high_c,0.03870687169796322,1.4122119270848745,2.0731224379572755
GO:0005976,polysaccharide metabolic process,biological_process,60,6011,0.7775851770000002,0.7244528781452337,0.19717694505125194,213732.0,0.008490533303623348,high_c,0.038788331092342455,1.4112989059626873,2.0710650301863502
GO:0090734,site of DNA damage,cellular_component,24,6011,0.6373583554166666,0.7244528781452337,-0.30891932520460996,49650.0,0.00890310103687532,low_c,0.04056636062996209,1.3918339528384898,2.0504586980033435
GO:0006631,fatty acid metabolic process,biological_process,60,6011,0.7832471368333332,0.7244528781452337,0.19560858119083635,213452.0,0.009028336169591755,high_c,0.04102929735709761,1.3869059204337255,2.0443922783624897
GO:0005684,U2-type spliceosomal complex,cellular_component,59,6011,0.6804449899999999,0.7244528781452337,-0.1967719154364862,141034.0,0.00919423004139287,low_c,0.04167410796829771,1.3801336874469792,2.0364846343188296
GO:0005628,prospore membrane,cellular_component,76,6011,0.7747539868421052,0.7244528781452337,0.1735245865295083,264665.0,0.009233184697545367,high_c,0.041741689153486354,1.3794299803976615,2.0346484768706037
GO:1990145,maintenance of translational fidelity,biological_process,16,6011,0.8278727325,0.7244528781452337,0.3757506255212677,65981.0,0.009335387089055767,high_c,0.042094109056106006,1.3757786781177406,2.029867669449713
GO:0019843,rRNA binding,molecular_function,67,6011,0.7827154929850747,0.7244528781452337,0.18377995620819187,235719.0,0.009577592135354614,high_c,0.04307435219423733,1.365781245292206,2.018743661460924
GO:0005775,vacuolar lumen,cellular_component,22,6011,0.8154934404545456,0.7244528781452337,0.31776438622322734,86813.0,0.009979877237193938,high_c,0.044767614686740766,1.3490360451292607,2.000874800950822
GO:0031267,small GTPase binding,molecular_function,43,6011,0.6605275355813953,0.7244528781452337,-0.2275235363800736,99118.0,0.010034076123734668,low_c,0.0448947323474314,1.3478046132650607,1.9985226085113268
GO:0000032,cell wall mannoprotein biosynthetic process,biological_process,19,6011,0.8212050363157894,0.7244528781452337,0.34096338978286833,76333.0,0.010173798532014446,high_c,0.04528644679891558,1.3440317529792227,1.9925168667931967
GO:0031506,cell wall glycoprotein biosynthetic process,biological_process,19,6011,0.8212050363157894,0.7244528781452337,0.34096338978286833,76333.0,0.010173798532014446,high_c,0.04528644679891558,1.3440317529792227,1.9925168667931967
GO:0000152,nuclear ubiquitin ligase complex,cellular_component,23,6011,0.6600620613043477,0.7244528781452337,-0.30953210769364814,47547.0,0.010288790510893858,low_c,0.045681177306679636,1.3402627118724149,1.987635675317021
GO:0007017,microtubule-based process,biological_process,109,6011,0.6933478945871561,0.7244528781452337,-0.14280962136921393,275723.0,0.010506905812084619,low_c,0.04653058288208903,1.3322615070865624,1.9785251609065784
GO:0090150,establishment of protein localization to membrane,biological_process,115,6011,0.7702222987826087,0.7244528781452337,0.13865258686803128,386026.0,0.010761052412359065,high_c,0.04753482694110773,1.3229880828765337,1.9681452533415802
GO:0046915,transition metal ion transmembrane transporter activity,molecular_function,31,6011,0.7990818361290324,0.7244528781452337,0.26496925234653146,117250.0,0.0108215353899693,high_c,0.0476806736979358,1.3216576169165413,1.9657111159314402
GO:0003924,GTPase activity,molecular_function,85,6011,0.7761241318823529,0.7244528781452337,0.16053681681920162,292287.0,0.010923571533390717,high_c,0.04800840552396528,1.3186827177684435,1.9616353429824565
GO:0031461,cullin-RING ubiquitin ligase complex,cellular_component,47,6011,0.680284334680851,0.7244528781452337,-0.21499208014041693,110022.0,0.01100198661357481,low_c,0.04823093121506533,1.3166743528892277,1.9585288878041887
GO:0045454,cell redox homeostasis,biological_process,22,6011,0.8126758809090908,0.7244528781452337,0.3132409417264985,86515.0,0.011090082191070348,high_c,0.048494666709567064,1.3143060211083746,1.9550652351857325
GO:0051248,negative regulation of protein metabolic process,biological_process,63,6011,0.7718167514285715,0.7244528781452337,0.18541112925780046,222101.0,0.01123377919530772,high_c,0.048999599706166345,1.3098074678513474,1.9494741166181329
GO:0048583,regulation of response to stimulus,biological_process,221,6011,0.7031161304524886,0.7244528781452337,-0.10007267953016197,575769.0,0.011448320109538305,low_c,0.04981023486255263,1.3026814105006994,1.9412582356544243
GO:0009073,aromatic amino acid family biosynthetic process,biological_process,22,6011,0.8178686418181816,0.7244528781452337,0.311358703076853,86391.0,0.011583486604307816,high_c,0.050272331862695925,1.2986709697229126,1.9361606992354234
GO:0140318,protein transporter activity,molecular_function,40,6011,0.7983321782500001,0.7244528781452337,0.22965164963992635,146845.0,0.012173687078240182,high_c,0.052702046802556,1.2781725176566396,1.9145778658769304
GO:0034397,telomere localization,biological_process,23,6011,0.6443680413043479,0.7244528781452337,-0.3016322500072609,48091.0,0.012402535898424884,low_c,0.05355920975041194,1.2711658394936232,1.9064895072496262
GO:0006555,L-methionine metabolic process,biological_process,15,6011,0.8289352519999998,0.7244528781452337,0.37222592839670887,61709.0,0.012646632492194868,high_c,0.054451349900789786,1.2639913492011878,1.898025101741445
GO:0000151,ubiquitin ligase complex,cellular_component,96,6011,0.7011179173958334,0.7244528781452337,-0.14809453367145675,241873.0,0.012671857926220664,low_c,0.054451349900789786,1.2639913492011878,1.8971597049310558
GO:0070069,cytochrome complex,cellular_component,18,6011,0.8251579966666666,0.7244528781452337,0.33693012217957996,72110.0,0.013438314222360767,high_c,0.05760225553090936,1.2395605105794087,1.8716552082052131
GO:0010970,transport along microtubule,biological_process,32,6011,0.6673610506250001,0.7244528781452337,-0.2516202542231142,71593.0,0.01395038854442973,low_c,0.05906798661739027,1.2286478321870737,1.8554136963078114
GO:0005977,glycogen metabolic process,biological_process,27,6011,0.802326631111111,0.7244528781452337,0.2741136858783917,102928.0,0.013846697599356875,high_c,0.05906798661739027,1.2286478321870737,1.8586537923317283
GO:0099111,microtubule-based transport,biological_process,32,6011,0.6673610506250001,0.7244528781452337,-0.2516202542231142,71593.0,0.01395038854442973,low_c,0.05906798661739027,1.2286478321870737,1.8554136963078114
GO:0000272,polysaccharide catabolic process,biological_process,18,6011,0.8180788805555557,0.7244528781452337,0.3352244284999166,72018.0,0.013916065151265707,high_c,0.05906798661739027,1.2286478321870737,1.856483546669997
GO:1901681,sulfur compound binding,molecular_function,19,6011,0.8151976094736842,0.7244528781452337,0.3265230834094581,75511.0,0.013854065768779397,high_c,0.05906798661739027,1.2286478321870737,1.8584227549877483
GO:0015453,oxidoreduction-driven active transmembrane transporter activity,molecular_function,17,6011,0.8261602170588235,0.7244528781452337,0.34424620699130504,68488.0,0.014101920517039101,high_c,0.05956431634447659,1.2250138385110951,1.8507217374754992
GO:0070180,large ribosomal subunit rRNA binding,molecular_function,17,6011,0.8180549464705882,0.7244528781452337,0.3441088146970499,68481.0,0.014140395004529344,high_c,0.05958185856277413,1.2248859537734116,1.84953845858075
GO:0042162,telomeric repeat DNA binding,molecular_function,31,6011,0.6506134825806454,0.7244528781452337,-0.2540727155032906,69140.0,0.014541250499708004,low_c,0.06068175689301225,1.216941853760474,1.8373982439742045
GO:0044769,"ATPase activity, coupled to transmembrane movement of ions, rotational mechanism",molecular_function,19,6011,0.8183989552631579,0.7244528781452337,0.32425690394209816,75382.0,0.014527667518842035,high_c,0.06068175689301225,1.216941853760474,1.8378041080014416
GO:0046961,"proton-transporting ATPase activity, rotational mechanism",molecular_function,19,6011,0.8183989552631579,0.7244528781452337,0.32425690394209816,75382.0,0.014527667518842035,high_c,0.06068175689301225,1.216941853760474,1.8378041080014416
GO:0042625,ATPase-coupled ion transmembrane transporter activity,molecular_function,19,6011,0.8183989552631579,0.7244528781452337,0.32425690394209816,75382.0,0.014527667518842035,high_c,0.06068175689301225,1.216941853760474,1.8378041080014416
GO:0009308,amine metabolic process,biological_process,15,6011,0.835181226,0.7244528781452337,0.3643540137869692,61355.0,0.014653469896335416,high_c,0.06085747306229254,1.215686084476802,1.83405952354224
GO:0035861,site of double-strand break,cellular_component,22,6011,0.6385384377272728,0.7244528781452337,-0.3010974665674949,46043.0,0.014631156632157305,low_c,0.06085747306229254,1.215686084476802,1.8347213403744735
GO:0009126,purine nucleoside monophosphate metabolic process,biological_process,25,6011,0.8093594832,0.7244528781452337,0.2820180420982292,95927.0,0.014809547102223139,high_c,0.06115651236568754,1.2135572895044038,1.8294582226410385
GO:0009167,purine ribonucleoside monophosphate metabolic process,biological_process,25,6011,0.8093594832,0.7244528781452337,0.2820180420982292,95927.0,0.014809547102223139,high_c,0.06115651236568754,1.2135572895044038,1.8294582226410385
GO:0008238,exopeptidase activity,molecular_function,29,6011,0.8056451041379312,0.7244528781452337,0.2618775867833385,109454.0,0.014831158816794041,high_c,0.06115651236568754,1.2135572895044038,1.8288249145092086
GO:0005694,chromosome,cellular_component,110,6011,0.6872541807272726,0.7244528781452337,-0.135132720186101,280697.0,0.01501517601145818,low_c,0.06176859136467156,1.2092323026533331,1.8234695725321324
GO:0005935,cellular bud neck,cellular_component,197,6011,0.7024780975634518,0.7244528781452337,-0.10097105009961949,514855.0,0.015783850056176975,low_c,0.06441052649140187,1.1910431509081147,1.801787053458111
GO:0046470,phosphatidylcholine metabolic process,biological_process,17,6011,0.8213831547058824,0.7244528781452337,0.3384561031619855,68193.0,0.015805808920125113,high_c,0.06441052649140187,1.1910431509081147,1.801183272645869
GO:0140104,molecular carrier activity,molecular_function,107,6011,0.6997675585046729,0.7244528781452337,-0.13602373173264448,272899.0,0.015733119631061564,low_c,0.06441052649140187,1.1910431509081147,1.8031851550483529
GO:0030695,GTPase regulator activity,molecular_function,104,6011,0.6849707754807692,0.7244528781452337,-0.13793283067026085,264796.0,0.01573600604874328,low_c,0.06441052649140187,1.1910431509081147,1.803105486150786
GO:0012501,programmed cell death,biological_process,24,6011,0.7973112824999999,0.7244528781452337,0.2842130170925894,92263.0,0.016104040388294952,high_c,0.06515381479846544,1.1860601509810145,1.7930651489246903
GO:0019953,sexual reproduction,biological_process,29,6011,0.792866895862069,0.7244528781452337,0.2584881080021675,109160.0,0.016175125750255374,high_c,0.06515381479846544,1.1860601509810145,1.7911523343112115
GO:0006915,apoptotic process,biological_process,24,6011,0.7973112824999999,0.7244528781452337,0.2842130170925894,92263.0,0.016104040388294952,high_c,0.06515381479846544,1.1860601509810145,1.7930651489246903
GO:0008219,cell death,biological_process,24,6011,0.7973112824999999,0.7244528781452337,0.2842130170925894,92263.0,0.016104040388294952,high_c,0.06515381479846544,1.1860601509810145,1.7930651489246903
GO:0007121,bipolar cellular bud site selection,biological_process,16,6011,0.62470784375,0.7244528781452337,-0.34762301918265226,31288.0,0.016175860701692746,low_c,0.06515381479846544,1.1860601509810145,1.791132601660756
GO:0006144,purine nucleobase metabolic process,biological_process,16,6011,0.8262234906250001,0.7244528781452337,0.347393661384487,64621.0,0.016246229977847866,high_c,0.06528577602209235,1.1851814292610596,1.7892474032866206
GO:0001932,regulation of protein phosphorylation,biological_process,19,6011,0.8195327042105264,0.7244528781452337,0.3177921439111797,75014.0,0.016610498455803875,high_c,0.06633841211560552,1.1782349280182798,1.7796173348359627
GO:0015914,phospholipid transport,biological_process,42,6011,0.6758157621428571,0.7244528781452337,-0.21406632681553106,98516.0,0.01665505756405518,low_c,0.06633841211560552,1.1782349280182798,1.7784538619395822
GO:0004177,aminopeptidase activity,molecular_function,15,6011,0.8316301553333333,0.7244528781452337,0.35761618857015787,61052.0,0.016588956572746363,high_c,0.06633841211560552,1.1782349280182798,1.780180929765253
GO:0005681,spliceosomal complex,cellular_component,83,6011,0.692969209879518,0.7244528781452337,-0.15279335967351182,208423.0,0.01666102977097005,low_c,0.06633841211560552,1.1782349280182798,1.7782981595901668
GO:0043570,maintenance of DNA repeat elements,biological_process,26,6011,0.6503891946153846,0.7244528781452337,-0.2713578818841976,56692.0,0.016796891493627435,low_c,0.06672632410283118,1.1757027994086087,1.7747710832786598
GO:0007584,response to nutrient,biological_process,19,6011,0.8122536778947369,0.7244528781452337,0.31689621249385147,74963.0,0.016918926516745817,high_c,0.0670576630892026,1.173551585490381,1.7716271958267544
GO:0045332,phospholipid translocation,biological_process,16,6011,0.6267418518750001,0.7244528781452337,-0.34449541284403673,31438.0,0.017158892253692958,low_c,0.06785384271619811,1.1684255522314584,1.76551075282981
GO:0005741,mitochondrial outer membrane,cellular_component,102,6011,0.7691611481372549,0.7244528781452337,0.13732790459219735,342744.0,0.017239420164722623,high_c,0.06790887939783914,1.1680734360087408,1.7634773454426407
GO:0000375,"RNA splicing, via transesterification reactions",biological_process,112,6011,0.6960627466071428,0.7244528781452337,-0.13115116363548296,287019.0,0.017251045976063976,low_c,0.06790887939783914,1.1680734360087408,1.7631845673813753
GO:0061982,meiosis I cell cycle process,biological_process,48,6011,0.6668444116666666,0.7244528781452337,-0.1978660070434345,114795.0,0.018046900497666253,low_c,0.07088103905870727,1.1494699246684748,1.743597376159856
GO:0072698,protein localization to microtubule cytoskeleton,biological_process,16,6011,0.6443012537499999,0.7244528781452337,-0.34092994161801504,31609.0,0.018343131999689965,low_c,0.07188188973241937,1.1433805140675986,1.7365265086850021
GO:0045930,negative regulation of mitotic cell cycle,biological_process,95,6011,0.6980239538947368,0.7244528781452337,-0.14062133020177214,241494.0,0.01852761968038978,low_c,0.07244132379539789,1.1400136219722337,1.732180372698087
GO:0003690,double-stranded DNA binding,molecular_function,276,6011,0.7118718460144927,0.7244528781452337,-0.08368775507625437,725197.0,0.018674483491327654,low_c,0.07285146818189844,1.1375616914317832,1.7287514012913248
GO:0043021,ribonucleoprotein complex binding,molecular_function,86,6011,0.7642111601162791,0.7244528781452337,0.14719262094004515,292276.0,0.0189220426310067,high_c,0.0736007795056922,1.133117586026251,1.723031983394494
GO:0031261,DNA replication preinitiation complex,cellular_component,22,6011,0.6506690313636364,0.7244528781452337,-0.28939419238300523,46814.0,0.01895135278746798,low_c,0.0736007795056922,1.133117586026251,1.7223597837347875
GO:0061951,establishment of protein localization to plasma membrane,biological_process,17,6011,0.8264837805882352,0.7244528781452337,0.32895640738778,67709.0,0.018994992475458466,high_c,0.07360559584240156,1.1330891673052321,1.7213608741475612
GO:0005794,Golgi apparatus,cellular_component,183,6011,0.7072229857377048,0.7244528781452337,-0.10157108513263646,479098.0,0.019121016330402682,low_c,0.07392891837322729,1.1311856477585922,1.718489027595742
GO:0008654,phospholipid biosynthetic process,biological_process,111,6011,0.7725032714414416,0.7244528781452337,0.12952206443731873,369862.0,0.019211111039249787,high_c,0.07411219725363918,1.1301103107248003,1.7164475177899297
GO:0034204,lipid translocation,biological_process,18,6011,0.638796425,0.7244528781452337,-0.3184085136362793,36763.0,0.019488796652632884,low_c,0.07501674276933634,1.124841796863702,1.7102149758262146
GO:0010564,regulation of cell cycle process,biological_process,272,6011,0.7101125685661765,0.7244528781452337,-0.08366517019771835,715203.0,0.01954111925978533,low_c,0.07505173237829058,1.1246392787218578,1.7090505647509489
GO:0044042,glucan metabolic process,biological_process,54,6011,0.7728363962962964,0.7244528781452337,0.18402253184861883,190437.0,0.01972981889432979,high_c,0.07560919558621748,1.1214253824155656,1.7048769012432068
GO:0000398,"mRNA splicing, via spliceosome",biological_process,104,6011,0.6963086214423077,0.7244528781452337,-0.13311455769556324,266276.0,0.019773386073718258,low_c,0.07560924718937202,1.1214250860103803,1.7039189539937496
GO:0051087,protein-folding chaperone binding,molecular_function,33,6011,0.793600496969697,0.7244528781452337,0.2346077029917779,121778.0,0.019930333652212744,high_c,0.07604188839613478,1.1189471065641219,1.7004854307474826
GO:1901137,carbohydrate derivative biosynthetic process,biological_process,204,6011,0.7565071480392155,0.7244528781452337,0.09559794298294477,648938.0,0.02011094908656496,high_c,0.07656273599622099,1.1159825552882903,1.6965674334643284
GO:1901976,regulation of cell cycle checkpoint,biological_process,26,6011,0.6561728496153847,0.7244528781452337,-0.2636720005141058,57290.0,0.02015786446827114,low_c,0.07657341951185712,1.1159219583393825,1.6955554791100054
GO:0006874,intracellular calcium ion homeostasis,biological_process,23,6011,0.6400966186956523,0.7244528781452337,-0.2774825012343528,49754.0,0.021432515534275057,low_c,0.08123765713428274,1.0902426099881168,1.6689268528247208
GO:0019725,cellular homeostasis,biological_process,228,6011,0.7500073553508773,0.7244528781452337,0.08922552793881633,718085.0,0.0220993242625862,high_c,0.08358262945501012,1.0778839703563257,1.6556210056595375
GO:0009251,glucan catabolic process,biological_process,15,6011,0.81768803,0.7244528781452337,0.3410273515677118,60306.0,0.022338619877766877,high_c,0.08430400893000717,1.0741517727681005,1.6509436619269995
GO:0000045,autophagosome assembly,biological_process,28,6011,0.6377545471428572,0.7244528781452337,-0.24926577684391493,62883.0,0.022667817495779886,low_c,0.08517604149929411,1.0696825473446938,1.6445902926290412
GO:1905037,autophagosome organization,biological_process,28,6011,0.6377545471428572,0.7244528781452337,-0.24926577684391493,62883.0,0.022667817495779886,low_c,0.08517604149929411,1.0696825473446938,1.6445902926290412
GO:0006301,DNA damage tolerance,biological_process,35,6011,0.6693332491428573,0.7244528781452337,-0.22276725951424747,81283.0,0.02285848287306972,low_c,0.08570696818066746,1.066983867465494,1.640952597288014
GO:0030150,protein import into mitochondrial matrix,biological_process,28,6011,0.8033361432142858,0.7244528781452337,0.2486449702729161,104589.0,0.02300742707569663,high_c,0.08606095490097909,1.0651938394534952,1.6381319458383046
GO:0008235,metalloexopeptidase activity,molecular_function,17,6011,0.8185471135294118,0.7244528781452337,0.3187108677304755,67187.0,0.023052041491333684,high_c,0.08606095490097909,1.0651938394534952,1.6372906074040146
GO:0010506,regulation of autophagy,biological_process,73,6011,0.6925038604109589,0.7244528781452337,-0.15441756599011702,183269.0,0.02314515837315601,low_c,0.08622316509828075,1.0643760390153199,1.6355398431657928
GO:0016765,"transferase activity, transferring alkyl or aryl (other than methyl) groups",molecular_function,50,6011,0.7835799609999999,0.7244528781452337,0.18549907733601745,176669.0,0.02368549806153038,high_c,0.0879305720498407,1.055860101443505,1.625517478442884
GO:0000377,"RNA splicing, via transesterification reactions with bulged adenosine as nucleophile",biological_process,105,6011,0.6976242583809524,0.7244528781452337,-0.12858271652717979,270196.0,0.023704785552606824,low_c,0.0879305720498407,1.055860101443505,1.625163969209854
GO:0071230,cellular response to amino acid stimulus,biological_process,17,6011,0.6514461035294117,0.7244528781452337,-0.31670886572847357,34813.0,0.023927253798476926,low_c,0.08856655137346682,1.0527302656601536,1.6211071437855435
GO:0007163,establishment or maintenance of cell polarity,biological_process,102,6011,0.6893967818627448,0.7244528781452337,-0.12991813750377457,262207.0,0.024255462727909016,low_c,0.0895903899907448,1.047738572902875,1.6151904358076306
GO:0065002,intracellular protein transmembrane transport,biological_process,41,6011,0.7896346597560976,0.7244528781452337,0.2032520325203253,147260.0,0.024688557871151214,high_c,0.09099646807710936,1.0409754639908813,1.6075042777024582
GO:0005881,cytoplasmic microtubule,cellular_component,16,6011,0.6515260431250001,0.7244528781452337,-0.3229566305254379,32471.0,0.02546522576823356,low_c,0.09108216819100355,1.040566639649113,1.5940524691259974
GO:0030705,cytoskeleton-dependent intracellular transport,biological_process,38,6011,0.6808268621052631,0.7244528781452337,-0.2105791852811335,89589.0,0.025024839946410297,low_c,0.09108216819100355,1.040566639649113,1.601628691495521
GO:0004601,peroxidase activity,molecular_function,15,6011,0.8085541926666668,0.7244528781452337,0.3334445185679342,59965.0,0.025498809758541317,high_c,0.09108216819100355,1.040566639649113,1.5934800912272926
GO:0016684,"oxidoreductase activity, acting on peroxide as acceptor",molecular_function,15,6011,0.8085541926666668,0.7244528781452337,0.3334445185679342,59965.0,0.025498809758541317,high_c,0.09108216819100355,1.040566639649113,1.5934800912272926
GO:0006413,translational initiation,biological_process,59,6011,0.7799685001694915,0.7244528781452337,0.16936622926918177,205322.0,0.024963869149870595,high_c,0.09108216819100355,1.040566639649113,1.6026881024746706
GO:0030466,silent mating-type cassette heterochromatin formation,biological_process,46,6011,0.6788685097826088,0.7244528781452337,-0.19146470352418088,110927.0,0.025068254229714978,low_c,0.09108216819100355,1.040566639649113,1.6008759095519898
GO:0005875,microtubule associated complex,cellular_component,20,6011,0.6566552050000001,0.7244528781452337,-0.2900350525788683,42534.0,0.02492196288750297,low_c,0.09108216819100355,1.040566639649113,1.6034177550449964
GO:1902749,regulation of cell cycle G2/M phase transition,biological_process,24,6011,0.66210530625,0.7244528781452337,-0.2644618896497968,52844.0,0.025136141701690116,low_c,0.09108216819100355,1.040566639649113,1.5997013840192265
GO:0042440,pigment metabolic process,biological_process,17,6011,0.8127640564705884,0.7244528781452337,0.31339182319574466,66916.0,0.02544083570199841,high_c,0.09108216819100355,1.040566639649113,1.5944686267183852
GO:0042168,heme metabolic process,biological_process,17,6011,0.8127640564705884,0.7244528781452337,0.31339182319574466,66916.0,0.02544083570199841,high_c,0.09108216819100355,1.040566639649113,1.5944686267183852
GO:0006778,porphyrin-containing compound metabolic process,biological_process,17,6011,0.8127640564705884,0.7244528781452337,0.31339182319574466,66916.0,0.02544083570199841,high_c,0.09108216819100355,1.040566639649113,1.5944686267183852
GO:0033013,tetrapyrrole metabolic process,biological_process,17,6011,0.8127640564705884,0.7244528781452337,0.31339182319574466,66916.0,0.02544083570199841,high_c,0.09108216819100355,1.040566639649113,1.5944686267183852
GO:0044774,mitotic DNA integrity checkpoint signaling,biological_process,40,6011,0.677349178,0.7244528781452337,-0.20484006029140844,94958.0,0.025338657212223614,low_c,0.09108216819100355,1.040566639649113,1.5962164036898863
GO:0032126,eisosome,cellular_component,20,6011,0.8107643925,0.7244528781452337,0.2889000166917042,77218.0,0.02549402361754509,high_c,0.09108216819100355,1.040566639649113,1.5935616161982644
GO:0010389,regulation of G2/M transition of mitotic cell cycle,biological_process,24,6011,0.66210530625,0.7244528781452337,-0.2644618896497968,52844.0,0.025136141701690116,low_c,0.09108216819100355,1.040566639649113,1.5997013840192265
GO:0030479,actin cortical patch,cellular_component,58,6011,0.7798814815517241,0.7244528781452337,0.16965077011301166,201925.0,0.025960544672239454,high_c,0.09235144580124527,1.0345563011053025,1.5856861999430651
GO:0006164,purine nucleotide biosynthetic process,biological_process,60,6011,0.7757831816666666,0.7244528781452337,0.1668683134487201,208321.0,0.025923938268770583,high_c,0.09235144580124527,1.0345563011053025,1.5862990213789012
GO:0009152,purine ribonucleotide biosynthetic process,biological_process,38,6011,0.7858491181578948,0.7244528781452337,0.20892260787579198,137197.0,0.02618957248290393,high_c,0.09297566018470597,1.0316307291985471,1.5818715909154
GO:0003682,chromatin binding,molecular_function,148,6011,0.7070201156756756,0.7244528781452337,-0.10675975310121655,387543.0,0.02631763338833918,low_c,0.09304971804919922,1.0312849384908978,1.5797531672084024
GO:1901682,sulfur compound transmembrane transporter activity,molecular_function,24,6011,0.7908718275000001,0.7244528781452337,0.2624018707198932,90696.0,0.026292730635267075,high_c,0.09304971804919922,1.0312849384908978,1.58016430783637
GO:0016810,"hydrolase activity, acting on carbon-nitrogen (but not peptide) bonds",molecular_function,63,6011,0.7751055344444444,0.7244528781452337,0.16136676593973154,217596.0,0.02734550063640536,high_c,0.09648737622926769,1.0155295031598026,1.5631141212329154
GO:0065009,regulation of molecular function,biological_process,22,6011,0.8042820345454544,0.7244528781452337,0.2704655504789084,83697.0,0.02830709680752996,high_c,0.0996777283121136,1.0014018682847836,1.5481046698480267
GO:0032984,protein-containing complex disassembly,biological_process,88,6011,0.7709036172727273,0.7244528781452337,0.1353928445351711,295897.0,0.028999117677912193,high_c,0.10129269273411583,0.9944218835609145,1.5376152156680556
GO:0009062,fatty acid catabolic process,biological_process,26,6011,0.804371123076923,0.7244528781452337,0.2480431848852902,97104.0,0.028839260319711343,high_c,0.10129269273411583,0.9944218835609145,1.5400158827593815
GO:0000030,mannosyltransferase activity,molecular_function,44,6011,0.7888995631818182,0.7244528781452337,0.19084510260980858,156327.0,0.02893446246957956,high_c,0.10129269273411583,0.9944218835609145,1.5385845813378929
GO:0043934,sporulation,biological_process,79,6011,0.7585217740506328,0.7244528781452337,0.1428339749225398,267782.0,0.02894833455055279,high_c,0.10129269273411583,0.9944218835609145,1.5383764169559113
GO:0042277,peptide binding,molecular_function,41,6011,0.783137972195122,0.7244528781452337,0.19696041181517332,146490.0,0.02950236212819155,high_c,0.10263747626160426,0.9886940353074672,1.5301432105245503
GO:0031134,sister chromatid biorientation,biological_process,21,6011,0.6632198942857143,0.7244528781452337,-0.2747913188647746,45612.0,0.029478243030350085,low_c,0.10263747626160426,0.9886940353074672,1.5304984049704793
GO:0051656,establishment of organelle localization,biological_process,112,6011,0.7674484584821428,0.7244528781452337,0.11966919332574522,369876.0,0.029792936522656934,high_c,0.10344107560666488,0.9853069721994858,1.5258866887039402
GO:0040029,epigenetic regulation of gene expression,biological_process,144,6011,0.7019702078472222,0.7244528781452337,-0.10578234191239133,377739.0,0.029859839521664155,low_c,0.10346642995929935,0.985200535698148,1.5249125306713753
GO:0035091,phosphatidylinositol binding,molecular_function,32,6011,0.6615774940625001,0.7244528781452337,-0.22185984278307413,74440.0,0.030177833813797565,low_c,0.1043599990054832,0.9814659337105017,1.5203119374059555
GO:0017148,negative regulation of translation,biological_process,39,6011,0.7761752089743589,0.7244528781452337,0.2009806447180862,139859.0,0.03026172676682231,high_c,0.10444206295666705,0.9811245585089116,1.5191062942934572
GO:0044232,organelle membrane contact site,cellular_component,71,6011,0.6809125001408451,0.7244528781452337,-0.14926732109830698,179394.0,0.03035964299134892,low_c,0.10451755449578609,0.9808107604583997,1.5177033397528015
GO:0001676,long-chain fatty acid metabolic process,biological_process,15,6011,0.8260912779999999,0.7244528781452337,0.32314876584389585,59502.0,0.030404012108509203,high_c,0.10451755449578609,0.9808107604583997,1.5170691031802113
GO:0016197,endosomal transport,biological_process,126,6011,0.6986216155555555,0.7244528781452337,-0.11238688621866189,329087.0,0.03063184421997778,low_c,0.1050926513159712,0.978427651283881,1.513826855284555
GO:0045786,negative regulation of cell cycle,biological_process,148,6011,0.7061428483108109,0.7244528781452337,-0.10369887199155492,388871.0,0.030943399109543676,low_c,0.10555372517747177,0.976526435066208,1.5094319810880186
GO:0003774,cytoskeletal motor activity,molecular_function,17,6011,0.6647349447058823,0.7244528781452337,-0.30281261653810676,35521.0,0.03083427214548045,low_c,0.10555372517747177,0.976526435066208,1.5109662988002615
GO:0009060,aerobic respiration,biological_process,62,6011,0.7764379312903225,0.7244528781452337,0.15905085701581734,213751.0,0.030948644075652725,high_c,0.10555372517747177,0.976526435066208,1.5093583735699223
GO:0051983,regulation of chromosome segregation,biological_process,51,6011,0.6864051325490196,0.7244528781452337,-0.17495723121463347,125390.0,0.031186763717544894,low_c,0.1061572976738391,0.9740501453459328,1.5060296900884695
GO:0061709,reticulophagy,biological_process,26,6011,0.6550412738461537,0.7244528781452337,-0.24372469635627525,58842.0,0.03174374306705036,low_c,0.10784175726888343,0.9672130439730603,1.4983418646788207
GO:0055074,calcium ion homeostasis,biological_process,24,6011,0.6479028945833334,0.7244528781452337,-0.253284895050387,53647.0,0.031979923882084635,low_c,0.10843192941269321,0.9648428144221386,1.4951225742867809
GO:0042802,identical protein binding,molecular_function,191,6011,0.7529878614136126,0.7244528781452337,0.09088357532250235,606324.0,0.0323162946423463,high_c,0.10895345840850672,0.9627589797922772,1.4905784408626315
GO:0061645,endocytic patch,cellular_component,59,6011,0.7781547298305085,0.7244528781452337,0.16163773464552578,203965.0,0.032382674384816616,high_c,0.10895345840850672,0.9627589797922772,1.4896872870648596
GO:0005874,microtubule,cellular_component,44,6011,0.6824152777272727,0.7244528781452337,-0.18680012797659862,106752.0,0.032510306138022166,low_c,0.10895345840850672,0.9627589797922772,1.4879789408875173
GO:0010972,negative regulation of G2/M transition of mitotic cell cycle,biological_process,21,6011,0.6609254138095237,0.7244528781452337,-0.26991016773988397,45919.0,0.03248760359236577,low_c,0.10895345840850672,0.9627589797922772,1.488282322665349
GO:1902750,negative regulation of cell cycle G2/M phase transition,biological_process,21,6011,0.6609254138095237,0.7244528781452337,-0.26991016773988397,45919.0,0.03248760359236577,low_c,0.10895345840850672,0.9627589797922772,1.488282322665349
GO:0031297,replication fork processing,biological_process,18,6011,0.6385032055555555,0.7244528781452337,-0.2919146411554221,38192.0,0.03222041747592374,low_c,0.10895345840850672,0.9627589797922772,1.4918688367810027
GO:0015748,organophosphate ester transport,biological_process,94,6011,0.6996189770212766,0.7244528781452337,-0.1281378214233061,242464.0,0.03278542458331519,low_c,0.10966377086056872,0.9599368246956472,1.4843191876876625
GO:0005934,cellular bud tip,cellular_component,103,6011,0.697885228252427,0.7244528781452337,-0.12226962289079801,267060.0,0.03312178187765252,low_c,0.11057579488385534,0.9563399299829453,1.4798863071886192
GO:0071561,nucleus-vacuole junction,cellular_component,20,6011,0.6438471515,0.7244528781452337,-0.2749290602570522,43439.0,0.033519565338307536,low_c,0.11168899314261399,0.9519896241356114,1.47470162167656
GO:0034293,sexual sporulation,biological_process,56,6011,0.7619990917857142,0.7244528781452337,0.16421374595178118,194121.0,0.03414960711866834,high_c,0.11313686633207679,0.9463958545290955,1.466614288385842
GO:0043935,sexual sporulation resulting in formation of a cellular spore,biological_process,56,6011,0.7619990917857142,0.7244528781452337,0.16421374595178118,194121.0,0.03414960711866834,high_c,0.11313686633207679,0.9463958545290955,1.466614288385842
GO:0012506,vesicle membrane,cellular_component,161,6011,0.7043073222360249,0.7244528781452337,-0.09772256728778472,424905.0,0.03413122071176645,low_c,0.11313686633207679,0.9463958545290955,1.466848178791282
GO:0016757,glycosyltransferase activity,molecular_function,100,6011,0.7620927174000001,0.7244528781452337,0.12298426662155304,331898.0,0.03467339994479033,high_c,0.11465337581744002,0.9406131535175379,1.4600035709520542
GO:0010563,negative regulation of phosphorus metabolic process,biological_process,25,6011,0.7950684184,0.7244528781452337,0.2443033745405947,93105.0,0.03476443468563319,high_c,0.11473585287881982,0.9403008517203877,1.4588648284071217
GO:0000182,rDNA binding,molecular_function,18,6011,0.66538493,0.7244528781452337,-0.28726106383373196,38443.0,0.03507228729121281,low_c,0.11553224048870102,0.9372968044084532,1.4550359100363797
GO:0030684,preribosome,cellular_component,164,6011,0.7591672286585367,0.7244528781452337,0.09606552453415751,525513.0,0.03560852969758998,high_c,0.11644391313317914,0.9338832083896075,1.4484459582944686
GO:0000217,DNA secondary structure binding,molecular_function,27,6011,0.6600703444444446,0.7244528781452337,-0.23418003565062384,61866.0,0.03549628357793991,low_c,0.11644391313317914,0.9338832083896075,1.4498171147219008
GO:1902299,pre-replicative complex assembly involved in cell cycle DNA replication,biological_process,19,6011,0.6532757621052631,0.7244528781452337,-0.27879277633335675,41054.0,0.035617349005598,low_c,0.11644391313317914,0.9338832083896075,1.4483384081486115
GO:0006267,pre-replicative complex assembly involved in nuclear cell cycle DNA replication,biological_process,19,6011,0.6532757621052631,0.7244528781452337,-0.27879277633335675,41054.0,0.035617349005598,low_c,0.11644391313317914,0.9338832083896075,1.4483384081486115
GO:0015718,monocarboxylic acid transport,biological_process,31,6011,0.7964707770967743,0.7244528781452337,0.21824360772467366,112919.0,0.035816500510115576,high_c,0.11687489640142977,0.9322787610803441,1.445916849625769
GO:0098857,membrane microdomain,cellular_component,30,6011,0.7907391639999999,0.7244528781452337,0.22137881067825904,109576.0,0.036196831051362184,high_c,0.11723451250963574,0.9309445181298807,1.4413294492775837
GO:0010629,negative regulation of gene expression,biological_process,293,6011,0.71184916,0.7244528781452337,-0.07249127657466337,776962.0,0.03608308119116506,low_c,0.11723451250963574,0.9309445181298807,1.4426963844564284
GO:0045121,membrane raft,cellular_component,30,6011,0.7907391639999999,0.7244528781452337,0.22137881067825904,109576.0,0.036196831051362184,high_c,0.11723451250963574,0.9309445181298807,1.4413294492775837
GO:0018455,alcohol dehydrogenase [NAD(P)+] activity,molecular_function,22,6011,0.7974644231818182,0.7244528781452337,0.258549765479136,82912.0,0.0360480544511918,high_c,0.11723451250963574,0.9309445181298807,1.4431181696106385
GO:0046942,carboxylic acid transport,biological_process,79,6011,0.7711167486075948,0.7244528781452337,0.13679933764094332,266368.0,0.03644679045884492,high_c,0.11773096396143044,0.9291093000363635,1.4383407100726127
GO:0006749,glutathione metabolic process,biological_process,20,6011,0.7965426250000001,0.7244528781452337,0.27048906693373387,76115.0,0.036485748047954826,high_c,0.11773096396143044,0.9291093000363635,1.4378767452104475
GO:0015849,organic acid transport,biological_process,80,6011,0.77114066925,0.7244528781452337,0.13578654527061196,269454.0,0.036676705631602746,high_c,0.11812757138490235,0.9276487247165909,1.4356096803703253
GO:0030659,cytoplasmic vesicle membrane,cellular_component,160,6011,0.7045439742500001,0.7244528781452337,-0.09614382156896262,423077.0,0.03771059574159686,low_c,0.12123258186557806,0.9163806456581668,1.4235366066756714
GO:0030490,maturation of SSU-rRNA,biological_process,111,6011,0.766425237837838,0.7244528781452337,0.11464345701633838,364990.0,0.03822435528624971,high_c,0.12265708091853883,0.9113073751780872,1.417659830911991
GO:0098813,nuclear chromosome segregation,biological_process,46,6011,0.6739038039130435,0.7244528781452337,-0.17678486825321627,112941.0,0.03858592076990164,low_c,0.12336124945957504,0.9088212405362216,1.4135711317878477
GO:0000819,sister chromatid segregation,biological_process,32,6011,0.6681103003125,0.7244528781452337,-0.2117620003345041,75406.0,0.03853838529105844,low_c,0.12336124945957504,0.9088212405362216,1.414106485681446
GO:0017056,structural constituent of nuclear pore,molecular_function,29,6011,0.6626562886206896,0.7244528781452337,-0.22218379275758304,67467.0,0.038718918345442374,low_c,0.12355890119060288,0.9081259625345537,1.4120767836768469
GO:0010948,negative regulation of cell cycle process,biological_process,144,6011,0.7065933335416666,0.7244528781452337,-0.10058377364922444,379935.0,0.03890357244541917,low_c,0.12392037021146364,0.9068572977943989,1.4100105163582295
GO:0031123,RNA 3'-end processing,biological_process,69,6011,0.7670549828985507,0.7244528781452337,0.14420558149064133,234561.0,0.03914987025623188,high_c,0.12447651055827572,0.9049125947320114,1.4072696728677472
GO:0015629,actin cytoskeleton,cellular_component,27,6011,0.7917430462962963,0.7244528781452337,0.22937710437710446,99314.0,0.0394439295581659,high_c,0.12518219691586105,0.9024574309576433,1.4040198254646856
GO:0016866,intramolecular transferase activity,molecular_function,20,6011,0.8015462184999999,0.7244528781452337,0.2659489233850776,75843.0,0.039747254625093334,high_c,0.125914660637157,0.8999237006853282,1.4006928630414324
GO:0048584,positive regulation of response to stimulus,biological_process,73,6011,0.6918429369863014,0.7244528781452337,-0.13956546413395032,186488.0,0.040111787138808364,low_c,0.12683800086151426,0.8967506116595737,1.3967279880499548
GO:1990748,cellular detoxification,biological_process,43,6011,0.7758564144186049,0.7244528781452337,0.18094176694307618,151529.0,0.04060654758039237,high_c,0.1281690301810203,0.8922169018557314,1.3914039332019608
GO:0006612,protein targeting to membrane,biological_process,47,6011,0.7738435112765956,0.7244528781452337,0.1729169342294905,164389.0,0.04085293516840652,high_c,0.12851138662152709,0.8910583904042011,1.3887767351744416
GO:0010833,telomere maintenance via telomere lengthening,biological_process,16,6011,0.6306880475000001,0.7244528781452337,-0.2954545454545454,33790.0,0.04095346062071756,low_c,0.12851138662152709,0.8910583904042011,1.3877093939040486
GO:1901873,regulation of post-translational protein modification,biological_process,34,6011,0.6709549285294119,0.7244528781452337,-0.20292493775157716,80990.0,0.04101112222829839,low_c,0.12851138662152709,0.8910583904042011,1.3870983465162445
GO:1903320,regulation of protein modification by small protein conjugation or removal,biological_process,34,6011,0.6709549285294119,0.7244528781452337,-0.20292493775157716,80990.0,0.04101112222829839,low_c,0.12851138662152709,0.8910583904042011,1.3870983465162445
GO:0019200,carbohydrate kinase activity,molecular_function,17,6011,0.8011070764705882,0.7244528781452337,0.28495161828495164,65467.0,0.04216955500764016,high_c,0.13183966139813874,0.8799539210376508,1.3750009818342244
GO:0006623,protein targeting to vacuole,biological_process,103,6011,0.6867514875728157,0.7244528781452337,-0.1165705871913022,268794.0,0.04222514501000296,low_c,0.13183966139813874,0.8799539210376508,1.3744288502960664
GO:0000028,ribosomal small subunit assembly,biological_process,25,6011,0.8004798852,0.7244528781452337,0.23469428666889414,92386.0,0.042554670609355895,high_c,0.13262999672862089,0.877358241086534,1.3710527667532784
GO:0030246,carbohydrate binding,molecular_function,33,6011,0.7863848781818182,0.7244528781452337,0.20409177083650154,118768.0,0.04287897759986522,high_c,0.13316262095414313,0.8756176654925425,1.3677555784465922
GO:0031126,sno(s)RNA 3'-end processing,biological_process,28,6011,0.7905179207142856,0.7244528781452337,0.22150855996752705,102316.0,0.042846568514206,high_c,0.13316262095414313,0.8756176654925425,1.3680839540212937
GO:0045333,cellular respiration,biological_process,69,6011,0.771788721884058,0.7244528781452337,0.14141532397719003,233989.0,0.04310431831593712,high_c,0.13362338677940508,0.8741175249414942,1.365479218775767
GO:0018193,peptidyl-amino acid modification,biological_process,54,6011,0.6899754427777777,0.7244528781452337,-0.15921511573685487,135231.0,0.04368013155497212,low_c,0.13516703810950376,0.8691292027173495,1.359716062301661
GO:0004672,protein kinase activity,molecular_function,138,6011,0.7043910906521738,0.7244528781452337,-0.09997112800657393,364725.0,0.04438522751408206,low_c,0.13697064309596008,0.863372505162109,1.3527615496294185
GO:0016567,protein ubiquitination,biological_process,117,6011,0.7068330356410257,0.7244528781452337,-0.10832107981751682,307450.0,0.04449967897818058,low_c,0.13697064309596008,0.863372505162109,1.3516431220192398
GO:0007093,mitotic cell cycle checkpoint signaling,biological_process,82,6011,0.6993239724390244,0.7244528781452337,-0.12904738593683796,211719.0,0.04443362596207444,low_c,0.13697064309596008,0.863372505162109,1.3522882451416092
GO:0019985,translesion synthesis,biological_process,20,6011,0.6731841129999999,0.7244528781452337,-0.257986980470706,44454.0,0.04606460749182435,low_c,0.14128649930354606,0.8498993353778885,1.3366326250300902
GO:0090592,DNA synthesis involved in DNA replication,biological_process,20,6011,0.6731841129999999,0.7244528781452337,-0.257986980470706,44454.0,0.04606460749182435,low_c,0.14128649930354606,0.8498993353778885,1.3366326250300902
GO:0015267,channel activity,molecular_function,40,6011,0.7805656219999999,0.7244528781452337,0.18177022274325916,141127.0,0.04721727721190778,high_c,0.14380560217521385,0.8422241949935336,1.3258990601615153
GO:0022803,passive transmembrane transporter activity,molecular_function,40,6011,0.7805656219999999,0.7244528781452337,0.18177022274325916,141127.0,0.04721727721190778,high_c,0.14380560217521385,0.8422241949935336,1.3258990601615153
GO:0071470,cellular response to osmotic stress,biological_process,49,6011,0.6882065671428571,0.7244528781452337,-0.16453183084706546,122036.0,0.04697910497466024,low_c,0.14380560217521385,0.8422241949935336,1.3280952614679258
GO:0070646,protein modification by small protein removal,biological_process,31,6011,0.6718592396774193,0.7244528781452337,-0.20638688100118674,73560.0,0.047148129976364264,low_c,0.14380560217521385,0.8422241949935336,1.3265355278906332
GO:0006644,phospholipid metabolic process,biological_process,149,6011,0.7623850271812079,0.7244528781452337,0.09476574181567554,478105.0,0.04788401107677955,high_c,0.14558081125970104,0.8368958648115689,1.319809477406194
GO:0050790,regulation of catalytic activity,biological_process,18,6011,0.8035945177777778,0.7244528781452337,0.2693512801972673,68465.0,0.048141024853895174,high_c,0.14585134231476793,0.8360895695781477,1.317484668451231
GO:0004529,DNA exonuclease activity,molecular_function,18,6011,0.6594001088888889,0.7244528781452337,-0.26940690064334316,39406.0,0.04809483603807706,low_c,0.14585134231476793,0.8360895695781477,1.3179015514964867
GO:0005048,signal sequence binding,molecular_function,40,6011,0.7795196565,0.7244528781452337,0.18084073019594715,141016.0,0.048359149676491894,high_c,0.14625694048499988,0.8348835157222421,1.3155213441647418
GO:0005200,structural constituent of cytoskeleton,molecular_function,21,6011,0.7912297480952382,0.7244528781452337,0.24893870736942514,78552.0,0.048585843628036605,high_c,0.146686999196994,0.8336083757764003,1.313490251927243
GO:0006900,vesicle budding from membrane,biological_process,20,6011,0.7983755965,0.7244528781452337,0.2546820230345519,75168.0,0.0489249081659192,high_c,0.14719868384061652,0.8320960731732007,1.3104699808579423
GO:0044732,mitotic spindle pole body,cellular_component,16,6011,0.650521064375,0.7244528781452337,-0.28465387823185984,34308.0,0.04892123007608292,low_c,0.14719868384061652,0.8320960731732007,1.3105026315920294
GO:0000315,organellar large ribosomal subunit,cellular_component,45,6011,0.7819104162222223,0.7244528781452337,0.1698290311766677,157032.0,0.04934154518736809,high_c,0.14787750570014677,0.8300978834289164,1.3067872542009698
GO:0005762,mitochondrial large ribosomal subunit,cellular_component,45,6011,0.7819104162222223,0.7244528781452337,0.1698290311766677,157032.0,0.04934154518736809,high_c,0.14787750570014677,0.8300978834289164,1.3067872542009698
GO:0005656,nuclear pre-replicative complex,cellular_component,16,6011,0.64722213,0.7244528781452337,-0.28390325271059214,34344.0,0.049520304843555,low_c,0.14787750570014677,0.8300978834289164,1.305216690493062
GO:0036387,pre-replicative complex,cellular_component,16,6011,0.64722213,0.7244528781452337,-0.28390325271059214,34344.0,0.049520304843555,low_c,0.14787750570014677,0.8300978834289164,1.305216690493062
GO:0016758,hexosyltransferase activity,molecular_function,79,6011,0.7660739718987342,0.7244528781452337,0.12840888721971377,264402.0,0.04957644488334413,high_c,0.14787750570014677,0.8300978834289164,1.304724619619501
GO:0043328,protein transport to vacuole involved in ubiquitin-dependent protein catabolic process via the multivesicular body sorting pathway,biological_process,27,6011,0.7896550203703703,0.7244528781452337,0.218236284412755,98414.0,0.050055215374012245,high_c,0.1490494920913984,0.8266694995527112,1.3005506656341703
GO:0009267,cellular response to starvation,biological_process,145,6011,0.7564477567586206,0.7244528781452337,0.09488930952185015,465640.0,0.050598312442433194,high_c,0.15040868219189044,0.8227270938028948,1.2958639675309682
GO:0120569,phospholipase activity,molecular_function,19,6011,0.8040294710526316,0.7244528781452337,0.2586958049328929,71650.0,0.05120080832520433,high_c,0.15193949273940976,0.8183293278517219,1.2907231826100145
GO:0046488,phosphatidylinositol metabolic process,biological_process,22,6011,0.8034165631818183,0.7244528781452337,0.2395907648871416,81663.0,0.052057708304171176,high_c,0.15421873995911461,0.8118628495903275,1.28351495441271
GO:0006766,vitamin metabolic process,biological_process,44,6011,0.7759239322727273,0.7244528781452337,0.16965278729984612,153545.0,0.052160098157319944,high_c,0.15425882521483375,0.8117499804067765,1.2826615999996351
GO:0042594,response to starvation,biological_process,150,6011,0.7543883685333334,0.7244528781452337,0.09262583176932271,480291.0,0.05237551559922297,high_c,0.15463247462627733,0.8106992939239346,1.2808716886882692
GO:0043565,sequence-specific DNA binding,molecular_function,296,6011,0.7144365957432433,0.7244528781452337,-0.06668321865172255,789418.0,0.05269727145660446,low_c,0.1553182737668342,0.808777444920379,1.2782118709737504
GO:0006508,proteolysis,biological_process,89,6011,0.7565938648314607,0.7244528781452337,0.11941000800670887,294997.0,0.052808308410652205,high_c,0.15538173457778343,0.8086000346876437,1.2772977438859725
GO:0001101,response to acid chemical,biological_process,30,6011,0.6715155923333334,0.7244528781452337,-0.20429136710694984,71387.0,0.05323346585027172,low_c,0.15611646757256364,0.806551284005568,1.2738152574671506
GO:0071467,cellular response to pH,biological_process,15,6011,0.6566679726666668,0.7244528781452337,-0.2885479208361129,31994.0,0.053237873734422625,low_c,0.15611646757256364,0.806551284005568,1.2737792981231213
GO:0042626,ATPase-coupled transmembrane transporter activity,molecular_function,58,6011,0.7683184986206896,0.7244528781452337,0.14696154358567393,198008.0,0.053733069152745866,high_c,0.15730288035272652,0.8032633249937363,1.2697583524699467
GO:0007231,osmosensory signaling pathway,biological_process,15,6011,0.6389482913333334,0.7244528781452337,-0.28745830553702467,32043.0,0.05414349722378732,low_c,0.15823756090992389,0.8006904199552175,1.2664536958144972
GO:0031396,regulation of protein ubiquitination,biological_process,18,6011,0.660440965,0.7244528781452337,-0.2607301110554907,39874.0,0.05576479567526201,low_c,0.1627019920878233,0.788607129623358,1.2536398847352817
GO:0016071,mRNA metabolic process,biological_process,282,6011,0.714662824361702,0.7244528781452337,-0.06719452728373376,753510.0,0.056410161687580736,low_c,0.16386583248162875,0.7855115913446336,1.2486426554612138
GO:0044786,cell cycle DNA replication,biological_process,17,6011,0.6455508570588234,0.7244528781452337,-0.26734577714969876,37328.0,0.05661123179163069,low_c,0.16386583248162875,0.7855115913446336,1.2470973952922657
GO:0036388,pre-replicative complex assembly,biological_process,20,6011,0.662630059,0.7244528781452337,-0.24646970455683526,45144.0,0.056683384207834905,low_c,0.16386583248162875,0.7855115913446336,1.246544228662529
GO:0033260,nuclear DNA replication,biological_process,17,6011,0.6455508570588234,0.7244528781452337,-0.26734577714969876,37328.0,0.05661123179163069,low_c,0.16386583248162875,0.7855115913446336,1.2470973952922657
GO:0006779,porphyrin-containing compound biosynthetic process,biological_process,16,6011,0.80433621,0.7244528781452337,0.2751042535446204,61154.0,0.057013227430244104,high_c,0.16386583248162875,0.7855115913446336,1.2440243735639749
GO:0046148,pigment biosynthetic process,biological_process,16,6011,0.80433621,0.7244528781452337,0.2751042535446204,61154.0,0.057013227430244104,high_c,0.16386583248162875,0.7855115913446336,1.2440243735639749
GO:0006783,heme biosynthetic process,biological_process,16,6011,0.80433621,0.7244528781452337,0.2751042535446204,61154.0,0.057013227430244104,high_c,0.16386583248162875,0.7855115913446336,1.2440243735639749
GO:0016853,isomerase activity,molecular_function,189,6011,0.7534100482010581,0.7244528781452337,0.08130263059840526,594910.0,0.056767010611052215,high_c,0.16386583248162875,0.7855115913446336,1.2459039754118553
GO:0033014,tetrapyrrole biosynthetic process,biological_process,16,6011,0.80433621,0.7244528781452337,0.2751042535446204,61154.0,0.057013227430244104,high_c,0.16386583248162875,0.7855115913446336,1.2440243735639749
GO:0072384,organelle transport along microtubule,biological_process,25,6011,0.6755676824,0.7244528781452337,-0.22011359839625788,58355.0,0.05716389583339184,low_c,0.16402731101945164,0.7850838346502241,1.2428781808382283
GO:0004527,exonuclease activity,molecular_function,42,6011,0.6873473788095238,0.7244528781452337,-0.16975803556470337,104070.0,0.057609475214522234,low_c,0.16503308411288878,0.7824289842262651,1.239506080900452
GO:0044818,mitotic G2/M transition checkpoint,biological_process,19,6011,0.6638957363157894,0.7244528781452337,-0.2515810554423442,42603.0,0.05793794695994019,low_c,0.16570061931211888,0.780675868386136,1.2370368981513515
GO:1901991,negative regulation of mitotic cell cycle phase transition,biological_process,70,6011,0.7005906067142856,0.7244528781452337,-0.13113713420059148,180667.0,0.058882676038174965,low_c,0.16812553553005222,0.7743663192936586,1.230012460861397
GO:0000462,"maturation of SSU-rRNA from tricistronic rRNA transcript (SSU-rRNA, 5.8S rRNA, LSU-rRNA)",biological_process,69,6011,0.7687807817391304,0.7244528781452337,0.131742106059054,232006.0,0.059519407918196196,high_c,0.16938638056719443,0.7711215118465037,1.2253413976762098
GO:0040001,establishment of mitotic spindle localization,biological_process,19,6011,0.6697972510526317,0.7244528781452337,-0.25005270184807815,42690.0,0.05947744055204553,low_c,0.16938638056719443,0.7711215118465037,1.225647728415708
GO:0051253,negative regulation of RNA metabolic process,biological_process,189,6011,0.7566080745502646,0.7244528781452337,0.08037384196779596,594399.0,0.05965475718663827,high_c,0.16949371272668418,0.7708464070700457,1.2243549176679644
GO:0030473,nuclear migration along microtubule,biological_process,23,6011,0.6725568091304348,0.7244528781452337,-0.22652551479771132,53263.0,0.06040271636133577,low_c,0.1713384241883642,0.7661452316539478,1.2189435303488596
GO:0022626,cytosolic ribosome,cellular_component,31,6011,0.7746205209677419,0.7244528781452337,0.19497248894163333,110762.0,0.060767407724232315,high_c,0.1720917125762925,0.7642400434960709,1.2163292898181288
GO:0034727,piecemeal microautophagy of the nucleus,biological_process,44,6011,0.6688021106818183,0.7244528781452337,-0.16355866355866355,109803.0,0.06119879544264674,low_c,0.17303112196813475,0.761875776157747,1.2132571258570524
GO:0050661,NADP binding,molecular_function,21,6011,0.7918108414285715,0.7244528781452337,0.2360283011368154,77740.0,0.061494553756136244,high_c,0.17339412314501987,0.760965626173192,1.2111633456618818
GO:0051246,regulation of protein metabolic process,biological_process,225,6011,0.7467345496444444,0.7244528781452337,0.07335714560049156,698675.0,0.061526946922426405,high_c,0.17339412314501987,0.760965626173192,1.2109346348492396
GO:0140303,intramembrane lipid carrier activity,molecular_function,15,6011,0.6475819660000001,0.7244528781452337,-0.27854124972203687,32444.0,0.06204850278152051,low_c,0.17455758442578834,0.7580612765965296,1.2072686934814285
GO:0048869,cellular developmental process,biological_process,64,6011,0.7576579090625,0.7244528781452337,0.13534660332940973,216061.0,0.062151196377223494,high_c,0.17455758442578834,0.7580612765965296,1.2065505070058347
GO:0010181,FMN binding,molecular_function,20,6011,0.7990265319999998,0.7244528781452337,0.24114505090969796,74357.0,0.06224144283384965,high_c,0.17455758442578834,0.7580612765965296,1.2059203484168846
GO:2000001,regulation of DNA damage checkpoint,biological_process,16,6011,0.6558571762500001,0.7244528781452337,-0.26797331109257716,35108.0,0.06375709132644773,low_c,0.17851985571405365,0.7483134728432471,1.1954715041854664
GO:0004674,protein serine/threonine kinase activity,molecular_function,125,6011,0.7039540932000001,0.7244528781452337,-0.09666870540265038,332313.0,0.06399209306490104,low_c,0.1788893294052628,0.7474155639525972,1.1938736846164901
GO:0000027,ribosomal large subunit assembly,biological_process,48,6011,0.7668913608333332,0.7244528781452337,0.15490664654256814,165281.0,0.06413399380179127,high_c,0.17899777048216986,0.7471523783682692,1.1929117145179235
GO:0042364,water-soluble vitamin biosynthetic process,biological_process,43,6011,0.7740965737209304,0.7244528781452337,0.16318816634453515,149251.0,0.06480190453316403,high_c,0.17970624004724084,0.7454368423621882,1.1884122299922317
GO:0030427,site of polarized growth,cellular_component,277,6011,0.7135007378339351,0.7244528781452337,-0.06566191404995725,742013.0,0.0645240224290626,low_c,0.17970624004724084,0.7454368423621882,1.190278566511019
GO:0045936,negative regulation of phosphate metabolic process,biological_process,24,6011,0.7892379191666667,0.7244528781452337,0.2182088970547298,87521.0,0.06465281440846182,high_c,0.17970624004724084,0.7454368423621882,1.1894125650533356
GO:0009110,vitamin biosynthetic process,biological_process,43,6011,0.7740965737209304,0.7244528781452337,0.16318816634453515,149251.0,0.06480190453316403,high_c,0.17970624004724084,0.7454368423621882,1.1884122299922317
GO:0006279,premeiotic DNA replication,biological_process,15,6011,0.637695902,0.7244528781452337,-0.2752946408716922,32590.0,0.06515413328320668,low_c,0.18039485706482744,0.7437758480590683,1.1860580280688249
GO:0098739,import across plasma membrane,biological_process,23,6011,0.7745056300000002,0.7244528781452337,0.22184949609363658,84139.0,0.06590369040061597,high_c,0.1821796282411932,0.7395001884886158,1.1810902655918927
GO:0016895,"DNA exonuclease activity, producing 5'-phosphomonoesters",molecular_function,17,6011,0.6617495388235294,0.7244528781452337,-0.25688433531570787,37861.0,0.06699571602367188,low_c,0.18490391576644577,0.7330538915571456,1.1739529669523499
GO:0060589,nucleoside-triphosphatase regulator activity,molecular_function,112,6011,0.6959053282142856,0.7244528781452337,-0.1008040103649529,297044.0,0.06720612406233024,low_c,0.18519020852731002,0.7323819792900136,1.1725911506769051
GO:0051315,attachment of mitotic spindle microtubules to kinetochore,biological_process,16,6011,0.65994910625,0.7244528781452337,-0.263907422852377,35303.0,0.0678886462306362,low_c,0.186774468869072,0.7286824899211459,1.1682028515174847
GO:0022411,cellular component disassembly,biological_process,115,6011,0.7598257933043477,0.7244528781452337,0.09903545513539025,372595.0,0.068509322254636,high_c,0.18729477706149306,0.7274743332761221,1.1642503288246195
GO:0007097,nuclear migration,biological_process,25,6011,0.6789291604000001,0.7244528781452337,-0.21091881055796857,59043.0,0.06836419270247909,low_c,0.18729477706149306,0.7274743332761221,1.1651713103206123
GO:0051647,nucleus localization,biological_process,25,6011,0.6789291604000001,0.7244528781452337,-0.21091881055796857,59043.0,0.06836419270247909,low_c,0.18729477706149306,0.7274743332761221,1.1651713103206123
GO:0042546,cell wall biogenesis,biological_process,23,6011,0.7978341326086956,0.7244528781452337,0.21983096628038679,84000.0,0.06840273069943577,high_c,0.18729477706149306,0.7274743332761221,1.1649265605017447
GO:0051653,spindle localization,biological_process,21,6011,0.6773644142857143,0.7244528781452337,-0.22965259559583429,48451.0,0.06884893613419515,low_c,0.1876322655085758,0.7266924776443924,1.1621027661495151
GO:0051293,establishment of spindle localization,biological_process,21,6011,0.6773644142857143,0.7244528781452337,-0.22965259559583429,48451.0,0.06884893613419515,low_c,0.1876322655085758,0.7266924776443924,1.1621027661495151
GO:0045892,negative regulation of DNA-templated transcription,biological_process,179,6011,0.7565540833519553,0.7244528781452337,0.07960127518372917,563513.0,0.06925152861400971,high_c,0.18813873814385113,0.7255217731366406,1.1595706358187137
GO:1902679,negative regulation of RNA biosynthetic process,biological_process,179,6011,0.7565540833519553,0.7244528781452337,0.07960127518372917,563513.0,0.06925152861400971,high_c,0.18813873814385113,0.7255217731366406,1.1595706358187137
GO:0099080,supramolecular complex,cellular_component,248,6011,0.7484637369758065,0.7244528781452337,0.06793196867670859,763157.0,0.06965603326414718,high_c,0.1889419902289992,0.723671514295152,1.1570412611517378
GO:0031503,protein-containing complex localization,biological_process,41,6011,0.6903543287804879,0.7244528781452337,-0.16389263390121334,102327.0,0.07010187410960944,low_c,0.18985468557610297,0.7215786800899721,1.1542703714116278
GO:0004175,endopeptidase activity,molecular_function,54,6011,0.7579105348148147,0.7244528781452337,0.14267062093149052,183786.0,0.07067877671833946,high_c,0.19082170510581228,0.7193722277893794,1.1507109757056304
GO:0016241,regulation of macroautophagy,biological_process,43,6011,0.6894354811627906,0.7244528781452337,-0.15975902487686267,107813.0,0.07063491036633167,low_c,0.19082170510581228,0.7193722277893794,1.1509806016084447
GO:0071013,catalytic step 2 spliceosome,cellular_component,34,6011,0.6892133585294119,0.7244528781452337,-0.17878337548839174,83443.0,0.07181162886304397,low_c,0.19357917345690115,0.7131413688214289,1.1438052223020898
GO:0098800,inner mitochondrial membrane protein complex,cellular_component,35,6011,0.786312366857143,0.7244528781452337,0.17607573149741818,122994.0,0.07205341189141001,high_c,0.1939298031681981,0.712355443335568,1.1423454495407732
GO:0031410,cytoplasmic vesicle,cellular_component,212,6011,0.7121184436792453,0.7244528781452337,-0.07248159246714625,570140.0,0.07261812786389353,low_c,0.19484554864253348,0.7103095114626023,1.138954951634375
GO:0097708,intracellular vesicle,cellular_component,212,6011,0.7121184436792453,0.7244528781452337,-0.07248159246714625,570140.0,0.07261812786389353,low_c,0.19484554864253348,0.7103095114626023,1.138954951634375
GO:0009165,nucleotide biosynthetic process,biological_process,86,6011,0.7543551363953487,0.7244528781452337,0.11210676086743199,283337.0,0.07384162864037573,high_c,0.19781347776889227,0.7037441216303991,1.1316987331396746
GO:0004521,RNA endonuclease activity,molecular_function,39,6011,0.6892172892307692,0.7244528781452337,-0.165756436017655,97151.0,0.07395215845161929,low_c,0.19781347776889227,0.7037441216303991,1.131049145670503
GO:0019941,modification-dependent protein catabolic process,biological_process,194,6011,0.7518769542783504,0.7244528781452337,0.0749562693066359,606543.0,0.07528784275360245,high_c,0.20107645387731365,0.6966387824607456,1.1232751466583633
GO:0016209,antioxidant activity,molecular_function,30,6011,0.7764493623333334,0.7244528781452337,0.18742685169704054,106530.0,0.07615510486910013,high_c,0.20256576158345377,0.693433958837328,1.1183009794957226
GO:0051294,establishment of spindle orientation,biological_process,17,6011,0.6685361929411764,0.7244528781452337,-0.24868005260162118,38279.0,0.07619553128686365,low_c,0.20256576158345377,0.693433958837328,1.1180704984027272
GO:0000132,establishment of mitotic spindle orientation,biological_process,17,6011,0.6685361929411764,0.7244528781452337,-0.24868005260162118,38279.0,0.07619553128686365,low_c,0.20256576158345377,0.693433958837328,1.1180704984027272
GO:0005319,lipid carrier activity,molecular_function,43,6011,0.687074508372093,0.7244528781452337,-0.15663383003927922,108214.0,0.07631951817638451,low_c,0.20258514304924086,0.693392407585423,1.1173643801016289
GO:0006284,base-excision repair,biological_process,20,6011,0.676429898,0.7244528781452337,-0.22859288933400101,46215.0,0.07714232447612167,low_c,0.20445660349701866,0.6893988581299281,1.112707278978618
GO:0045739,positive regulation of DNA repair,biological_process,15,6011,0.6462506626666666,0.7244528781452337,-0.26348676895708245,33121.0,0.07754781205800819,low_c,0.2052179904461924,0.6877845694421504,1.1104304509069631
GO:0031145,anaphase-promoting complex-dependent catabolic process,biological_process,17,6011,0.6758013335294116,0.7244528781452337,-0.24716873736481582,38356.0,0.07799777682103824,low_c,0.2060945822851178,0.6859334245944083,1.1079177758751007
GO:0007124,pseudohyphal growth,biological_process,53,6011,0.7670099450943395,0.7244528781452337,0.14024587204773042,180030.0,0.07833434597459567,high_c,0.20666933831595452,0.6847239509873262,1.1060477782138438
GO:0098657,import into cell,biological_process,144,6011,0.7523716354166666,0.7244528781452337,0.08568641933223486,458620.0,0.07852207981613132,high_c,0.20685027399211528,0.6843438995053076,1.1050082057517707
GO:0098754,detoxification,biological_process,46,6011,0.7689427082608695,0.7244528781452337,0.14999088888079015,157773.0,0.07925067695021257,high_c,0.20845329573571064,0.6809912341020015,1.1009970194006058
GO:0008233,peptidase activity,molecular_function,111,6011,0.7510458033333333,0.7244528781452337,0.096946098641014,359195.0,0.07968502320362186,high_c,0.20864736090722105,0.6805871041259107,1.0986232965616107
GO:0071459,"protein localization to chromosome, centromeric region",biological_process,20,6011,0.677042771,0.7244528781452337,-0.2268235686863629,46321.0,0.07945929237154789,low_c,0.20864736090722105,0.6805871041259107,1.0998553068932964
GO:0006397,mRNA processing,biological_process,163,6011,0.7115372220245398,0.7244528781452337,-0.08038614218693607,438299.0,0.07957275170063319,low_c,0.20864736090722105,0.6805871041259107,1.0992356233673777
GO:1905348,endonuclease complex,cellular_component,23,6011,0.6791193382608697,0.7244528781452337,-0.2111324097470303,54323.0,0.08007807778805102,low_c,0.20936075759044664,0.6791047188322792,1.0964863603047348
GO:0004549,tRNA-specific ribonuclease activity,molecular_function,15,6011,0.6662831686666666,0.7244528781452337,-0.2608850344674227,33238.0,0.08052201681424158,low_c,0.2099865739939487,0.6778084720600933,1.094085355984986
GO:0051056,regulation of small GTPase mediated signal transduction,biological_process,31,6011,0.6665980848387095,0.7244528781452337,-0.18169166037328732,75849.0,0.08055936536864622,low_c,0.2099865739939487,0.6778084720600933,1.0938839637302653
GO:0031929,TOR signaling,biological_process,26,6011,0.6686634996153846,0.7244528781452337,-0.19800784011310324,62399.0,0.0810249137236694,low_c,0.2108834336196253,0.6759575358137196,1.0913814227376437
GO:0140029,exocytic process,biological_process,23,6011,0.6731587991304347,0.7244528781452337,-0.20989805698353226,54408.0,0.08185894638988996,low_c,0.2124172360730179,0.6728102464055608,1.0869338494782108
GO:0010008,endosome membrane,cellular_component,112,6011,0.7025341917857143,0.7244528781452337,-0.09584251568062385,298683.0,0.08182282774915199,low_c,0.2124172360730179,0.6728102464055608,1.0871255156145714
GO:0098869,cellular oxidant detoxification,biological_process,31,6011,0.7757424796774195,0.7244528781452337,0.18045096558420548,109416.0,0.08264931851217659,high_c,0.21414808498080384,0.6692858049283424,1.082760723067989
GO:0000026,"alpha-1,2-mannosyltransferase activity",molecular_function,15,6011,0.8029441586666667,0.7244528781452337,0.25855014454080494,56597.0,0.08326944146211052,high_c,0.2154333090584558,0.6666871477329913,1.0795143484044722
GO:0006275,regulation of DNA replication,biological_process,60,6011,0.6959863161666667,0.7244528781452337,-0.12968128605836549,155378.0,0.08345702275363649,low_c,0.21559730878022762,0.6663566645854447,1.0785371123720926
GO:0019829,ATPase-coupled monoatomic cation transmembrane transporter activity,molecular_function,32,6011,0.7729080359375,0.7244528781452337,0.1761477671851479,112515.0,0.08523371561748952,high_c,0.21953372449845965,0.6584987545173028,1.069388578822456
GO:0042180,ketone metabolic process,biological_process,33,6011,0.7772994445454545,0.7244528781452337,0.17347445684682228,115748.0,0.0852306605130552,high_c,0.21953372449845965,0.6584987545173028,1.0694041458872907
GO:1901505,carbohydrate derivative transmembrane transporter activity,molecular_function,29,6011,0.7908949455172413,0.7244528781452337,0.18468047821625788,102758.0,0.08575504533146613,high_c,0.22054927214137066,0.6564943711456416,1.0667403191550897
GO:1905369,endopeptidase complex,cellular_component,23,6011,0.7714023482608695,0.7244528781452337,0.20676134878452568,83100.0,0.08652927476111032,high_c,0.222211273646875,0.6532339113788238,1.062836936277661
GO:0003727,single-stranded RNA binding,molecular_function,26,6011,0.7824304726923077,0.7244528781452337,0.19411348885033086,92908.0,0.08718207564522895,high_c,0.22355699161021783,0.6506117432853,1.0595727954406289
GO:0004620,glycerophospholipase activity,molecular_function,18,6011,0.7984382211111112,0.7244528781452337,0.23293842816619392,66501.0,0.08745727149674005,high_c,0.22393189279991257,0.6498840489817806,1.0582040759551905
GO:0033044,regulation of chromosome organization,biological_process,81,6011,0.6972454658024692,0.7244528781452337,-0.11020340182791,213698.0,0.087987041414138,low_c,0.22430579209265084,0.6491595117875227,1.0555812853128137
GO:1901700,response to oxygen-containing compound,biological_process,65,6011,0.764047712,0.7244528781452337,0.1228130093922224,216978.0,0.08809845192031178,high_c,0.22430579209265084,0.6491595117875227,1.0550317230110302
GO:0031570,DNA integrity checkpoint signaling,biological_process,59,6011,0.6947498715254237,0.7244528781452337,-0.12883292327319118,152963.0,0.08812013260782711,low_c,0.22430579209265084,0.6491595117875227,1.054924857971517
GO:0016239,positive regulation of macroautophagy,biological_process,23,6011,0.6699790652173913,0.7244528781452337,-0.20580291016816243,54690.0,0.08799848601699586,low_c,0.22430579209265084,0.6491595117875227,1.0555247996693826
GO:0032231,regulation of actin filament bundle assembly,biological_process,15,6011,0.8059077413333333,0.7244528781452337,0.25443629086057373,56412.0,0.08829456253859248,high_c,0.2243156067265857,0.6491405093887441,1.0540660408414175
GO:0055082,intracellular chemical homeostasis,biological_process,202,6011,0.7448184754455447,0.7244528781452337,0.07041991856269458,628025.0,0.08838241647522156,high_c,0.2243156067265857,0.6491405093887441,1.0536341285091009
GO:0031982,vesicle,cellular_component,217,6011,0.7136468775115208,0.7244528781452337,-0.067686419607762,586098.0,0.09000362619953724,low_c,0.2277642785457677,0.642514387574463,1.0457399927081845
GO:1901988,negative regulation of cell cycle phase transition,biological_process,115,6011,0.7083033473043477,0.7244528781452337,-0.09219810040705567,307763.0,0.08990956470009721,low_c,0.2277642785457677,0.642514387574463,1.0461941049795977
GO:0007033,vacuole organization,biological_process,85,6011,0.6891432907058823,0.7244528781452337,-0.10676778304977075,224965.0,0.09051734831080434,low_c,0.22821286129331878,0.6416598838822072,1.0432681771085308
GO:1901987,regulation of cell cycle phase transition,biological_process,182,6011,0.7133538647802197,0.7244528781452337,-0.07352589081873695,491438.0,0.09070672482280527,low_c,0.22821286129331878,0.6416598838822072,1.042360513985425
GO:0104004,cellular response to environmental stimulus,biological_process,71,6011,0.6994704870422535,0.7244528781452337,-0.11661687295490109,186279.0,0.09070114477935594,low_c,0.22821286129331878,0.6416598838822072,1.0423872314821345
GO:0071214,cellular response to abiotic stimulus,biological_process,71,6011,0.6994704870422535,0.7244528781452337,-0.11661687295490109,186279.0,0.09070114477935594,low_c,0.22821286129331878,0.6416598838822072,1.0423872314821345
GO:1905818,regulation of chromosome separation,biological_process,34,6011,0.6856746676470588,0.7244528781452337,-0.16757373854678226,84582.0,0.09152094763237148,low_c,0.22992816944977842,0.6384078182602665,1.0384794917265412
GO:0106310,protein serine kinase activity,molecular_function,120,6011,0.7055580363333334,0.7244528781452337,-0.08978102189781023,321726.0,0.09175362655372017,low_c,0.2301796180596217,0.6379331349031346,1.0373767612868499
GO:0042325,regulation of phosphorylation,biological_process,24,6011,0.7804978233333334,0.7244528781452337,0.19898669339123654,86140.0,0.09201078128728127,high_c,0.2304916541337955,0.6373447953470419,1.0361612815757082
GO:0034599,cellular response to oxidative stress,biological_process,101,6011,0.760118030792079,0.7244528781452337,0.09747533128947405,327547.0,0.09251865481585361,high_c,0.23142994922236582,0.6355804399375354,1.0337706903231536
GO:0031902,late endosome membrane,cellular_component,22,6011,0.6766515704545454,0.7244528781452337,-0.20730430030814073,52222.0,0.09278972989994816,low_c,0.23155335017420112,0.6353489311389131,1.032500089455764
GO:0006825,copper ion transport,biological_process,19,6011,0.7914115115789473,0.7244528781452337,0.22296395193591456,69616.0,0.09286543665677682,high_c,0.23155335017420112,0.6353489311389131,1.0321458948576205
GO:0071826,protein-RNA complex organization,biological_process,193,6011,0.7507869352331606,0.7244528781452337,0.07097145360922053,601283.0,0.09296813656187683,high_c,0.23155335017420112,0.6353489311389131,1.0316658738813766
GO:1902850,microtubule cytoskeleton organization involved in mitosis,biological_process,42,6011,0.6922004166666665,0.7244528781452337,-0.1499094528077607,106558.0,0.09360971533626347,low_c,0.23215209403393341,0.634227394602672,1.0286790754288881
GO:0008237,metallopeptidase activity,molecular_function,40,6011,0.773108046,0.7244528781452337,0.15364260592865508,137768.0,0.09348854650194745,high_c,0.23215209403393341,0.634227394602672,1.0292415922899432
GO:0043632,modification-dependent macromolecule catabolic process,biological_process,199,6011,0.7510453809547738,0.7244528781452337,0.06982434540216564,618673.0,0.0934602598187437,high_c,0.23215209403393341,0.634227394602672,1.0293730159749857
GO:0016049,cell growth,biological_process,54,6011,0.7653616707407408,0.7244528781452337,0.1320326537717842,182075.0,0.09437507306556525,high_c,0.23339196439880874,0.6319141006356873,1.0251426991300716
GO:0019216,regulation of lipid metabolic process,biological_process,53,6011,0.7039291054716984,0.7244528781452337,-0.13325986306662363,136847.0,0.09437854781564732,low_c,0.23339196439880874,0.6319141006356873,1.0251267093463552
GO:0019236,response to pheromone,biological_process,42,6011,0.6863648826190476,0.7244528781452337,-0.14949461104595974,106610.0,0.0945210938243742,low_c,0.23341197564596528,0.6318768654134629,1.024471261234112
GO:0000328,fungal-type vacuole lumen,cellular_component,16,6011,0.797460565,0.7244528781452337,0.24155546288573815,59545.0,0.094700858434424,high_c,0.233523707730341,0.6316690225333847,1.0236460842317456
GO:0042149,cellular response to glucose starvation,biological_process,33,6011,0.7756760651515152,0.7244528781452337,0.1683039832922737,115238.0,0.09495671531577836,high_c,0.2338224933165833,0.6311137127918447,1.0224743166409191
GO:0099116,tRNA 5'-end processing,biological_process,16,6011,0.672129129375,0.7244528781452337,-0.2412218515429525,36391.0,0.09515754694676987,low_c,0.23398512960282222,0.6308117423191292,1.0215567621077986
GO:0030435,sporulation resulting in formation of a cellular spore,biological_process,69,6011,0.7495622465217392,0.7244528781452337,0.11662495914614213,228907.0,0.09529408564342812,high_c,0.23398943801554628,0.6308037456457998,1.0209340526893735
GO:0031333,negative regulation of protein-containing complex assembly,biological_process,25,6011,0.6845691539999998,0.7244528781452337,-0.19282325425993985,60397.0,0.09566844555863178,low_c,0.23440038279122483,0.6300416834219464,1.0192312824896945
GO:0030261,chromosome condensation,biological_process,24,6011,0.6593680041666666,0.7244528781452337,-0.19674572685262515,57709.0,0.095731492741347,low_c,0.23440038279122483,0.6300416834219464,1.018945169079353
GO:0000747,conjugation with cellular fusion,biological_process,26,6011,0.7766004069230769,0.7244528781452337,0.18858685174474643,92478.0,0.0965622846465076,high_c,0.23610158612160168,0.6269010953374297,1.0151924674588275
GO:0035966,response to topologically incorrect protein,biological_process,21,6011,0.7922128876190475,0.7244528781452337,0.20960330709913344,76078.0,0.0968008597352772,high_c,0.23635202883325065,0.6264406653843221,1.0141207854950287
GO:0033045,regulation of sister chromatid segregation,biological_process,43,6011,0.6928756295348837,0.7244528781452337,-0.14654124321965212,109509.0,0.0972684852569782,low_c,0.23716023933443,0.6249581200509319,1.0120278472545485
GO:0005788,endoplasmic reticulum lumen,cellular_component,17,6011,0.7967709029411765,0.7244528781452337,0.23199670258493788,62769.0,0.09807961408735669,high_c,0.23880253864747716,0.6219610606468121,1.0084212516354196
GO:0000920,septum digestion after cytokinesis,biological_process,27,6011,0.7810662237037038,0.7244528781452337,0.18389780154486046,95640.0,0.09870468436930616,high_c,0.23998786003517575,0.6198107268429087,1.0056622359072074
GO:0007088,regulation of mitotic nuclear division,biological_process,39,6011,0.6879638579487178,0.7244528781452337,-0.15309049066584235,98626.0,0.0988687911316979,low_c,0.2400506593071714,0.619697096888845,1.0049407759282374
GO:0160215,deacylase activity,molecular_function,35,6011,0.7665653700000001,0.7244528781452337,0.16141709695926565,121461.0,0.09914260106266438,high_c,0.24037926738098517,0.6191029927854412,1.0037396913180587
GO:0045047,protein targeting to ER,biological_process,24,6011,0.7774520945833334,0.7244528781452337,0.19421246033071649,85797.0,0.10008152956375868,high_c,0.24231734354628323,0.6156155006916845,0.9996460658643574
GO:0007130,synaptonemal complex assembly,biological_process,17,6011,0.6487491823529412,0.7244528781452337,-0.23015172034779874,39223.0,0.10078086831364033,low_c,0.24337825587786707,0.6137182255064957,0.9966219041445881
GO:0072525,pyridine-containing compound biosynthetic process,biological_process,31,6011,0.7826241241935485,0.7244528781452337,0.17062250512460886,108505.0,0.10080009560840232,high_c,0.24337825587786707,0.6137182255064957,0.9965390559640862
GO:0031201,SNARE complex,cellular_component,26,6011,0.7842974057692308,0.7244528781452337,0.18595205963627026,92273.0,0.10131001784035994,high_c,0.24426970968175674,0.6121303837578891,0.9943476081670937
GO:0005667,transcription regulator complex,cellular_component,103,6011,0.7165215514563108,0.7244528781452337,-0.09393220316700734,275682.0,0.10167124834764951,low_c,0.2448006756331755,0.6111873879016603,0.9928018440227043
GO:0034502,protein localization to chromosome,biological_process,32,6011,0.6902487962499999,0.7244528781452337,-0.16740884763338348,79649.0,0.10190112664049743,low_c,0.2450143432796448,0.61080849104417,0.991821014315004
GO:0009268,response to pH,biological_process,22,6011,0.6780568304545455,0.7244528781452337,-0.20133881813628018,52615.0,0.10257610383841598,low_c,0.24629614974203337,0.6085423772752239,0.9889538008211661
GO:0046474,glycerophospholipid biosynthetic process,biological_process,82,6011,0.765637202195122,0.7244528781452337,0.1046941655113971,268539.0,0.1029626187776399,high_c,0.24654221544549362,0.6081087057365333,0.9873204200060127
GO:0042147,"retrograde transport, endosome to Golgi",biological_process,54,6011,0.6981543868518517,0.7244528781452337,-0.1287374330852592,140133.0,0.10288856154350118,low_c,0.24654221544549362,0.6081087057365333,0.9876329044860033
GO:0004540,RNA nuclease activity,molecular_function,56,6011,0.7015944666071429,0.7244528781452337,-0.1261904761904762,145699.0,0.10356630475184599,low_c,0.24764615020551603,0.6061684189736569,0.9847815191140362
GO:0007034,vacuolar transport,biological_process,170,6011,0.7040670025294118,0.7244528781452337,-0.07300321258446885,460240.0,0.10416110709346355,low_c,0.24872583482015503,0.6042791027995651,0.9822944127810004
GO:0009156,ribonucleoside monophosphate biosynthetic process,biological_process,38,6011,0.7624331397368421,0.7244528781452337,0.15258135293029151,130803.0,0.10442202749365435,high_c,0.24900637325409883,0.6037895371064117,0.9812078786338476
GO:0016482,cytosolic transport,biological_process,78,6011,0.7037929258974358,0.7244528781452337,-0.10678214419997667,206679.0,0.1046637568571317,low_c,0.2492404415692464,0.6033814879945621,0.9802036805170606
GO:0046390,ribose phosphate biosynthetic process,biological_process,58,6011,0.7566096636206897,0.7244528781452337,0.1234961219205617,193957.0,0.10502308267049526,high_c,0.24975352262462983,0.6024883775938734,0.9787152383138906
GO:0045912,negative regulation of carbohydrate metabolic process,biological_process,18,6011,0.6842766672222222,0.7244528781452337,-0.22033112705563895,42053.0,0.10599316295570965,low_c,0.2517156373339425,0.5990898039316,0.9747221478142126
GO:0006878,intracellular copper ion homeostasis,biological_process,18,6011,0.7835268427777778,0.7244528781452337,0.2199603240817991,65801.0,0.10658220809396103,high_c,0.2527687339496125,0.5972766468173495,0.9723152865994308
GO:0000075,cell cycle checkpoint signaling,biological_process,107,6011,0.7073594173831773,0.7244528781452337,-0.09076374642251095,287195.0,0.10707827506940916,low_c,0.25359875241540836,0.5958528873062221,0.9702986335055673
GO:0030437,ascospore formation,biological_process,52,6011,0.7523912728846155,0.7244528781452337,0.12940994229801084,174984.0,0.10758371691359461,high_c,0.25375724532880467,0.5955815488367692,0.9682534553397434
GO:0048468,cell development,biological_process,52,6011,0.7523912728846155,0.7244528781452337,0.12940994229801084,174984.0,0.10758371691359461,high_c,0.25375724532880467,0.5955815488367692,0.9682534553397434
GO:0048856,anatomical structure development,biological_process,52,6011,0.7523912728846155,0.7244528781452337,0.12940994229801084,174984.0,0.10758371691359461,high_c,0.25375724532880467,0.5955815488367692,0.9682534553397434
GO:0035825,homologous recombination,biological_process,62,6011,0.6936523506451614,0.7244528781452337,-0.1184585102402681,162573.0,0.10804672163348733,low_c,0.2539358217322396,0.5952760305823747,0.9663884059957892
GO:0000165,MAPK cascade,biological_process,30,6011,0.6873787993333332,0.7244528781452337,-0.16981552694644153,74480.0,0.10809825591021029,low_c,0.2539358217322396,0.5952760305823747,0.9661813130280221
GO:0030447,filamentous growth,biological_process,82,6011,0.7604073002439025,0.7244528781452337,0.1032091127118051,268178.0,0.10793888769350089,high_c,0.2539358217322396,0.5952760305823747,0.9668220616373395
GO:0005680,anaphase-promoting complex,cellular_component,16,6011,0.67956132125,0.7244528781452337,-0.2317973311092577,36843.0,0.10880340987133212,low_c,0.2552469182927467,0.5930394926358975,0.9633574937453944
GO:0033157,regulation of intracellular protein transport,biological_process,17,6011,0.78315684,0.7244528781452337,0.22461677363638155,62393.0,0.10924154413232683,high_c,0.2559289077108224,0.5918806568629452,0.9616121697240901
GO:0009260,ribonucleotide biosynthetic process,biological_process,52,6011,0.7565652851923077,0.7244528781452337,0.1286483276750101,174866.0,0.10966988406288444,high_c,0.25610860411164665,0.591575830920713,0.9599126156426947
GO:0016579,protein deubiquitination,biological_process,23,6011,0.6793257456521739,0.7244528781452337,-0.1929220760361302,55577.0,0.10976083033356285,low_c,0.25610860411164665,0.591575830920713,0.9595526162153074
GO:0032272,negative regulation of protein polymerization,biological_process,15,6011,0.674896192,0.7244528781452337,-0.23884812096953523,34229.0,0.10959105440785503,low_c,0.25610860411164665,0.591575830920713,0.9602248945730272
GO:0070193,synaptonemal complex organization,biological_process,19,6011,0.6584913394736841,0.7244528781452337,-0.21198440025296883,44857.0,0.11010605939794443,low_c,0.25656928740245843,0.5907953320216356,0.9581887801138158
GO:0140597,protein carrier activity,molecular_function,37,6011,0.699423401081081,0.7244528781452337,-0.15200101340041083,93720.0,0.11041883136121382,low_c,0.25686249724637744,0.5902992995012339,0.9569568536101348
GO:0006650,glycerophospholipid metabolic process,biological_process,109,6011,0.7602912088073395,0.7244528781452337,0.08906948041248652,350309.0,0.11052781419530183,high_c,0.25686249724637744,0.5902992995012339,0.9565284185263081
GO:0015711,organic anion transport,biological_process,125,6011,0.75519108464,0.7244528781452337,0.08288141352361533,398365.0,0.11227327061868782,high_c,0.26057005052679416,0.5840755028153581,0.9497236257913698
GO:0060258,negative regulation of filamentous growth,biological_process,17,6011,0.764866418235294,0.7244528781452337,0.22249700681073237,62285.0,0.11262683310233583,high_c,0.26069357635420665,0.5838696699758678,0.9483581274246408
GO:0045926,negative regulation of growth,biological_process,17,6011,0.764866418235294,0.7244528781452337,0.22249700681073237,62285.0,0.11262683310233583,high_c,0.26069357635420665,0.5838696699758678,0.9483581274246408
GO:0006521,regulation of amino acid metabolic process,biological_process,18,6011,0.660359765,0.7244528781452337,-0.21601127241040474,42286.0,0.11301771464066228,low_c,0.26125000348360816,0.5829436950898397,0.9468534789261444
GO:0000460,maturation of 5.8S rRNA,biological_process,32,6011,0.69258307875,0.7244528781452337,-0.162046328817528,80162.0,0.1133511228564245,low_c,0.2616722729770651,0.5822422931454146,0.9455741733942455
GO:0000966,RNA 5'-end processing,biological_process,69,6011,0.7106465115942029,0.7244528781452337,-0.11063956409543463,182318.0,0.11353615905413822,low_c,0.261751357394401,0.5821110574719679,0.9448658021117404
GO:0000932,P-body,cellular_component,57,6011,0.7690217945614036,0.7244528781452337,0.1213337340664391,190278.0,0.11435117628928529,high_c,0.26328069235835444,0.5795809886329419,0.941759363603641
GO:0022603,regulation of anatomical structure morphogenesis,biological_process,20,6011,0.790694388,0.7244528781452337,0.20397262560507423,72130.0,0.11476359200263098,high_c,0.26363342996660777,0.578999519990452,0.9401958671661209
GO:0051168,nuclear export,biological_process,128,6011,0.7474646955468749,0.7244528781452337,0.08135198878123417,407142.0,0.11480810659836145,high_c,0.26363342996660777,0.578999519990452,0.9400274453297186
GO:0000480,"endonucleolytic cleavage in 5'-ETS of tricistronic rRNA transcript (SSU-rRNA, 5.8S rRNA, LSU-rRNA)",biological_process,33,6011,0.699001853030303,0.7244528781452337,-0.15851049808895246,83002.0,0.115801452717245,low_c,0.2655631729420572,0.5758321510546597,0.9362859923950599
GO:0000466,"maturation of 5.8S rRNA from tricistronic rRNA transcript (SSU-rRNA, 5.8S rRNA, LSU-rRNA)",biological_process,19,6011,0.6760370152631578,0.7244528781452337,-0.2074169067528635,45117.0,0.11798435204173062,low_c,0.2695010988742689,0.5694394596644101,0.9281755882240919
GO:0032986,protein-DNA complex disassembly,biological_process,24,6011,0.787117505,0.7244528781452337,0.1846639942096766,85111.0,0.11791019244985351,high_c,0.2695010988742689,0.5694394596644101,0.9284486517886849
GO:0042803,protein homodimerization activity,molecular_function,18,6011,0.7885693605555555,0.7244528781452337,0.2132302501066059,65438.0,0.11773071096995297,high_c,0.2695010988742689,0.5694394596644101,0.9291102332905984
GO:0003688,DNA replication origin binding,molecular_function,39,6011,0.6825755276923078,0.7244528781452337,-0.14458069280574304,99617.0,0.1190859181756154,low_c,0.2713033516441841,0.5665448409911378,0.9241395904920103
GO:0030687,"preribosome, large subunit precursor",cellular_component,58,6011,0.7621319401724138,0.7244528781452337,0.11878681858466034,193144.0,0.11895846722766017,high_c,0.2713033516441841,0.5665448409911378,0.9246046403070317
GO:0065004,protein-DNA complex assembly,biological_process,120,6011,0.7146806006666667,0.7244528781452337,-0.08292593221298028,324149.0,0.11935932953081393,low_c,0.27156985067561334,0.5661184465123353,0.9231436293979279
GO:0043161,proteasome-mediated ubiquitin-dependent protein catabolic process,biological_process,137,6011,0.7540172308759124,0.7244528781452337,0.07753579425850399,433567.0,0.1202504351657097,high_c,0.27323920870114143,0.563456981049227,0.9199133433140103
GO:0032258,cytoplasm to vacuole targeting by the Cvt pathway,biological_process,49,6011,0.6835831897959183,0.7244528781452337,-0.1282476090067023,127336.0,0.12152628731859769,low_c,0.275417277787318,0.5600088185732014,0.9153297697810705
GO:0044396,actin cortical patch organization,biological_process,23,6011,0.7857182769565219,0.7244528781452337,0.18682292120472832,81727.0,0.12145219337082178,high_c,0.275417277787318,0.5600088185732014,0.915594637629183
GO:0090575,RNA polymerase II transcription regulator complex,cellular_component,74,6011,0.7151049005405404,0.7244528781452337,-0.10438887599069513,196738.0,0.12220277654074574,low_c,0.2765893351691455,0.5581645695863767,0.9129189264778689
GO:1901990,regulation of mitotic cell cycle phase transition,biological_process,124,6011,0.7143888175806451,0.7244528781452337,-0.08090543954147189,335464.0,0.12256070971610582,low_c,0.27667801309123496,0.5580253517826116,0.9116487328216537
GO:0010508,positive regulation of autophagy,biological_process,36,6011,0.6870989875,0.7244528781452337,-0.1490562529056253,91519.0,0.12253605503798679,low_c,0.27667801309123496,0.5580253517826116,0.9117361055840567
GO:0007051,spindle organization,biological_process,37,6011,0.688197926756757,0.7244528781452337,-0.14661732371809377,94315.0,0.1236158689400872,low_c,0.27869759542856026,0.5548667783143694,0.9079257739823606
GO:0005732,sno(s)RNA-containing ribonucleoprotein complex,cellular_component,31,6011,0.7782116806451612,0.7244528781452337,0.15985543208544617,107507.0,0.12418806861440577,high_c,0.2796244969061069,0.5534247842671447,0.9059201270566609
GO:0009112,nucleobase metabolic process,biological_process,30,6011,0.7653472693333334,0.7244528781452337,0.16239201917182178,104284.0,0.12440202759239365,high_c,0.27974341956009763,0.5532401206435823,0.9051725411483192
GO:0099513,polymeric cytoskeletal fiber,cellular_component,54,6011,0.701868090185185,0.7244528781452337,-0.12109003413351238,141363.0,0.125000358425483,low_c,0.279940816456522,0.5529337750976483,0.9030887416960535
GO:0022618,protein-RNA complex assembly,biological_process,184,6011,0.749585060597826,0.7244528781452337,0.06634594578461583,571651.0,0.12488588873246867,high_c,0.279940816456522,0.5529337750976483,0.9034866312162976
GO:0016811,"hydrolase activity, acting on carbon-nitrogen (but not peptide) bonds, in linear amides",molecular_function,33,6011,0.7758480657575758,0.7244528781452337,0.1547492320326045,113901.0,0.12470399786666117,high_c,0.279940816456522,0.5529337750976483,0.9041196233169753
GO:0045934,negative regulation of nucleobase-containing compound metabolic process,biological_process,225,6011,0.7501361814666666,0.7244528781452337,0.06016975842070904,690091.0,0.12513483500591077,high_c,0.279940816456522,0.5529337750976483,0.9026217746799329
GO:0005507,copper ion binding,molecular_function,20,6011,0.7971160215,0.7244528781452337,0.19824737105658485,71787.0,0.12530821262475964,high_c,0.2799678984769404,0.5528917626348235,0.9020204646743823
GO:0140186,protein N-acyltransferase activity,molecular_function,31,6011,0.6920263499999999,0.7244528781452337,-0.15887366490452048,77964.0,0.1265156880213555,low_c,0.2812660038017782,0.5508827571825792,0.8978556183722151
GO:0071229,cellular response to acid chemical,biological_process,27,6011,0.6816382322222222,0.7244528781452337,-0.17030600118835415,67026.0,0.1262334629250602,low_c,0.2812660038017782,0.5508827571825792,0.8988255037503308
GO:0034212,protein N-acetyltransferase activity,molecular_function,31,6011,0.6920263499999999,0.7244528781452337,-0.15887366490452048,77964.0,0.1265156880213555,low_c,0.2812660038017782,0.5508827571825792,0.8978556183722151
GO:0032006,regulation of TOR signaling,biological_process,40,6011,0.696802818,0.7244528781452337,-0.13995980572768385,102706.0,0.1265372977933115,low_c,0.2812660038017782,0.5508827571825792,0.8977814441457519
GO:0050821,protein stabilization,biological_process,32,6011,0.7740890621875001,0.7244528781452337,0.15614024084295042,110601.0,0.12710948205027234,high_c,0.28181616965424366,0.5500340921700692,0.8958220509525989
GO:0045017,glycerolipid biosynthetic process,biological_process,85,6011,0.7641508591764705,0.7244528781452337,0.09623394413452191,276092.0,0.1270919403004777,high_c,0.28181616965424366,0.5500340921700692,0.895881989918167
GO:1990928,response to amino acid starvation,biological_process,22,6011,0.78877316,0.7244528781452337,0.18703987613655348,78201.0,0.12938078900510536,high_c,0.28612108243676804,0.5434501406266771,0.8881302047218976
GO:0034198,cellular response to amino acid starvation,biological_process,22,6011,0.78877316,0.7244528781452337,0.18703987613655348,78201.0,0.12938078900510536,high_c,0.28612108243676804,0.5434501406266771,0.8881302047218976
GO:0000070,mitotic sister chromatid segregation,biological_process,24,6011,0.6754217383333333,0.7244528781452337,-0.17895718501197033,58987.0,0.129700848373113,low_c,0.2864639602744582,0.5429300083858141,0.8870571831868793
GO:0032200,telomere organization,biological_process,82,6011,0.6997288931707318,0.7244528781452337,-0.09717017224144242,219468.0,0.13016141680321217,low_c,0.28711590796744135,0.5419427442813367,0.8855177327627453
GO:0016236,macroautophagy,biological_process,152,6011,0.7010640446052632,0.7244528781452337,-0.07174073175770967,413339.0,0.1304524814120702,low_c,0.2873927763088247,0.5415241521678452,0.884547655518763
GO:0051015,actin filament binding,molecular_function,36,6011,0.772810496388889,0.7244528781452337,0.1458484425848443,123236.0,0.13079302969039874,high_c,0.28771736133578435,0.5410339312802018,0.8834154001069997
GO:0008080,N-acetyltransferase activity,molecular_function,40,6011,0.69420267125,0.7244528781452337,-0.13836040864176857,102897.0,0.1309312877046484,low_c,0.28771736133578435,0.5410339312802018,0.8829565608302335
GO:0006892,post-Golgi vesicle-mediated transport,biological_process,87,6011,0.6995478122988505,0.7244528781452337,-0.09409997904491374,233445.0,0.1312902368574194,low_c,0.28814140478442485,0.5403943308297005,0.881767568172497
GO:0006289,nucleotide-excision repair,biological_process,60,6011,0.7028737110000001,0.7244528781452337,-0.11233406150226855,158475.0,0.13376553543337888,low_c,0.2932032443337699,0.5328312284768226,0.8736557677278023
GO:0031113,regulation of microtubule polymerization,biological_process,19,6011,0.6793750578947368,0.7244528781452337,-0.1988265055161268,45606.0,0.13399247298113057,low_c,0.2933303065513779,0.532643063892732,0.8729195974156012
GO:0071035,nuclear polyadenylation-dependent rRNA catabolic process,biological_process,19,6011,0.6811563757894736,0.7244528781452337,-0.19856299627573604,45621.0,0.1345088464683541,low_c,0.2937748643319818,0.531985365621698,0.8712491517504428
GO:0031369,translation initiation factor binding,molecular_function,23,6011,0.778206619130435,0.7244528781452337,0.18052046121227971,81293.0,0.13453399605064834,high_c,0.2937748643319818,0.531985365621698,0.8711679578057008
GO:0071444,cellular response to pheromone,biological_process,41,6011,0.6906091992682927,0.7244528781452337,-0.13500837520938025,105862.0,0.13569105739203668,low_c,0.2959292407444418,0.528812120116356,0.8674487732191601
GO:0000076,DNA replication checkpoint signaling,biological_process,19,6011,0.6804374847368422,0.7244528781452337,-0.19771976670648583,45669.0,0.13617158361960366,low_c,0.2966046037184843,0.5278221123972613,0.865913511841622
GO:0046943,carboxylic acid transmembrane transporter activity,molecular_function,66,6011,0.7640762307575758,0.7244528781452337,0.10610902974233505,217002.0,0.13762128036731777,high_c,0.29938664500960355,0.5237675764979625,0.8613144059877061
GO:0071025,RNA surveillance,biological_process,36,6011,0.6956613877777778,0.7244528781452337,-0.14317991631799165,92151.0,0.13798533244707992,low_c,0.29980292506649653,0.5231641342160865,0.8601670757425682
GO:0042592,homeostatic process,biological_process,266,6011,0.7408614431203008,0.7244528781452337,0.05363801147778058,805069.0,0.13856178750130518,high_c,0.30067907887783224,0.5218967888732199,0.8583565227217494
GO:0000470,maturation of LSU-rRNA,biological_process,58,6011,0.7593648651724139,0.7244528781452337,0.11267572999994213,192089.0,0.13915476647622546,high_c,0.30158885718193185,0.5205847084050388,0.8565019131612742
GO:0000154,rRNA modification,biological_process,28,6011,0.7746157275,0.7244528781452337,0.16158878727824066,97297.0,0.1395805293020071,high_c,0.30213441255397044,0.5197998065666704,0.8551751591229799
GO:0008276,protein methyltransferase activity,molecular_function,41,6011,0.6976773746341463,0.7244528781452337,-0.1333333333333333,106067.0,0.1406112136136455,low_c,0.3039863845993631,0.5171458677918574,0.8519800433536495
GO:0007346,regulation of mitotic cell cycle,biological_process,176,6011,0.718462926590909,0.7244528781452337,-0.06501908545610346,480094.0,0.14106257297133462,low_c,0.3042013785006567,0.5168388222558276,0.8505881989185986
GO:0003779,actin binding,molecular_function,51,6011,0.7667574064705882,0.7244528781452337,0.11948940650085538,170140.0,0.14114080383335173,high_c,0.3042013785006567,0.5168388222558276,0.8503474134755358
GO:0044380,protein localization to cytoskeleton,biological_process,24,6011,0.6919335495833333,0.7244528781452337,-0.1737514614999165,59361.0,0.14123635430387632,low_c,0.3042013785006567,0.5168388222558276,0.85005350129121
GO:0030135,coated vesicle,cellular_component,45,6011,0.6981148080000001,0.7244528781452337,-0.12699370506946772,117188.0,0.14160654472307715,low_c,0.30462077030887474,0.5162404879894722,0.8489166741078749
GO:0042558,pteridine-containing compound metabolic process,biological_process,18,6011,0.7917596055555557,0.7244528781452337,0.20012236498136704,64731.0,0.142050067879675,high_c,0.3051966804939552,0.5154201943442802,0.8475585544101671
GO:0005686,U2 snRNP,cellular_component,17,6011,0.6812914670588235,0.7244528781452337,-0.2050481854403423,40502.0,0.14372115263193114,low_c,0.3084053411236495,0.5108781092188698,0.8424793084470705
GO:0010965,regulation of mitotic sister chromatid separation,biological_process,33,6011,0.6928107560606059,0.7244528781452337,-0.14720642355302782,84117.0,0.1441561141157891,low_c,0.30895680753704924,0.5101022311236085,0.8411669330854319
GO:0032886,regulation of microtubule-based process,biological_process,33,6011,0.6925383024242423,0.7244528781452337,-0.14710504171862482,84127.0,0.14443256944378566,low_c,0.3091676209055634,0.5098059959903761,0.8403348626196931
GO:0097035,regulation of membrane lipid distribution,biological_process,24,6011,0.6775176829166667,0.7244528781452337,-0.17217860920884143,59474.0,0.1448724617897176,low_c,0.3097273321021549,0.5090204683358734,0.8390141599351713
GO:0000226,microtubule cytoskeleton organization,biological_process,69,6011,0.7055925230434781,0.7244528781452337,-0.1018687896038517,184116.0,0.14510415047653616,low_c,0.30976831614518313,0.508963004998368,0.8383201650724128
GO:0006511,ubiquitin-dependent protein catabolic process,biological_process,188,6011,0.7494014764361702,0.7244528781452337,0.062318904125606034,581473.0,0.145248507685587,high_c,0.30976831614518313,0.508963004998368,0.8378883209496399
GO:1900429,negative regulation of filamentous growth of a population of unicellular organisms,biological_process,15,6011,0.7581253273333333,0.7244528781452337,0.2170558149877697,54731.0,0.1459348386178699,high_c,0.3108501593136468,0.5074489057157386,0.8358410178162351
GO:0010498,proteasomal protein catabolic process,biological_process,185,6011,0.7507682309189191,0.7244528781452337,0.06250081183139877,572587.0,0.14721361325935453,high_c,0.3131897458556856,0.5041924656153542,0.8320520277019661
GO:0098771,inorganic ion homeostasis,biological_process,121,6011,0.7435508002479339,0.7244528781452337,0.07677952545987732,383705.0,0.1476446534474829,high_c,0.3137222991246393,0.5034546109082645,0.8307822752163221
GO:0006888,endoplasmic reticulum to Golgi vesicle-mediated transport,biological_process,94,6011,0.7077391219148936,0.7244528781452337,-0.08659865731268357,254016.0,0.1491125236974922,low_c,0.3164539622724284,0.4996894622195547,0.8264858793887048
GO:0090329,regulation of DNA-templated DNA replication,biological_process,47,6011,0.6980117659574469,0.7244528781452337,-0.12186594745779644,123074.0,0.14951479552236951,low_c,0.316920250338014,0.49905000969239305,0.8253158287724477
GO:0007186,G protein-coupled receptor signaling pathway,biological_process,19,6011,0.7743418910526315,0.7244528781452337,0.1909036610217132,67791.0,0.15019997668628876,high_c,0.31798434088706984,0.4975942662853266,0.8233301347420829
GO:0110053,regulation of actin filament organization,biological_process,43,6011,0.7697961744186047,0.7244528781452337,0.12701851736392533,144610.0,0.15062706688806346,high_c,0.31850010732969325,0.4968904169779693,0.8220969806990016
GO:0006639,acylglycerol metabolic process,biological_process,16,6011,0.67032648,0.7244528781452337,-0.20685988323603,38039.0,0.15241087574561274,low_c,0.32187990303453007,0.4923061381751278,0.8169840414755505
GO:0044085,cellular component biogenesis,biological_process,168,6011,0.7500983404166667,0.7244528781452337,0.06459499767731836,522516.0,0.15283069885575368,high_c,0.3223743538439713,0.4916395153380044,0.8157894009662077
GO:0015918,sterol transport,biological_process,28,6011,0.7688290507142856,0.7244528781452337,0.15615672978200146,96842.0,0.1533812528633205,high_c,0.3231430278770927,0.4906052099630973,0.8142277191064546
GO:0071474,cellular hyperosmotic response,biological_process,23,6011,0.6894149726086957,0.7244528781452337,-0.17140077255961195,57059.0,0.15535837291224544,low_c,0.3257272166372682,0.4871459517773215,0.8086653358329144
GO:0018205,peptidyl-lysine modification,biological_process,32,6011,0.69624279625,0.7244528781452337,-0.1454779227295534,81747.0,0.15519519645443525,low_c,0.3257272166372682,0.4871459517773215,0.8091217249954653
GO:0120114,Sm-like protein family complex,cellular_component,58,6011,0.7082735393103449,0.7244528781452337,-0.10838927923909702,153925.0,0.15482839307634025,low_c,0.3257272166372682,0.4871459517773215,0.8101493936165719
GO:0006760,folic acid-containing compound metabolic process,biological_process,17,6011,0.7907751235294117,0.7244528781452337,0.19929733655223858,61103.0,0.1552977334701327,high_c,0.3257272166372682,0.4871459517773215,0.8088348826397448
GO:0006913,nucleocytoplasmic transport,biological_process,173,6011,0.7418700295953757,0.7244528781452337,0.06312043676371859,536862.0,0.15648333684937168,high_c,0.32729526839820394,0.4850602731014185,0.8055319015658178
GO:0051169,nuclear transport,biological_process,173,6011,0.7418700295953757,0.7244528781452337,0.06312043676371859,536862.0,0.15648333684937168,high_c,0.32729526839820394,0.4850602731014185,0.8055319015658178
GO:0006887,exocytosis,biological_process,34,6011,0.6924814905882353,0.7244528781452337,-0.1404599986221693,87337.0,0.15724695119910648,low_c,0.32845261282128424,0.4835272789953322,0.8034177661703908
GO:0016925,protein sumoylation,biological_process,15,6011,0.6726866573333333,0.7244528781452337,-0.21105181231932402,35479.0,0.1574150771125049,low_c,0.32845261282128424,0.4835272789953322,0.8029536735450813
GO:1990351,transporter complex,cellular_component,60,6011,0.7620779253333334,0.7244528781452337,0.105550887805971,197374.0,0.15887247275764793,high_c,0.3302540256290428,0.4811518798517427,0.7989513448636638
GO:0006303,double-strand break repair via nonhomologous end joining,biological_process,34,6011,0.696865625,0.7244528781452337,-0.1397612416222972,87408.0,0.15932212250155686,low_c,0.3302540256290428,0.4811518798517427,0.7977239165197152
GO:1900101,regulation of endoplasmic reticulum unfolded protein response,biological_process,17,6011,0.6828359305882352,0.7244528781452337,-0.19768788396239378,40877.0,0.15866111320997667,low_c,0.3302540256290428,0.4811518798517427,0.799529502909705
GO:1905039,carboxylic acid transmembrane transport,biological_process,53,6011,0.7677817347169812,0.7244528781452337,0.11214349503125653,175593.0,0.15922852737440663,high_c,0.3302540256290428,0.4811518798517427,0.7979791214514264
GO:0060090,molecular adaptor activity,molecular_function,260,6011,0.7190669019999999,0.7244528781452337,-0.051510774045985364,709119.0,0.15941985799374303,low_c,0.3302540256290428,0.4811518798517427,0.7974575820619393
GO:0006312,mitotic recombination,biological_process,56,6011,0.6973521069642857,0.7244528781452337,-0.10914597577066087,148541.0,0.15915105878827873,low_c,0.3302540256290428,0.4811518798517427,0.7981904677914706
GO:0005261,monoatomic cation channel activity,molecular_function,21,6011,0.7822280800000001,0.7244528781452337,0.17670721043008197,74009.0,0.1615317598537468,high_c,0.33412271511187386,0.47609399813498854,0.7917420753566609
GO:0010608,post-transcriptional regulation of gene expression,biological_process,183,6011,0.745240055136612,0.7244528781452337,0.06066436385866614,565612.0,0.16167228150574542,high_c,0.33412271511187386,0.47609399813498854,0.7913644329135799
GO:1903241,U2-type prespliceosome assembly,biological_process,22,6011,0.6858712831818182,0.7244528781452337,-0.1723766298820565,54523.0,0.16221773856718047,low_c,0.33485136046685526,0.47514793223012275,0.7899016572726837
GO:0005819,spindle,cellular_component,40,6011,0.69061701025,0.7244528781452337,-0.12776754312510463,104162.0,0.16307708336745796,low_c,0.3362254355414573,0.47336943516349395,0.7876070645043176
GO:0046890,regulation of lipid biosynthetic process,biological_process,38,6011,0.7062393489473683,0.7244528781452337,-0.13097535400530458,98623.0,0.16336471900084193,low_c,0.3364189231144266,0.4731195837033761,0.786841729919107
GO:0006351,DNA-templated transcription,biological_process,179,6011,0.7169442102793295,0.7244528781452337,-0.060977385413553464,490136.0,0.1640105795609791,low_c,0.33734877502116073,0.4719208625133294,0.7851281367281473
GO:0051094,positive regulation of developmental process,biological_process,17,6011,0.7921780376470589,0.7244528781452337,0.19466525348878294,60867.0,0.16512629129787681,high_c,0.3392417061456972,0.4694907612634736,0.7821837731542544
GO:0007029,endoplasmic reticulum organization,biological_process,30,6011,0.6915425036666668,0.7244528781452337,-0.14650838767207264,76571.0,0.1656675788712455,low_c,0.33995143844028625,0.4685831168509315,0.780762474652381
GO:0048311,mitochondrion distribution,biological_process,27,6011,0.6773934922222223,0.7244528781452337,-0.15416419092889677,68330.0,0.1663010843204804,low_c,0.3408485034006541,0.4674386085637631,0.7791049190735293
GO:0072599,establishment of protein localization to endoplasmic reticulum,biological_process,27,6011,0.7680051040740741,0.7244528781452337,0.1540280253515547,93227.0,0.16667567331858024,high_c,0.3412134066993577,0.4669739131986403,0.7781277817823996
GO:0009272,fungal-type cell wall biogenesis,biological_process,20,6011,0.788192461,0.7244528781452337,0.17873476881989658,70618.0,0.16697510186665987,high_c,0.3414237654187533,0.46670625231617746,0.7773482829126979
GO:0016279,protein-lysine N-methyltransferase activity,molecular_function,24,6011,0.6961864329166666,0.7244528781452337,-0.16203162407438343,60203.0,0.17007483528788525,low_c,0.3469446698704686,0.45973978021181655,0.7693599409677018
GO:0016278,lysine N-methyltransferase activity,molecular_function,24,6011,0.6961864329166666,0.7244528781452337,-0.16203162407438343,60203.0,0.17007483528788525,low_c,0.3469446698704686,0.45973978021181655,0.7693599409677018
GO:0016627,"oxidoreductase activity, acting on the CH-CH group of donors",molecular_function,27,6011,0.7792966011111111,0.7244528781452337,0.15260447613388783,93112.0,0.17062988319830352,high_c,0.347260817388341,0.4593442168390362,0.7679449065119862
GO:0061629,RNA polymerase II-specific DNA-binding transcription factor binding,molecular_function,41,6011,0.7685437141463415,0.7244528781452337,0.12401029537933561,137562.0,0.17053616216668588,high_c,0.347260817388341,0.4593442168390362,0.76818351482865
GO:0015079,potassium ion transmembrane transporter activity,molecular_function,15,6011,0.6681756600000001,0.7244528781452337,-0.2030464754280632,35839.0,0.17377012466813968,low_c,0.35323763047293966,0.45193303715499467,0.7600248873064627
GO:0000271,polysaccharide biosynthetic process,biological_process,35,6011,0.7554095494285714,0.7244528781452337,0.1327691719257984,118465.0,0.174987542254888,high_c,0.35486500844138263,0.4499368222642147,0.7569928685853692
GO:0040007,growth,biological_process,99,6011,0.75381239989899,0.7244528781452337,0.07933188447396833,315860.0,0.17518393561881618,high_c,0.35486500844138263,0.4499368222642147,0.7565057211814897
GO:0042176,regulation of protein catabolic process,biological_process,21,6011,0.7741389057142857,0.7244528781452337,0.17120597821766426,73663.0,0.1749866546886225,high_c,0.35486500844138263,0.4499368222642147,0.7569950714056616
GO:0019901,protein kinase binding,molecular_function,40,6011,0.76260359925,0.7244528781452337,0.12353877072517161,134173.0,0.17745542765871547,high_c,0.358629362532631,0.4453541557558436,0.7509107127650744
GO:0031573,mitotic intra-S DNA damage checkpoint signaling,biological_process,21,6011,0.6899437685714287,0.7244528781452337,-0.17026790682884174,52186.0,0.17736213898547792,low_c,0.358629362532631,0.4453541557558436,0.7511390822752306
GO:0009124,nucleoside monophosphate biosynthetic process,biological_process,41,6011,0.754740795609756,0.7244528781452337,0.12176328798463865,137287.0,0.17841550392063943,high_c,0.36015036605375583,0.44351613947386526,0.7485674090707706
GO:0005770,late endosome,cellular_component,41,6011,0.7019382846341463,0.7244528781452337,-0.1213220574416799,107537.0,0.17999404324613677,low_c,0.3629148189027798,0.44019529788842815,0.7447418672752465
GO:0006402,mRNA catabolic process,biological_process,121,6011,0.7159814928099173,0.7244528781452337,-0.07102947985800279,331034.0,0.1804191816023213,low_c,0.3629289678582036,0.44017836638504376,0.7437172915103072
GO:0030003,intracellular monoatomic cation homeostasis,biological_process,155,6011,0.7415308406451613,0.7244528781452337,0.06294509078089194,482407.0,0.1803787866003097,high_c,0.3629289678582036,0.44017836638504376,0.743814538879137
GO:0006417,regulation of translation,biological_process,145,6011,0.7450995715862069,0.7244528781452337,0.0648412241202958,452861.0,0.18160654451958003,high_c,0.36447278761386237,0.4383348915718358,0.7408685049474947
GO:1902555,endoribonuclease complex,cellular_component,21,6011,0.6932173119047619,0.7244528781452337,-0.16867795532236263,52286.0,0.18144310279983844,low_c,0.36447278761386237,0.4383348915718358,0.7412595359941628
GO:0019783,ubiquitin-like protein peptidase activity,molecular_function,26,6011,0.6935611342307693,0.7244528781452337,-0.15146841462630933,66020.0,0.18198473096099388,low_c,0.3648100380465189,0.4379332202113996,0.739965049034526
GO:0051537,"2 iron, 2 sulfur cluster binding",molecular_function,17,6011,0.7779784582352941,0.7244528781452337,0.18697128501050075,60475.0,0.1824754617742793,high_c,0.3653718588698372,0.43726490528174794,0.7387955286460106
GO:0055070,copper ion homeostasis,biological_process,20,6011,0.764381606,0.7244528781452337,0.17194124520113507,70211.0,0.18369674783398848,high_c,0.3673934956679769,0.4348685367087925,0.7358985323727736
GO:0070507,regulation of microtubule cytoskeleton organization,biological_process,31,6011,0.6992203206451613,0.7244528781452337,-0.1375768691336714,79938.0,0.18578358301468267,low_c,0.37113958586132234,0.43046272119890405,0.7309926655907106
GO:0007155,cell adhesion,biological_process,16,6011,0.776068768125,0.7244528781452337,0.19040867389491245,57092.0,0.18775436314341398,high_c,0.37335804629663993,0.4278744846877401,0.7264099618226435
GO:0046540,U4/U6 x U5 tri-snRNP complex,cellular_component,27,6011,0.6959248155555555,0.7244528781452337,-0.14677411368587834,68927.0,0.1875599752567395,low_c,0.37335804629663993,0.4278744846877401,0.7268598332261196
GO:0030686,90S preribosome,cellular_component,81,6011,0.7571879811111112,0.7244528781452337,0.08520808610746777,260629.0,0.18712200079997476,high_c,0.37335804629663993,0.4278744846877401,0.7278751474850146
GO:0097526,spliceosomal tri-snRNP complex,cellular_component,27,6011,0.6959248155555555,0.7244528781452337,-0.14677411368587834,68927.0,0.1875599752567395,low_c,0.37335804629663993,0.4278744846877401,0.7268598332261196
GO:0050793,regulation of developmental process,biological_process,47,6011,0.769118674893617,0.7244528781452337,0.11127759464588949,155750.0,0.18816712220978493,high_c,0.3737507141375133,0.427417968846283,0.7254562570523531
GO:0031110,regulation of microtubule polymerization or depolymerization,biological_process,22,6011,0.6891479831818181,0.7244528781452337,-0.16216093140454468,55196.0,0.1885711776378466,low_c,0.3741252164334876,0.42698301890994217,0.724524686728102
GO:0003333,amino acid transmembrane transport,biological_process,52,6011,0.7598312876923079,0.7244528781452337,0.10518672466985945,171231.0,0.19089438443728857,high_c,0.3774942434633661,0.423089666686864,0.7192068471106253
GO:0070592,cell wall polysaccharide biosynthetic process,biological_process,16,6011,0.7848888525,0.7244528781452337,0.18886572143452884,57018.0,0.19135652894456345,high_c,0.3774942434633661,0.423089666686864,0.7181567153771684
GO:0045834,positive regulation of lipid metabolic process,biological_process,20,6011,0.701975877,0.7244528781452337,-0.1693039559339008,49767.0,0.19051204344770822,low_c,0.3774942434633661,0.423089666686864,0.7200775646731064
GO:0010383,cell wall polysaccharide metabolic process,biological_process,16,6011,0.7848888525,0.7244528781452337,0.18886572143452884,57018.0,0.19135652894456345,high_c,0.3774942434633661,0.423089666686864,0.7181567153771684
GO:0005798,Golgi-associated vesicle,cellular_component,17,6011,0.6605814111764705,0.7244528781452337,-0.1833009480068304,41610.0,0.1912128723484836,low_c,0.3774942434633661,0.423089666686864,0.7184828746031179
GO:0051052,regulation of DNA metabolic process,biological_process,147,6011,0.7095448846938776,0.7244528781452337,-0.06288572727863317,403900.0,0.19215857232289157,low_c,0.37864617656360927,0.4217664241707032,0.7163402365991284
GO:0006337,nucleosome disassembly,biological_process,23,6011,0.7811998486956522,0.7244528781452337,0.15714036769190565,79683.0,0.19269847078750024,high_c,0.37927952980396873,0.4210405960872973,0.7151217317959507
GO:0019213,deacetylase activity,molecular_function,18,6011,0.76988029,0.7244528781452337,0.1772252813467563,63496.0,0.19353004205955826,high_c,0.38034360373273046,0.41982388291083544,0.7132516090017889
GO:0006493,protein O-linked glycosylation,biological_process,25,6011,0.775835534,0.7244528781452337,0.15041764116271295,86080.0,0.19367727286851022,high_c,0.38034360373273046,0.41982388291083544,0.7129213387382355
GO:0006873,intracellular monoatomic ion homeostasis,biological_process,167,6011,0.7401761073652694,0.7244528781452337,0.05876337673728527,516649.0,0.19470961968694,high_c,0.3819388698039863,0.4180061413586261,0.7106125915012739
GO:0009218,pyrimidine ribonucleotide metabolic process,biological_process,15,6011,0.6526912773333333,0.7244528781452337,-0.19348454525239045,36269.0,0.1949303472863887,low_c,0.38194027414127624,0.41800454451980523,0.7101205434732275
GO:0000302,response to reactive oxygen species,biological_process,17,6011,0.7812640741176471,0.7244528781452337,0.18100453394571048,60171.0,0.1968339444956495,high_c,0.3852353186521393,0.4142739032905469,0.7059000042992937
GO:0034315,regulation of Arp2/3 complex-mediated actin nucleation,biological_process,15,6011,0.7859461126666666,0.7244528781452337,0.19237269290638204,53621.0,0.1975085146639255,high_c,0.3861202493880346,0.41327742197894674,0.7044141770408189
GO:0031593,polyubiquitin modification-dependent protein binding,molecular_function,16,6011,0.7936121337500001,0.7244528781452337,0.18586321934945782,56874.0,0.19851142389892362,high_c,0.38634061870911596,0.413029629018357,0.7022144954827071
GO:0007052,mitotic spindle organization,biological_process,26,6011,0.6868376003846154,0.7244528781452337,-0.14592892487629328,66451.0,0.19849351393944303,low_c,0.38634061870911596,0.413029629018357,0.7022536798647511
GO:0140030,modification-dependent protein binding,molecular_function,16,6011,0.7936121337500001,0.7244528781452337,0.18586321934945782,56874.0,0.19851142389892362,high_c,0.38634061870911596,0.413029629018357,0.7022144954827071
GO:0000723,telomere maintenance,biological_process,80,6011,0.703586758875,0.7244528781452337,-0.08362417804754674,217401.0,0.19819503796754234,low_c,0.38634061870911596,0.413029629018357,0.7029072227583689
GO:0061695,"transferase complex, transferring phosphorus-containing groups",cellular_component,132,6011,0.7165074162878788,0.7244528781452337,-0.06520383285139197,362714.0,0.19946338327465318,low_c,0.387758603991935,0.4114385568289599,0.7001368187808866
GO:0061640,cytoskeleton-dependent cytokinesis,biological_process,19,6011,0.7871073731578947,0.7244528781452337,0.16880401939428014,66533.0,0.20328267480190265,high_c,0.39474130140503694,0.40368743141065255,0.691899633455208
GO:1902099,regulation of metaphase/anaphase transition of cell cycle,biological_process,38,6011,0.6986258902631579,0.7244528781452337,-0.11943218165957337,99933.0,0.20372969920740036,low_c,0.3948446868752228,0.4035737015822774,0.690945656018435
GO:0000387,spliceosomal snRNP assembly,biological_process,18,6011,0.6958275677777778,0.7244528781452337,-0.17322060922928606,44594.0,0.20379080612914724,low_c,0.3948446868752228,0.4035737015822774,0.6908154127606253
GO:0140223,general transcription initiation factor activity,molecular_function,34,6011,0.701089356764706,0.7244528781452337,-0.12597309293468095,88809.0,0.20461675740413154,low_c,0.39600299983675846,0.40230152415626497,0.6890588019526459
GO:0000314,organellar small ribosomal subunit,cellular_component,34,6011,0.7746885935294117,0.7244528781452337,0.1257172100896573,114383.0,0.20553786178421762,high_c,0.3969006986177996,0.4013181366544685,0.6871081657617129
GO:0005763,mitochondrial small ribosomal subunit,cellular_component,34,6011,0.7746885935294117,0.7244528781452337,0.1257172100896573,114383.0,0.20553786178421762,high_c,0.3969006986177996,0.4013181366544685,0.6871081657617129
GO:0141188,nucleic acid catabolic process,biological_process,159,6011,0.7179953518867925,0.7244528781452337,-0.058512490488657365,438012.0,0.2073848175595624,low_c,0.40002227031488924,0.3979158296579576,0.6832230410591058
GO:0030532,small nuclear ribonucleoprotein complex,cellular_component,55,6011,0.7101249370909092,0.7244528781452337,-0.09852860369985961,147652.0,0.20778642570166062,low_c,0.40035209213993656,0.397557897636502,0.6823828274979121
GO:0016586,RSC-type complex,cellular_component,17,6011,0.7850791376470587,0.7244528781452337,0.17629394099982343,59931.0,0.2087411599306186,high_c,0.4013970036229568,0.39642587378892336,0.6803919075791851
GO:0007010,cytoskeleton organization,biological_process,193,6011,0.7215146046632125,0.7244528781452337,-0.05309945728550136,531625.0,0.20879118333613478,low_c,0.4013970036229568,0.39642587378892336,0.6802878443158907
GO:0010647,positive regulation of cell communication,biological_process,43,6011,0.7028468774418606,0.7244528781452337,-0.11083141093584392,114091.0,0.2097897078288402,low_c,0.4018156596828442,0.39597314180050674,0.6782158218754615
GO:0009967,positive regulation of signal transduction,biological_process,43,6011,0.7028468774418606,0.7244528781452337,-0.11083141093584392,114091.0,0.2097897078288402,low_c,0.4018156596828442,0.39597314180050674,0.6782158218754615
GO:0030674,protein-macromolecule adaptor activity,molecular_function,218,6011,0.7203775768807339,0.7244528781452337,-0.04997489852511017,599881.0,0.2096545271167326,low_c,0.4018156596828442,0.39597314180050674,0.6784957553420323
GO:0140297,DNA-binding transcription factor binding,molecular_function,47,6011,0.7646868757446809,0.7244528781452337,0.10601195827446941,155012.0,0.2099347945462786,high_c,0.4018156596828442,0.39597314180050674,0.6779155755808847
GO:0034497,protein localization to phagophore assembly site,biological_process,18,6011,0.678682655,0.7244528781452337,-0.17047666722287114,44742.0,0.21104635434633268,low_c,0.4034564310592367,0.39420335752726776,0.6756221455277942
GO:0005216,monoatomic ion channel activity,molecular_function,25,6011,0.7740930452000001,0.7244528781452337,0.14467089876378214,85650.0,0.2112568524382754,high_c,0.4034564310592367,0.39420335752726776,0.6751891951457735
GO:0033047,regulation of mitotic sister chromatid segregation,biological_process,31,6011,0.6970907506451612,0.7244528781452337,-0.12986298414068398,80653.0,0.2116782436062128,low_c,0.40381695703339054,0.3938154481674973,0.6743237766868768
GO:0000921,septin ring assembly,biological_process,18,6011,0.78687375,0.7244528781452337,0.17012440439772325,63113.0,0.2119911740091457,high_c,0.40397000886923917,0.3936508761420615,0.6736822200095364
GO:1901981,phosphatidylinositol phosphate binding,molecular_function,70,6011,0.7060022898571428,0.7244528781452337,-0.08635390867338355,189979.0,0.21352121298778493,low_c,0.4044273103186152,0.3931595248906385,0.6705589720399321
GO:1901698,response to nitrogen compound,biological_process,19,6011,0.6586626047368421,0.7244528781452337,-0.165255428290352,47517.0,0.21294510546821832,low_c,0.4044273103186152,0.3931595248906385,0.6717323377107924
GO:0101005,deubiquitinase activity,molecular_function,23,6011,0.691374732173913,0.7244528781452337,-0.15002468705526995,58531.0,0.21362894214410721,low_c,0.4044273103186152,0.3931595248906385,0.6703399100610905
GO:0004843,cysteine-type deubiquitinase activity,molecular_function,23,6011,0.691374732173913,0.7244528781452337,-0.15002468705526995,58531.0,0.21362894214410721,low_c,0.4044273103186152,0.3931595248906385,0.6703399100610905
GO:0000049,tRNA binding,molecular_function,45,6011,0.7517774842222222,0.7244528781452337,0.10756509107162815,148674.0,0.21314652256426148,high_c,0.4044273103186152,0.3931595248906385,0.6713217483721006
GO:1990837,sequence-specific double-stranded DNA binding,molecular_function,223,6011,0.7230051396860986,0.7244528781452337,-0.04906083717355536,613700.0,0.2131037427292427,low_c,0.4044273103186152,0.3931595248906385,0.6714089227288601
GO:0044804,nucleophagy,biological_process,50,6011,0.6874934406,0.7244528781452337,-0.1018822345244087,133842.0,0.21406958229789075,low_c,0.40482003798381083,0.39273799871169496,0.6694450383509256
GO:0098797,plasma membrane protein complex,cellular_component,15,6011,0.7721505533333334,0.7244528781452337,0.18465643762508344,53274.0,0.216091115879821,high_c,0.4081982341320667,0.3891288783763374,0.6653630878306993
GO:0005643,nuclear pore,cellular_component,46,6011,0.6977608406521739,0.7244528781452337,-0.10552862713655742,122717.0,0.21691135087633218,low_c,0.40884615838113203,0.3884400786302667,0.6637177209504399
GO:0030163,protein catabolic process,biological_process,278,6011,0.7447312721223022,0.7244528781452337,0.04374145895214765,831744.0,0.2173761544848991,high_c,0.40884615838113203,0.3884400786302667,0.6627880984448278
GO:0051646,mitochondrion localization,biological_process,32,6011,0.6893375700000001,0.7244528781452337,-0.1264425489212243,83568.0,0.2166731017779897,low_c,0.40884615838113203,0.3884400786302667,0.6641949994991007
GO:0000422,autophagy of mitochondrion,biological_process,47,6011,0.6756541072340426,0.7244528781452337,-0.10434236625426319,125530.0,0.2172033696258081,low_c,0.40884615838113203,0.3884400786302667,0.6631334415208379
GO:0070938,contractile ring,cellular_component,21,6011,0.6932884919047619,0.7244528781452337,-0.15500437236664277,53146.0,0.21944961340997104,low_c,0.41185354473482133,0.38525719178507356,0.6586651798865141
GO:0005826,actomyosin contractile ring,cellular_component,21,6011,0.6932884919047619,0.7244528781452337,-0.15500437236664277,53146.0,0.21944961340997104,low_c,0.41185354473482133,0.38525719178507356,0.6586651798865141
GO:0016645,"oxidoreductase activity, acting on the CH-NH group of donors",molecular_function,16,6011,0.79268317625,0.7244528781452337,0.17727272727272725,56462.0,0.22005884017673916,high_c,0.41210587545503685,0.38499119362995854,0.6574611803259346
GO:0023056,positive regulation of signaling,biological_process,44,6011,0.7044237334090909,0.7244528781452337,-0.10715754833401891,117207.0,0.22001559070383359,low_c,0.41210587545503685,0.38499119362995854,0.6575465431926251
GO:0031965,nuclear membrane,cellular_component,93,6011,0.7101282421505375,0.7244528781452337,-0.07382979573889759,254870.0,0.22114398680346137,low_c,0.413131412601532,0.3839117820245153,0.6553248651733286
GO:0019904,protein domain specific binding,molecular_function,17,6011,0.7687452717647059,0.7244528781452337,0.17152446564211266,59688.0,0.22132039960796357,high_c,0.413131412601532,0.3839117820245153,0.6549785543110533
GO:0034655,nucleobase-containing compound catabolic process,biological_process,209,6011,0.7435152763157894,0.7244528781452337,0.04976340446867855,636481.0,0.2209154247777919,high_c,0.413131412601532,0.3839117820245153,0.6557739597192908
GO:0015171,amino acid transmembrane transporter activity,molecular_function,53,6011,0.7584905467924529,0.7244528781452337,0.09731010152830821,173251.0,0.22190778484636542,high_c,0.41378293715713255,0.3832274219624233,0.6538274618215538
GO:0000910,cytokinesis,biological_process,20,6011,0.7852253444999999,0.7244528781452337,0.15788683024536798,69369.0,0.22216789959677752,high_c,0.41382346963519934,0.3831848823410964,0.6533186908275881
GO:0030174,regulation of DNA-templated DNA replication initiation,biological_process,28,6011,0.6981360135714285,0.7244528781452337,-0.13330627253408467,72596.0,0.22293252342614078,low_c,0.41480263737168316,0.3821584909707319,0.6518265680647051
GO:0009123,nucleoside monophosphate metabolic process,biological_process,46,6011,0.7519377156521737,0.7244528781452337,0.10394693684172163,151456.0,0.22388021355096221,high_c,0.4161199686557499,0.3807814428974675,0.6499842875078472
GO:0097525,spliceosomal snRNP complex,cellular_component,53,6011,0.7101892754716983,0.7244528781452337,-0.09682874460848578,142599.0,0.22420269591913455,low_c,0.4162736685728531,0.38062105957967146,0.6493591695476268
GO:0030950,establishment or maintenance of actin cytoskeleton polarity,biological_process,21,6011,0.6834513314285715,0.7244528781452337,-0.15304873201367364,53269.0,0.22532143822694128,low_c,0.4169272492135276,0.379939719658212,0.647197485325774
GO:0030134,COPII-coated ER to Golgi transport vesicle,cellular_component,25,6011,0.6944904896,0.7244528781452337,-0.14031406615436015,64326.0,0.22533355848318815,low_c,0.4169272492135276,0.379939719658212,0.6471741248373873
GO:0016301,kinase activity,molecular_function,217,6011,0.7181793088018432,0.7244528781452337,-0.04838789213058481,598230.0,0.22551537270247834,low_c,0.4169272492135276,0.379939719658212,0.6468238482325741
GO:0006338,chromatin remodeling,biological_process,287,6011,0.7217200824738675,0.7244528781452337,-0.042341434196013106,786615.0,0.22540705131908434,low_c,0.4169272492135276,0.379939719658212,0.64703250221596
GO:0032266,phosphatidylinositol-3-phosphate binding,molecular_function,35,6011,0.6976561494285715,0.7244528781452337,-0.11847389558232935,92190.0,0.22616105341523973,low_c,0.4176761582221874,0.3791603144118254,0.6455821816525998
GO:0045039,protein insertion into mitochondrial inner membrane,biological_process,23,6011,0.7770071578260871,0.7244528781452337,0.14575527867328852,78899.0,0.22694917996683717,high_c,0.4186862661237294,0.3781112847369134,0.6440713821501296
GO:0019205,nucleobase-containing compound kinase activity,molecular_function,16,6011,0.684952461875,0.7244528781452337,-0.1740825688073394,39611.0,0.22847330687840361,low_c,0.4210505952663574,0.37566571431935225,0.641164532366948
GO:0010507,negative regulation of autophagy,biological_process,23,6011,0.7016099069565217,0.7244528781452337,-0.14514536319014837,58867.0,0.22889939334297216,low_c,0.4213884908201481,0.3753173302408739,0.6403553583440187
GO:0005940,septin ring,cellular_component,23,6011,0.7765669791304349,0.7244528781452337,0.14370770526560372,78758.0,0.23354345043003788,high_c,0.429482446977273,0.36705458116146833,0.6316323077038725
GO:0000956,nuclear-transcribed mRNA catabolic process,biological_process,115,6011,0.7169707564347826,0.7244528781452337,-0.0646864491770397,317090.0,0.23411612988612407,low_c,0.4299520886683186,0.36657993694661484,0.6305686637095432
GO:0140527,reciprocal homologous recombination,biological_process,52,6011,0.6970023190384615,0.7244528781452337,-0.09555036338053624,140130.0,0.2347895046414551,low_c,0.4299520886683186,0.36657993694661484,0.6293213204490217
GO:0007131,reciprocal meiotic recombination,biological_process,52,6011,0.6970023190384615,0.7244528781452337,-0.09555036338053624,140130.0,0.2347895046414551,low_c,0.4299520886683186,0.36657993694661484,0.6293213204490217
GO:0019900,kinase binding,molecular_function,41,6011,0.7587262651219512,0.7244528781452337,0.10754585937819172,135547.0,0.23462759545772083,high_c,0.4299520886683186,0.36657993694661484,0.6296209101650283
GO:0051028,mRNA transport,biological_process,62,6011,0.6992322801612904,0.7244528781452337,-0.08718190641962054,168341.0,0.23692025901295377,low_c,0.43163257793728843,0.3648857839046758,0.6253978012386111
GO:0016237,microautophagy,biological_process,59,6011,0.6964390530508475,0.7244528781452337,-0.08934185347184254,159897.0,0.23695491904513444,low_c,0.43163257793728843,0.3648857839046758,0.6253342711722878
GO:0016776,"phosphotransferase activity, phosphate group as acceptor",molecular_function,17,6011,0.6942700947058824,0.7244528781452337,-0.16577361675400892,42503.0,0.2371990088434177,low_c,0.43163257793728843,0.3648857839046758,0.6248871300410538
GO:0030136,clathrin-coated vesicle,cellular_component,16,6011,0.684285974375,0.7244528781452337,-0.1709758131776481,39760.0,0.23688560667894398,low_c,0.43163257793728843,0.3648857839046758,0.625461326486237
GO:0051205,protein insertion into membrane,biological_process,49,6011,0.7643272081632654,0.7244528781452337,0.09805639800368326,160392.0,0.23646244792298465,high_c,0.43163257793728843,0.3648857839046758,0.6262378187939679
GO:0016311,dephosphorylation,biological_process,22,6011,0.7769870799999999,0.7244528781452337,0.14582795731568488,75486.0,0.23705414310081652,high_c,0.43163257793728843,0.3648857839046758,0.6251524499206471
GO:0016180,snRNA processing,biological_process,27,6011,0.7672491933333333,0.7244528781452337,0.13113982966924143,91378.0,0.2390154461928541,high_c,0.43448252836732426,0.36202768293504267,0.6215740321917694
GO:0000122,negative regulation of transcription by RNA polymerase II,biological_process,155,6011,0.7505670403870968,0.7244528781452337,0.05523532522474883,478908.0,0.23979133449575663,high_c,0.4354369839797422,0.3610746867873714,0.6201665153517445
GO:2000144,positive regulation of DNA-templated transcription initiation,biological_process,39,6011,0.7695243115384616,0.7244528781452337,0.10895289127037278,129142.0,0.2401818553596058,high_c,0.435690387569776,0.36082202159156995,0.6194598046551995
GO:0003714,transcription corepressor activity,molecular_function,29,6011,0.7769635744827587,0.7244528781452337,0.12613703178501012,97680.0,0.2405812675557063,high_c,0.43595937419280395,0.3605539795065039,0.6187381912684327
GO:0050801,monoatomic ion homeostasis,biological_process,172,6011,0.7382329215697676,0.7244528781452337,0.05238432831362494,528459.0,0.24092609501925166,high_c,0.4361289895239008,0.3603850447830627,0.6181161584528722
GO:0005847,mRNA cleavage and polyadenylation specificity factor complex,cellular_component,16,6011,0.7859182637500001,0.7244528781452337,0.1688698915763136,56059.0,0.2427109826621604,high_c,0.43890236031407337,0.35763208361476395,0.6149105714156686
GO:0019914,cyclin-dependent protein kinase regulator activity,molecular_function,32,6011,0.7720857953125,0.7244528781452337,0.11936569660478336,107083.0,0.24350331978909923,high_c,0.4389634092978985,0.35757167976314663,0.6134951134790853
GO:0030952,establishment or maintenance of cytoskeleton polarity,biological_process,24,6011,0.690443035,0.7244528781452337,-0.13784032069483887,61941.0,0.24316166585122945,low_c,0.4389634092978985,0.35757167976314663,0.6141048900140382
GO:0016538,cyclin-dependent protein serine/threonine kinase regulator activity,molecular_function,32,6011,0.7720857953125,0.7244528781452337,0.11936569660478336,107083.0,0.24350331978909923,high_c,0.4389634092978985,0.35757167976314663,0.6134951134790853
GO:0006401,RNA catabolic process,biological_process,155,6011,0.7194514126451613,0.7244528781452337,-0.054378194958575654,429161.0,0.24716335278298773,low_c,0.4450638198929679,0.35157770892908013,0.6070159221915807
GO:0008361,regulation of cell size,biological_process,26,6011,0.70627071,0.7244528781452337,-0.13126405757984705,67592.0,0.24742355711058828,low_c,0.4450638198929679,0.35157770892908013,0.6065589537121899
GO:0055088,lipid homeostasis,biological_process,46,6011,0.705147584130435,0.7244528781452337,-0.0988009767119793,123640.0,0.24765648042431276,low_c,0.4450638198929679,0.35157770892908013,0.60615030335406
GO:0044877,protein-containing complex binding,molecular_function,223,6011,0.741548184618834,0.7244528781452337,0.04539932626959753,674661.0,0.24925856084756692,high_c,0.4472752209296747,0.34942516109762,0.6033499168076351
GO:0000109,nucleotide-excision repair complex,cellular_component,18,6011,0.6957987088888888,0.7244528781452337,-0.15699797912379254,45469.0,0.24940231213129327,low_c,0.4472752209296747,0.34942516109762,0.6030995246296994
GO:0046112,nucleobase biosynthetic process,biological_process,20,6011,0.7515874395000001,0.7244528781452337,0.14848940076781836,68806.0,0.2509195077273938,high_c,0.4495317496540306,0.34723962937546815,0.6004655731651759
GO:0055080,monoatomic cation homeostasis,biological_process,159,6011,0.7386327781761007,0.7244528781452337,0.053207633148050215,489988.0,0.251596000249932,high_c,0.4502790272514247,0.3465182807987685,0.5992962673729968
GO:0016877,"ligase activity, forming carbon-sulfur bonds",molecular_function,19,6011,0.7638374694736841,0.7244528781452337,0.1517988897477338,65565.0,0.2525894614681843,high_c,0.4515914573725725,0.3452542820948181,0.5975847730272863
GO:0007032,endosome organization,biological_process,22,6011,0.694021175909091,0.7244528781452337,-0.14083395315654457,56601.0,0.2535004743712511,low_c,0.45275393365071187,0.34413776772759475,0.5960212236417932
GO:1990816,vacuole-mitochondrion membrane contact site,cellular_component,15,6011,0.6802179093333334,0.7244528781452337,-0.1702023571269735,37316.0,0.25422076269283755,low_c,0.4535737348764296,0.3433521021056566,0.5947889826777778
GO:0032156,septin cytoskeleton,cellular_component,31,6011,0.7701703632258063,0.7244528781452337,0.11845938073147044,103670.0,0.254584431990438,high_c,0.4537562360733064,0.343177393308745,0.5941681572706027
GO:0006986,response to unfolded protein,biological_process,16,6011,0.78418245125,0.7244528781452337,0.16436613844870718,55843.0,0.2555053795089207,high_c,0.45446448650357213,0.3425000484555073,0.5925999516292886
GO:0140101,"catalytic activity, acting on a tRNA",molecular_function,113,6011,0.7522674061061947,0.7244528781452337,0.06236402320270562,354019.0,0.25542232423984856,high_c,0.45446448650357213,0.3425000484555073,0.5927411475170985
GO:0016410,N-acyltransferase activity,molecular_function,46,6011,0.7043863415217391,0.7244528781452337,-0.09707350850978536,123877.0,0.25602074806661046,low_c,0.45491506514189944,0.34206968066914484,0.5917248377908448
GO:0090066,regulation of anatomical structure size,biological_process,48,6011,0.7090147602083334,0.7244528781452337,-0.09492565263569797,129527.0,0.2566207165090506,low_c,0.4549239395191436,0.3420612086360756,0.5907082867670252
GO:0016074,sno(s)RNA metabolic process,biological_process,54,6011,0.7582896164814814,0.7244528781452337,0.08950565472304595,175235.0,0.25681190134145204,high_c,0.4549239395191436,0.3420612086360756,0.5903848537840538
GO:0032535,regulation of cellular component size,biological_process,48,6011,0.7090147602083334,0.7244528781452337,-0.09492565263569797,129527.0,0.2566207165090506,low_c,0.4549239395191436,0.3420612086360756,0.5907082867670252
GO:0042398,modified amino acid biosynthetic process,biological_process,23,6011,0.7763021395652173,0.7244528781452337,0.13644680665679187,78258.0,0.2580182460674113,high_c,0.45659497978901736,0.3404688678390238,0.5883495812995484
GO:0071805,potassium ion transmembrane transport,biological_process,16,6011,0.6797188656250001,0.7244528781452337,-0.16321934945788152,40132.0,0.2588367667189271,low_c,0.4575770132627876,0.3395358007881885,0.586974033841712
GO:0005509,calcium ion binding,molecular_function,27,6011,0.6931749388888888,0.7244528781452337,-0.12483907704495945,70699.0,0.26234035947576373,low_c,0.46329894613420736,0.3341386876850791,0.5811348906934166
GO:0071028,nuclear mRNA surveillance,biological_process,27,6011,0.7051173262962963,0.7244528781452337,-0.12440582293523472,70734.0,0.2640001052843456,low_c,0.4657562833065284,0.33184127752254794,0.5783958999316795
GO:0005484,SNAP receptor activity,molecular_function,23,6011,0.7721171991304346,0.7244528781452337,0.13447184223519493,78122.0,0.264972555576959,high_c,0.4669973162249754,0.3306856152626522,0.5767991056055136
GO:0008028,monocarboxylic acid transmembrane transporter activity,molecular_function,20,6011,0.774338164,0.7244528781452337,0.14406609914872304,68541.0,0.2653152309940995,high_c,0.46712701927561534,0.3305650117896451,0.576237817688907
GO:0005933,cellular bud,cellular_component,67,6011,0.7076063691044776,0.7244528781452337,-0.07891062855306241,183411.0,0.2659787034128941,low_c,0.4678206982014024,0.3299205672301689,0.5751531354010052
GO:0000472,"endonucleolytic cleavage to generate mature 5'-end of SSU-rRNA from (SSU-rRNA, 5.8S rRNA, LSU-rRNA)",biological_process,34,6011,0.7112950547058823,0.7244528781452337,-0.1103839226840142,90393.0,0.2663430350590539,low_c,0.4679873571482971,0.32976587939360325,0.5745586556464481
GO:0000001,mitochondrion inheritance,biological_process,24,6011,0.68406942,0.7244528781452337,-0.13090863537664943,62439.0,0.26767799859609487,low_c,0.46985743737393393,0.32803389430635443,0.572387323549648
GO:0006406,mRNA export from nucleus,biological_process,61,6011,0.7000378585245902,0.7244528781452337,-0.08218762915002065,166560.0,0.26871405470646437,low_c,0.4711995949196183,0.3267950915746265,0.5707096178175497
GO:0006638,neutral lipid metabolic process,biological_process,17,6011,0.683703395882353,0.7244528781452337,-0.15482148815482144,43061.0,0.2696277565948002,low_c,0.47232470781894365,0.32575933541258456,0.5692354017677823
GO:0005849,mRNA cleavage factor complex,cellular_component,20,6011,0.7787356375,0.7244528781452337,0.14256384576865289,68451.0,0.2703313035166415,high_c,0.4724744280709109,0.3256216920186973,0.5681036614511628
GO:0006865,amino acid transport,biological_process,58,6011,0.7532630463793104,0.7244528781452337,0.08390437739302703,187122.0,0.2707693461758096,high_c,0.4724744280709109,0.3256216920186973,0.5674005037248461
GO:0043144,sno(s)RNA processing,biological_process,43,6011,0.7585040230232558,0.7244528781452337,0.0973174761518798,140799.0,0.27080187553603474,high_c,0.4724744280709109,0.3256216920186973,0.5673483321134449
GO:0006368,transcription elongation by RNA polymerase II,biological_process,71,6011,0.757965456056338,0.7244528781452337,0.07600891544553523,226898.0,0.2701936991503471,high_c,0.4724744280709109,0.3256216920186973,0.5683247828348679
GO:0051204,protein insertion into mitochondrial membrane,biological_process,36,6011,0.7646765127777779,0.7244528781452337,0.10616457461645745,118968.0,0.2713991460602737,high_c,0.4730410818881879,0.3251011407366424,0.5663915231534168
GO:0120261,regulation of heterochromatin organization,biological_process,17,6011,0.779926424117647,0.7244528781452337,0.1538793695656442,58789.0,0.27255300970223195,high_c,0.474100225293662,0.32412983830312525,0.5645490178562272
GO:0031445,regulation of heterochromatin formation,biological_process,17,6011,0.779926424117647,0.7244528781452337,0.1538793695656442,58789.0,0.27255300970223195,high_c,0.474100225293662,0.32412983830312525,0.5645490178562272
GO:0070129,regulation of mitochondrial translation,biological_process,19,6011,0.6848324831578948,0.7244528781452337,-0.1449652167802684,48672.0,0.2745803565108297,low_c,0.4771486475503507,0.3213463028172596,0.5613305354317505
GO:0051604,protein maturation,biological_process,95,6011,0.7455385377894735,0.7244528781452337,0.06520052667164866,299332.0,0.27489539028801846,high_c,0.47721839754000006,0.3212828219252332,0.5608325427657064
GO:0005496,steroid binding,molecular_function,17,6011,0.7731395458823529,0.7244528781452337,0.15256432903491723,58722.0,0.2766723680880703,high_c,0.4793445419170559,0.31935221338250447,0.5580342126917507
GO:0032934,sterol binding,molecular_function,17,6011,0.7731395458823529,0.7244528781452337,0.15256432903491723,58722.0,0.2766723680880703,high_c,0.4793445419170559,0.31935221338250447,0.5580342126917507
GO:0051640,organelle localization,biological_process,210,6011,0.7183118365238096,0.7244528781452337,-0.04398420633552502,582314.0,0.2781749047345776,low_c,0.48146723292046534,0.3174332641906651,0.5556820520107201
GO:0032386,regulation of intracellular transport,biological_process,33,6011,0.7514986906060606,0.7244528781452337,0.10914768291817478,109403.0,0.27886159685092504,high_c,0.48217503200518513,0.3167952820197754,0.554611290051248
GO:0051536,iron-sulfur cluster binding,molecular_function,38,6011,0.7628630889473684,0.7244528781452337,0.10119220703692933,124971.0,0.28153382945284255,high_c,0.4858277613619629,0.31351767219488097,0.5504694123154454
GO:0051540,metal cluster binding,molecular_function,38,6011,0.7628630889473684,0.7244528781452337,0.10119220703692933,124971.0,0.28153382945284255,high_c,0.4858277613619629,0.31351767219488097,0.5504694123154454
GO:0016226,iron-sulfur cluster assembly,biological_process,30,6011,0.7642356693333334,0.7244528781452337,0.11286852811681425,99841.0,0.2855439912450817,high_c,0.4917702071443073,0.30823778561104026,0.5443269743420068
GO:0031163,metallo-sulfur cluster assembly,biological_process,30,6011,0.7642356693333334,0.7244528781452337,0.11286852811681425,99841.0,0.2855439912450817,high_c,0.4917702071443073,0.30823778561104026,0.5443269743420068
GO:0072665,protein localization to vacuole,biological_process,134,6011,0.7059890085820897,0.7244528781452337,-0.05378416747299741,372581.0,0.28634777197404826,low_c,0.4926657404826043,0.30744763710944606,0.5431061917130086
GO:0070071,proton-transporting two-sector ATPase complex assembly,biological_process,21,6011,0.6818488038095237,0.7244528781452337,-0.13393751490579542,54471.0,0.2886507372379129,low_c,0.49564557848171786,0.30482876369035056,0.5396273289398226
GO:0044773,mitotic DNA damage checkpoint signaling,biological_process,29,6011,0.7061015479310345,0.7244528781452337,-0.11405480810246837,76846.0,0.28863482299162524,low_c,0.49564557848171786,0.30482876369035056,0.5396512736556591
GO:0030663,COPI-coated vesicle membrane,cellular_component,17,6011,0.6929878270588236,0.7244528781452337,-0.1485014426190897,43383.0,0.2896664306527694,low_c,0.49689814586285347,0.30373262378784166,0.5381018321245344
GO:0006972,hyperosmotic response,biological_process,32,6011,0.70267431625,0.7244528781452337,-0.10772077270446567,85359.0,0.29257388863806166,low_c,0.5013901981003702,0.2998241605104932,0.5337644359906859
GO:0000245,spliceosomal complex assembly,biological_process,35,6011,0.7096091054285714,0.7244528781452337,-0.1029164276152228,93817.0,0.29308935074400455,low_c,0.5017782178418067,0.29948819530604465,0.5329999611492006
GO:0030071,regulation of mitotic metaphase/anaphase transition,biological_process,37,6011,0.7053405427027026,0.7244528781452337,-0.09995566373202802,99472.0,0.2938480984180524,low_c,0.5025815752253585,0.2987934368031901,0.5318771153944314
GO:0042254,ribosome biogenesis,biological_process,53,6011,0.7545665305660377,0.7244528781452337,0.08311640603722914,171010.0,0.29680900752190875,high_c,0.5066474307355296,0.29529415536173476,0.5275229232794634
GO:0051125,regulation of actin nucleation,biological_process,17,6011,0.7767866029411764,0.7244528781452337,0.14640130326404832,58408.0,0.2965417752994718,high_c,0.5066474307355296,0.29529415536173476,0.5279141167885923
GO:0000228,nuclear chromosome,cellular_component,44,6011,0.6963248688636363,0.7244528781452337,-0.09061962003138468,119378.0,0.29964602636401283,low_c,0.5098849442580302,0.2925278115708533,0.5233914771519608
GO:0008408,3'-5' exonuclease activity,molecular_function,27,6011,0.7049042762962963,0.7244528781452337,-0.11546840958605664,71456.0,0.29985830763739985,low_c,0.5098849442580302,0.2925278115708533,0.5230839144396743
GO:0006862,nucleotide transport,biological_process,39,6011,0.7027816753846152,0.7244528781452337,-0.09616672677623783,105255.0,0.29988048852963645,low_c,0.5098849442580302,0.2925278115708533,0.5230517903244161
GO:0019005,SCF ubiquitin ligase complex,cellular_component,22,6011,0.7020392768181819,0.7244528781452337,-0.1279770488319495,57448.0,0.2994385029023542,low_c,0.5098849442580302,0.2925278115708533,0.523692357223022
GO:0016859,cis-trans isomerase activity,molecular_function,16,6011,0.76953130125,0.7244528781452337,0.14933277731442862,55122.0,0.3015702528288118,high_c,0.5117555805579836,0.2909374127742524,0.5206114999025654
GO:0003755,peptidyl-prolyl cis-trans isomerase activity,molecular_function,16,6011,0.76953130125,0.7244528781452337,0.14933277731442862,55122.0,0.3015702528288118,high_c,0.5117555805579836,0.2909374127742524,0.5206114999025654
GO:0000959,mitochondrial RNA metabolic process,biological_process,40,6011,0.70724440825,0.7244528781452337,-0.09424719477474464,108165.0,0.30354821918026453,low_c,0.5146090903290422,0.2885225464488887,0.5177723106495499
GO:0016746,acyltransferase activity,molecular_function,242,6011,0.7230012990495869,0.7244528781452337,-0.038861168771819776,670922.0,0.30503680996153637,low_c,0.5166281971641241,0.28682189406166936,0.5156477495103694
GO:0009250,glucan biosynthetic process,biological_process,33,6011,0.7473317569696969,0.7244528781452337,0.10322698378904471,108819.0,0.3057706586027994,high_c,0.5168625738407592,0.28662491407510315,0.514604191318298
GO:1902533,positive regulation of intracellular signal transduction,biological_process,41,6011,0.7070282553658537,0.7244528781452337,-0.09271561057319111,111038.0,0.305541263413574,low_c,0.5168625738407592,0.28662491407510315,0.5149301298970952
GO:0031125,rRNA 3'-end processing,biological_process,23,6011,0.7606347934782608,0.7244528781452337,0.12330458017484247,77353.0,0.3067155286320338,high_c,0.517955406328026,0.2857076294812912,0.5132642356625075
GO:2000241,regulation of reproductive process,biological_process,120,6011,0.7162271358333333,0.7244528781452337,-0.0542182991003225,334296.0,0.30854087794727314,low_c,0.5205315491899574,0.2835529429567622,0.5106872890348023
GO:0071705,nitrogen compound transport,biological_process,247,6011,0.7383080396356275,0.7244528781452337,0.038153891106884386,739014.0,0.3091851874002074,high_c,0.5205361338055122,0.2835491178966443,0.5097813206542577
GO:1901989,positive regulation of cell cycle phase transition,biological_process,44,6011,0.7154728206818183,0.7244528781452337,-0.088776147599677,119620.0,0.30958543528883653,low_c,0.5205361338055122,0.2835491178966443,0.509219479263298
GO:0046889,positive regulation of lipid biosynthetic process,biological_process,16,6011,0.7062587712499999,0.7244528781452337,-0.1468306922435363,40918.0,0.3097429874545473,low_c,0.5205361338055122,0.2835491178966443,0.5089985172174968
GO:0062125,regulation of mitochondrial gene expression,biological_process,21,6011,0.6898710514285715,0.7244528781452337,-0.1284044836632483,54819.0,0.3090347369052179,low_c,0.5205361338055122,0.2835491178966443,0.5099927011630205
GO:0000967,rRNA 5'-end processing,biological_process,37,6011,0.7158951075675675,0.7244528781452337,-0.0965987748712891,99843.0,0.3103622336688897,low_c,0.5210723768367432,0.2831019491041119,0.5081311311866613
GO:0031248,protein acetyltransferase complex,cellular_component,57,6011,0.7199069096491229,0.7244528781452337,-0.07786597834862596,156476.0,0.3109322047547689,low_c,0.5215249347384336,0.28272492259616355,0.5073342936437001
GO:0070822,Sin3-type complex,cellular_component,21,6011,0.7088556076190476,0.7244528781452337,-0.1276095079100087,54869.0,0.3120398031218783,low_c,0.5228775079339582,0.28160003935271055,0.5057900047839694
GO:0006405,RNA export from nucleus,biological_process,74,6011,0.7050615229729731,0.7244528781452337,-0.06802052178504936,204727.0,0.31388298184340735,low_c,0.5244474075843649,0.2802980570244892,0.5032322303077849
GO:0141124,intracellular signaling cassette,biological_process,96,6011,0.7139290808333333,0.7244528781452337,-0.059851366582135856,266927.0,0.3137164307032022,low_c,0.5244474075843649,0.2802980570244892,0.5034627348028426
GO:0000792,heterochromatin,cellular_component,15,6011,0.668147012,0.7244528781452337,-0.1503446742272626,38209.0,0.31387455727404756,low_c,0.5244474075843649,0.2802980570244892,0.5032438868591048
GO:0034708,methyltransferase complex,cellular_component,20,6011,0.6717268639999999,0.7244528781452337,-0.12997830078451011,52123.0,0.31490497790857996,low_c,0.5256490785089374,0.27930409259108535,0.5018204741327781
GO:0060261,positive regulation of transcription initiation by RNA polymerase II,biological_process,38,6011,0.7662012186842105,0.7244528781452337,0.09412531831839765,124169.0,0.316502265748308,high_c,0.5278078130058238,0.2775241853167984,0.4996231766467353
GO:0006022,aminoglycan metabolic process,biological_process,27,6011,0.7507335174074073,0.7244528781452337,0.11123489799960384,89770.0,0.31792816074075914,high_c,0.5291690192195185,0.27640558998692316,0.49767100240086537
GO:0006030,chitin metabolic process,biological_process,27,6011,0.7507335174074073,0.7244528781452337,0.11123489799960384,89770.0,0.31792816074075914,high_c,0.5291690192195185,0.27640558998692316,0.49767100240086537
GO:0016485,protein processing,biological_process,41,6011,0.74758131,0.7244528781452337,0.09024798790701483,133430.0,0.31859408289953917,high_c,0.5295420508744451,0.2760995469113565,0.49676229441041264
GO:0006839,mitochondrial transport,biological_process,18,6011,0.7803294783333333,0.7244528781452337,0.13589928991230504,61267.0,0.3187623520528774,high_c,0.5295420508744451,0.2760995469113565,0.49653297730475676
GO:0000963,mitochondrial RNA processing,biological_process,22,6011,0.697764406818182,0.7244528781452337,-0.12260356107409043,57802.0,0.32019004852276955,low_c,0.5314052812959158,0.2745741337302652,0.49459217003948286
GO:0012505,endomembrane system,cellular_component,56,6011,0.7559641539285715,0.7244528781452337,0.07691615689096798,179565.0,0.3211139453550548,high_c,0.5324296171312083,0.2737377942963516,0.49334083345798235
GO:0004725,protein tyrosine phosphatase activity,molecular_function,17,6011,0.6902511564705882,0.7244528781452337,-0.138452177667864,43895.0,0.3235470182935999,low_c,0.5359519310664975,0.27087415995036246,0.4900625981431277
GO:0032456,endocytic recycling,biological_process,22,6011,0.6976003168181818,0.7244528781452337,-0.12167762109321634,57863.0,0.3238586600421274,low_c,0.5359567529391165,0.27087025269090625,0.48964448533782157
GO:0009145,purine nucleoside triphosphate biosynthetic process,biological_process,16,6011,0.7787381143750001,0.7244528781452337,0.14165971643035857,54754.0,0.3270927394085109,high_c,0.5402787779383206,0.26738209114170997,0.4853290959539408
GO:0009206,purine ribonucleoside triphosphate biosynthetic process,biological_process,16,6011,0.7787381143750001,0.7244528781452337,0.14165971643035857,54754.0,0.3270927394085109,high_c,0.5402787779383206,0.26738209114170997,0.4853290959539408
GO:0009116,nucleoside metabolic process,biological_process,16,6011,0.6885264262499999,0.7244528781452337,-0.14145120934111755,41176.0,0.3278053150473538,low_c,0.5404273759944977,0.2672626593868501,0.4843840090418367
GO:0000280,nuclear division,biological_process,18,6011,0.761981268888889,0.7244528781452337,0.13339636983888603,61132.0,0.32775744245683514,high_c,0.5404273759944977,0.2672626593868501,0.4844474379102269
GO:0061572,actin filament bundle organization,biological_process,18,6011,0.7046612594444444,0.7244528781452337,-0.13291432597289432,46768.0,0.3295085663594076,low_c,0.5407974825526034,0.2669653387307281,0.48213329040453584
GO:0016891,"RNA endonuclease activity producing 5'-phosphomonoesters, hydrolytic mechanism",molecular_function,20,6011,0.700160892,0.7244528781452337,-0.1262560507427808,52346.0,0.3289648204922544,low_c,0.5407974825526034,0.2669653387307281,0.4828505430317582
GO:0070192,chromosome organization involved in meiotic cell cycle,biological_process,38,6011,0.6989018623684212,0.7244528781452337,-0.09174619119370497,103075.0,0.3288900987652602,low_c,0.5407974825526034,0.2669653387307281,0.482949200753701
GO:0019209,kinase activator activity,molecular_function,25,6011,0.7057458356,0.7244528781452337,-0.11290344136318076,66377.0,0.32926363185359775,low_c,0.5407974825526034,0.2669653387307281,0.48245623575496543
GO:0032271,regulation of protein polymerization,biological_process,38,6011,0.7081685260526316,0.7244528781452337,-0.09161401746455544,103090.0,0.3295874058413908,low_c,0.5407974825526034,0.2669653387307281,0.4820293918720342
GO:0006869,lipid transport,biological_process,84,6011,0.7152347160714285,0.7244528781452337,-0.06166293073666107,233584.0,0.3311039947425364,low_c,0.5417497972413224,0.2662012425498912,0.4800355794890236
GO:0032008,positive regulation of TOR signaling,biological_process,15,6011,0.6916790299999998,0.7244528781452337,-0.14520791638870356,38440.0,0.33069607198719064,low_c,0.5417497972413224,0.2662012425498912,0.4805709636119075
GO:0051383,kinetochore organization,biological_process,16,6011,0.6913360675,0.7244528781452337,-0.14055462885738113,41219.0,0.33088085932291744,low_c,0.5417497972413224,0.2662012425498912,0.4803283550246951
GO:0031491,nucleosome binding,molecular_function,31,6011,0.7053084593548388,0.7244528781452337,-0.10053943251699216,83371.0,0.3335782793302825,low_c,0.5452842682837763,0.26337703173936977,0.47680223583439263
GO:0046486,glycerolipid metabolic process,biological_process,123,6011,0.7493680328455286,0.7244528781452337,0.05054513520678694,380415.0,0.336628148466667,high_c,0.5497520844196933,0.2598331153091373,0.47284957162631364
GO:0042138,meiotic DNA double-strand break formation,biological_process,18,6011,0.6887974911111111,0.7244528781452337,-0.13065242783247122,46890.0,0.33780614776173534,low_c,0.5508323776583273,0.25898054004714344,0.4713324509322619
GO:0000922,spindle pole,cellular_component,25,6011,0.7059012088000002,0.7244528781452337,-0.11089876378215835,66527.0,0.337924240902142,low_c,0.5508323776583273,0.25898054004714344,0.47118065311286
GO:0001510,RNA methylation,biological_process,47,6011,0.7541915014893615,0.7244528781452337,0.08085391783324059,151486.0,0.3389689150761319,high_c,0.5520169198613181,0.2580476105139369,0.46984012666385655
GO:0032940,secretion by cell,biological_process,48,6011,0.7114011552083334,0.7244528781452337,-0.07976270333724633,131697.0,0.34048766518070284,low_c,0.5531694476422601,0.25714181461983887,0.46789861661753274
GO:0046903,secretion,biological_process,48,6011,0.7114011552083334,0.7244528781452337,-0.07976270333724633,131697.0,0.34048766518070284,low_c,0.5531694476422601,0.25714181461983887,0.46789861661753274
GO:0006384,transcription initiation at RNA polymerase III promoter,biological_process,23,6011,0.7101891256521738,0.7244528781452337,-0.11495454677470884,60946.0,0.3406325688534424,low_c,0.5531694476422601,0.25714181461983887,0.46771383025153396
GO:1903725,regulation of phospholipid metabolic process,biological_process,17,6011,0.7060953047058822,0.7244528781452337,-0.13281909360340738,44182.0,0.3436249850590364,low_c,0.5575074523948478,0.253749322876524,0.46391526603178745
GO:0051051,negative regulation of transport,biological_process,18,6011,0.6890883211111112,0.7244528781452337,-0.128742792517196,46993.0,0.344915064682924,low_c,0.5590780133422559,0.2525275867466752,0.46228783675529267
GO:0043543,protein acylation,biological_process,22,6011,0.6979768886363638,0.7244528781452337,-0.1162737746474597,58219.0,0.34581265734223965,low_c,0.560010049576612,0.25180417935718025,0.4611591148409022
GO:0009894,regulation of catabolic process,biological_process,170,6011,0.7223320508235295,0.7244528781452337,-0.04228526541587363,475491.0,0.3465846057841919,low_c,0.5607370695632405,0.25124073233630984,0.4601907312108318
GO:0065008,regulation of biological quality,biological_process,245,6011,0.7401878960816326,0.7244528781452337,0.035276462301882194,731252.0,0.3489713881275567,high_c,0.5640729327648402,0.24866473954584065,0.4572101790227769
GO:0051017,actin filament bundle assembly,biological_process,16,6011,0.701219654375,0.7244528781452337,-0.134466221851543,41511.0,0.35225765054988845,low_c,0.5688551454461455,0.24499830925071153,0.4531395658395605
GO:0000978,RNA polymerase II cis-regulatory region sequence-specific DNA binding,molecular_function,107,6011,0.7504142283177571,0.7244528781452337,0.05230099029962254,332384.0,0.3531138334274494,high_c,0.5697078204740262,0.2443478188698007,0.4520852683799035
GO:0048585,negative regulation of response to stimulus,biological_process,61,6011,0.7547752616393443,0.7244528781452337,0.06882490701198507,193965.0,0.35434425505292977,high_c,0.5706323068384843,0.24364364402753264,0.45057460401728583
GO:0072659,protein localization to plasma membrane,biological_process,27,6011,0.7665805303703705,0.7244528781452337,0.10321350762527226,89122.0,0.35408215523129427,high_c,0.5706323068384843,0.24364364402753264,0.4508959599401745
GO:0016078,tRNA decay,biological_process,18,6011,0.7094017544444444,0.7244528781452337,-0.12599885051078108,47141.0,0.3552955694294486,low_c,0.5716340208800026,0.24288193201407055,0.44941020817163296
GO:0044088,regulation of vacuole organization,biological_process,32,6011,0.697201526875,0.7244528781452337,-0.09426743602609133,86646.0,0.35703006352870736,low_c,0.5720008814793769,0.2426033019389088,0.44729521280964424
GO:0006890,"retrograde vesicle-mediated transport, Golgi to endoplasmic reticulum",biological_process,36,6011,0.7074239652777777,0.7244528781452337,-0.08887959088795905,97991.0,0.35717105732928833,low_c,0.5720008814793769,0.2426033019389088,0.44712374057701376
GO:0032881,regulation of polysaccharide metabolic process,biological_process,20,6011,0.762924786,0.7244528781452337,0.11916207644800525,67049.0,0.3568690496026806,high_c,0.5720008814793769,0.2426033019389088,0.4474911157306102
GO:0071824,protein-DNA complex organization,biological_process,144,6011,0.7245493673611111,0.7244528781452337,-0.04491458818627725,403451.0,0.3564339080212757,low_c,0.5720008814793769,0.2426033019389088,0.44802098767092274
GO:0072528,pyrimidine-containing compound biosynthetic process,biological_process,34,6011,0.7417959047058824,0.7244528781452337,0.09165526675786584,110922.0,0.3560463731086634,high_c,0.5720008814793769,0.2426033019389088,0.4484934338428316
GO:0033108,mitochondrial respiratory chain complex assembly,biological_process,57,6011,0.7062743077192983,0.7244528781452337,-0.07064099617535613,157702.0,0.35796698753171874,low_c,0.57274718005075,0.24203704040380003,0.4461570230597248
GO:0046173,polyol biosynthetic process,biological_process,19,6011,0.7644543657894737,0.7244528781452337,0.12186424003935081,63861.0,0.3583796650207963,high_c,0.5728794645267978,0.24193674521859934,0.4456566408062443
GO:0005635,nuclear envelope,cellular_component,111,6011,0.7178361126126127,0.7244528781452337,-0.0506581157428615,310862.0,0.3598006328118294,low_c,0.5746218018043568,0.24061790040514958,0.44393807715932815
GO:2000142,regulation of DNA-templated transcription initiation,biological_process,46,6011,0.7597630676086955,0.7244528781452337,0.07805678049491593,147904.0,0.36107131407997806,high_c,0.5751688280484578,0.24020465908794672,0.4424070134608488
GO:0070201,regulation of establishment of protein localization,biological_process,29,6011,0.7518674824137931,0.7244528781452337,0.09820265393882788,95257.0,0.36091049620947424,high_c,0.5751688280484578,0.24020465908794672,0.4426004873514952
GO:0110156,mRNA methylguanosine-cap decapping,biological_process,21,6011,0.7684108661904762,0.7244528781452337,0.11527148421973132,70145.0,0.36113710977696944,high_c,0.5751688280484578,0.24020465908794672,0.4423278819877962
GO:0032541,cortical endoplasmic reticulum,cellular_component,31,6011,0.7049470129032257,0.7244528781452337,-0.0945085769770202,83930.0,0.36338864882637834,low_c,0.577610897557414,0.23836462169810324,0.4396286428757048
GO:0098827,endoplasmic reticulum subcompartment,cellular_component,35,6011,0.7082227122857143,0.7244528781452337,-0.08886020271562445,95287.0,0.36400133751602015,low_c,0.577610897557414,0.23836462169810324,0.43889702054116436
GO:0005543,phospholipid binding,molecular_function,106,6011,0.718091071509434,0.7244528781452337,-0.05136676625181724,296889.0,0.36399211108598906,low_c,0.577610897557414,0.23836462169810324,0.43890802884806074
GO:0071782,endoplasmic reticulum tubular network,cellular_component,35,6011,0.7082227122857143,0.7244528781452337,-0.08886020271562445,95287.0,0.36400133751602015,low_c,0.577610897557414,0.23836462169810324,0.43889702054116436
GO:0016773,"phosphotransferase activity, alcohol group as acceptor",molecular_function,202,6011,0.7206898638613861,0.7244528781452337,-0.037476841159757246,564721.0,0.36449147092465306,low_c,0.5778604507079431,0.23817702802377425,0.4383126296881102
GO:0016469,proton-transporting two-sector ATPase complex,cellular_component,16,6011,0.770227195,0.7244528781452337,0.1307547956630526,54231.0,0.36570808828585455,high_c,0.5782051377634275,0.2379180536332051,0.43686543435960506
GO:1904669,ATP export,biological_process,17,6011,0.6914235294117647,0.7244528781452337,-0.1268719700092249,44485.0,0.3656668740977356,low_c,0.5782051377634275,0.2379180536332051,0.4369143807835756
GO:0072330,monocarboxylic acid biosynthetic process,biological_process,42,6011,0.7526061880952382,0.7244528781452337,0.08097392081308996,135499.0,0.36513222152746727,high_c,0.5782051377634275,0.2379180536332051,0.4375498405257121
GO:0019363,pyridine nucleotide biosynthetic process,biological_process,18,6011,0.7663369027777778,0.7244528781452337,0.12282848508445032,60562.0,0.3675319976572754,high_c,0.57897962607353,0.23733671855153018,0.43470484487623706
GO:0015175,neutral L-amino acid transmembrane transporter activity,molecular_function,15,6011,0.7738096720000001,0.7244528781452337,0.13477874138314427,51031.0,0.3666082153474294,high_c,0.57897962607353,0.23733671855153018,0.4357978071313614
GO:0000290,deadenylation-dependent decapping of nuclear-transcribed mRNA,biological_process,18,6011,0.7777212849999999,0.7244528781452337,0.12282848508445032,60562.0,0.3675319976572754,high_c,0.57897962607353,0.23733671855153018,0.43470484487623706
GO:0062013,positive regulation of small molecule metabolic process,biological_process,29,6011,0.7172985527586206,0.7244528781452337,-0.09686530856938635,78337.0,0.36748796711787446,low_c,0.57897962607353,0.23733671855153018,0.43475687671546953
GO:0005769,early endosome,cellular_component,15,6011,0.7017020486666667,0.7244528781452337,-0.13442294863242166,38925.0,0.36787478393245265,low_c,0.5789942202236971,0.23732577157046283,0.4342999799707454
GO:0051031,tRNA transport,biological_process,25,6011,0.7476320595999999,0.7244528781452337,0.10397594386902775,82605.0,0.3689450854422205,high_c,0.5797153201494957,0.23678522236776275,0.43303827032930253
GO:0006369,termination of RNA polymerase II transcription,biological_process,34,6011,0.7570361541176471,0.7244528781452337,0.08921453808225643,110674.0,0.36900082302142434,high_c,0.5797153201494957,0.23678522236776275,0.43297266518710636
GO:0000785,chromatin,cellular_component,176,6011,0.7208131960227273,0.7244528781452337,-0.039617901378826814,493137.0,0.36981121291974384,low_c,0.580322048959692,0.23633092838495853,0.4320199248822443
GO:0010570,regulation of filamentous growth,biological_process,51,6011,0.7448465892156864,0.7244528781452337,0.07278589288064219,163042.0,0.37005559228017226,high_c,0.580322048959692,0.23633092838495853,0.4317330283467088
GO:1903432,regulation of TORC1 signaling,biological_process,30,6011,0.704503926,0.7244528781452337,-0.09446580839324525,81240.0,0.3714208229138477,low_c,0.58143475437668,0.23549901249867386,0.43013375212267757
GO:0003678,DNA helicase activity,molecular_function,43,6011,0.7093963144186047,0.7244528781452337,-0.07898715630650288,118177.0,0.37143498997911184,low_c,0.58143475437668,0.23549901249867386,0.43011718718998687
GO:0048878,chemical homeostasis,biological_process,240,6011,0.7355033287083332,0.7244528781452337,0.033900825968925075,715997.0,0.37281291189557786,high_c,0.583065959505156,0.23428231277310896,0.42850905482692464
GO:0042273,ribosomal large subunit biogenesis,biological_process,60,6011,0.7482882338333335,0.7244528781452337,0.0663193860975746,190370.0,0.3760460318503839,high_c,0.587381074250371,0.23108005080103666,0.42475898976651505
GO:0051223,regulation of protein transport,biological_process,26,6011,0.7499645534615385,0.7244528781452337,0.10041771094402674,85618.0,0.3762564843603424,high_c,0.587381074250371,0.23108005080103666,0.42451600675318624
GO:0046695,SLIK (SAGA-like) complex,cellular_component,16,6011,0.699276450625,0.7244528781452337,-0.127814845704754,41830.0,0.3765870597008427,low_c,0.587381074250371,0.23108005080103666,0.4241346073068014
GO:0031334,positive regulation of protein-containing complex assembly,biological_process,37,6011,0.7574788791891894,0.7244528781452337,0.08411223409549495,119815.0,0.3770608110396667,high_c,0.5875920717817427,0.2309240726582776,0.42358860266104054
GO:0110085,mitotic actomyosin contractile ring,cellular_component,19,6011,0.7024321221052631,0.7244528781452337,-0.11698053545077647,50265.0,0.37796761580840155,low_c,0.5884769336711974,0.2302705553789866,0.4225454088352802
GO:0007015,actin filament organization,biological_process,65,6011,0.7543811161538462,0.7244528781452337,0.06338068255323548,205493.0,0.378775024743893,high_c,0.5892055940460558,0.2297331385235673,0.42161866476248044
GO:1905819,negative regulation of chromosome separation,biological_process,23,6011,0.7016468617391303,0.7244528781452337,-0.10595103249978222,61566.0,0.37979355118490055,low_c,0.5892060811948056,0.2297327794537815,0.42045241376590464
GO:0051985,negative regulation of chromosome segregation,biological_process,23,6011,0.7016468617391303,0.7244528781452337,-0.10595103249978222,61566.0,0.37979355118490055,low_c,0.5892060811948056,0.2297327794537815,0.42045241376590464
GO:1902100,negative regulation of metaphase/anaphase transition of cell cycle,biological_process,23,6011,0.7016468617391303,0.7244528781452337,-0.10595103249978222,61566.0,0.37979355118490055,low_c,0.5892060811948056,0.2297327794537815,0.42045241376590464
GO:0000077,DNA damage checkpoint signaling,biological_process,44,6011,0.7109473745454545,0.7244528781452337,-0.07635937047701757,121250.0,0.38213497579797917,low_c,0.5917808367397787,0.22783910242803704,0.417783210673537
GO:0042770,signal transduction in response to DNA damage,biological_process,44,6011,0.7109473745454545,0.7244528781452337,-0.07635937047701757,121250.0,0.38213497579797917,low_c,0.5917808367397787,0.22783910242803704,0.417783210673537
GO:0043467,regulation of generation of precursor metabolites and energy,biological_process,30,6011,0.754896292,0.7244528781452337,0.09175723123223545,97947.0,0.38529272204755294,high_c,0.5942990632895591,0.2259949542588631,0.4142091944763313
GO:0006914,autophagy,biological_process,186,6011,0.7121282031720431,0.7244528781452337,-0.03732705708615991,521504.0,0.38545028019322003,low_c,0.5942990632895591,0.2259949542588631,0.4140316342935042
GO:0019208,phosphatase regulator activity,molecular_function,41,6011,0.708293407804878,0.7244528781452337,-0.07853086571066714,112774.0,0.38547277952997894,low_c,0.5942990632895591,0.2259949542588631,0.4140062845840088
GO:2001251,negative regulation of chromosome organization,biological_process,31,6011,0.7046788906451613,0.7244528781452337,-0.09025784874312226,84324.0,0.3853703965882136,low_c,0.5942990632895591,0.2259949542588631,0.4141216500650528
GO:0071027,nuclear RNA surveillance,biological_process,32,6011,0.7113109603125,0.7244528781452337,-0.08906171600602109,87144.0,0.3842054585153939,low_c,0.5942990632895591,0.2259949542588631,0.4154364692862071
GO:0002183,cytoplasmic translational initiation,biological_process,16,6011,0.773069208125,0.7244528781452337,0.12445788156797333,53929.0,0.3892504920327796,high_c,0.5972187927089753,0.22386653476918836,0.40977082978877966
GO:2000765,regulation of cytoplasmic translation,biological_process,18,6011,0.7550832233333333,0.7244528781452337,0.11722936017946872,60260.0,0.38977470745349596,high_c,0.5972187927089753,0.22386653476918836,0.4091863457462642
GO:0009201,ribonucleoside triphosphate biosynthetic process,biological_process,20,6011,0.7666416725,0.7244528781452337,0.11141712568853279,66585.0,0.38898463324717003,high_c,0.5972187927089753,0.22386653476918836,0.4100675550439029
GO:0048471,perinuclear region of cytoplasm,cellular_component,22,6011,0.7591788495454547,0.7244528781452337,0.10624022829733293,72878.0,0.38902570460082364,high_c,0.5972187927089753,0.22386653476918836,0.41002170202266425
GO:0032005,signal transduction involved in positive regulation of conjugation with cellular fusion,biological_process,24,6011,0.7003845441666666,0.7244528781452337,-0.10159512276599303,64545.0,0.38967327959743103,low_c,0.5972187927089753,0.22386653476918836,0.4092993733226534
GO:0000124,SAGA complex,cellular_component,19,6011,0.7037826615789474,0.7244528781452337,-0.1141873375026351,50424.0,0.389461616935716,low_c,0.5972187927089753,0.22386653476918836,0.40953533741225634
GO:0000750,pheromone-dependent signal transduction involved in conjugation with cellular fusion,biological_process,24,6011,0.7003845441666666,0.7244528781452337,-0.10159512276599303,64545.0,0.38967327959743103,low_c,0.5972187927089753,0.22386653476918836,0.4092993733226534
GO:0030660,Golgi-associated vesicle membrane,cellular_component,18,6011,0.7016595699999999,0.7244528781452337,-0.1171366594360087,47619.0,0.390149721891046,low_c,0.597266240919626,0.22383203204124705,0.40876869832483237
GO:0044182,filamentous growth of a population of unicellular organisms,biological_process,75,6011,0.7494972957333333,0.7244528781452337,0.057475292003593914,235394.0,0.3916497789333211,high_c,0.5972769885519388,0.22382421710865702,0.4071021142587824
GO:0031400,negative regulation of protein modification process,biological_process,16,6011,0.7516011499999999,0.7244528781452337,0.12406171809841537,53910.0,0.3907618412773488,high_c,0.5972769885519388,0.22382421710865702,0.408087852660043
GO:0070783,growth of unicellular organism as a thread of attached cells,biological_process,75,6011,0.7494972957333333,0.7244528781452337,0.057475292003593914,235394.0,0.3916497789333211,high_c,0.5972769885519388,0.22382421710865702,0.4071021142587824
GO:0031984,organelle subcompartment,cellular_component,109,6011,0.7169251376146788,0.7244528781452337,-0.04778974006634351,306287.0,0.3918770103460013,low_c,0.5972769885519388,0.22382421710865702,0.4068502138700298
GO:0120009,intermembrane lipid transfer,biological_process,15,6011,0.6938687026666667,0.7244528781452337,-0.12799644207249272,39214.0,0.391219197049438,low_c,0.5972769885519388,0.22382421710865702,0.40757984261632607
GO:0009653,anatomical structure morphogenesis,biological_process,18,6011,0.7716451916666667,0.7244528781452337,0.11635797319094499,60213.0,0.3933084946111759,high_c,0.5978840163266211,0.22338305673863218,0.40526667366927605
GO:0000902,cell morphogenesis,biological_process,18,6011,0.7716451916666667,0.7244528781452337,0.11635797319094499,60213.0,0.3933084946111759,high_c,0.5978840163266211,0.22338305673863218,0.40526667366927605
GO:0140053,mitochondrial gene expression,biological_process,23,6011,0.7035878847826088,0.7244528781452337,-0.1030757166506927,61764.0,0.3928610739575332,low_c,0.5978840163266211,0.22338305673863218,0.40576100046520897
GO:1990778,protein localization to cell periphery,biological_process,38,6011,0.7565891973684211,0.7244528781452337,0.07997391771744788,122563.0,0.39473225378812904,high_c,0.5995233530850324,0.22219389527000202,0.40369738571519337
GO:0051286,cell tip,cellular_component,129,6011,0.7222807887596898,0.7244528781452337,-0.043580599332083914,362855.0,0.39644588795314617,low_c,0.6010742895080015,0.2210718482476626,0.4018160824122288
GO:0060187,cell pole,cellular_component,129,6011,0.7222807887596898,0.7244528781452337,-0.043580599332083914,362855.0,0.39644588795314617,low_c,0.6010742895080015,0.2210718482476626,0.4018160824122288
GO:0008134,transcription factor binding,molecular_function,72,6011,0.7539723801388889,0.7244528781452337,0.057950272211932496,226194.0,0.3972901294519743,high_c,0.6011661223403325,0.22100550129737973,0.40089222472010067
GO:0072666,establishment of protein localization to vacuole,biological_process,124,6011,0.7077957839516129,0.7244528781452337,-0.04436237308010538,348802.0,0.3971832270976633,low_c,0.6011661223403325,0.22100550129737973,0.4010090998864663
GO:0030120,vesicle coat,cellular_component,23,6011,0.7652175365217392,0.7244528781452337,0.10205919084545911,75890.0,0.39754533896699407,high_c,0.6011661223403325,0.22100550129737973,0.4006133340758981
GO:0032885,regulation of polysaccharide biosynthetic process,biological_process,16,6011,0.757503045,0.7244528781452337,0.1220600500417015,53814.0,0.3984524932713599,high_c,0.6014900246252876,0.22077157079482024,0.3996234512816816
GO:0010962,regulation of glucan biosynthetic process,biological_process,16,6011,0.757503045,0.7244528781452337,0.1220600500417015,53814.0,0.3984524932713599,high_c,0.6014900246252876,0.22077157079482024,0.3996234512816816
GO:0006633,fatty acid biosynthetic process,biological_process,23,6011,0.7615241917391304,0.7244528781452337,0.1015073625511893,75852.0,0.4001022670583372,high_c,0.6029318885531887,0.21973174606258275,0.3978289878158626
GO:1901992,positive regulation of mitotic cell cycle phase transition,biological_process,38,6011,0.7173489515789475,0.7244528781452337,-0.07909275952311723,104511.0,0.39996196892929414,low_c,0.6029318885531887,0.21973174606258275,0.39798130234549306
GO:0043574,peroxisomal transport,biological_process,24,6011,0.7661428525000001,0.7244528781452337,0.0988530705417292,78946.0,0.40259742070837234,high_c,0.6051161232465233,0.2181612751890269,0.39512901180133686
GO:0015919,peroxisomal membrane transport,biological_process,24,6011,0.7661428525000001,0.7244528781452337,0.0988530705417292,78946.0,0.40259742070837234,high_c,0.6051161232465233,0.2181612751890269,0.39512901180133686
GO:0051453,regulation of intracellular pH,biological_process,32,6011,0.7541914456250001,0.7244528781452337,0.08567486201705976,103860.0,0.4025472113549572,high_c,0.6051161232465233,0.2181612751890269,0.39518317758544086
GO:0000977,RNA polymerase II transcription regulatory region sequence-specific DNA binding,molecular_function,124,6011,0.7473805744354839,0.7244528781452337,0.043400713436385185,380835.0,0.4074957623922084,high_c,0.6108917474204437,0.2140357417430457,0.3898769031921014
GO:0006664,glycolipid metabolic process,biological_process,38,6011,0.7604148502631579,0.7244528781452337,0.07785032646911105,122322.0,0.4074062463962139,high_c,0.6108917474204437,0.2140357417430457,0.3899723166352874
GO:1903509,liposaccharide metabolic process,biological_process,38,6011,0.7604148502631579,0.7244528781452337,0.07785032646911105,122322.0,0.4074062463962139,high_c,0.6108917474204437,0.2140357417430457,0.3899723166352874
GO:0022613,ribonucleoprotein complex biogenesis,biological_process,138,6011,0.7429013946376811,0.7244528781452337,0.041059922958663675,421876.0,0.40897053824938145,high_c,0.6125736448670631,0.2128416920462965,0.3883079769231736
GO:0031167,rRNA methylation,biological_process,17,6011,0.758689291764706,0.7244528781452337,0.11546840958605675,56832.0,0.4103351206671886,high_c,0.6130307826835106,0.21251771730224972,0.38686131008841085
GO:0070847,core mediator complex,cellular_component,20,6011,0.7149589925000001,0.7244528781452337,-0.10662660657653145,53522.0,0.4097021692151366,low_c,0.6130307826835106,0.21251771730224972,0.387531736618813
GO:0019210,kinase inhibitor activity,molecular_function,19,6011,0.7541192252631579,0.7244528781452337,0.10928606563136811,63145.0,0.41013735128983775,high_c,0.6130307826835106,0.21251771730224972,0.3870706776269256
GO:0005938,cell cortex,cellular_component,66,6011,0.718744073030303,0.7244528781452337,-0.0586640161072457,184676.0,0.41174446338362924,low_c,0.6146073847239728,0.21140222584728752,0.3853722319593122
GO:0006970,response to osmotic stress,biological_process,88,6011,0.7183874932954546,0.7244528781452337,-0.0507497736098107,247386.0,0.41311224139740343,low_c,0.6161192878572959,0.21033519523373953,0.38393193576034296
GO:0006353,DNA-templated transcription termination,biological_process,68,6011,0.7501346920588235,0.7244528781452337,0.05748730587641426,213678.0,0.41431575438555046,high_c,0.6173838194105713,0.2094447568312263,0.38266855230966157
GO:0031124,mRNA 3'-end processing,biological_process,30,6011,0.751880387,0.7244528781452337,0.08620632001337558,97449.0,0.4146940495662733,high_c,0.6174175557864927,0.20942102585359695,0.3822721962710748
GO:0016073,snRNA metabolic process,biological_process,31,6011,0.7565991883870966,0.7244528781452337,0.08408674074873224,100484.0,0.41869330475671185,high_c,0.6228376838540289,0.20562511897682212,0.37810398377192506
GO:0000184,"nuclear-transcribed mRNA catabolic process, nonsense-mediated decay",biological_process,24,6011,0.6859469979166667,0.7244528781452337,-0.09517844218027949,65006.0,0.4203143462139789,low_c,0.6234574261807966,0.2051931976883011,0.37642578635612306
GO:0061733,protein-lysine-acetyltransferase activity,molecular_function,23,6011,0.7066115960869566,0.7244528781452337,-0.09710725799424935,62175.0,0.4208418297787445,low_c,0.6234574261807966,0.2051931976883011,0.37588109979721923
GO:0051503,adenine nucleotide transport,biological_process,33,6011,0.7110464175757575,0.7244528781452337,-0.08114602025609052,90633.0,0.4207872901705899,low_c,0.6234574261807966,0.2051931976883011,0.3759373864687196
GO:0005811,lipid droplet,cellular_component,66,6011,0.7475217092424242,0.7244528781452337,0.05752223666437284,207470.0,0.4209055895644548,high_c,0.6234574261807966,0.2051931976883011,0.3758153068467024
GO:0033043,regulation of organelle organization,biological_process,277,6011,0.7209214763537907,0.7244528781452337,-0.028651693174792436,771405.0,0.41989440382577203,low_c,0.6234574261807966,0.2051931976883011,0.37685991341584096
GO:0008757,S-adenosylmethionine-dependent methyltransferase activity,molecular_function,82,6011,0.7158085424390245,0.7244528781452337,-0.051372131194747594,230601.0,0.4236371539653959,low_c,0.6240751647174994,0.20476309997120254,0.3730059582563382
GO:0071692,protein localization to extracellular region,biological_process,15,6011,0.768819654,0.7244528781452337,0.11965754947742946,50351.0,0.42281682108355734,high_c,0.6240751647174994,0.20476309997120254,0.3738477433171851
GO:0001403,invasive growth in response to glucose limitation,biological_process,43,6011,0.7170596976744187,0.7244528781452337,-0.0704220961406572,119276.0,0.4255295036115285,low_c,0.6240751647174994,0.20476309997120254,0.3710703232139963
GO:0007089,traversing start control point of mitotic cell cycle,biological_process,17,6011,0.7733391000000001,0.7244528781452337,0.11199434728846502,56655.0,0.42456215913298,high_c,0.6240751647174994,0.20476309997120254,0.3720587167458403
GO:1902808,positive regulation of cell cycle G1/S phase transition,biological_process,17,6011,0.7733391000000001,0.7244528781452337,0.11199434728846502,56655.0,0.42456215913298,high_c,0.6240751647174994,0.20476309997120254,0.3720587167458403
GO:0005802,trans-Golgi network,cellular_component,49,6011,0.7111270434693878,0.7244528781452337,-0.06607151414742352,136418.0,0.42504744598491406,low_c,0.6240751647174994,0.20476309997120254,0.3715625890571092
GO:1900087,positive regulation of G1/S transition of mitotic cell cycle,biological_process,17,6011,0.7733391000000001,0.7244528781452337,0.11199434728846502,56655.0,0.42456215913298,high_c,0.6240751647174994,0.20476309997120254,0.3720587167458403
GO:0019899,enzyme binding,molecular_function,181,6011,0.7249459075138122,0.7244528781452337,-0.035010376884660244,509143.0,0.4217671873490294,low_c,0.6240751647174994,0.20476309997120254,0.3749272105319601
GO:0015868,purine ribonucleotide transport,biological_process,31,6011,0.7102808574193549,0.7244528781452337,-0.08323443737188474,84975.0,0.4234252784788105,low_c,0.6240751647174994,0.20476309997120254,0.37322321817265414
GO:0015867,ATP transport,biological_process,31,6011,0.7102808574193549,0.7244528781452337,-0.08323443737188474,84975.0,0.4234252784788105,low_c,0.6240751647174994,0.20476309997120254,0.37322321817265414
GO:0031985,Golgi cisterna,cellular_component,21,6011,0.7637503133333334,0.7244528781452337,0.1005644327848001,69220.0,0.42563651787184287,high_c,0.6240751647174994,0.20476309997120254,0.3709611184247747
GO:0043937,regulation of sporulation,biological_process,17,6011,0.7708329758823529,0.7244528781452337,0.11236726923001439,56674.0,0.42302128925361404,high_c,0.6240751647174994,0.20476309997120254,0.373637775479073
GO:0000278,mitotic cell cycle,biological_process,40,6011,0.70287112775,0.7244528781452337,-0.07291910902696364,110712.0,0.4260234902110085,low_c,0.6241154253217812,0.2047350834832987,0.3705664539776491
GO:0009247,glycolipid biosynthetic process,biological_process,35,6011,0.7587676548571428,0.7244528781452337,0.07751004016064256,112686.0,0.4284707812725137,high_c,0.6269872906615666,0.2027412624412012,0.3680787885943994
GO:0031501,mannosyltransferase complex,cellular_component,18,6011,0.7655690844444444,0.7244528781452337,0.1077924244952444,59751.0,0.42906733946194764,high_c,0.6269872906615666,0.2027412624412012,0.36747454263649953
GO:0044089,positive regulation of cellular component biogenesis,biological_process,70,6011,0.7447180368571428,0.7244528781452337,0.05490177218842418,219351.0,0.4290281699437656,high_c,0.6269872906615666,0.2027412624412012,0.36751419114981915
GO:0016788,"hydrolase activity, acting on ester bonds",molecular_function,276,6011,0.7239605427536232,0.7244528781452337,-0.02811493120048525,769179.0,0.4294506741485429,low_c,0.6270196554431207,0.20271884494808645,0.36708671116986796
GO:0008289,lipid binding,molecular_function,144,6011,0.7200197150694445,0.7244528781452337,-0.03838560309073347,406209.0,0.4306232705456028,low_c,0.6282033593841735,0.20189974549544437,0.3659025049433867
GO:0031577,spindle checkpoint signaling,biological_process,38,6011,0.7127172968421052,0.7244528781452337,-0.07398204199599956,105091.0,0.4311069106139961,low_c,0.6283808537581,0.2017770560220742,0.3654150153797698
GO:0032956,regulation of actin cytoskeleton organization,biological_process,63,6011,0.7506031190476191,0.7244528781452337,0.05739157353145252,198115.0,0.432596442295328,high_c,0.6288011438262523,0.20148667696073216,0.3639170565517141
GO:0019888,protein phosphatase regulator activity,molecular_function,40,6011,0.7093740105,0.7244528781452337,-0.07188913079886117,110835.0,0.4325882012329332,low_c,0.6288011438262523,0.20148667696073216,0.36392533004096284
GO:0032970,regulation of actin filament-based process,biological_process,63,6011,0.7506031190476191,0.7244528781452337,0.05739157353145252,198115.0,0.432596442295328,high_c,0.6288011438262523,0.20148667696073216,0.3639170565517141
GO:0051783,regulation of nuclear division,biological_process,73,6011,0.7157252897260274,0.7244528781452337,-0.053331918408024426,205178.0,0.43284410534122786,low_c,0.6288011438262523,0.20148667696073216,0.36366849251704875
GO:0019395,fatty acid oxidation,biological_process,17,6011,0.773372585882353,0.7244528781452337,0.1097371881685607,56540.0,0.4339582412806745,high_c,0.6288730067149167,0.20143704621015796,0.3625520595518149
GO:0034440,lipid oxidation,biological_process,17,6011,0.773372585882353,0.7244528781452337,0.1097371881685607,56540.0,0.4339582412806745,high_c,0.6288730067149167,0.20143704621015796,0.3625520595518149
GO:0070550,rDNA chromatin condensation,biological_process,16,6011,0.683245345,0.7244528781452337,-0.11301084236864056,42540.0,0.43434258931519887,low_c,0.6288730067149167,0.20143704621015796,0.36216758395178233
GO:0017025,TBP-class protein binding,molecular_function,15,6011,0.7685211720000001,0.7244528781452337,0.11676673337780752,50221.0,0.4341102240002922,high_c,0.6288730067149167,0.20143704621015796,0.36239998570098636
GO:0001671,ATPase activator activity,molecular_function,23,6011,0.7575889256521738,0.7244528781452337,0.09420289855072461,75349.0,0.4348704893005809,high_c,0.6291126411881737,0.2012715881529193,0.3616400629457675
GO:0030276,clathrin binding,molecular_function,15,6011,0.7714542186666665,0.7244528781452337,0.11623304425172343,50197.0,0.4362140577270577,high_c,0.6305308944331158,0.20029362922870803,0.36030034266627503
GO:0030846,"termination of RNA polymerase II transcription, poly(A)-coupled",biological_process,18,6011,0.7607925933333335,0.7244528781452337,0.1058271687338932,59645.0,0.4375306365703012,high_c,0.6319078078918826,0.19934627843343147,0.35899153160718383
GO:0006896,Golgi to vacuole transport,biological_process,28,6011,0.7004204928571428,0.7244528781452337,-0.08454907953487256,76680.0,0.439534614965978,low_c,0.6342743903415942,0.1977228234564877,0.35700691695711606
GO:1903829,positive regulation of protein localization,biological_process,29,6011,0.7597139003448277,0.7244528781452337,0.0828577687084242,93926.0,0.4407890211060048,high_c,0.6345022725041661,0.1975668181173425,0.3557692311536831
GO:0140115,export across plasma membrane,biological_process,15,6011,0.764348528,0.7244528781452337,0.11516566599955524,50149.0,0.44043930864124103,high_c,0.6345022725041661,0.1975668181173425,0.35611392774716694
GO:0002098,tRNA wobble uridine modification,biological_process,29,6011,0.754242584137931,0.7244528781452337,0.0828577687084242,93926.0,0.4407890211060048,high_c,0.6345022725041661,0.1975668181173425,0.3557692311536831
GO:0043162,ubiquitin-dependent protein catabolic process via the multivesicular body sorting pathway,biological_process,21,6011,0.6976565100000001,0.7244528781452337,-0.09687574528976861,56802.0,0.44281030702330937,low_c,0.6368837555861351,0.19593982812685792,0.3537822788699818
GO:0006885,regulation of pH,biological_process,33,6011,0.7528097363636364,0.7244528781452337,0.07692853594492943,106225.0,0.4453372608007079,high_c,0.6399879840645935,0.19382817992772308,0.35131096648308313
GO:0030866,cortical actin cytoskeleton organization,biological_process,37,6011,0.7612535097297297,0.7244528781452337,0.07261194907662927,118544.0,0.44573461864934094,high_c,0.6400291960093101,0.19380021449028406,0.35092363446998526
GO:0006354,DNA-templated transcription elongation,biological_process,85,6011,0.7506082469411766,0.7244528781452337,0.04787278394314187,263912.0,0.44788357982249183,high_c,0.640994142268628,0.1931459392675092,0.34883485924140933
GO:0008092,cytoskeletal protein binding,molecular_function,112,6011,0.7253782515178572,0.7244528781452337,-0.04183517787518465,316524.0,0.44750386146515053,low_c,0.640994142268628,0.1931459392675092,0.3492032128491384
GO:0140142,nucleocytoplasmic carrier activity,molecular_function,15,6011,0.7078504906666667,0.7244528781452337,-0.11338670224594172,39871.0,0.4475332883031061,low_c,0.640994142268628,0.1931459392675092,0.349174655568914
GO:0045324,late endosome to vacuole transport,biological_process,63,6011,0.7151645317460317,0.7244528781452337,-0.05562493995580753,176940.0,0.44689675830132103,low_c,0.640994142268628,0.1931459392675092,0.3497927956125305
GO:0060260,regulation of transcription initiation by RNA polymerase II,biological_process,45,6011,0.7567399837777777,0.7244528781452337,0.0648340596714716,142938.0,0.4530299952746504,high_c,0.6450244523998094,0.19042382127013613,0.3438730422454454
GO:0071071,regulation of phospholipid biosynthetic process,biological_process,16,6011,0.71274176125,0.7244528781452337,-0.10725604670558797,42816.0,0.45810659873277826,low_c,0.6450244523998094,0.19042382127013613,0.33903345244440736
GO:0071038,TRAMP-dependent tRNA surveillance pathway,biological_process,16,6011,0.7122160206250001,0.7244528781452337,-0.10738115095913259,42810.0,0.4575823526923414,low_c,0.6450244523998094,0.19042382127013613,0.3395307330701975
GO:1905897,regulation of response to endoplasmic reticulum stress,biological_process,19,6011,0.7064608010526316,0.7244528781452337,-0.09955379101960504,51257.0,0.4530757269306033,low_c,0.6450244523998094,0.19042382127013613,0.3438292040809602
GO:0061024,membrane organization,biological_process,204,6011,0.7382560410784316,0.7244528781452337,0.03095317686227239,610648.0,0.45172020325226525,high_c,0.6450244523998094,0.19042382127013613,0.3451304851198997
GO:0106354,tRNA surveillance,biological_process,16,6011,0.7122160206250001,0.7244528781452337,-0.10738115095913259,42810.0,0.4575823526923414,low_c,0.6450244523998094,0.19042382127013613,0.3395307330701975
GO:0044743,protein transmembrane import into intracellular organelle,biological_process,19,6011,0.76531331,0.7244528781452337,0.09929028177921428,62576.0,0.4542725527607001,high_c,0.6450244523998094,0.19042382127013613,0.3426835025529155
GO:0016558,protein import into peroxisome matrix,biological_process,19,6011,0.76531331,0.7244528781452337,0.09929028177921428,62576.0,0.4542725527607001,high_c,0.6450244523998094,0.19042382127013613,0.3426835025529155
GO:0048029,monosaccharide binding,molecular_function,17,6011,0.7577569817647059,0.7244528781452337,0.10559579187030166,56329.0,0.45150696410388014,high_c,0.6450244523998094,0.19042382127013613,0.3453355466825651
GO:0016747,"acyltransferase activity, transferring groups other than amino-acyl groups",molecular_function,110,6011,0.7415147503636363,0.7244528781452337,0.04122567823635448,337935.0,0.4581308466641504,high_c,0.6450244523998094,0.19042382127013613,0.33901046551487757
GO:0016791,phosphatase activity,molecular_function,116,6011,0.7442619916379309,0.7244528781452337,0.04037027287882777,355713.0,0.4558446644832619,high_c,0.6450244523998094,0.19042382127013613,0.3411831241133358
GO:0009895,negative regulation of catabolic process,biological_process,38,6011,0.7204654176315789,0.7244528781452337,-0.06982297531875903,105563.0,0.4574595870625553,low_c,0.6450244523998094,0.19042382127013613,0.33964726638651227
GO:0051130,positive regulation of cellular component organization,biological_process,142,6011,0.7414871044366197,0.7244528781452337,0.03656356266753691,431935.0,0.45590314661662146,high_c,0.6450244523998094,0.19042382127013613,0.341127410312801
GO:0016814,"hydrolase activity, acting on carbon-nitrogen (but not peptide) bonds, in cyclic amidines",molecular_function,17,6011,0.7602358223529412,0.7244528781452337,0.10453590845747707,56275.0,0.4560617797389088,high_c,0.6450244523998094,0.19042382127013613,0.3409763222865835
GO:0005096,GTPase activator activity,molecular_function,47,6011,0.7119537340425531,0.7244528781452337,-0.0633945517074076,131269.0,0.45342618187744366,low_c,0.6450244523998094,0.19042382127013613,0.34349340631667025
GO:1905368,peptidase complex,cellular_component,48,6011,0.7432567845833334,0.7244528781452337,0.06226591760299627,152023.0,0.456817136327872,high_c,0.6450244523998094,0.19042382127013613,0.34025761300860646
GO:0031146,SCF-dependent proteasomal ubiquitin-dependent protein catabolic process,biological_process,20,6011,0.7170948035,0.7244528781452337,-0.09687865131029882,54106.0,0.45383158129382906,low_c,0.6450244523998094,0.19042382127013613,0.3431052856559983
GO:0008170,N-methyltransferase activity,molecular_function,44,6011,0.7166025843181818,0.7244528781452337,-0.06539756539756536,122689.0,0.45415864566121733,low_c,0.6450244523998094,0.19042382127013613,0.3427924138829099
GO:0000793,condensed chromosome,cellular_component,32,6011,0.6992883974999999,0.7244528781452337,-0.07603696270279314,88390.0,0.4575370926471475,low_c,0.6450244523998094,0.19042382127013613,0.3395736918074302
GO:0036503,ERAD pathway,biological_process,55,6011,0.752180116909091,0.7244528781452337,0.0583735270773551,173351.0,0.4554969923772183,high_c,0.6450244523998094,0.19042382127013613,0.34151448630523124
GO:0043332,mating projection tip,cellular_component,119,6011,0.722601521932773,0.7244528781452337,-0.03939253909303031,336764.0,0.46123921136960455,low_c,0.6488746117809023,0.1878392179496766,0.3360737790929268
GO:0046873,metal ion transmembrane transporter activity,molecular_function,58,6011,0.7398286789655172,0.7244528781452337,0.05601927744342183,182308.0,0.4621737536666082,high_c,0.649662863453629,0.18731195801241107,0.3351947212571997
GO:0006220,pyrimidine nucleotide metabolic process,biological_process,21,6011,0.68632923,0.7244528781452337,-0.09243978058669211,57081.0,0.46397856352394595,low_c,0.6516721571825,0.18597083392278832,0.33350208401046433
GO:0004659,prenyltransferase activity,molecular_function,17,6011,0.7644372394117648,0.7244528781452337,0.10259278886729861,56176.0,0.4644790172883675,high_c,0.651847675030401,0.18585387914941878,0.33303390036077124
GO:0007530,sex determination,biological_process,16,6011,0.7729987337499999,0.7244528781452337,0.10506672226855707,52999.0,0.46733526000359027,high_c,0.6532595309951985,0.1849142452387142,0.33037145063138446
GO:0007531,mating type determination,biological_process,16,6011,0.7729987337499999,0.7244528781452337,0.10506672226855707,52999.0,0.46733526000359027,high_c,0.6532595309951985,0.1849142452387142,0.33037145063138446
GO:0008168,methyltransferase activity,molecular_function,94,6011,0.7178150911702127,0.7244528781452337,-0.04372903174768694,265938.0,0.4663195765489091,low_c,0.6532595309951985,0.1849142452387142,0.33131635205847687
GO:0006895,Golgi to endosome transport,biological_process,32,6011,0.7115600521875001,0.7244528781452337,-0.07438534872052183,88548.0,0.46736655385716386,low_c,0.6532595309951985,0.1849142452387142,0.33034237023862595
GO:1902562,H4 histone acetyltransferase complex,cellular_component,18,6011,0.7146317633333333,0.7244528781452337,-0.09907855461000792,48593.0,0.46731398945900726,low_c,0.6532595309951985,0.1849142452387142,0.33039121779034036
GO:0051666,actin cortical patch localization,biological_process,15,6011,0.7007019033333334,0.7244528781452337,-0.10818323326662216,40105.0,0.46865182066484334,low_c,0.6545290110009397,0.18407109924554668,0.32914969144437506
GO:0005777,peroxisome,cellular_component,115,6011,0.7409876403478262,0.7244528781452337,0.0392867677423161,352339.0,0.46991458688998433,high_c,0.6552383315992071,0.1836007041733461,0.3279810735820641
GO:0042579,microbody,cellular_component,115,6011,0.7409876403478262,0.7244528781452337,0.0392867677423161,352339.0,0.46991458688998433,high_c,0.6552383315992071,0.1836007041733461,0.3279810735820641
GO:0060341,regulation of cellular localization,biological_process,37,6011,0.7372608132432432,0.7244528781452337,0.06863978139505433,118105.0,0.4710151104900544,high_c,0.6562457719187276,0.18293348166336715,0.3269651601806895
GO:0060962,regulation of ribosomal protein gene transcription by RNA polymerase II,biological_process,20,6011,0.7206189365000001,0.7244528781452337,-0.09255549991654144,54365.0,0.47422968697586687,low_c,0.6596656543189943,0.1806761269973671,0.32401126249143497
GO:0000149,SNARE binding,molecular_function,33,6011,0.7129605103030302,0.7244528781452337,-0.07218386609487315,91517.0,0.4739071730379798,low_c,0.6596656543189943,0.1806761269973671,0.32430671778880915
GO:0016042,lipid catabolic process,biological_process,52,6011,0.7481187023076923,0.7244528781452337,0.057424451702015045,163831.0,0.4752132072504065,high_c,0.6604483195701398,0.18016116049250583,0.32311149783270043
GO:0030295,protein kinase activator activity,molecular_function,24,6011,0.7152507979166667,0.7244528781452337,-0.08426590947051948,65790.0,0.47555322549693246,low_c,0.6604483195701398,0.18016116049250583,0.32280086832492255
GO:0006607,NLS-bearing protein import into nucleus,biological_process,16,6011,0.683892720625,0.7244528781452337,-0.10293994995829858,43023.0,0.47639807475765983,low_c,0.6605647426352216,0.180084610310969,0.3220300022770312
GO:0046503,glycerolipid catabolic process,biological_process,16,6011,0.6998313575,0.7244528781452337,-0.10300250208507089,43020.0,0.47613015414009296,low_c,0.6605647426352216,0.180084610310969,0.3222743130393496
GO:0006386,termination of RNA polymerase III transcription,biological_process,17,6011,0.7087762788235294,0.7244528781452337,-0.09962904080551138,45873.0,0.4774822997859788,low_c,0.6615397226085069,0.17944407318209232,0.3210427230284154
GO:0000056,ribosomal small subunit export from nucleus,biological_process,15,6011,0.7709022026666668,0.7244528781452337,0.10578163219924397,49727.0,0.4785818023241434,high_c,0.662006381541604,0.17913782407246542,0.3200438190958816
GO:0000055,ribosomal large subunit export from nucleus,biological_process,32,6011,0.7587049221875,0.7244528781452337,0.07254557618330826,102604.0,0.4784523026976526,high_c,0.662006381541604,0.17913782407246542,0.32016135090220205
GO:0098876,vesicle-mediated transport to the plasma membrane,biological_process,56,6011,0.7108461692857142,0.7244528781452337,-0.05488185198512652,157589.0,0.47898797019683215,low_c,0.6620406976605896,0.17911531233348993,0.31967539377278564
GO:0016887,ATP hydrolysis activity,molecular_function,235,6011,0.7209110504255318,0.7244528781452337,-0.02708934991454004,660295.0,0.4808139541865861,low_c,0.664035818987998,0.17780849356982611,0.31802293672434145
GO:0002182,cytoplasmic translational elongation,biological_process,24,6011,0.7491971374999999,0.7244528781452337,0.08262346194532588,77780.0,0.4841988826151271,high_c,0.6681790621779496,0.1751071373824855,0.3149762171137085
GO:0031106,septin ring organization,biological_process,36,6011,0.7559583074999999,0.7244528781452337,0.06741050674105065,114800.0,0.48496251098111876,high_c,0.6687012859914393,0.17476784159978753,0.314291832332398
GO:0006111,regulation of gluconeogenesis,biological_process,19,6011,0.7076403157894737,0.7244528781452337,-0.09240390696367085,51664.0,0.48617421555358953,low_c,0.6698400303182789,0.17402890214273897,0.31320807786564914
GO:0046854,phosphatidylinositol phosphate biosynthetic process,biological_process,20,6011,0.725589971,0.7244528781452337,-0.08953430145217822,54546.0,0.4887785423925054,low_c,0.6728941709701739,0.17205323381128435,0.31088786807867574
GO:0140657,ATP-dependent activity,molecular_function,261,6011,0.7240212037164752,0.7244528781452337,-0.025231384307846105,731442.0,0.4899085516224836,low_c,0.6739154085710234,0.1713946136967548,0.3098849796291124
GO:0048280,vesicle fusion with Golgi apparatus,biological_process,16,6011,0.761528810625,0.7244528781452337,0.09954128440366983,52734.0,0.4910785536590234,high_c,0.674989999328634,0.17070266164092202,0.3088490319260644
GO:0098552,side of membrane,cellular_component,36,6011,0.7158589902777778,0.7244528781452337,-0.06600650860065083,100451.0,0.4941030356430899,low_c,0.677537811908692,0.16906646274866738,0.3061824779078042
GO:0051247,positive regulation of protein metabolic process,biological_process,93,6011,0.7377528555913979,0.7244528781452337,0.041273752030437594,286545.0,0.4939962235734735,high_c,0.677537811908692,0.16906646274866738,0.3062763710914759
GO:0006505,GPI anchor metabolic process,biological_process,36,6011,0.7569637002777778,0.7244528781452337,0.06610878661087871,114660.0,0.49343407160903974,high_c,0.677537811908692,0.16906646274866738,0.30677086578889795
GO:0004721,phosphoprotein phosphatase activity,molecular_function,50,6011,0.7141583992,0.7244528781452337,-0.055930213051501476,140690.0,0.49520742293708964,low_c,0.6785162480022002,0.16843974810268328,0.3052128540597151
GO:0009896,positive regulation of catabolic process,biological_process,91,6011,0.7192807502197801,0.7244528781452337,-0.041026878526878474,258309.0,0.5011775041919748,low_c,0.6816447514332107,0.16644190494543168,0.3000084309431536
GO:0045053,protein retention in Golgi apparatus,biological_process,15,6011,0.7112194833333335,0.7244528781452337,-0.10097843006448748,40429.0,0.4987819952660869,low_c,0.6816447514332107,0.16644190494543168,0.3020892318128096
GO:0099081,supramolecular polymer,cellular_component,62,6011,0.720124935,0.7244528781452337,-0.04955563146964248,175280.0,0.5014172509102592,low_c,0.6816447514332107,0.16644190494543168,0.2998007285224895
GO:0099512,supramolecular fiber,cellular_component,62,6011,0.720124935,0.7244528781452337,-0.04955563146964248,175280.0,0.5014172509102592,low_c,0.6816447514332107,0.16644190494543168,0.2998007285224895
GO:0007031,peroxisome organization,biological_process,56,6011,0.72579641,0.7244528781452337,-0.05245891807604652,157993.0,0.4986117768149,low_c,0.6816447514332107,0.16644190494543168,0.3022374680197233
GO:0006383,transcription by RNA polymerase III,biological_process,30,6011,0.7250088513333336,0.7244528781452337,-0.07133701164799644,83315.0,0.499699583161594,low_c,0.6816447514332107,0.16644190494543168,0.30129101283617055
GO:0005669,transcription factor TFIID complex,cellular_component,16,6011,0.759333469375,0.7244528781452337,0.09760216847372805,52641.0,0.49956216984626434,high_c,0.6816447514332107,0.16644190494543168,0.30141045670517536
GO:0007118,budding cell apical bud growth,biological_process,16,6011,0.71611832375,0.7244528781452337,-0.09743536280233533,43287.0,0.5002955608450383,low_c,0.6816447514332107,0.16644190494543168,0.3007733506226019
GO:0030865,cortical cytoskeleton organization,biological_process,38,6011,0.7592284357894737,0.7244528781452337,0.06324072360710908,120664.0,0.5009564531766917,high_c,0.6816447514332107,0.16644190494543168,0.30020002456595757
GO:0015865,purine nucleotide transport,biological_process,34,6011,0.7150217629411765,0.7244528781452337,-0.06691336397366376,94810.0,0.5004560879015523,low_c,0.6816447514332107,0.16644190494543168,0.30063402331692035
GO:0030488,tRNA methylation,biological_process,22,6011,0.7562930027272727,0.7244528781452337,0.08268188648886587,71326.0,0.5026263047573551,high_c,0.6823347186468884,0.16600253032766685,0.2987547865113969
GO:0140718,facultative heterochromatin formation,biological_process,27,6011,0.6973779462962963,0.7244528781452337,-0.07458160031689443,74759.0,0.503103940016139,low_c,0.6823347186468884,0.16600253032766685,0.29834228152027154
GO:0000183,rDNA heterochromatin formation,biological_process,27,6011,0.6973779462962963,0.7244528781452337,-0.07458160031689443,74759.0,0.503103940016139,low_c,0.6823347186468884,0.16600253032766685,0.29834228152027154
GO:0031647,regulation of protein stability,biological_process,47,6011,0.747341085319149,0.7244528781452337,0.05638797322944766,148057.0,0.504868206631502,high_c,0.6841929794787568,0.1648213864346142,0.29682197753040096
GO:0061919,process utilizing autophagic mechanism,biological_process,195,6011,0.7149844924102566,0.7244528781452337,-0.027921207632349287,551227.0,0.5065601036266555,low_c,0.685950343132507,0.16370732231672805,0.29536901797440257
GO:0072527,pyrimidine-containing compound metabolic process,biological_process,41,6011,0.7363571631707317,0.7244528781452337,0.05977856763492251,129701.0,0.5088615622486012,high_c,0.6866447167953221,0.16326791715686895,0.2934003530838528
GO:1904951,positive regulation of establishment of protein localization,biological_process,19,6011,0.7566623010526315,0.7244528781452337,0.0876256060712528,61912.0,0.509002754042261,high_c,0.6866447167953221,0.16326791715686895,0.2932798678358913
GO:1901264,carbohydrate derivative transport,biological_process,49,6011,0.7499555724489795,0.7244528781452337,0.05469332986465303,154058.0,0.509050547532016,high_c,0.6866447167953221,0.16326791715686895,0.2932390910929553
GO:0051222,positive regulation of protein transport,biological_process,19,6011,0.7566623010526315,0.7244528781452337,0.0876256060712528,61912.0,0.509002754042261,high_c,0.6866447167953221,0.16326791715686895,0.2932798678358913
GO:0045835,negative regulation of meiotic nuclear division,biological_process,23,6011,0.7518329243478261,0.7244528781452337,0.07981179750805967,74358.0,0.5082392883117015,high_c,0.6866447167953221,0.16326791715686895,0.2939317658156351
GO:0048308,organelle inheritance,biological_process,59,6011,0.7107540679661016,0.7244528781452337,-0.04926416985602333,166934.0,0.5143362061542683,low_c,0.6932357561209704,0.15911904508456176,0.2887529029012416
GO:0006488,dolichol-linked oligosaccharide biosynthetic process,biological_process,17,6011,0.7640338117647058,0.7244528781452337,0.09126773832656188,55599.0,0.5152171854074475,high_c,0.6938844327907905,0.15871285574202262,0.2880096592290927
GO:0046349,amino sugar biosynthetic process,biological_process,23,6011,0.7051973230434783,0.7244528781452337,-0.07840318317795014,63463.0,0.5157540225544059,low_c,0.6940689791894952,0.15859736557874615,0.2875573761199703
GO:0032040,small-subunit processome,cellular_component,61,6011,0.751053834262295,0.7244528781452337,0.04801212288193968,190188.0,0.5182138374143535,high_c,0.696839056352686,0.15686751603267654,0.28549099460672933
GO:0080134,regulation of response to stress,biological_process,98,6011,0.7218529069387755,0.7244528781452337,-0.03779289493575211,278787.0,0.5204666593309599,low_c,0.6971683029309772,0.1566623665062497,0.2836070858121483
GO:0110154,RNA decapping,biological_process,25,6011,0.7565153824,0.7244528781452337,0.07453391246241226,80402.0,0.5195575334338087,high_c,0.6971683029309772,0.1566623665062497,0.2843663536518778
GO:0006352,DNA-templated transcription initiation,biological_process,76,6011,0.7272562615789473,0.7244528781452337,-0.04289008114219839,215857.0,0.5199437657374839,low_c,0.6971683029309772,0.1566623665062497,0.2840436247316319
GO:0120013,lipid transfer activity,molecular_function,28,6011,0.7145275385714286,0.7244528781452337,-0.07029440557770827,77874.0,0.5204521648103588,low_c,0.6971683029309772,0.1566623665062497,0.28361918068481135
GO:0008301,"DNA binding, bending",molecular_function,22,6011,0.7659812086363638,0.7244528781452337,0.07941832753988365,71111.0,0.5196398542456819,high_c,0.6971683029309772,0.1566623665062497,0.28429754771598736
GO:0019359,nicotinamide nucleotide biosynthetic process,biological_process,17,6011,0.7585764382352941,0.7244528781452337,0.08999195273705074,55534.0,0.5211080545867897,high_c,0.6974892696705218,0.1564624692855152,0.2830722140419082
GO:0052689,carboxylic ester hydrolase activity,molecular_function,59,6011,0.743231393898305,0.7244528781452337,0.04838140149444148,184079.0,0.5219028382262064,high_c,0.6980148899543099,0.1561353129699341,0.28241034134605675
GO:0000123,histone acetyltransferase complex,cellular_component,49,6011,0.7265981587755103,0.7244528781452337,-0.05252996871341631,138396.0,0.5259524319334234,low_c,0.7023487860280178,0.15344716389627225,0.27905353242990855
GO:1900180,regulation of protein localization to nucleus,biological_process,21,6011,0.7465905538095239,0.7244528781452337,0.08011765641147939,67934.0,0.5256328232593455,high_c,0.7023487860280178,0.15344716389627225,0.2793175229853277
GO:0030662,coated vesicle membrane,cellular_component,38,6011,0.7161583100000001,0.7244528781452337,-0.05903759902015204,106787.0,0.5298373610874785,low_c,0.7069928200214163,0.15058499672772982,0.27585742100661664
GO:0010906,regulation of glucose metabolic process,biological_process,22,6011,0.7115405518181818,0.7244528781452337,-0.07721732266731429,60792.0,0.5312796226890918,low_c,0.7083728302521224,0.14973810459357234,0.2746768412018723
GO:0033048,negative regulation of mitotic sister chromatid segregation,biological_process,22,6011,0.7105554599999999,0.7244528781452337,-0.07648871415777414,60840.0,0.5351617107394915,low_c,0.7091913968272956,0.14923654144829804,0.2715149666330069
GO:2000816,negative regulation of mitotic sister chromatid separation,biological_process,22,6011,0.7105554599999999,0.7244528781452337,-0.07648871415777414,60840.0,0.5351617107394915,low_c,0.7091913968272956,0.14923654144829804,0.2715149666330069
GO:0033046,negative regulation of sister chromatid segregation,biological_process,22,6011,0.7105554599999999,0.7244528781452337,-0.07648871415777414,60840.0,0.5351617107394915,low_c,0.7091913968272956,0.14923654144829804,0.2715149666330069
GO:0071173,spindle assembly checkpoint signaling,biological_process,22,6011,0.7105554599999999,0.7244528781452337,-0.07648871415777414,60840.0,0.5351617107394915,low_c,0.7091913968272956,0.14923654144829804,0.2715149666330069
GO:0045839,negative regulation of mitotic nuclear division,biological_process,22,6011,0.7105554599999999,0.7244528781452337,-0.07648871415777414,60840.0,0.5351617107394915,low_c,0.7091913968272956,0.14923654144829804,0.2715149666330069
GO:0007094,mitotic spindle assembly checkpoint signaling,biological_process,22,6011,0.7105554599999999,0.7244528781452337,-0.07648871415777414,60840.0,0.5351617107394915,low_c,0.7091913968272956,0.14923654144829804,0.2715149666330069
GO:0062012,regulation of small molecule metabolic process,biological_process,70,6011,0.7238213840000001,0.7244528781452337,-0.0433452761680333,198922.0,0.5323793448192142,low_c,0.7091913968272956,0.14923654144829804,0.27377880256823495
GO:0045841,negative regulation of mitotic metaphase/anaphase transition,biological_process,22,6011,0.7105554599999999,0.7244528781452337,-0.07648871415777414,60840.0,0.5351617107394915,low_c,0.7091913968272956,0.14923654144829804,0.2715149666330069
GO:0008047,enzyme activator activity,molecular_function,142,6011,0.7243882952816901,0.7244528781452337,-0.030160859517301408,404131.0,0.53852789088633,low_c,0.7125643434288635,0.1471759134465891,0.26879179924742075
GO:0005666,RNA polymerase III complex,cellular_component,16,6011,0.7100536125000001,0.7244528781452337,-0.08899082568807337,43692.0,0.538157175110688,low_c,0.7125643434288635,0.1471759134465891,0.26909086501356283
GO:0000307,cyclin-dependent protein kinase holoenzyme complex,cellular_component,39,6011,0.7585835420512821,0.7244528781452337,0.0568464801552544,123074.0,0.5400129168263776,high_c,0.713985090335561,0.1463108572050593,0.26759585195605307
GO:0036267,invasive filamentous growth,biological_process,47,6011,0.7212201180851063,0.7244528781452337,-0.05171454257459651,132906.0,0.5408172207186446,low_c,0.7145043342218927,0.1459951324112304,0.2669494880279416
GO:1902554,serine/threonine protein kinase complex,cellular_component,55,6011,0.7189347196363638,0.7244528781452337,-0.04752426888088401,156006.0,0.5434717228931458,low_c,0.71746533151521,0.14419907953529584,0.26482304754999225
GO:0006362,transcription elongation by RNA polymerase I,biological_process,17,6011,0.7637807594117647,0.7244528781452337,0.08512434002630087,55286.0,0.5438982462371817,high_c,0.7174827929086227,0.14418850997298652,0.2644823415355229
GO:0098799,outer mitochondrial membrane protein complex,cellular_component,18,6011,0.756937061111111,0.7244528781452337,0.08255928212544261,58390.0,0.5447426056800371,high_c,0.7175061938243887,0.14417434555962375,0.26380865614210575
GO:0070210,Rpd3L-Expanded complex,cellular_component,26,6011,0.7580067265384614,0.7244528781452337,0.06874879506458464,83154.0,0.5446798842723211,high_c,0.7175061938243887,0.14417434555962375,0.26385866348370113
GO:0055029,nuclear DNA-directed RNA polymerase complex,cellular_component,16,6011,0.7556543018749999,0.7244528781452337,0.08726021684737284,52145.0,0.5460903019968404,high_c,0.718735985039056,0.14343061072602728,0.26273553602013505
GO:0009304,tRNA transcription,biological_process,18,6011,0.7149856638888888,0.7244528781452337,-0.08187329662383891,49521.0,0.5480904925252836,low_c,0.7202763777622199,0.14250082814395978,0.2611477313699057
GO:0042797,tRNA transcription by RNA polymerase III,biological_process,18,6011,0.7149856638888888,0.7244528781452337,-0.08187329662383891,49521.0,0.5480904925252836,low_c,0.7202763777622199,0.14250082814395978,0.2611477313699057
GO:0008175,tRNA methyltransferase activity,molecular_function,19,6011,0.7600657836842104,0.7244528781452337,0.07922844494413606,61434.0,0.550440843411006,high_c,0.7228179305306401,0.14097108268287062,0.25928934837372225
GO:0080135,regulation of cellular response to stress,biological_process,91,6011,0.7211223692307691,0.7244528781452337,-0.0363008613008613,259582.0,0.5517423166364958,low_c,0.7233235689078196,0.14066738354128377,0.25826370595172843
GO:0008023,transcription elongation factor complex,cellular_component,22,6011,0.7216189490909091,0.7244528781452337,-0.07336176930433069,61046.0,0.5519830795722063,low_c,0.7233235689078196,0.14066738354128377,0.2580742348813996
GO:0051452,intracellular pH reduction,biological_process,26,6011,0.7465234523076923,0.7244528781452337,0.0673478568215411,83045.0,0.5529092027308045,high_c,0.7233235689078196,0.14066738354128377,0.25734618151732136
GO:0006999,nuclear pore organization,biological_process,21,6011,0.7188033652380953,0.7244528781452337,-0.07502981159074651,58176.0,0.5522599495878636,low_c,0.7233235689078196,0.14066738354128377,0.2578564510795572
GO:0007035,vacuolar acidification,biological_process,26,6011,0.7465234523076923,0.7244528781452337,0.0673478568215411,83045.0,0.5529092027308045,high_c,0.7233235689078196,0.14066738354128377,0.25734618151732136
GO:0004860,protein kinase inhibitor activity,molecular_function,18,6011,0.7467492655555557,0.7244528781452337,0.08079796799970329,58295.0,0.5533589078453861,high_c,0.7233667650749928,0.1406414486793336,0.25699309448780805
GO:0000399,cellular bud neck septin structure,cellular_component,25,6011,0.75935167,0.7244528781452337,0.0680387570998997,79916.0,0.5565996362945822,high_c,0.7254181446001462,0.13941158578182092,0.2544570817880118
GO:1903008,organelle disassembly,biological_process,34,6011,0.7443082494117648,0.7244528781452337,0.05849875503154256,107553.0,0.5558366881329303,high_c,0.7254181446001462,0.13941158578182092,0.25505279090188965
GO:0032161,cleavage apparatus septin structure,cellular_component,25,6011,0.75935167,0.7244528781452337,0.0680387570998997,79916.0,0.5565996362945822,high_c,0.7254181446001462,0.13941158578182092,0.2544570817880118
GO:0003712,transcription coregulator activity,molecular_function,96,6011,0.7521886819791667,0.7244528781452337,0.03493941955480406,293840.0,0.5564590396336733,high_c,0.7254181446001462,0.13941158578182092,0.2545667981141176
GO:0032204,regulation of telomere maintenance,biological_process,23,6011,0.7067379708695654,0.7244528781452337,-0.07047428189712757,64009.0,0.5591035748197559,low_c,0.7281348881373566,0.13778815949566386,0.2525077309222778
GO:0071174,mitotic spindle checkpoint signaling,biological_process,37,6011,0.718313502162162,0.7244528781452337,-0.055547010016377296,104380.0,0.5596751359350702,low_c,0.7283328605571828,0.13767009532279614,0.25206398658273904
GO:0043189,H4/H2A histone acetyltransferase complex,cellular_component,17,6011,0.7186453770588235,0.7244528781452337,-0.08129698325776757,46807.0,0.5621595507655364,low_c,0.730470793509709,0.136397143824336,0.25014040652528224
GO:0035267,NuA4 histone acetyltransferase complex,cellular_component,17,6011,0.7186453770588235,0.7244528781452337,-0.08129698325776757,46807.0,0.5621595507655364,low_c,0.730470793509709,0.136397143824336,0.25014040652528224
GO:0044839,cell cycle G2/M phase transition,biological_process,42,6011,0.7502848916666667,0.7244528781452337,0.05148026709427289,131802.0,0.5647843809838604,high_c,0.7327845182271912,0.13502371472165636,0.2481173221303252
GO:0000086,G2/M transition of mitotic cell cycle,biological_process,42,6011,0.7502848916666667,0.7244528781452337,0.05148026709427289,131802.0,0.5647843809838604,high_c,0.7327845182271912,0.13502371472165636,0.2481173221303252
GO:0006497,protein lipidation,biological_process,16,6011,0.698805106875,0.7244528781452337,-0.0826313594662218,43997.0,0.5675897783648256,low_c,0.7358744251242251,0.13319629045679085,0.24596543428525502
GO:2000242,negative regulation of reproductive process,biological_process,38,6011,0.7162535431578948,0.7244528781452337,-0.053503925559755694,107415.0,0.5691099635657751,low_c,0.736195899217724,0.13300660600382386,0.24480381101132367
GO:0090033,positive regulation of filamentous growth,biological_process,24,6011,0.7563548991666668,0.7244528781452337,0.06729859139246153,76679.0,0.5688133494955037,high_c,0.736195899217724,0.13300660600382386,0.24503021969003283
GO:0140694,membraneless organelle assembly,biological_process,83,6011,0.7442801096385542,0.7244528781452337,0.036360014958619846,254957.0,0.568883110104957,high_c,0.736195899217724,0.13300660600382386,0.2449769600573389
GO:0036452,ESCRT complex,cellular_component,17,6011,0.6996691099999999,0.7244528781452337,-0.07911833402029478,46918.0,0.5726850767269709,low_c,0.7397182241056707,0.13093368164818667,0.24208413377085328
GO:0072657,protein localization to membrane,biological_process,57,6011,0.71154539,0.7244528781452337,-0.04339703811089701,162325.0,0.5722727059723072,low_c,0.7397182241056707,0.13093368164818667,0.24239696687911028
GO:1901701,cellular response to oxygen-containing compound,biological_process,40,6011,0.74196308775,0.7244528781452337,0.0514235471445319,125561.0,0.5745610638654434,high_c,0.7415895961861783,0.12983637156936745,0.2406638080714138
GO:0006334,nucleosome assembly,biological_process,39,6011,0.7256258148717948,0.7244528781452337,-0.05198619197279608,110400.0,0.575208959837492,low_c,0.7418742602361709,0.1296696967601495,0.24017435771266452
GO:0031490,chromatin DNA binding,molecular_function,18,6011,0.7520914161111112,0.7244528781452337,0.0760702300832452,58040.0,0.5768118011502117,high_c,0.7433477127784676,0.128807990523601,0.23896586284828755
GO:0015630,microtubule cytoskeleton,cellular_component,16,6011,0.749181984375,0.7244528781452337,0.08058798999165973,51825.0,0.5772077861897318,high_c,0.7433477127784676,0.128807990523601,0.23866781916477303
GO:0046527,glucosyltransferase activity,molecular_function,16,6011,0.6943161575,0.7244528781452337,-0.08031693077564639,44108.0,0.5784893900092587,low_c,0.7444459459274079,0.12816683080327862,0.23770460197184753
GO:0043094,metabolic compound salvage,biological_process,25,6011,0.7557809716,0.7244528781452337,0.0640026729034413,79614.0,0.5802484679778128,high_c,0.7456042490077595,0.12749162571393893,0.23638599753238143
GO:1902911,protein kinase complex,cellular_component,63,6011,0.7217811746031747,0.7244528781452337,-0.04048846617777346,179776.0,0.5798408342521006,low_c,0.7456042490077595,0.12749162571393893,0.2366912034930953
GO:1903322,positive regulation of protein modification by small protein conjugation or removal,biological_process,16,6011,0.709941969375,0.7244528781452337,-0.07917014178482074,44163.0,0.5839263056605324,low_c,0.74866457134968,0.12571271826957325,0.23364195950487704
GO:1901875,positive regulation of post-translational protein modification,biological_process,16,6011,0.709941969375,0.7244528781452337,-0.07917014178482074,44163.0,0.5839263056605324,low_c,0.74866457134968,0.12571271826957325,0.23364195950487704
GO:0016896,"RNA exonuclease activity, producing 5'-phosphomonoesters",molecular_function,20,6011,0.720125194,0.7244528781452337,-0.07067267568018698,55676.0,0.5847863817685288,low_c,0.74866457134968,0.12571271826957325,0.23300274957900183
GO:0004532,RNA exonuclease activity,molecular_function,20,6011,0.720125194,0.7244528781452337,-0.07067267568018698,55676.0,0.5847863817685288,low_c,0.74866457134968,0.12571271826957325,0.23300274957900183
GO:0004722,protein serine/threonine phosphatase activity,molecular_function,28,6011,0.7475431889285714,0.7244528781452337,0.059788448222344304,88770.0,0.5846588009872131,high_c,0.74866457134968,0.12571271826957325,0.2330975084105557
GO:0045927,positive regulation of growth,biological_process,27,6011,0.7557379285185184,0.7244528781452337,0.060655575361457714,85684.0,0.586047988282974,high_c,0.7495581709351462,0.125194657230897,0.23206682051230468
GO:0005637,nuclear inner membrane,cellular_component,19,6011,0.7214104589473684,0.7244528781452337,-0.0722015318670508,52814.0,0.5863479240379773,low_c,0.7495581709351462,0.125194657230897,0.2318446081268872
GO:0019207,kinase regulator activity,molecular_function,70,6011,0.7411323938571428,0.7244528781452337,0.03771851780604507,215778.0,0.5869084832895055,high_c,0.7497226835839452,0.125099348956069,0.23142961306404777
GO:0005768,endosome,cellular_component,147,6011,0.7245274139455782,0.7244528781452337,-0.026078644281723573,419764.0,0.5886147136529466,low_c,0.7507973129327813,0.12447729036682591,0.23016888600396432
GO:0016251,RNA polymerase II general transcription initiation factor activity,molecular_function,21,6011,0.7197231361904762,0.7244528781452337,-0.06830431671834014,58599.0,0.5884435804868384,low_c,0.7507973129327813,0.12447729036682591,0.23029517064187074
GO:0050658,RNA transport,biological_process,81,6011,0.7136920592592594,0.7244528781452337,-0.03484687610601045,231796.0,0.5895697871845956,low_c,0.7509120693708423,0.12441091522327671,0.2294647802290763
GO:0051236,establishment of RNA localization,biological_process,81,6011,0.7136920592592594,0.7244528781452337,-0.03484687610601045,231796.0,0.5895697871845956,low_c,0.7509120693708423,0.12441091522327671,0.2294647802290763
GO:0006606,protein import into nucleus,biological_process,63,6011,0.7120787344444445,0.7244528781452337,-0.03934629220439578,179990.0,0.5905779238222677,low_c,0.7516446303192499,0.12398744075096628,0.2287227912709793
GO:0000395,mRNA 5'-splice site recognition,biological_process,19,6011,0.757479552631579,0.7244528781452337,0.07060290914201395,60943.0,0.5946659455918937,high_c,0.7562931000348186,0.12130986182850254,0.2257269312922008
GO:0006897,endocytosis,biological_process,113,6011,0.7405390761946903,0.7244528781452337,0.028988377641138374,342897.0,0.5970685870664283,high_c,0.757255520731058,0.12075755178276641,0.22397577729013857
GO:0090174,organelle membrane fusion,biological_process,45,6011,0.7418050191111111,0.7244528781452337,0.045725779416694534,140373.0,0.5966625537933499,high_c,0.757255520731058,0.12075755178276641,0.22427121737833208
GO:0070925,organelle assembly,biological_process,115,6011,0.7191056368695653,0.7244528781452337,-0.028729868444339557,329280.0,0.5971986605858741,low_c,0.757255520731058,0.12075755178276641,0.22388117499392476
GO:0048284,organelle fusion,biological_process,93,6011,0.7403445631182798,0.7244528781452337,0.0318946752571887,283964.0,0.5971282406214371,high_c,0.757255520731058,0.12075755178276641,0.22393238878133145
GO:0015215,nucleotide transmembrane transporter activity,molecular_function,19,6011,0.7122163668421053,0.7244528781452337,-0.07004075609584715,52937.0,0.5976037231575746,low_c,0.757255520731058,0.12075755178276641,0.22358670546683268
GO:0042578,phosphoric ester hydrolase activity,molecular_function,135,6011,0.7419163080740743,0.7244528781452337,0.02640496180319185,407103.0,0.5993609306185871,high_c,0.7589282097402386,0.11979930393094619,0.22231156998190657
GO:0045185,maintenance of protein location,biological_process,38,6011,0.7454740860526315,0.7244528781452337,0.04919506198947898,119070.0,0.600622051336013,high_c,0.7599707588333224,0.11920311761610666,0.2213987270858468
GO:0072662,protein localization to peroxisome,biological_process,21,6011,0.7584515995238095,0.7244528781452337,0.0656649972175849,67025.0,0.6029365387956563,high_c,0.7606815634805664,0.11879710954448844,0.219728396485469
GO:0072663,establishment of protein localization to peroxisome,biological_process,21,6011,0.7584515995238095,0.7244528781452337,0.0656649972175849,67025.0,0.6029365387956563,high_c,0.7606815634805664,0.11879710954448844,0.219728396485469
GO:0033967,box C/D sno(s)RNA metabolic process,biological_process,16,6011,0.7516495193749999,0.7244528781452337,0.0753336113427856,51573.0,0.6022859655158856,high_c,0.7606815634805664,0.11879710954448844,0.22019725665346196
GO:0034963,box C/D sno(s)RNA processing,biological_process,16,6011,0.7516495193749999,0.7244528781452337,0.0753336113427856,51573.0,0.6022859655158856,high_c,0.7606815634805664,0.11879710954448844,0.22019725665346196
GO:0005654,nucleoplasm,cellular_component,168,6011,0.7294917157738096,0.7244528781452337,-0.02343259741000625,479311.0,0.6040457367260219,low_c,0.7615275228441352,0.11831439593485812,0.21893017651840757
GO:0000139,Golgi membrane,cellular_component,176,6011,0.7268267510795455,0.7244528781452337,-0.022832437485393764,501756.0,0.6052632494517339,low_c,0.7620335475251181,0.11802590899591926,0.21805569490432888
GO:0009651,response to salt stress,biological_process,25,6011,0.7512719064,0.7244528781452337,0.059806214500501165,79300.0,0.6053250357356785,high_c,0.7620335475251181,0.11802590899591926,0.21801136366054258
GO:0032506,cytokinetic process,biological_process,32,6011,0.7542554021875,0.7244528781452337,0.052632129118581616,100699.0,0.6070988051051269,high_c,0.763177110258833,0.11737466377219583,0.21674062190675872
GO:0031032,actomyosin structure organization,biological_process,15,6011,0.7643924393333332,0.7244528781452337,0.0766066266399823,48415.0,0.6078575129461297,high_c,0.763177110258833,0.11737466377219583,0.2161982111769895
GO:0015804,neutral amino acid transport,biological_process,22,6011,0.7620080186363637,0.7244528781452337,0.06326750557840888,70047.0,0.6079919029308559,high_c,0.763177110258833,0.11737466377219583,0.21610220450335837
GO:0051049,regulation of transport,biological_process,118,6011,0.7373734770338982,0.7244528781452337,0.027579403313900075,357276.0,0.60745098311084,high_c,0.763177110258833,0.11737466377219583,0.2164887607310383
GO:0030258,lipid modification,biological_process,30,6011,0.7546788106666666,0.7244528781452337,0.054082371955637365,94567.0,0.608865747092221,high_c,0.7637217752544043,0.11706482660571443,0.2154784573254485
GO:0006997,nucleus organization,biological_process,55,6011,0.7249979279999998,0.7244528781452337,-0.039764332376823974,157277.0,0.611201873447077,low_c,0.7660985215192244,0.11571537579720245,0.21381532323720825
GO:0032774,RNA biosynthetic process,biological_process,260,6011,0.7300988684615385,0.7244528781452337,-0.01857202091943877,733745.0,0.6119540396366903,low_c,0.7663315646112728,0.11558328581721769,0.2132811940010173
GO:0012507,ER to Golgi transport vesicle membrane,cellular_component,16,6011,0.706871426875,0.7244528781452337,-0.07326939115929942,44446.0,0.6122706682694905,low_c,0.7663315646112728,0.11558328581721769,0.2130565455844059
GO:0032153,cell division site,cellular_component,33,6011,0.7548011087878788,0.7244528781452337,0.05095450997090345,103663.0,0.6132041601434033,high_c,0.7669469899199914,0.11523465271442843,0.21239490743606543
GO:0051235,maintenance of location,biological_process,43,6011,0.7124680913953487,0.7244528781452337,-0.04456325207307188,122594.0,0.6140916080384147,low_c,0.7675039824007831,0.11491936239123487,0.21176683749409234
GO:0004386,helicase activity,molecular_function,92,6011,0.7253066031521738,0.7244528781452337,-0.03032239582185592,264018.0,0.617207657785556,low_c,0.77084352080268,0.11303377363401641,0.20956869422039445
GO:0015932,nucleobase-containing compound transmembrane transporter activity,molecular_function,30,6011,0.7492409946666665,0.7244528781452337,0.05263333890653743,94437.0,0.6184967636478972,high_c,0.7718981895706323,0.11243997767396342,0.2086625685223901
GO:0004402,histone acetyltransferase activity,molecular_function,20,6011,0.7162239640000001,0.7244528781452337,-0.06406276080787854,56072.0,0.6203911559910389,low_c,0.7726992984351809,0.11198948206824672,0.2073344019152777
GO:0006605,protein targeting,biological_process,149,6011,0.7147092238926174,0.7244528781452337,-0.023720057977784315,426360.0,0.6204739758171902,low_c,0.7726992984351809,0.11198948206824672,0.2072764291467292
GO:1902115,regulation of organelle assembly,biological_process,34,6011,0.7358854676470588,0.7244528781452337,0.049227922723380724,106611.0,0.6201210635799279,high_c,0.7726992984351809,0.11198948206824672,0.2075235167724349
GO:0031011,Ino80 complex,cellular_component,16,6011,0.746834345625,0.7244528781452337,0.07137197664720607,51383.0,0.6215125395762691,high_c,0.7734378270282459,0.11157459142005408,0.2065501046509108
GO:0006023,aminoglycan biosynthetic process,biological_process,20,6011,0.7042407765,0.7244528781452337,-0.06337840093473546,56113.0,0.6241308620509856,low_c,0.7750294538773326,0.1106817924442331,0.2047243418750436
GO:1901073,glucosamine-containing compound biosynthetic process,biological_process,20,6011,0.7042407765,0.7244528781452337,-0.06337840093473546,56113.0,0.6241308620509856,low_c,0.7750294538773326,0.1106817924442331,0.2047243418750436
GO:0006031,chitin biosynthetic process,biological_process,20,6011,0.7042407765,0.7244528781452337,-0.06337840093473546,56113.0,0.6241308620509856,low_c,0.7750294538773326,0.1106817924442331,0.2047243418750436
GO:0006367,transcription initiation at RNA polymerase II promoter,biological_process,40,6011,0.75004119675,0.7244528781452337,0.04476637079216217,124766.0,0.6250751377142292,high_c,0.7756472044831322,0.11033576841396574,0.20406777476261123
GO:0019674,NAD+ metabolic process,biological_process,24,6011,0.7478453016666666,0.7244528781452337,0.05749958242859532,75975.0,0.6263818428424465,high_c,0.7767134851246337,0.1097391546570065,0.2031608398192416
GO:0031139,positive regulation of conjugation with cellular fusion,biological_process,26,6011,0.7130044653846154,0.7244528781452337,-0.05466229676755996,73552.0,0.6300741866604564,low_c,0.7807343240846198,0.10749672695930017,0.20060831251399866
GO:0120543,macromolecular conformation isomerase activity,molecular_function,123,6011,0.7281278308943088,0.7244528781452337,-0.025127584835630934,353013.0,0.6328956589378019,low_c,0.7836710869586477,0.10586617595244101,0.19866788316227427
GO:0015179,L-amino acid transmembrane transporter activity,molecular_function,31,6011,0.74631642,0.7244528781452337,0.04934728665443955,97264.0,0.6350949729349622,high_c,0.7852741260791269,0.10497871183862363,0.1971613248853102
GO:0030515,snoRNA binding,molecular_function,27,6011,0.7463930288888889,0.7244528781452337,0.05288175876411172,85056.0,0.6349504470390616,high_c,0.7852741260791269,0.10497871183862363,0.19726016670366656
GO:1902475,L-alpha-amino acid transmembrane transport,biological_process,25,6011,0.7214626391999999,0.7244528781452337,-0.05475442699632471,70728.0,0.6361396703744139,low_c,0.7860060268825498,0.1045741238946894,0.1964475204940638
GO:0051123,RNA polymerase II preinitiation complex assembly,biological_process,41,6011,0.7322847148780488,0.7244528781452337,-0.04270131143522493,117159.0,0.6370137438983194,low_c,0.7865262157947955,0.10428679728065278,0.1958511974373207
GO:0034976,response to endoplasmic reticulum stress,biological_process,82,6011,0.7468315421951219,0.7244528781452337,0.030235839548478083,250439.0,0.6377023993591769,high_c,0.7868168907516212,0.1041263255682998,0.19538194897402714
GO:0032185,septin cytoskeleton organization,biological_process,43,6011,0.7523399041860465,0.7244528781452337,0.04150040526217347,133637.0,0.6386537705442534,high_c,0.7874310693642216,0.1037874534177284,0.1947345194521081
GO:0005685,U1 snRNP,cellular_component,18,6011,0.7546307355555556,0.7244528781452337,0.06374103120307018,57375.0,0.6400776343227284,high_c,0.7874468010775673,0.1037787769401102,0.19376734771425905
GO:0009628,response to abiotic stimulus,biological_process,190,6011,0.7242698707894737,0.7244528781452337,-0.019880830748921774,542001.0,0.6404809234570996,low_c,0.7874468010775673,0.1037787769401102,0.19349380106479835
GO:2000220,regulation of pseudohyphal growth,biological_process,26,6011,0.7262149665384615,0.7244528781452337,0.05310712679133722,81937.0,0.6398429297017972,high_c,0.7874468010775673,0.1037787769401102,0.19392662466589985
GO:0017069,snRNA binding,molecular_function,23,6011,0.7143766739130434,0.7244528781452337,-0.0563445732043798,64982.0,0.6404727975162865,low_c,0.7874468010775673,0.1037787769401102,0.19349931110188662
GO:0010467,gene expression,biological_process,32,6011,0.7433761274999999,0.7244528781452337,0.04771910018397718,100229.0,0.6410625046439273,high_c,0.7876040396757663,0.10369206500167621,0.19309962399359068
GO:0008374,O-acyltransferase activity,molecular_function,25,6011,0.7482237892000001,0.7244528781452337,0.05377881724022715,78849.0,0.642166149381417,high_c,0.7884020051811457,0.10325227982892195,0.19235259120851445
GO:0140110,transcription regulator activity,molecular_function,269,6011,0.7430455224907063,0.7244528781452337,0.016637338647337296,785148.0,0.6441699133637797,high_c,0.7903031587275771,0.10220628224499008,0.19099956322515413
GO:0005856,cytoskeleton,cellular_component,118,6011,0.73802092279661,0.7244528781452337,0.024697500913177572,356274.0,0.6454932177036473,high_c,0.790808910327122,0.10192844597938167,0.1901083165723944
GO:0001046,core promoter sequence-specific DNA binding,molecular_function,17,6011,0.7556143388235295,0.7244528781452337,0.06457437829986845,54239.0,0.6452345492861025,high_c,0.790808910327122,0.10192844597938167,0.1902823862263669
GO:0071004,U2-type prespliceosome,cellular_component,30,6011,0.7303120336666666,0.7244528781452337,-0.048464582288357594,85367.0,0.6465675860213589,low_c,0.7910086887477653,0.10181874601624963,0.1893860713992487
GO:0071010,prespliceosome,cellular_component,30,6011,0.7303120336666666,0.7244528781452337,-0.048464582288357594,85367.0,0.6465675860213589,low_c,0.7910086887477653,0.10181874601624963,0.1893860713992487
GO:0006040,amino sugar metabolic process,biological_process,31,6011,0.7281036641935483,0.7244528781452337,0.04747006149530697,97090.0,0.6480212223327821,high_c,0.7911145161531011,0.10176064654827184,0.18841077099499745
GO:0060237,regulation of fungal-type cell wall organization,biological_process,21,6011,0.7384647514285715,0.7244528781452337,0.05766754113999517,66522.0,0.6477999370612737,high_c,0.7911145161531011,0.10176064654827184,0.18855909852087563
GO:1902905,positive regulation of supramolecular fiber organization,biological_process,29,6011,0.7227873596551725,0.7244528781452337,-0.049112855808805755,82479.0,0.6477456476604789,low_c,0.7911145161531011,0.10176064654827184,0.18859549644848675
GO:0008234,cysteine-type peptidase activity,molecular_function,31,6011,0.71477439,0.7244528781452337,-0.04727586578918974,88308.0,0.6493645836093032,low_c,0.7916410935012291,0.10147166997648785,0.1875114015161234
GO:0140352,export from cell,biological_process,63,6011,0.7240076725396826,0.7244528781452337,-0.03328316307468959,181126.0,0.6490449643156859,low_c,0.7916410935012291,0.10147166997648785,0.18772521525240307
GO:0023057,negative regulation of signaling,biological_process,56,6011,0.7465919010714285,0.7244528781452337,0.03488664987405543,172557.0,0.6527138330472636,high_c,0.7929399679286562,0.10075969109880732,0.1852771831483102
GO:0010648,negative regulation of cell communication,biological_process,56,6011,0.7465919010714285,0.7244528781452337,0.03488664987405543,172557.0,0.6527138330472636,high_c,0.7929399679286562,0.10075969109880732,0.1852771831483102
GO:0008033,tRNA processing,biological_process,127,6011,0.7284445783464567,0.7244528781452337,-0.023381169807886848,364898.0,0.6516494820952534,low_c,0.7929399679286562,0.10075969109880732,0.1859859455651828
GO:0003713,transcription coactivator activity,molecular_function,50,6011,0.7532067473999998,0.7244528781452337,0.0370340546888106,154544.0,0.6515544070753286,high_c,0.7929399679286562,0.10075969109880732,0.18604931332664598
GO:0009968,negative regulation of signal transduction,biological_process,56,6011,0.7465919010714285,0.7244528781452337,0.03488664987405543,172557.0,0.6527138330472636,high_c,0.7929399679286562,0.10075969109880732,0.1852771831483102
GO:0034472,snRNA 3'-end processing,biological_process,20,6011,0.753598281,0.7244528781452337,0.0577366049073611,63369.0,0.6553231249564649,high_c,0.7955531083387575,0.0993308230713401,0.1835445064467514
GO:0005793,endoplasmic reticulum-Golgi intermediate compartment,cellular_component,16,6011,0.7168820762500001,0.7244528781452337,-0.06428273561301079,44877.0,0.6565643156593588,low_c,0.7959403948558501,0.09911945381312907,0.18272272491671362
GO:0006221,pyrimidine nucleotide biosynthetic process,biological_process,20,6011,0.696450953,0.7244528781452337,-0.057536304456685006,56463.0,0.6564420993421551,low_c,0.7959403948558501,0.09911945381312907,0.18280357428912636
GO:0034762,regulation of transmembrane transport,biological_process,19,6011,0.7174440284210526,0.7244528781452337,-0.05892066615135971,53570.0,0.6570176185647656,low_c,0.7959403948558501,0.09911945381312907,0.18242298425625775
GO:0008081,phosphoric diester hydrolase activity,molecular_function,19,6011,0.7275952926315788,0.7244528781452337,-0.05849905136673461,53594.0,0.65931673652178,low_c,0.798168657323438,0.09790533019611247,0.18090589970480425
GO:0060627,regulation of vesicle-mediated transport,biological_process,54,6011,0.7423844837037038,0.7244528781452337,0.03470551296638247,166421.0,0.6601801283526763,high_c,0.7986569357632376,0.09763973245072988,0.18033755222119183
GO:0120545,nucleic acid conformation isomerase activity,molecular_function,99,6011,0.7272148805050503,0.7244528781452337,-0.025648911305203637,285138.0,0.6611655446410252,low_c,0.7992920511816293,0.09729450599061511,0.17968978692480664
GO:1904949,ATPase complex,cellular_component,72,6011,0.7277521954166667,0.7244528781452337,-0.029957344109558304,207399.0,0.6617010047924166,low_c,0.7993827030755986,0.0972452531738526,0.17933820588010005
GO:0051880,G-quadruplex DNA binding,molecular_function,17,6011,0.7242686623529411,0.7244528781452337,-0.060099315001275744,47887.0,0.6683002440719905,low_c,0.8062329560173562,0.09353945336238444,0.17502838026625236
GO:0000011,vacuole inheritance,biological_process,19,6011,0.7355537057894737,0.7244528781452337,0.05690042864169764,60163.0,0.6680633470156465,high_c,0.8062329560173562,0.09353945336238444,0.1751823549571421
GO:0015698,inorganic anion transport,biological_process,29,6011,0.7381622644827589,0.7244528781452337,0.045988540333644634,90728.0,0.6687768334662989,high_c,0.8062476270121491,0.09353155059177147,0.17471877933699487
GO:1901879,regulation of protein depolymerization,biological_process,15,6011,0.7204815853333333,0.7244528781452337,-0.06355348009784301,42112.0,0.6703355453183106,low_c,0.8070058992181605,0.0931232905709525,0.17370775102801542
GO:0000209,protein polyubiquitination,biological_process,45,6011,0.7291406724444444,0.7244528781452337,-0.03682348120832868,129292.0,0.6699860786776854,low_c,0.8070058992181605,0.0931232905709525,0.173934221204061
GO:0098791,Golgi apparatus subcompartment,cellular_component,75,6011,0.7213749809333334,0.7244528781452337,-0.028189577717879555,216325.0,0.6743912025758566,low_c,0.811325798802278,0.09080471396504314,0.17108810371202204
GO:0006813,potassium ion transport,biological_process,19,6011,0.7095035442105263,0.7244528781452337,-0.05542477689550984,53769.0,0.6761773796547107,low_c,0.8129113096125884,0.08995683429149041,0.16993936189834316
GO:0007030,Golgi organization,biological_process,38,6011,0.7528161473684211,0.7244528781452337,0.03875333738666109,117885.0,0.6800599908798628,high_c,0.8165388993318041,0.0880231209545728,0.1674527747071417
GO:0042274,ribosomal small subunit biogenesis,biological_process,39,6011,0.7261335141025642,0.7244528781452337,-0.038246861421677214,112000.0,0.6801355117706156,low_c,0.8165388993318041,0.0880231209545728,0.1674045488365339
GO:0045937,positive regulation of phosphate metabolic process,biological_process,22,6011,0.7488026104545454,0.7244528781452337,0.05050167731750643,69206.0,0.6822237771077693,high_c,0.8184799426807793,0.08699195875636452,0.16607314847780022
GO:0000987,cis-regulatory region sequence-specific DNA binding,molecular_function,122,6011,0.7437648887704917,0.7244528781452337,0.021568414576774053,366977.0,0.6830101999755969,high_c,0.8188575325674283,0.08679165159967855,0.16557281057902357
GO:0003730,mRNA 3'-UTR binding,molecular_function,19,6011,0.7228922189473684,0.7244528781452337,-0.05301805916660807,53906.0,0.6894916643915243,low_c,0.8260576462275268,0.08298964448960428,0.1614709798589028
GO:0061025,membrane fusion,biological_process,50,6011,0.7408157882,0.7244528781452337,0.03261197785606451,153885.0,0.6908698552125896,high_c,0.8271379783786591,0.08242203790794835,0.1606037565134466
GO:0045931,positive regulation of mitotic cell cycle,biological_process,47,6011,0.7310394961702128,0.7244528781452337,-0.0334703254990939,135463.0,0.6922480441973264,low_c,0.8282168192464223,0.08185595418652492,0.15973826258926216
GO:0030880,RNA polymerase complex,cellular_component,37,6011,0.7249563659459459,0.7244528781452337,-0.03734199549398742,106392.0,0.69496253179376,low_c,0.8303199966923382,0.0807545027866569,0.15803860932910851
GO:0000428,DNA-directed RNA polymerase complex,cellular_component,37,6011,0.7249563659459459,0.7244528781452337,-0.03734199549398742,106392.0,0.69496253179376,low_c,0.8303199966923382,0.0807545027866569,0.15803860932910851
GO:0033698,Rpd3L complex,cellular_component,16,6011,0.7267147350000001,0.7244528781452337,-0.056192660550458684,45265.0,0.6975045719056627,low_c,0.8306157524112749,0.08059983686637381,0.15645294139215155
GO:0000281,mitotic cytokinesis,biological_process,16,6011,0.762951140625,0.7244528781452337,0.056234361968307,50657.0,0.6972911369942638,high_c,0.8306157524112749,0.08059983686637381,0.15658585491403593
GO:0044389,ubiquitin-like protein ligase binding,molecular_function,21,6011,0.7524648847619048,0.7244528781452337,0.04906590348994366,65981.0,0.6975185499793388,high_c,0.8306157524112749,0.08059983686637381,0.1564442381668499
GO:0040020,regulation of meiotic nuclear division,biological_process,35,6011,0.7405764082857144,0.7244528781452337,0.03824823101931529,108580.0,0.6960162652490014,high_c,0.8306157524112749,0.08059983686637381,0.1573806112150859
GO:0042054,histone methyltransferase activity,molecular_function,18,6011,0.7153540277777778,0.7244528781452337,-0.052969204813022586,51080.0,0.6976024003546306,low_c,0.8306157524112749,0.08059983686637381,0.15639203372489113
GO:0006356,regulation of transcription by RNA polymerase I,biological_process,47,6011,0.735933825319149,0.7244528781452337,0.032799634687557866,144751.0,0.6981092888647558,high_c,0.8306495719460014,0.08058215439615196,0.15607658334317348
GO:0006399,tRNA metabolic process,biological_process,202,6011,0.7388263905940594,0.7244528781452337,0.0158698775713344,596020.0,0.7009807122320653,high_c,0.8334948742704557,0.07909706660130479,0.1542939316573408
GO:0019887,protein kinase regulator activity,molecular_function,67,6011,0.739501535522388,0.7244528781452337,0.027163978224623797,204533.0,0.7017966550737037,high_c,0.8338939036330936,0.07888920115814498,0.15378870606432132
GO:0032954,regulation of cytokinetic process,biological_process,18,6011,0.7612499733333333,0.7244528781452337,0.05189387618888697,56736.0,0.7034485194616991,high_c,0.8351602881835297,0.07823016452475222,0.15276768007968733
GO:0000479,"endonucleolytic cleavage of tricistronic rRNA transcript (SSU-rRNA, 5.8S rRNA, LSU-rRNA)",biological_process,59,6011,0.7399489130508474,0.7244528781452337,0.028721295790049117,180627.0,0.7038245977030553,high_c,0.8351602881835297,0.07823016452475222,0.1525355592399145
GO:0062197,cellular response to chemical stress,biological_process,145,6011,0.7371212086206896,0.7244528781452337,0.018382966716437243,433103.0,0.7049115007997355,high_c,0.8358377929479438,0.07787799584174325,0.1518654037559764
GO:0005546,"phosphatidylinositol-4,5-bisphosphate binding",molecular_function,17,6011,0.73203169,0.7244528781452337,0.05303342558244517,53651.0,0.7053585061455863,high_c,0.8358377929479438,0.07787799584174325,0.15159009199208806
GO:0032879,regulation of localization,biological_process,170,6011,0.7256660118235295,0.7244528781452337,-0.016914911830166024,488087.0,0.7065464364249692,low_c,0.8366743612781353,0.07744353916061456,0.15085928969597848
GO:0090068,positive regulation of cell cycle process,biological_process,87,6011,0.7317704647126435,0.7244528781452337,-0.02330283204110306,251689.0,0.7086481811649938,low_c,0.8385911673499858,0.07644971621263576,0.14956932320982613
GO:0051651,maintenance of location in cell,biological_process,36,6011,0.7211039052777778,0.7244528781452337,-0.03572291957229201,103708.0,0.7113443719549681,low_c,0.8412083308677281,0.07509643494914006,0.14792010020956148
GO:0004888,transmembrane signaling receptor activity,molecular_function,16,6011,0.712076685,0.7244528781452337,-0.05256463719766469,45439.0,0.7161633676100823,low_c,0.846330569211098,0.07245997225278676,0.1449878973030034
GO:0060089,molecular transducer activity,molecular_function,23,6011,0.7189955047826087,0.7244528781452337,-0.0435799134500886,65861.0,0.717936132443058,low_c,0.8472720094637313,0.07197714073844956,0.14391418885139257
GO:1900428,regulation of filamentous growth of a population of unicellular organisms,biological_process,46,6011,0.7329724045652174,0.7244528781452337,0.03088304967382194,141432.0,0.7178526534817171,high_c,0.8472720094637313,0.07197714073844956,0.14396468994551115
GO:0009142,nucleoside triphosphate biosynthetic process,biological_process,24,6011,0.7456956245833334,0.7244528781452337,0.04249484995267516,74897.0,0.7190181398719924,high_c,0.8479724801751215,0.0716182419673711,0.14326015280636417
GO:0006446,regulation of translational initiation,biological_process,35,6011,0.7340080600000001,0.7244528781452337,0.034997131382673574,108240.0,0.7207252119164518,high_c,0.8491427331816821,0.07101930266173923,0.14223028548228273
GO:0048285,organelle fission,biological_process,33,6011,0.7187530499999999,0.7244528781452337,-0.03600068939647394,95086.0,0.7209887031738476,low_c,0.8491427331816821,0.07101930266173923,0.14207153997917968
GO:0050657,nucleic acid transport,biological_process,83,6011,0.7170941939759037,0.7244528781452337,-0.022681820399004904,240432.0,0.7223108802411184,low_c,0.8499116776370447,0.07062620358906965,0.14127584326916834
GO:0030658,transport vesicle membrane,cellular_component,23,6011,0.7168293247826086,0.7244528781452337,-0.04282477999477219,65913.0,0.7226207581752753,low_c,0.8499116776370447,0.07062620358906965,0.14108956694252
GO:0000082,G1/S transition of mitotic cell cycle,biological_process,60,6011,0.7249655156666667,0.7244528781452337,-0.026522153139528326,173795.0,0.7233502478426865,low_c,0.8501936562321624,0.07048213986953683,0.14065136539806042
GO:0032465,regulation of cytokinesis,biological_process,28,6011,0.7364883567857142,0.7244528781452337,-0.03834674434707863,80550.0,0.7259256248400192,low_c,0.8516427100048094,0.06974256675662188,0.13910787293104823
GO:0016628,"oxidoreductase activity, acting on the CH-CH group of donors, NAD or NADP as acceptor",molecular_function,17,6011,0.7339630847058825,0.7244528781452337,-0.04914718640208837,48445.0,0.7260495416611206,low_c,0.8516427100048094,0.06974256675662188,0.1390337444018673
GO:0043408,regulation of MAPK cascade,biological_process,21,6011,0.7290787176190475,0.7244528781452337,-0.04423245091024719,60113.0,0.7260548449349757,low_c,0.8516427100048094,0.06974256675662188,0.1390305722021376
GO:0019903,protein phosphatase binding,molecular_function,16,6011,0.7174014325,0.7244528781452337,-0.0504170141784821,45542.0,0.7272897739734601,low_c,0.8518858652595764,0.06961858763746696,0.13829251876449308
GO:0045787,positive regulation of cell cycle,biological_process,89,6011,0.7316992160674158,0.7244528781452337,-0.02147391748156746,257870.0,0.7276752449976363,low_c,0.8518858652595764,0.06961858763746696,0.13806239922145622
GO:0000993,RNA polymerase II complex binding,molecular_function,32,6011,0.7501510796874999,0.7244528781452337,0.035635139655460835,99073.0,0.7277342961866082,high_c,0.8518858652595764,0.06961858763746696,0.138027157449558
GO:0006506,GPI anchor biosynthetic process,biological_process,31,6011,0.747676905483871,0.7244528781452337,0.03589383968065585,96017.0,0.7299640714272018,high_c,0.8531011059455285,0.06899949503162307,0.13669851517393314
GO:0031399,regulation of protein modification process,biological_process,54,6011,0.7214036564814813,0.7244528781452337,-0.027232201145244606,156459.0,0.7301087675542864,low_c,0.8531011059455285,0.06899949503162307,0.1366124362769444
GO:0044843,cell cycle G1/S phase transition,biological_process,61,6011,0.725652837377049,0.7244528781452337,-0.02562336409973831,176825.0,0.7302466840063682,low_c,0.8531011059455285,0.06899949503162307,0.13653040644753975
GO:0140006,histone H3 reader activity,molecular_function,18,6011,0.7260098150000001,0.7244528781452337,-0.04688803604204905,51408.0,0.7308896125050315,low_c,0.8532779874302184,0.06890945800136987,0.1361482103198888
GO:0006361,transcription initiation at RNA polymerase I promoter,biological_process,19,6011,0.7449022236842106,0.7244528781452337,0.04549926217412681,59514.0,0.7316933738043849,high_c,0.8536422694384491,0.06872408827739306,0.13567087790800628
GO:0010038,response to metal ion,biological_process,18,6011,0.7113152122222223,0.7244528781452337,-0.04614643009436936,51448.0,0.7349854183299556,low_c,0.856907109617732,0.06706625388418254,0.1337212769724795
GO:0140534,endoplasmic reticulum protein-containing complex,cellular_component,75,6011,0.7431708350666667,0.7244528781452337,0.022556154537286544,227621.0,0.7367475908824124,high_c,0.8576337318017325,0.06669814597306233,0.13268127559094553
GO:0010639,negative regulation of organelle organization,biological_process,89,6011,0.7242857508988765,0.7244528781452337,-0.020711193075524936,258071.0,0.736983794366562,low_c,0.8576337318017325,0.06669814597306233,0.13254206179435046
GO:0000175,3'-5'-RNA exonuclease activity,molecular_function,15,6011,0.7302669993333333,0.7244528781452337,-0.050122303758060927,42716.0,0.7370907418480328,low_c,0.8576337318017325,0.06669814597306233,0.13247904367688543
GO:1902903,regulation of supramolecular fiber organization,biological_process,65,6011,0.741118225076923,0.7244528781452337,0.024031669642164077,197889.0,0.738605225008323,high_c,0.8580413215842978,0.06649179687865889,0.13158762440741176
GO:0034504,protein localization to nucleus,biological_process,71,6011,0.7192798433802816,0.7244528781452337,-0.02297624128610043,206025.0,0.7389238339680445,low_c,0.8580413215842978,0.06649179687865889,0.13140032505868351
GO:2000217,regulation of invasive growth in response to glucose limitation,biological_process,20,6011,0.754013506,0.7244528781452337,0.04313136371223503,62494.0,0.7387979733256971,high_c,0.8580413215842978,0.06649179687865889,0.13147430458896137
GO:0032889,"regulation of vacuole fusion, non-autophagic",biological_process,15,6011,0.7083086566666666,0.7244528781452337,-0.0493884812096953,42749.0,0.7408013307486561,low_c,0.8596464640238415,0.06568011886252699,0.1302982461745575
GO:0097435,supramolecular fiber organization,biological_process,80,6011,0.742346494375,0.7244528781452337,0.021033552520654197,242230.0,0.7462292114840586,high_c,0.8653666741057621,0.06279983380872523,0.12712775430614598
GO:0003724,RNA helicase activity,molecular_function,44,6011,0.7310445245454545,0.7244528781452337,-0.02821579292167531,127570.0,0.7467591037934023,low_c,0.8654030735549709,0.06278156669958558,0.12681947417661105
GO:0000425,pexophagy,biological_process,33,6011,0.7276694872727272,0.7244528781452337,0.032269837890446684,101820.0,0.7488763503528226,high_c,0.8661221480429714,0.06242085569604572,0.1255898842932484
GO:0030242,autophagy of peroxisome,biological_process,33,6011,0.7276694872727272,0.7244528781452337,0.032269837890446684,101820.0,0.7488763503528226,high_c,0.8661221480429714,0.06242085569604572,0.1255898842932484
GO:0000447,"endonucleolytic cleavage in ITS1 to separate SSU-rRNA from 5.8S rRNA and LSU-rRNA from tricistronic rRNA transcript (SSU-rRNA, 5.8S rRNA, LSU-rRNA)",biological_process,44,6011,0.7441234890909091,0.7244528781452337,0.028032969209439873,134954.0,0.7483444772447219,high_c,0.8661221480429714,0.06242085569604572,0.12589844207093864
GO:0042790,nucleolar large rRNA transcription by RNA polymerase I,biological_process,35,6011,0.7381435717142859,0.7244528781452337,0.031181870338496953,107841.0,0.7500964679131232,high_c,0.8669557045919987,0.06200309138504132,0.12488287955736485
GO:0006665,sphingolipid metabolic process,biological_process,46,6011,0.7233356230434783,0.7244528781452337,-0.02692517948904849,133501.0,0.7527481354546475,low_c,0.8688057177408077,0.06107732958866447,0.12335031155450663
GO:0030117,membrane coat,cellular_component,36,6011,0.72021696,0.7244528781452337,-0.030450953045095264,104275.0,0.7524335759150161,low_c,0.8688057177408077,0.06107732958866447,0.12353183312528948
GO:0004222,metalloendopeptidase activity,molecular_function,18,6011,0.7172362205555556,0.7244528781452337,-0.04286482377588663,51625.0,0.7531985052994906,low_c,0.8688057177408077,0.06107732958866447,0.12309055049927538
GO:0043488,regulation of mRNA stability,biological_process,46,6011,0.7381391647826088,0.7244528781452337,0.026626334778964145,140848.0,0.7554046389169209,high_c,0.8705766860772846,0.06019296736878833,0.12182035251109535
GO:0043487,regulation of RNA stability,biological_process,47,6011,0.738685409361702,0.7244528781452337,0.026306776831199974,143841.0,0.7557367891235414,high_c,0.8705766860772846,0.06019296736878833,0.12162943589462963
GO:0031903,microbody membrane,cellular_component,43,6011,0.7233483606976745,0.7244528781452337,-0.027308435688010446,124808.0,0.7573344378084164,low_c,0.870683830487027,0.06013952077015015,0.12071229431745381
GO:0040008,regulation of growth,biological_process,67,6011,0.7314218868656717,0.7244528781452337,0.02197123400494161,203499.0,0.7567936850230785,high_c,0.870683830487027,0.06013952077015015,0.12102250051095814
GO:0005778,peroxisomal membrane,cellular_component,43,6011,0.7233483606976745,0.7244528781452337,-0.027308435688010446,124808.0,0.7573344378084164,low_c,0.870683830487027,0.06013952077015015,0.12071229431745381
GO:0032993,protein-DNA complex,cellular_component,54,6011,0.718701822037037,0.7244528781452337,-0.024272719924893882,156935.0,0.7584738580741931,low_c,0.8714166893559228,0.059774126720926316,0.12005938322237407
GO:0008194,UDP-glycosyltransferase activity,molecular_function,24,6011,0.7094528258333334,0.7244528781452337,-0.0361895217415511,69244.0,0.7593151747914806,low_c,0.8718063117976259,0.05957999105479176,0.11957792073007716
GO:0010565,regulation of ketone metabolic process,biological_process,15,6011,0.7303691233333335,0.7244528781452337,-0.04560818323326665,42919.0,0.760010409097643,low_c,0.8719445754128575,0.05951111983504433,0.11918045958406308
GO:0007129,homologous chromosome pairing at meiosis,biological_process,18,6011,0.7385431122222221,0.7244528781452337,0.04156701336744728,56179.0,0.7604401423819507,high_c,0.8719445754128575,0.05951111983504433,0.11893496551146344
GO:0032120,ascospore-type prospore membrane formation,biological_process,16,6011,0.719187414375,0.7244528781452337,0.04361968306922437,50052.0,0.7628759429781911,high_c,0.8741601564423365,0.058408992208725606,0.11754608021087491
GO:0140677,molecular function activator activity,molecular_function,172,6011,0.7290090798837209,0.7244528781452337,-0.013404254471735766,495423.0,0.7641382933233096,low_c,0.8750290746762964,0.057977516392889575,0.11682803593732789
GO:0003700,DNA-binding transcription factor activity,molecular_function,179,6011,0.7411928456424581,0.7244528781452337,0.013089025296763701,528796.0,0.7651549364184608,high_c,0.8756156688348371,0.05768647548736117,0.11625061554110377
GO:0044772,mitotic cell cycle phase transition,biological_process,93,6011,0.7299799247311831,0.7244528781452337,-0.01782060925843154,270283.0,0.767767357517706,low_c,0.8780264378463356,0.056492407057549494,0.114770356338561
GO:0036260,RNA capping,biological_process,15,6011,0.75448467,0.7244528781452337,0.043851456526573296,46942.0,0.7689884306473522,high_c,0.8782081027847118,0.056402560196269644,0.11408019406568277
GO:0000400,four-way junction DNA binding,molecular_function,15,6011,0.7173752373333333,0.7244528781452337,-0.043762508338892614,43002.0,0.769443850423702,low_c,0.8782081027847118,0.056402560196269644,0.11382306698374434
GO:0006893,Golgi to plasma membrane transport,biological_process,35,6011,0.7151484202857142,0.7244528781452337,-0.028762669726525192,101572.0,0.7689129761086798,low_c,0.8782081027847118,0.056402560196269644,0.11412280991824955
GO:0007006,mitochondrial membrane organization,biological_process,54,6011,0.7412949685185184,0.7244528781452337,0.02279919671224029,164506.0,0.7727217306118553,high_c,0.8796884001196934,0.0556711347510806,0.11197687427999439
GO:0097346,INO80-type complex,cellular_component,27,6011,0.7220217551851853,0.7244528781452337,-0.03234551396316099,78171.0,0.7715290916733133,low_c,0.8796884001196934,0.0556711347510806,0.11264769356066755
GO:0044770,cell cycle phase transition,biological_process,94,6011,0.7303726078723405,0.7244528781452337,-0.017328361482781274,273280.0,0.772845806929096,low_c,0.8796884001196934,0.0556711347510806,0.11190714499451265
GO:1902410,mitotic cytokinetic process,biological_process,21,6011,0.7460440876190477,0.7244528781452337,0.03647348755862945,65189.0,0.7726531789146384,high_c,0.8796884001196934,0.0556711347510806,0.11201540424921083
GO:0015605,organophosphate ester transmembrane transporter activity,molecular_function,30,6011,0.7303234053333332,0.7244528781452337,-0.030451986847238488,86983.0,0.7732744807503756,low_c,0.8796884001196934,0.0556711347510806,0.11166632197269204
GO:0045182,translation regulator activity,molecular_function,19,6011,0.7100433031578948,0.7244528781452337,-0.03775209050664041,54775.0,0.7760415284231974,low_c,0.8813613200001772,0.05484601313979727,0.11011503765616948
GO:0006376,mRNA splice site recognition,biological_process,22,6011,0.7471838031818181,0.7244528781452337,0.03521607796111059,68199.0,0.775270720237053,high_c,0.8813613200001772,0.05484601313979727,0.11054661778413705
GO:0032880,regulation of protein localization,biological_process,81,6011,0.7262408908641975,0.7244528781452337,-0.01835821206254029,235756.0,0.7762681211291883,low_c,0.8813613200001772,0.05484601313979727,0.10998824856795025
GO:0016298,lipase activity,molecular_function,40,6011,0.73614895975,0.7244528781452337,0.025782950929492454,122499.0,0.7783824133433631,high_c,0.8814116485811344,0.05482121422877781,0.1088069850138764
GO:0071709,membrane assembly,biological_process,22,6011,0.7271426554545455,0.7244528781452337,0.034745518298699096,68168.0,0.7781950862542992,high_c,0.8814116485811344,0.05482121422877781,0.10891151578282973
GO:0031401,positive regulation of protein modification process,biological_process,27,6011,0.7276632785185185,0.7244528781452337,-0.031280946722123226,78257.0,0.7788510765688135,low_c,0.8814116485811344,0.05482121422877781,0.10854557545628875
GO:0031967,organelle envelope,cellular_component,124,6011,0.7271421971774193,0.7244528781452337,-0.01479476374954114,359594.0,0.7776806180733996,low_c,0.8814116485811344,0.05482121422877781,0.10919872471552418
GO:0006400,tRNA modification,biological_process,81,6011,0.7280811832098765,0.7244528781452337,-0.018158349468074042,235804.0,0.7786402906093127,low_c,0.8814116485811344,0.05482121422877781,0.10866312754237013
GO:0030832,regulation of actin filament length,biological_process,18,6011,0.7414535716666667,0.7244528781452337,0.03769212229082086,55970.0,0.782184513601609,high_c,0.8828818697089683,0.05409740147973705,0.10669078685479792
GO:0002097,tRNA wobble base modification,biological_process,34,6011,0.7392197658823528,0.7244528781452337,0.027527089135804816,104406.0,0.7816649346912619,high_c,0.8828818697089683,0.05409740147973705,0.10697936995622914
GO:0008064,regulation of actin polymerization or depolymerization,biological_process,18,6011,0.7414535716666667,0.7244528781452337,0.03769212229082086,55970.0,0.782184513601609,high_c,0.8828818697089683,0.05409740147973705,0.10669078685479792
GO:0030833,regulation of actin filament polymerization,biological_process,18,6011,0.7414535716666667,0.7244528781452337,0.03769212229082086,55970.0,0.782184513601609,high_c,0.8828818697089683,0.05409740147973705,0.10669078685479792
GO:0006109,regulation of carbohydrate metabolic process,biological_process,54,6011,0.737869622962963,0.7244528781452337,0.021673847760804277,164325.0,0.7836551374706585,high_c,0.8839670686478643,0.053563913913298795,0.10587501492229319
GO:0010562,positive regulation of phosphorus metabolic process,biological_process,25,6011,0.7184119548,0.7244528781452337,-0.03155362512529236,72464.0,0.7851506119974117,low_c,0.885078871706173,0.053018026454138306,0.1050470264581483
GO:0140102,"catalytic activity, acting on a rRNA",molecular_function,17,6011,0.7168561511764705,0.7244528781452337,-0.03801841056743016,49012.0,0.7863687060167038,low_c,0.8858767512297195,0.05262669570224641,0.10437377782430017
GO:0030968,endoplasmic reticulum unfolded protein response,biological_process,19,6011,0.727690107368421,0.7244528781452337,-0.03587239125852015,54882.0,0.7869190407185307,low_c,0.8859218253484886,0.05260459901324229,0.10406994613877728
GO:1902532,negative regulation of intracellular signal transduction,biological_process,48,6011,0.7322084110416666,0.7244528781452337,-0.02226228408519204,139926.0,0.7902278469470541,low_c,0.8890703449773725,0.051063875445010586,0.10224767022233537
GO:0007096,regulation of exit from mitosis,biological_process,44,6011,0.7432548872727271,0.7244528781452337,0.02299769946828767,134293.0,0.7924048031286218,high_c,0.8903655263632928,0.05043166358802754,0.10105290066764716
GO:0070461,SAGA-type complex,cellular_component,21,6011,0.7233990542857143,0.7244528781452337,-0.0332299864854122,60805.0,0.7923896256678667,low_c,0.8903655263632928,0.05043166358802754,0.10106121908085668
GO:0045807,positive regulation of endocytosis,biological_process,23,6011,0.7245881317391304,0.7244528781452337,-0.03162847433998428,66684.0,0.7932129545893309,low_c,0.8906970822555489,0.050269970343314145,0.10061020160148115
GO:0042144,"vacuole fusion, non-autophagic",biological_process,32,6011,0.7350782115625001,0.7244528781452337,0.026258571667503006,98176.0,0.7975475960569889,high_c,0.8949855376567114,0.048183982523901395,0.09824338966500691
GO:0098562,cytoplasmic side of membrane,cellular_component,29,6011,0.7264070741379312,0.7244528781452337,-0.027392522394770524,84363.0,0.7988709839321353,low_c,0.8953131233739101,0.04802504963296622,0.09752335271423328
GO:0008236,serine-type peptidase activity,molecular_function,18,6011,0.7090962961111111,0.7244528781452337,-0.03481839924356189,52059.0,0.7984224371250943,low_c,0.8953131233739101,0.04802504963296622,0.09776726708303453
GO:0043130,ubiquitin binding,molecular_function,48,6011,0.7476668797916667,0.7244528781452337,0.02111632847000955,146134.0,0.8007941631156247,high_c,0.8957336772994358,0.04782109711482255,0.09647910103312596
GO:0000981,"DNA-binding transcription factor activity, RNA polymerase II-specific",molecular_function,162,6011,0.7348686844444444,0.7244528781452337,-0.011606922360897443,468270.0,0.8007598825393784,low_c,0.8957336772994358,0.04782109711482255,0.09649769280671351
GO:0032107,regulation of response to nutrient levels,biological_process,25,6011,0.7325450472,0.7244528781452337,-0.029348479786167725,72629.0,0.7998375435217043,low_c,0.8957336772994358,0.04782109711482255,0.0969982144040062
GO:0000144,cellular bud neck septin ring,cellular_component,15,6011,0.7556251633333334,0.7244528781452337,0.03735823882588396,46650.0,0.8024338443273564,high_c,0.8969897963633554,0.047212497210416746,0.09559076232233138
GO:0008173,RNA methyltransferase activity,molecular_function,36,6011,0.7277527625,0.7244528781452337,0.02404463040446303,110136.0,0.8033137089488201,high_c,0.8972995207760611,0.04706256419415239,0.09511482152156563
GO:0030036,actin cytoskeleton organization,biological_process,86,6011,0.7320819032558139,0.7244528781452337,-0.015586301638700784,250804.0,0.8037446744278658,low_c,0.8972995207760611,0.04706256419415239,0.09488189167176919
GO:0004857,enzyme inhibitor activity,molecular_function,56,6011,0.7241420657142857,0.7244528781452337,-0.01907760585342444,163559.0,0.8056355143057583,low_c,0.898832424701026,0.04632126912481179,0.09386139731161476
GO:1900430,positive regulation of filamentous growth of a population of unicellular organisms,biological_process,23,6011,0.7478711539130434,0.7244528781452337,0.02931950858238208,70881.0,0.8080059161306874,high_c,0.900829465846725,0.04535741662533951,0.09258545935721395
GO:0030688,"preribosome, small subunit precursor",cellular_component,22,6011,0.7227146981818181,0.7244528781452337,-0.029903307579046468,63909.0,0.8084633109384778,low_c,0.900829465846725,0.04535741662533951,0.09233968412926698
GO:0034389,lipid droplet organization,biological_process,18,6011,0.7294598588888888,0.7244528781452337,-0.03268628214398284,52174.0,0.810526957281284,low_c,0.9025495816807626,0.04452893074209686,0.09123253639372823
GO:0051321,meiotic cell cycle,biological_process,53,6011,0.7317574171698112,0.7244528781452337,0.01900726468930314,160888.0,0.8114514887530764,high_c,0.9029998618431669,0.04431231613251284,0.09073743861852429
GO:0016407,acetyltransferase activity,molecular_function,54,6011,0.7268917081481483,0.7244528781452337,-0.01859001859001863,157849.0,0.8138298933152729,low_c,0.9050664284403035,0.04331954405853452,0.08946636183659011
GO:0016592,mediator complex,cellular_component,27,6011,0.7483526707407406,0.7244528781452337,0.025896217072687744,82876.0,0.8161753068899849,high_c,0.9060588426587497,0.042843596791001234,0.08821654879779532
GO:0000742,karyogamy involved in conjugation with cellular fusion,biological_process,15,6011,0.7527975586666666,0.7244528781452337,0.034689793195463725,46530.0,0.8162880356672146,high_c,0.9060588426587497,0.042843596791001234,0.0881565689076451
GO:0032511,late endosome to vacuole transport via multivesicular body sorting pathway,biological_process,50,6011,0.7240646559999999,0.7244528781452337,-0.01911759771850363,146176.0,0.8156793686317885,low_c,0.9060588426587497,0.042843596791001234,0.08848052237186568
GO:0031625,ubiquitin protein ligase binding,molecular_function,20,6011,0.747397824,0.7244528781452337,0.029410782840928018,61672.0,0.8201498997968208,high_c,0.9090697157121713,0.04140280986042522,0.0861067638297318
GO:0001558,regulation of cell growth,biological_process,42,6011,0.7118971309523809,0.7244528781452337,-0.020383090411570937,122794.0,0.8196965311539116,low_c,0.9090697157121713,0.04140280986042522,0.08634690278565332
GO:0016514,SWI/SNF complex,cellular_component,15,6011,0.7289953126666666,0.7244528781452337,-0.03386702245941742,43447.0,0.8205715694245234,low_c,0.9090697157121713,0.04140280986042522,0.08588353423230816
GO:0051054,positive regulation of DNA metabolic process,biological_process,36,6011,0.7341591466666668,0.7244528781452337,0.021692236169223555,109883.0,0.8222209114490941,high_c,0.9103160091043543,0.040807819561959086,0.08501148205401257
GO:0008186,"ATP-dependent activity, acting on RNA",molecular_function,45,6011,0.7334876840000001,0.7244528781452337,-0.01925727269341082,131650.0,0.8236533887091121,low_c,0.9113207666023063,0.04032873318526554,0.08425551043880196
GO:0016310,phosphorylation,biological_process,19,6011,0.7432453642105262,0.7244528781452337,0.029284660248752648,58591.0,0.8253571243381255,high_c,0.9125094236541212,0.03976264180863682,0.08335809560762744
GO:1903046,meiotic cell cycle process,biological_process,258,6011,0.7235732412403101,0.7244528781452337,0.008088803010764867,748140.0,0.8257789772814657,high_c,0.9125094236541212,0.03976264180863682,0.08313617760913661
GO:0043173,nucleotide salvage,biological_process,18,6011,0.74557781,0.7244528781452337,0.02981255909672398,55545.0,0.8269131909528892,high_c,0.9131680487080139,0.03944929266204573,0.08254008013182172
GO:0007049,cell cycle,biological_process,89,6011,0.7199560994382022,0.7244528781452337,-0.013444440649795664,259986.0,0.8274270395263282,low_c,0.9131680487080139,0.03944929266204573,0.082270290879232
GO:0015931,nucleobase-containing compound transport,biological_process,135,6011,0.7233063726666668,0.7244528781452337,-0.010911933035826826,392302.0,0.8281496526650263,low_c,0.9133848773992921,0.039346183134545284,0.08189117595197266
GO:0140463,chromatin-protein adaptor activity,molecular_function,23,6011,0.7329804960869567,0.7244528781452337,-0.026008538816764015,67071.0,0.829337519469053,low_c,0.9136290472580164,0.03923010123556108,0.08126868656536455
GO:0043414,macromolecule methylation,biological_process,57,6011,0.7352797675438595,0.7244528781452337,0.016530240616657643,172494.0,0.8297069889722828,high_c,0.9136290472580164,0.03923010123556108,0.08107525164746997
GO:0007008,outer mitochondrial membrane organization,biological_process,17,6011,0.7394111170588236,0.7244528781452337,0.030128167383069338,52484.0,0.8299498891278179,high_c,0.9136290472580164,0.03923010123556108,0.08094812874713134
GO:0042393,histone binding,molecular_function,41,6011,0.7383333007317072,0.7244528781452337,-0.019234383298606827,120031.0,0.831695101299259,low_c,0.9149700227221254,0.038593134545171534,0.08003585651224315
GO:0045943,positive regulation of transcription by RNA polymerase I,biological_process,33,6011,0.719198446969697,0.7244528781452337,-0.02106714518892505,96559.0,0.8344704179642977,low_c,0.9169982522923981,0.03763149205134293,0.07858905448214061
GO:0007264,small GTPase-mediated signal transduction,biological_process,48,6011,0.7350438302083333,0.7244528781452337,0.017475823131533286,145613.0,0.8345951835380121,high_c,0.9169982522923981,0.03763149205134293,0.07852412593739339
GO:0034243,regulation of transcription elongation by RNA polymerase II,biological_process,71,6011,0.7453127167605633,0.7244528781452337,0.014169867690994487,213858.0,0.8371612294049231,high_c,0.919215263645949,0.036582772763883296,0.07719089290548826
GO:0051274,beta-glucan biosynthetic process,biological_process,24,6011,0.7242865474999999,0.7244528781452337,0.024121708145426135,73577.0,0.8382014760089501,high_c,0.919215263645949,0.036582772763883296,0.07665157874200042
GO:0051273,beta-glucan metabolic process,biological_process,24,6011,0.7242865474999999,0.7244528781452337,0.024121708145426135,73577.0,0.8382014760089501,high_c,0.919215263645949,0.036582772763883296,0.07665157874200042
GO:0051494,negative regulation of cytoskeleton organization,biological_process,30,6011,0.7422079723333336,0.7244528781452337,0.021356517862118896,91631.0,0.8398933071304093,high_c,0.919687062499397,0.03635992281671272,0.07577587949462991
GO:0000467,"exonucleolytic trimming to generate mature 3'-end of 5.8S rRNA from tricistronic rRNA transcript (SSU-rRNA, 5.8S rRNA, LSU-rRNA)",biological_process,18,6011,0.7427797444444445,0.7244528781452337,0.027587741253684905,55425.0,0.839651668886243,high_c,0.919687062499397,0.03635992281671272,0.075900844480124
GO:0006403,RNA localization,biological_process,21,6011,0.7253488423809523,0.7244528781452337,-0.02545512361872959,61294.0,0.8402210144723754,low_c,0.919687062499397,0.03635992281671272,0.07560646067560081
GO:0032968,positive regulation of transcription elongation by RNA polymerase II,biological_process,68,6011,0.7459837220588236,0.7244528781452337,0.014025398145123713,204896.0,0.8421573463686415,high_c,0.9198899764679332,0.03626411338299284,0.07460675852942329
GO:0001228,"DNA-binding transcription activator activity, RNA polymerase II-specific",molecular_function,54,6011,0.7302942107407409,0.7244528781452337,-0.01571758093497222,158311.0,0.8421879776851728,low_c,0.9198899764679332,0.03626411338299284,0.07459096246723285
GO:0006906,vesicle fusion,biological_process,39,6011,0.7359047358974359,0.7244528781452337,0.018410702938499224,118598.0,0.8427068282334499,high_c,0.9198899764679332,0.03626411338299284,0.07432348708968363
GO:0070566,adenylyltransferase activity,molecular_function,18,6011,0.7340589544444445,0.7244528781452337,0.026994456495541108,55393.0,0.8430558482491255,high_c,0.9198899764679332,0.03626411338299284,0.07414365457688439
GO:0000722,telomere maintenance via recombination,biological_process,39,6011,0.7391177961538461,0.7244528781452337,0.018470812509660428,118605.0,0.8421998972614543,high_c,0.9198899764679332,0.03626411338299284,0.07458481589460222
GO:0009410,response to xenobiotic stimulus,biological_process,20,6011,0.7293052335000001,0.7244528781452337,-0.025087631447170744,58407.0,0.8462356010875938,low_c,0.9204925637831182,0.03597971560212054,0.07250870787419006
GO:0006360,transcription by RNA polymerase I,biological_process,40,6011,0.73763039775,0.7244528781452337,0.017526377491207557,121513.0,0.84829811738838,high_c,0.9204925637831182,0.03597971560212054,0.07145149681861834
GO:0043101,purine-containing compound salvage,biological_process,16,6011,0.750400381875,0.7244528781452337,0.027877397831526318,49297.0,0.8471196068865653,high_c,0.9204925637831182,0.03597971560212054,0.07205526624123278
GO:0120544,polypeptide conformation or assembly isomerase activity,molecular_function,24,6011,0.73189375125,0.7244528781452337,-0.022173041590111908,70251.0,0.8511165548707087,low_c,0.9204925637831182,0.03597971560212054,0.07001096204108911
GO:1902936,phosphatidylinositol bisphosphate binding,molecular_function,30,6011,0.7357659680000002,0.7244528781452337,0.019874045588808897,91498.0,0.8508748534123028,high_c,0.9204925637831182,0.03597971560212054,0.07013431120707013
GO:0000741,karyogamy,biological_process,17,6011,0.7366076188235295,0.7244528781452337,-0.026516712791222585,49598.0,0.8500822116495945,low_c,0.9204925637831182,0.03597971560212054,0.07053907153366358
GO:0072344,rescue of stalled cytosolic ribosome,biological_process,19,6011,0.7209292184210526,0.7244528781452337,-0.024963108706345327,55503.0,0.8508081486146735,low_c,0.9204925637831182,0.03597971560212054,0.07016835929417829
GO:0050779,RNA destabilization,biological_process,32,6011,0.7330721215625,0.7244528781452337,-0.019160812844957298,93831.0,0.8515274760549071,low_c,0.9204925637831182,0.03597971560212054,0.06980133418815218
GO:0051447,negative regulation of meiotic cell cycle,biological_process,30,6011,0.7358744576666666,0.7244528781452337,0.019651117427408993,91478.0,0.852528773121252,high_c,0.9204925637831182,0.03597971560212054,0.06929095450917454
GO:0051055,negative regulation of lipid biosynthetic process,biological_process,17,6011,0.7448426547058823,0.7244528781452337,0.02730181161553702,52340.0,0.8456968187564888,high_c,0.9204925637831182,0.03597971560212054,0.0727853030839168
GO:0045833,negative regulation of lipid metabolic process,biological_process,17,6011,0.7448426547058823,0.7244528781452337,0.02730181161553702,52340.0,0.8456968187564888,high_c,0.9204925637831182,0.03597971560212054,0.0727853030839168
GO:0061157,mRNA destabilization,biological_process,32,6011,0.7330721215625,0.7244528781452337,-0.019160812844957298,93831.0,0.8515274760549071,low_c,0.9204925637831182,0.03597971560212054,0.06980133418815218
GO:1903338,regulation of cell wall organization or biogenesis,biological_process,29,6011,0.731719980689655,0.7244528781452337,0.020140882417367,88486.0,0.8513950745792687,high_c,0.9204925637831182,0.03597971560212054,0.06986886659631728
GO:0008649,rRNA methyltransferase activity,molecular_function,15,6011,0.7153738713333334,0.7244528781452337,-0.027640649321770017,43727.0,0.8531523819856205,low_c,0.9204925637831182,0.03597971560212054,0.06897339234356407
GO:0070873,regulation of glycogen metabolic process,biological_process,15,6011,0.7366111453333333,0.7244528781452337,0.0277295975094507,46217.0,0.8526850332699754,high_c,0.9204925637831182,0.03597971560212054,0.0692113598914585
GO:0006409,tRNA export from nucleus,biological_process,20,6011,0.7160563345000001,0.7244528781452337,-0.024052745785344665,58469.0,0.8525062787939545,low_c,0.9204925637831182,0.03597971560212054,0.06930241370141697
GO:0140678,molecular function inhibitor activity,molecular_function,64,6011,0.7254866398437501,0.7244528781452337,-0.013646586514208803,187707.0,0.8508519930482309,low_c,0.9204925637831182,0.03597971560212054,0.07014597950741104
GO:0032259,methylation,biological_process,60,6011,0.7259454929999999,0.7244528781452337,-0.014580182602363712,175927.0,0.8457206825186397,low_c,0.9204925637831182,0.03597971560212054,0.07277304839196468
GO:0046822,regulation of nucleocytoplasmic transport,biological_process,21,6011,0.7317733428571428,0.7244528781452337,0.023133794419270215,64350.0,0.8546257579982499,high_c,0.921509512972026,0.03550017709175229,0.06822402190037567
GO:0034399,nuclear periphery,cellular_component,57,6011,0.7358219366666666,0.7244528781452337,-0.013713322607829648,167362.0,0.8583935255765277,low_c,0.9240310790354588,0.034313421391784935,0.06631356669097707
GO:0070887,cellular response to chemical stimulus,biological_process,255,6011,0.7296710023137255,0.7244528781452337,-0.006585455585986999,729057.0,0.858561135071541,low_c,0.9240310790354588,0.034313421391784935,0.06622877484329648
GO:0009451,RNA modification,biological_process,116,6011,0.7312287241379312,0.7244528781452337,0.009654587464537512,345211.0,0.8584749231822211,high_c,0.9240310790354588,0.034313421391784935,0.0662723864467425
GO:0015297,antiporter activity,molecular_function,25,6011,0.7413277624,0.7244528781452337,0.020193785499498906,76336.0,0.861514179598792,high_c,0.9266348301013028,0.03309137968163268,0.06473757013605412
GO:0008298,intracellular mRNA localization,biological_process,19,6011,0.7365541526315789,0.7244528781452337,0.022661794673599855,58214.0,0.8644268168877265,high_c,0.9291919220539276,0.031894574401993316,0.06327176857534471
GO:0003899,DNA-directed RNA polymerase activity,molecular_function,31,6011,0.7323524645161291,0.7244528781452337,-0.017563922753263572,91062.0,0.8658933325610602,low_c,0.9301617544147074,0.03144152140171121,0.06253560444149173
GO:0000329,fungal-type vacuole membrane,cellular_component,218,6011,0.7336635335779816,0.7244528781452337,0.0066752502624964904,635652.0,0.8669364738726939,high_c,0.9301617544147074,0.03144152140171121,0.06201272496593079
GO:0098852,lytic vacuole membrane,cellular_component,218,6011,0.7336635335779816,0.7244528781452337,0.0066752502624964904,635652.0,0.8669364738726939,high_c,0.9301617544147074,0.03144152140171121,0.06201272496593079
GO:0030100,regulation of endocytosis,biological_process,31,6011,0.7415119787096774,0.7244528781452337,0.017186319991369103,94283.0,0.8687509041132364,high_c,0.9315327792097459,0.030801858342142937,0.06110473042924234
GO:0051170,import into nucleus,biological_process,69,6011,0.7199102192753623,0.7244528781452337,-0.011146395836077239,202714.0,0.8733557302015205,low_c,0.9358923133517527,0.028774119646108397,0.05880882594395051
GO:0080025,"phosphatidylinositol-3,5-bisphosphate binding",molecular_function,15,6011,0.7523412513333334,0.7244528781452337,0.02352679564153881,46028.0,0.8748209353284765,high_c,0.9368841108761475,0.02831412642245856,0.0580808324144167
GO:0051050,positive regulation of transport,biological_process,59,6011,0.7343800469491526,0.7244528781452337,0.011737971569163452,177645.0,0.876549620634421,high_c,0.9375786453612784,0.02799229286542072,0.05722349387966196
GO:0140993,histone modifying activity,molecular_function,60,6011,0.7328892169999999,0.7244528781452337,0.01167310816109346,180614.0,0.8762086010843718,high_c,0.9375786453612784,0.02799229286542072,0.05739248799287289
GO:0030029,actin filament-based process,biological_process,98,6011,0.7317840658163264,0.7244528781452337,-0.00897020401260451,287138.0,0.8787878721754835,low_c,0.9382384662340955,0.027686765664334742,0.05611594524675844
GO:0007007,inner mitochondrial membrane organization,biological_process,38,6011,0.7384510623684212,0.7244528781452337,0.014398124895362407,115121.0,0.8782535046757359,high_c,0.9382384662340955,0.027686765664334742,0.056380108477814335
GO:0061013,regulation of mRNA catabolic process,biological_process,52,6011,0.7352212648076922,0.7244528781452337,0.01234073863709706,156846.0,0.878071225403246,high_c,0.9382384662340955,0.027686765664334742,0.05647025454378516
GO:1902493,acetyltransferase complex,cellular_component,62,6011,0.735473089032258,0.7244528781452337,-0.01112683617197796,182367.0,0.8800421040455183,low_c,0.9390000569287152,0.027334381403935785,0.055496549307550075
GO:0051302,regulation of cell division,biological_process,31,6011,0.7429722706451611,0.7244528781452337,-0.015481713237674,91255.0,0.8816716139647267,low_c,0.9401608856528043,0.026797821110445527,0.05469314139773615
GO:0017171,serine hydrolase activity,molecular_function,21,6011,0.7159018061904762,0.7244528781452337,-0.018634231655934475,61723.0,0.8826815171198721,low_c,0.9406599838674634,0.02656733068027792,0.054195967212241625
GO:0140098,"catalytic activity, acting on RNA",molecular_function,272,6011,0.7329190399264706,0.7244528781452337,-0.005227391531625769,776424.0,0.8840188369009171,low_c,0.9415071784417129,0.026176364393211457,0.05353848082972675
GO:0000812,Swr1 complex,cellular_component,15,6011,0.7280920093333333,0.7244528781452337,-0.021658883700244602,43996.0,0.8846917193611568,low_c,0.9416461218951367,0.02611227786853262,0.053208037668729884
GO:0062014,negative regulation of small molecule metabolic process,biological_process,20,6011,0.736536351,0.7244528781452337,-0.018427641462193334,58806.0,0.8867436459658684,low_c,0.9432518194833013,0.02537234839487511,0.0522019148175059
GO:0006282,regulation of DNA repair,biological_process,34,6011,0.7195530576470589,0.7244528781452337,-0.014024348236868822,100184.0,0.8877304864229117,low_c,0.9437232850154164,0.02515532922723723,0.051718865331042196
GO:0016779,nucleotidyltransferase activity,molecular_function,80,6011,0.73357718675,0.7244528781452337,0.009016186140617055,239379.0,0.8896859624842655,high_c,0.9452232747078855,0.02446559305664552,0.05076326170072194
GO:0032790,ribosome disassembly,biological_process,22,6011,0.7275244390909091,0.7244528781452337,-0.016560664248091217,64788.0,0.8932283484538334,low_c,0.9479299322097187,0.023223763062033158,0.04903750214594051
GO:0140359,ABC-type transporter activity,molecular_function,22,6011,0.7333821281818181,0.7244528781452337,-0.016545484904142427,64789.0,0.8933256734418777,low_c,0.9479299322097187,0.023223763062033158,0.04899018456720205
GO:0032182,ubiquitin-like protein binding,molecular_function,55,6011,0.7406548070909094,0.7244528781452337,-0.010434092435435582,162081.0,0.8939058019059134,low_c,0.9479660794799424,0.02320720249130656,0.048708243919838225
GO:0140566,histone reader activity,molecular_function,21,6011,0.7341049666666667,0.7244528781452337,-0.01671039033309485,61844.0,0.8947242861564296,low_c,0.9482547990033956,0.023074950707513593,0.048310774123587065
GO:1903293,phosphatase complex,cellular_component,29,6011,0.7295264962068964,0.7244528781452337,0.014065184057920899,87959.0,0.8959256614995725,high_c,0.9483700904654012,0.02302215118337016,0.047728023976145395
GO:0051053,negative regulation of DNA metabolic process,biological_process,40,6011,0.72513799625,0.7244528781452337,-0.012024786467928372,117984.0,0.8955939206218381,low_c,0.9483700904654012,0.02302215118337016,0.04788886311595309
GO:0009303,rRNA transcription,biological_process,48,6011,0.73263996125,0.7244528781452337,-0.010844653138800342,141560.0,0.8969124382337652,low_c,0.9488360711601563,0.022808813431713624,0.04724995321909355
GO:0043242,negative regulation of protein-containing complex disassembly,biological_process,17,6011,0.7414878952941177,0.7244528781452337,0.017782488370723604,51855.0,0.8991524084365623,high_c,0.9506264196381682,0.02199012003954714,0.04616668809659827
GO:0005774,vacuolar membrane,cellular_component,285,6011,0.7318135315087718,0.7244528781452337,0.00439117353285412,819538.0,0.9002933234504281,high_c,0.9512533228910184,0.021703813153604427,0.04561597055901579
GO:1902904,negative regulation of supramolecular fiber organization,biological_process,29,6011,0.7390971162068967,0.7244528781452337,0.013108290388406552,87876.0,0.9029727318163988,high_c,0.9535040525749807,0.020677456779264056,0.04432536441570555
GO:0034511,U3 snoRNA binding,molecular_function,16,6011,0.72801170625,0.7244528781452337,-0.017493744787322796,47121.0,0.9037254002436509,low_c,0.9537187202571294,0.02057969264649271,0.04396351120097271
GO:0070786,positive regulation of growth of unicellular organism as a thread of attached cells,biological_process,17,6011,0.7422272764705882,0.7244528781452337,0.016545957722428284,51792.0,0.9061351883189466,high_c,0.9545210478893758,0.02021449065278882,0.04280700413216493
GO:0001227,"DNA-binding transcription repressor activity, RNA polymerase II-specific",molecular_function,23,6011,0.7329087882608697,0.7244528781452337,-0.014260404867706411,67880.0,0.9059417143056857,low_c,0.9545210478893758,0.02021449065278882,0.042899742687077747
GO:0001217,DNA-binding transcription repressor activity,molecular_function,23,6011,0.7329087882608697,0.7244528781452337,-0.014260404867706411,67880.0,0.9059417143056857,low_c,0.9545210478893758,0.02021449065278882,0.042899742687077747
GO:1902806,regulation of cell cycle G1/S phase transition,biological_process,26,6011,0.7454338719230769,0.7244528781452337,0.013019728809202435,78818.0,0.9087051018787163,high_c,0.956647699734052,0.019247968420335868,0.04157703361629021
GO:0010638,positive regulation of organelle organization,biological_process,88,6011,0.729249819659091,0.7244528781452337,-0.0070411185977622415,258777.0,0.9096153511490301,low_c,0.9570256058149796,0.019076442248881095,0.04114221887544793
GO:0032507,maintenance of protein location in cell,biological_process,35,6011,0.7309647034285714,0.7244528781452337,-0.010642570281124475,103467.0,0.9134578517190266,low_c,0.9604862692817869,0.01750883925390218,0.03931148683158165
GO:2000243,positive regulation of reproductive process,biological_process,43,6011,0.7338823055813953,0.7244528781452337,0.009274268969387212,129502.0,0.9164510457050805,high_c,0.9630502514188981,0.01635105104312323,0.03789072889923289
GO:0051668,localization within membrane,biological_process,194,6011,0.7257969702061855,0.7244528781452337,-0.004327876522599028,561807.0,0.9182166455209679,low_c,0.9637388734125757,0.016040622941936238,0.03705483856588143
GO:1902930,regulation of alcohol biosynthetic process,biological_process,16,6011,0.73341224625,0.7244528781452337,-0.014929107589658042,47244.0,0.9177935851443211,low_c,0.9637388734125757,0.016040622941936238,0.03725498210241808
GO:0051495,positive regulation of cytoskeleton organization,biological_process,38,6011,0.7404984010526315,0.7244528781452337,0.009578189572373885,114574.0,0.9188456169670796,high_c,0.9638163087944714,0.016005729249252452,0.03675745197798804
GO:0000794,condensed nuclear chromosome,cellular_component,29,6011,0.7229551972413794,0.7244528781452337,-0.01038748429195635,85838.0,0.9230501462525988,low_c,0.9676419407575554,0.014285316162962285,0.03477470455457408
GO:0000118,histone deacetylase complex,cellular_component,56,6011,0.7373848532142857,0.7244528781452337,-0.007340770061173063,165516.0,0.9245877101656574,low_c,0.9681162853463148,0.014072474250409209,0.03405188360257836
GO:1903313,positive regulation of mRNA metabolic process,biological_process,39,6011,0.7309506776923076,0.7244528781452337,-0.008715887818366075,115439.0,0.925175643657567,low_c,0.9681162853463148,0.014072474250409209,0.033775809066521584
GO:0045132,meiotic chromosome segregation,biological_process,24,6011,0.7209944912499999,0.7244528781452337,-0.011149156505762536,71043.0,0.9248328034155662,low_c,0.9681162853463148,0.014072474250409209,0.033936774414777555
GO:0034475,U4 snRNA 3'-end processing,biological_process,15,6011,0.740757032,0.7244528781452337,0.013786969090504808,45590.0,0.9264690919906806,high_c,0.9688857492143503,0.013727431835866267,0.033169064636284266
GO:0031578,mitotic spindle orientation checkpoint signaling,biological_process,16,6011,0.7339216475000001,0.7244528781452337,-0.012948290241868277,47339.0,0.9286771339179336,low_c,0.9706101772917115,0.012955159220549467,0.032135247609628104
GO:0031137,regulation of conjugation with cellular fusion,biological_process,35,6011,0.7331138151428571,0.7244528781452337,0.008558041690571727,105475.0,0.9303678470150923,high_c,0.9712078066254962,0.01268783537018786,0.03134530699114169
GO:0034605,cellular response to heat,biological_process,60,6011,0.7277065673333333,0.7244528781452337,0.006564723015739737,179702.0,0.9302028224565401,high_c,0.9712078066254962,0.01268783537018786,0.03142234706978172
GO:0043562,cellular response to nitrogen levels,biological_process,50,6011,0.7200681150000001,0.7244528781452337,-0.00701224626740482,147980.0,0.9318828453191075,low_c,0.9716207924768593,0.012503199958566441,0.030638682956700896
GO:0006995,cellular response to nitrogen starvation,biological_process,50,6011,0.7200681150000001,0.7244528781452337,-0.00701224626740482,147980.0,0.9318828453191075,low_c,0.9716207924768593,0.012503199958566441,0.030638682956700896
GO:0015802,basic amino acid transport,biological_process,19,6011,0.7341239257894737,0.7244528781452337,0.011137657227180187,57558.0,0.9331508228141352,high_c,0.9717755419348162,0.012434035645945059,0.0300481566584128
GO:0000976,transcription cis-regulatory region binding,molecular_function,171,6011,0.7362356996491227,0.7244528781452337,-0.0037851478010093587,497430.0,0.9326794973467383,low_c,0.9717755419348162,0.012434035645945059,0.030267570022868402
GO:0043495,protein-membrane adaptor activity,molecular_function,27,6011,0.7247318411111111,0.7244528781452337,-0.008627946127946151,80087.0,0.9382934841546683,low_c,0.9728057359533596,0.011973877333728842,0.02766129955989408
GO:0034045,phagophore assembly site membrane,cellular_component,28,6011,0.7321465453571429,0.7244528781452337,-0.008333134356868221,83064.0,0.9393113490997592,low_c,0.9728057359533596,0.011973877333728842,0.02719043032857317
GO:0010628,positive regulation of gene expression,biological_process,98,6011,0.7311284670408162,0.7244528781452337,0.004604175510894315,291071.0,0.9376187502040262,high_c,0.9728057359533596,0.011973877333728842,0.027973716355079153
GO:0034062,5'-3' RNA polymerase activity,molecular_function,33,6011,0.7391225696969697,0.7244528781452337,0.007623913947099048,99389.0,0.9397437898581705,high_c,0.9728057359533596,0.011973877333728842,0.026990535568116217
GO:0070273,phosphatidylinositol-4-phosphate binding,molecular_function,20,6011,0.7338932935,0.7244528781452337,-0.00993156401268569,59315.0,0.9388378969700213,low_c,0.9728057359533596,0.011973877333728842,0.027409388062817383
GO:0006515,protein quality control for misfolded or incompletely synthesized proteins,biological_process,34,6011,0.7380482264705882,0.7244528781452337,0.007814268421104442,102403.0,0.9373184698586506,high_c,0.9728057359533596,0.011973877333728842,0.02811282511748479
GO:0005801,cis-Golgi network,cellular_component,17,6011,0.7387396229411765,0.7244528781452337,-0.010991383540403188,50389.0,0.9375841632108426,low_c,0.9728057359533596,0.011973877333728842,0.027989736957627825
GO:0051445,regulation of meiotic cell cycle,biological_process,59,6011,0.7317986072881355,0.7244528781452337,-0.005854747585201436,174556.0,0.9382536370363462,low_c,0.9728057359533596,0.011973877333728842,0.027679743417140395
GO:1905354,exoribonuclease complex,cellular_component,18,6011,0.74120199,0.7244528781452337,-0.010901607430891636,53349.0,0.9363045212263892,low_c,0.9728057359533596,0.011973877333728842,0.028582879489156884
GO:1903311,regulation of mRNA metabolic process,biological_process,61,6011,0.7358177659016393,0.7244528781452337,0.006000826560132344,182564.0,0.9356638894421055,high_c,0.9728057359533596,0.011973877333728842,0.028880131150159437
GO:0009408,response to heat,biological_process,79,6011,0.7299860769620253,0.7244528781452337,0.0043915429722509725,235343.0,0.9464837890453864,high_c,0.9786157580600302,0.00938779533735501,0.023886820039779287
GO:0019902,phosphatase binding,molecular_function,17,6011,0.7276112741176471,0.7244528781452337,-0.00948006830359771,50466.0,0.9461599192349146,low_c,0.9786157580600302,0.00938779533735501,0.024035453268844535
GO:0097576,vacuole fusion,biological_process,35,6011,0.7275240528571428,0.7244528781452337,0.006100592847580799,105218.0,0.9503428921900952,high_c,0.9820209885964317,0.007879229998994104,0.022119669113604374
GO:0016973,poly(A)+ mRNA export from nucleus,biological_process,34,6011,0.7230325449999999,0.7244528781452337,-0.006013246858053933,100998.0,0.9517540491242468,low_c,0.9821108344656915,0.007839497874286004,0.02147526685551667
GO:0022413,reproductive process in single-celled organism,biological_process,98,6011,0.7247911344897959,0.7244528781452337,0.003568753731832741,290771.0,0.9516330768614023,high_c,0.9821108344656915,0.007839497874286004,0.021530471165318057
GO:0008535,respiratory chain complex IV assembly,biological_process,28,6011,0.7291246557142858,0.7244528781452337,0.006494591819679485,84306.0,0.952692767995521,high_c,0.9821108344656915,0.007839497874286004,0.021047131551128376
GO:0033617,mitochondrial respiratory chain complex IV assembly,biological_process,28,6011,0.7291246557142858,0.7244528781452337,0.006494591819679485,84306.0,0.952692767995521,high_c,0.9821108344656915,0.007839497874286004,0.021047131551128376
GO:1902412,regulation of mitotic cytokinesis,biological_process,16,6011,0.751322871875,0.7244528781452337,0.008236030025020824,48355.0,0.9546184568540372,high_c,0.9821253416045145,0.007833082789973937,0.020170173120442975
GO:0032365,intracellular lipid transport,biological_process,20,6011,0.7367867085,0.7244528781452337,-0.00731096644967455,59472.0,0.9549698022053114,low_c,0.9821253416045145,0.007833082789973937,0.020010361340810762
GO:0007005,mitochondrion organization,biological_process,112,6011,0.7315216321428571,0.7244528781452337,0.003130070471992763,331378.0,0.9546998177950096,high_c,0.9821253416045145,0.007833082789973937,0.02013316032043233
GO:0008287,protein serine/threonine phosphatase complex,cellular_component,27,6011,0.7234796759259259,0.7244528781452337,-0.006498811645870517,80259.0,0.953511763198156,low_c,0.9821253416045145,0.007833082789973937,0.020673944819825252
GO:0005730,nucleolus,cellular_component,278,6011,0.733606265647482,0.7244528781452337,0.001977695708425431,798463.0,0.9555367430272949,high_c,0.9821265754265149,0.007832537195916676,0.01975260846538107
GO:0044087,regulation of cellular component biogenesis,biological_process,174,6011,0.7307046964367816,0.7244528781452337,0.0024359072819253313,509056.0,0.9562852097076993,high_c,0.9823142745873171,0.007749544918453337,0.019412561145252905
GO:0006363,termination of RNA polymerase I transcription,biological_process,17,6011,0.7317442194117647,0.7244528781452337,-0.007595831125242869,50562.0,0.9568604007061584,low_c,0.982323864947304,0.007745304910751195,0.01915141815348254
GO:0016763,pentosyltransferase activity,molecular_function,17,6011,0.72087576,0.7244528781452337,0.0065948301242417795,51285.0,0.962548318342007,high_c,0.9824468795397847,0.007690922424725601,0.016577460403764413
GO:0051539,"4 iron, 4 sulfur cluster binding",molecular_function,17,6011,0.7438037011764707,0.7244528781452337,0.006653712536065504,51288.0,0.9622136793454122,high_c,0.9824468795397847,0.007690922424725601,0.01672847322642998
GO:0001216,DNA-binding transcription activator activity,molecular_function,57,6011,0.7327558364912281,0.7244528781452337,-0.003960185987306186,169017.0,0.958929172834822,low_c,0.9824468795397847,0.007690922424725601,0.01821346893251612
GO:0070063,RNA polymerase binding,molecular_function,37,6011,0.7437304713513514,0.7244528781452337,0.004686976899899609,111037.0,0.9607786024099991,high_c,0.9824468795397847,0.007690922424725601,0.01737667771042062
GO:0043175,RNA polymerase core enzyme binding,molecular_function,37,6011,0.7437304713513514,0.7244528781452337,0.004686976899899609,111037.0,0.9607786024099991,high_c,0.9824468795397847,0.007690922424725601,0.01737667771042062
GO:0006366,transcription by RNA polymerase II,biological_process,63,6011,0.7340734320634921,0.7244528781452337,0.003522592628174337,188022.0,0.9616104892572312,high_c,0.9824468795397847,0.007690922424725601,0.01700080802676687
GO:0016075,rRNA catabolic process,biological_process,28,6011,0.7276126367857144,0.7244528781452337,-0.005563381963181402,83296.0,0.9594757000564392,low_c,0.9824468795397847,0.007690922424725601,0.017966019849860522
GO:0070603,SWI/SNF superfamily-type complex,cellular_component,60,6011,0.7346196351666665,0.7244528781452337,-0.003512014787430684,177903.0,0.9626394827748697,low_c,0.9824468795397847,0.007690922424725601,0.016536329652629696
GO:0032784,regulation of DNA-templated transcription elongation,biological_process,80,6011,0.7413823738750001,0.7244528781452337,-0.0030686224919912464,236512.0,0.9623656768449642,low_c,0.9824468795397847,0.007690922424725601,0.01665987467761625
GO:0038023,signaling receptor activity,molecular_function,20,6011,0.7288033755000001,0.7244528781452337,-0.006409614421632459,59526.0,0.9605229581327042,low_c,0.9824468795397847,0.007690922424725601,0.017492250301308642
GO:2000045,regulation of G1/S transition of mitotic cell cycle,biological_process,24,6011,0.7399107133333334,0.7244528781452337,-0.005303156839819634,71463.0,0.9642299081660307,low_c,0.9831851517866272,0.007364688854135651,0.01581940184074737
GO:0070897,transcription preinitiation complex assembly,biological_process,47,6011,0.7427250306382979,0.7244528781452337,-0.003767284558414352,139626.0,0.9644955722883792,low_c,0.9831851517866272,0.007364688854135651,0.015699761732007676
GO:0140296,general transcription initiation factor binding,molecular_function,31,6011,0.7432667009677418,0.7244528781452337,0.004466501240694809,93104.0,0.9657759001033075,high_c,0.9838270355219149,0.007081247220217412,0.015123636151179148
GO:0000423,mitophagy,biological_process,19,6011,0.706655857368421,0.7244528781452337,-0.0054107230693556385,56616.0,0.9675224219660763,low_c,0.9838270355219149,0.007081247220217412,0.014338961582120436
GO:0017004,cytochrome complex assembly,biological_process,43,6011,0.7289083567441861,0.7244528781452337,-0.003686327077747964,127839.0,0.9667609425104307,low_c,0.9838270355219149,0.007081247220217412,0.014680903563142857
GO:0016050,vesicle organization,biological_process,90,6011,0.7306639149999999,0.7244528781452337,-0.0024883184146822224,265782.0,0.967657818222298,low_c,0.9838270355219149,0.007081247220217412,0.014278190139934073
GO:0007117,budding cell bud growth,biological_process,25,6011,0.7371088588000001,0.7244528781452337,0.004490477781490254,75161.0,0.9690922988147894,high_c,0.9838270355219149,0.007081247220217412,0.013634857668536665
GO:0051784,negative regulation of nuclear division,biological_process,45,6011,0.7316528306666665,0.7244528781452337,0.0034044772227810327,134692.0,0.9686020014339822,high_c,0.9838270355219149,0.007081247220217412,0.013854637900633326
GO:0043254,regulation of protein-containing complex assembly,biological_process,95,6011,0.7303596464210526,0.7244528781452337,-0.0023878153802355806,280339.0,0.9681265893011547,low_c,0.9838270355219149,0.007081247220217412,0.014067851947301068
GO:0009266,response to temperature stimulus,biological_process,81,6011,0.7301577837037038,0.7244528781452337,0.0023900235254927793,240739.0,0.9705092481392279,high_c,0.9841145179729553,0.006954361294365292,0.013000321793703947
GO:0097747,RNA polymerase activity,molecular_function,34,6011,0.7366444764705883,0.7244528781452337,-0.0037103012528417745,101232.0,0.9702351070727825,low_c,0.9841145179729553,0.006954361294365292,0.013123014875760258
GO:0016741,"transferase activity, transferring one-carbon groups",molecular_function,105,6011,0.7283800504761905,0.7244528781452337,-0.001931852998564798,309466.0,0.9729130231818798,low_c,0.9859760701948297,0.006133625331052812,0.011925983206015412
GO:0045727,positive regulation of translation,biological_process,56,6011,0.7228080401785714,0.7244528781452337,-0.002284994602374968,166359.0,0.9765156663074437,low_c,0.9882019632648082,0.0051542876311539655,0.01032078490424001
GO:0000463,"maturation of LSU-rRNA from tricistronic rRNA transcript (SSU-rRNA, 5.8S rRNA, LSU-rRNA)",biological_process,43,6011,0.7315829772093023,0.7244528781452337,-0.0025718561007543883,127982.0,0.976817148019822,low_c,0.9882019632648082,0.0051542876311539655,0.010186724958940413
GO:0034728,nucleosome organization,biological_process,61,6011,0.7380461362295082,0.7244528781452337,0.002209670753547277,181876.0,0.9763061042419563,high_c,0.9882019632648082,0.0051542876311539655,0.01041399530406178
GO:0043244,regulation of protein-containing complex disassembly,biological_process,34,6011,0.7343298555882354,0.7244528781452337,0.002785186351602631,101892.0,0.9776641836676071,high_c,0.9884828321764507,0.005030869047101786,0.00981029472665837
GO:0015174,basic amino acid transmembrane transporter activity,molecular_function,16,6011,0.7415585575,0.7244528781452337,0.0038156797331110326,48143.0,0.9789970974009556,high_c,0.9886788604351711,0.004944751668177812,0.009218595821598511
GO:0000288,"nuclear-transcribed mRNA catabolic process, deadenylation-dependent decay",biological_process,16,6011,0.75198575375,0.7244528781452337,-0.003857381150959127,47775.0,0.9787669826521023,low_c,0.9886788604351711,0.004944751668177812,0.009320689395701775
GO:0015807,L-amino acid transport,biological_process,29,6011,0.7355085734482759,0.7244528781452337,-0.00269774841766679,86505.0,0.9800179300540577,low_c,0.9891343759150256,0.004744704606924171,0.008765978539848332
GO:0071985,multivesicular body sorting pathway,biological_process,55,6011,0.7256940078181818,0.7244528781452337,-0.0017339275902069629,163506.0,0.9823444957283738,low_c,0.9895093347560258,0.004580104424831488,0.007736183947075438
GO:0032509,endosome transport via multivesicular body sorting pathway,biological_process,55,6011,0.7256940078181818,0.7244528781452337,-0.0017339275902069629,163506.0,0.9823444957283738,low_c,0.9895093347560258,0.004580104424831488,0.007736183947075438
GO:0030148,sphingolipid biosynthetic process,biological_process,36,6011,0.7291593391666666,0.7244528781452337,0.002101348210134857,107776.0,0.9826694084789104,high_c,0.9895093347560258,0.004580104424831488,0.007592563776610592
GO:0061014,positive regulation of mRNA catabolic process,biological_process,36,6011,0.7314383769444446,0.7244528781452337,0.002203626220362631,107787.0,0.9818241566181366,high_c,0.9895093347560258,0.004580104424831488,0.007966286804394691
GO:0070651,nonfunctional rRNA decay,biological_process,21,6011,0.726274260952381,0.7244528781452337,0.0023849272597185056,63045.0,0.9849750282913623,high_c,0.991256028471771,0.003814158439471542,0.006574779870651705
GO:0043255,regulation of carbohydrate biosynthetic process,biological_process,36,6011,0.729367645,0.7244528781452337,-0.001701534170153396,107367.0,0.9859737526974642,low_c,0.9916862309865573,0.0036257166628008023,0.0061346461240831
GO:0051493,regulation of cytoskeleton organization,biological_process,95,6011,0.7353520491578948,0.7244528781452337,0.0005124372798122057,281154.0,0.9931767399933996,high_c,0.997882733317353,0.0009204920447912939,0.002973460090897081
GO:0001067,transcription regulatory region nucleic acid binding,molecular_function,173,6011,0.7372236328323699,0.7244528781452337,-0.00023564963058453348,504868.0,0.9957967768899065,low_c,0.997882733317353,0.0009204920447912939,0.0018292837456300925
GO:0032786,"positive regulation of DNA-templated transcription, elongation",biological_process,76,6011,0.7425160169736843,0.7244528781452337,-0.0003813239923735612,225444.0,0.9954619652831009,low_c,0.997882733317353,0.0009204920447912939,0.0019753288894414213
GO:0051174,regulation of phosphorus metabolic process,biological_process,70,6011,0.7314268074285714,0.7244528781452337,0.0003366436626830449,208005.0,0.99615828158927,high_c,0.997882733317353,0.0009204920447912939,0.0016716501713473957
GO:1902275,regulation of chromatin organization,biological_process,26,6011,0.7321457411538462,0.7244528781452337,0.0008354218880535225,77870.0,0.9941714798897209,high_c,0.997882733317353,0.0009204920447912939,0.0025386997608680987
GO:0051129,negative regulation of cellular component organization,biological_process,119,6011,0.7324530046218487,0.7244528781452337,0.0003537056370410685,350698.0,0.9947424893202663,high_c,0.997882733317353,0.0009204920447912939,0.0022893312557914713
GO:0001100,negative regulation of exit from mitosis,biological_process,25,6011,0.7416687524,0.7244528781452337,-0.0007751419979953322,74767.0,0.994701566465873,low_c,0.997882733317353,0.0009204920447912939,0.0023071981264858716
GO:1990822,basic amino acid transmembrane transport,biological_process,18,6011,0.7300721716666667,0.7244528781452337,0.0003708029738398455,53957.0,0.9978836041110954,high_c,0.9990345655921924,0.00041948536134907744,0.0009201130616306621
GO:0000018,regulation of DNA recombination,biological_process,34,6011,0.7275574673529412,0.7244528781452337,-6.889153519862301e-05,101602.0,0.9994860114567575,low_c,0.9994860114567575,0.00022327977463159214,0.00022327977463159214
GO:0070784,regulation of growth of unicellular organism as a thread of attached cells,biological_process,38,6011,0.7211755455263158,0.7244528781452337,0.00013217372914953174,113502.0,0.9989150717662062,high_c,0.9994860114567575,0.00022327977463159214,0.00047143412756302743
