gene,cross_weight,iaa_mean_sens,iaa_breadth,c_group
YAL001C,0.7155387,0.18786146,1.0,mid
YAL002W,0.7836596,0.31135222,0.0,mid
YAL003W,0.5292619,0.24844068,0.0,mid
YAL004W,0.40175188,0.5152461,17.0,mid
YAL005C,0.8798781,0.66292274,31.0,mid
YAL007C,0.8207342,0.33046484,4.0,mid
YAL008W,0.48075083,0.30663422,4.0,mid
YAL009W,0.64866906,0.23577169,0.0,mid
YAL010C,0.7095615,0.2132475,0.0,mid
YAL011W,0.7459702,0.24248935,1.0,mid
YAL012W,0.89098096,0.31212896,6.0,mid
YAL013W,0.88616455,0.22042528,0.0,mid
YAL014C,0.6595256,0.1322946,0.0,mid
YAL015C,0.5630954,0.22587267,1.0,mid
YAL016C-A,0.40414685,0.37727004,5.0,mid
YAL016C-B,0.19236821,0.27101848,5.0,low_c
YAL016W,0.7378783,0.17323987,0.0,mid
YAL017W,0.4279399,0.3388881,4.0,mid
YAL018C,0.8496637,0.15241489,1.0,mid
YAL019W,0.5515366,0.27742437,0.0,mid
YAL019W-A,0.32609156,0.4282551,7.0,low_c
YAL020C,0.48793644,0.22220397,0.0,mid
YAL021C,0.5764754,0.18148285,0.0,mid
YAL022C,0.7723054,0.13961676,0.0,mid
YAL023C,0.7370444,0.19704488,0.0,mid
YAL024C,0.68066853,0.33193085,1.0,mid
YAL025C,0.5451658,0.45852524,17.0,mid
YAL026C,0.5362369,0.18047068,0.0,mid
YAL026C-A,0.7461803,0.30139217,4.0,mid
YAL027W,0.71640253,0.1729049,1.0,mid
YAL028W,0.73506993,0.4361194,10.0,mid
YAL029C,0.80901957,0.21248874,0.0,mid
YAL030W,0.6887796,0.34571218,2.0,mid
YAL031C,0.6889087,0.32960913,1.0,mid
YAL031W-A,0.37539726,0.3888229,4.0,mid
YAL032C,0.80020666,0.18561162,0.0,mid
YAL033W,0.6956076,0.3035557,2.0,mid
YAL034C,0.64790535,0.37793475,7.0,mid
YAL034C-B,0.2818813,0.32585904,5.0,low_c
YAL034W-A,0.7764,0.29690486,1.0,mid
YAL035W,0.69902563,0.30739465,0.0,mid
YAL036C,0.64041156,0.42259222,4.0,mid
YAL037C-A,0.2095303,0.6477861,17.0,low_c
YAL037C-B,0.20403999,0.48271397,9.0,low_c
YAL037W,0.7589728,0.26105234,1.0,mid
YAL038W,0.8858136,0.26348194,1.0,mid
YAL039C,0.7004126,0.23653592,2.0,mid
YAL040C,0.80648804,0.422057,5.0,mid
YAL041W,0.73762333,0.26106757,1.0,mid
YAL042C-A,0.391866,0.4181984,6.0,mid
YAL042W,0.7849977,0.28940746,5.0,mid
YAL043C,0.8771464,0.23330362,1.0,mid
YAL044C,0.6221012,0.43267804,8.0,mid
YAL044W-A,0.46970773,0.24214338,1.0,mid
YAL045C,0.35274443,0.3754098,4.0,low_c
YAL046C,0.58289975,0.25970185,0.0,mid
YAL047C,0.73585397,0.18824296,0.0,mid
YAL047W-A,0.40976638,0.43214634,5.0,mid
YAL048C,0.74648637,0.33028033,0.0,mid
YAL049C,0.78840864,0.17029472,0.0,mid
YAL051W,0.4935294,0.25406566,0.0,mid
YAL053W,0.81815416,0.16236237,0.0,mid
YAL054C,0.83899623,0.21497959,2.0,mid
YAL055W,0.80488724,0.30896243,0.0,mid
YAL056C-A,0.31116802,0.39940134,5.0,low_c
YAL056W,0.6169116,0.24590781,0.0,mid
YAL058W,0.8076281,0.16112146,0.0,mid
YAL059C-A,0.24500374,0.43416104,6.0,low_c
YAL059W,0.51338035,0.38449973,6.0,mid
YAL060W,0.7052409,0.40915442,11.0,mid
YAL061W,0.7989029,0.8539029,46.0,mid
YAL062W,0.85879445,0.50490296,12.0,mid
YAL063C,0.784557,0.3420447,5.0,mid
YAL063C-A,0.6369732,0.3969185,5.0,mid
YAL064C-A,0.67897683,0.46715835,7.0,mid
YAL064W,0.6281036,0.35317734,2.0,mid
YAL064W-B,0.42871594,0.49835965,9.0,mid
YAL065C,0.6303367,0.38699967,7.0,mid
YAL066W,0.70910114,0.1044318,1.0,mid
YAL067C,0.794106,0.30313948,7.0,mid
YAL067W-A,0.5387286,0.023572722,2.0,mid
YAL068C,0.8533882,0.27268094,5.0,mid
YAL068W-A,0.6447619,0.0,0.0,mid
YAL069W,0.6088895,0.02361872,0.0,mid
YAR002C-A,0.87585,0.24292119,3.0,mid
YAR002W,0.8447136,0.2027369,0.0,mid
YAR003W,0.61454463,0.22106317,1.0,mid
YAR007C,0.83899134,0.20924495,0.0,mid
YAR008W,0.59273565,0.39993736,6.0,mid
YAR014C,0.7002591,0.2776403,0.0,mid
YAR015W,0.80791235,0.27038088,3.0,mid
YAR018C,0.83428866,0.24877861,4.0,mid
YAR019C,0.8028792,0.34663552,1.0,mid
YAR019W-A,0.42232051,0.50879186,12.0,mid
YAR020C,0.6709246,0.7105054,33.0,mid
YAR023C,0.59357995,0.37098184,3.0,mid
YAR027W,0.7834237,0.19563515,0.0,mid
YAR028W,0.70393574,0.18536493,0.0,mid
YAR029W,0.31905058,0.34770557,3.0,low_c
YAR030C,0.47762087,0.37444195,6.0,mid
YAR031W,0.54558146,0.2777749,2.0,mid
YAR033W,0.57540023,0.24286178,5.0,mid
YAR035C-A,0.3785903,0.3065936,9.0,mid
YAR035W,0.5155699,0.5476901,20.0,mid
YAR042W,0.8324745,0.18001503,0.0,mid
YAR047C,0.53745717,0.4099398,9.0,mid
YAR050W,0.44444788,0.40224516,6.0,mid
YAR053W,0.64798427,0.3920309,5.0,mid
YAR060C,0.56124616,0.0,0.0,mid
YAR064W,0.5061637,0.18225625,4.0,mid
YAR066W,0.817373,0.080160454,4.0,mid
YAR068W,0.68033874,0.20720011,5.0,mid
YAR069C,0.6125945,0.0,0.0,mid
YAR070C,0.67764527,0.65647966,35.0,mid
YAR071W,0.87942976,0.6246173,28.0,mid
YAR073W,0.898959,0.18172206,0.0,high_c
YAR075W,0.76415926,0.107304946,0.0,mid
YBL001C,0.73630464,0.36437032,4.0,mid
YBL002W,0.880394,0.34393117,10.0,mid
YBL003C,0.89110464,0.48071262,20.0,mid
YBL004W,0.84805447,0.32892874,2.0,mid
YBL005W,0.69278383,0.3458126,2.0,mid
YBL006C,0.78434396,0.24471562,0.0,mid
YBL006W-A,0.27145544,0.5523644,19.0,low_c
YBL007C,0.8211703,0.2292874,2.0,mid
YBL008W,0.8507993,0.25095975,0.0,mid
YBL008W-A,0.44181755,0.3902727,9.0,mid
YBL009W,0.68682724,0.3413738,5.0,mid
YBL010C,0.8174498,0.21017152,0.0,mid
YBL011W,0.8704812,0.20120864,0.0,mid
YBL012C,0.53388417,0.36039734,6.0,mid
YBL013W,0.36460283,0.33043963,1.0,mid
YBL014C,0.6505282,0.2722659,0.0,mid
YBL015W,0.8818615,0.375778,3.0,mid
YBL016W,0.7984191,0.45047715,16.0,mid
YBL017C,0.8532959,0.1967984,0.0,mid
YBL018C,0.79684794,0.36950108,4.0,mid
YBL019W,0.7810449,0.20917028,0.0,mid
YBL020W,0.6696011,0.16419293,0.0,mid
YBL021C,0.6808259,0.25907633,0.0,mid
YBL022C,0.75071526,0.20140699,1.0,mid
YBL023C,0.8178845,0.22142869,0.0,mid
YBL024W,0.831133,0.2066534,1.0,mid
YBL025W,0.78562695,0.2656644,0.0,mid
YBL026W,0.8204276,0.30257097,2.0,mid
YBL027W,0.66757995,0.40275547,16.0,mid
YBL028C,0.7069761,0.39319402,12.0,mid
YBL029C-A,0.8176944,0.23741047,2.0,mid
YBL029W,0.7357824,0.44886968,10.0,mid
YBL030C,0.8894676,0.24438271,2.0,mid
YBL031W,0.7665857,0.3025842,2.0,mid
YBL032W,0.8754866,0.27144346,4.0,mid
YBL033C,0.8636569,0.27035254,1.0,mid
YBL034C,0.83098537,0.28238612,0.0,mid
YBL035C,0.7881907,0.32727864,3.0,mid
YBL036C,0.8911361,0.17697208,1.0,mid
YBL037W,0.7387284,0.24968071,0.0,mid
YBL038W,0.8894286,0.21715327,0.0,mid
YBL039C,0.8516259,0.39260116,6.0,mid
YBL039C-A,0.7153433,0.0,0.0,mid
YBL039W-B,0.64408225,0.34130183,2.0,mid
YBL040C,0.7748401,0.22370443,1.0,mid
YBL041W,0.8929577,0.19869015,0.0,high_c
YBL042C,0.66602,0.49377546,16.0,mid
YBL043W,0.774893,0.5980391,19.0,mid
YBL044W,0.40906593,0.47562018,11.0,mid
YBL045C,0.9180587,0.35791045,9.0,high_c
YBL046W,0.7725021,0.26182932,0.0,mid
YBL047C,0.83952594,0.24375404,0.0,mid
YBL048W,0.4094634,0.35802078,6.0,mid
YBL049W,0.6774897,0.59061027,27.0,mid
YBL050W,0.8988878,0.1873596,0.0,high_c
YBL051C,0.86458766,0.19752917,0.0,mid
YBL052C,0.62126523,0.2233427,2.0,mid
YBL053W,0.49829164,0.39344475,6.0,mid
YBL054W,0.8101769,0.5643816,22.0,mid
YBL055C,0.6256026,0.21836607,0.0,mid
YBL056W,0.8183788,0.18084955,1.0,mid
YBL057C,0.7425663,0.22701949,0.0,mid
YBL058W,0.8389379,0.19200103,1.0,mid
YBL059C-A,0.77109134,0.28633583,0.0,mid
YBL059W,0.6303743,0.30165452,1.0,mid
YBL060W,0.8008162,0.29039544,0.0,mid
YBL061C,0.83077174,0.22305624,0.0,mid
YBL062W,0.53225684,0.339377,6.0,mid
YBL063W,0.82484293,0.33215043,1.0,mid
YBL064C,0.85067713,0.7165091,35.0,mid
YBL065W,0.3043127,0.40868542,8.0,low_c
YBL066C,0.6956337,0.44674963,6.0,mid
YBL067C,0.6004929,0.26542717,0.0,mid
YBL068W,0.80694044,0.25054216,0.0,mid
YBL068W-A,0.7073073,0.0,0.0,mid
YBL069W,0.8258783,0.1999546,0.0,mid
YBL070C,0.5644251,0.3347349,4.0,mid
YBL071C,0.4786768,0.4354717,8.0,mid
YBL071C-B,0.20649314,0.41936842,11.0,low_c
YBL071W-A,0.74545336,0.3768341,6.0,mid
YBL072C,0.8012055,0.4500513,16.0,mid
YBL073W,0.5006511,0.21077353,5.0,mid
YBL074C,0.81795275,0.38715723,1.0,mid
YBL075C,0.41526473,0.2773424,0.0,mid
YBL076C,0.88648444,0.2566344,0.0,mid
YBL077W,0.20268093,0.33377638,6.0,low_c
YBL078C,0.84775543,0.3999605,5.0,mid
YBL079W,0.8626497,0.20953858,1.0,mid
YBL080C,0.7943787,0.21014358,1.0,mid
YBL081W,0.2878756,0.43416733,6.0,low_c
YBL082C,0.79189104,0.3452288,3.0,mid
YBL083C,0.51804113,0.004837148,0.0,mid
YBL084C,0.633059,0.39356142,1.0,mid
YBL085W,0.8624633,0.2398826,0.0,mid
YBL086C,0.75861293,0.2344168,1.0,mid
YBL087C,0.7931008,0.331162,6.0,mid
YBL088C,0.7589936,0.3246779,1.0,mid
YBL089W,0.5601656,0.25292253,0.0,mid
YBL090W,0.6565396,0.24828948,0.0,mid
YBL091C,0.85035145,0.20140551,0.0,mid
YBL091C-A,0.44368225,0.34722173,3.0,mid
YBL092W,0.7225564,0.48958954,18.0,mid
YBL093C,0.89888114,0.23306455,3.0,high_c
YBL094C,0.15241414,0.474232,9.0,low_c
YBL095W,0.53550494,0.1856989,0.0,mid
YBL096C,0.34652328,0.4317458,6.0,low_c
YBL097W,0.7936853,0.34339786,2.0,mid
YBL098W,0.6981697,0.25405923,3.0,mid
YBL099W,0.808191,0.2674652,2.0,mid
YBL100C,0.4312979,0.48954627,9.0,mid
YBL100W-C,0.5432086,0.6603004,22.0,mid
YBL101C,0.6285401,0.31809196,0.0,mid
YBL102W,0.78601956,0.18053398,0.0,mid
YBL103C,0.8173245,0.3073339,0.0,mid
YBL104C,0.78516805,0.23333281,1.0,mid
YBL105C,0.8166676,0.23569268,0.0,mid
YBL106C,0.7425868,0.36901462,7.0,mid
YBL107C,0.8110458,0.22995165,0.0,mid
YBL107W-A,0.6054404,0.6534883,16.0,mid
YBL108C-A,0.80841273,0.5121511,15.0,mid
YBL108W,0.55413747,0.4941447,14.0,mid
YBL109W,0.37959,0.44433397,9.0,mid
YBL111C,0.5760232,0.023911096,0.0,mid
YBL112C,0.46078163,0.0,0.0,mid
YBL113C,0.36820784,0.43252715,7.0,mid
YBL113W-A,0.5614703,0.44086087,5.0,mid
YBR001C,0.7637582,0.39171854,10.0,mid
YBR002C,0.74618405,0.22295944,1.0,mid
YBR003W,0.83011645,0.22744699,0.0,mid
YBR004C,0.43664578,0.24470419,0.0,mid
YBR005W,0.6291266,0.20834969,1.0,mid
YBR006W,0.71939445,0.3788003,7.0,mid
YBR007C,0.67038697,0.3125113,1.0,mid
YBR008C,0.8536314,0.95477647,38.0,mid
YBR009C,0.8107104,0.44466525,19.0,mid
YBR010W,0.8569655,0.6258122,24.0,mid
YBR011C,0.902302,0.26032245,1.0,high_c
YBR012C,0.83000875,0.60783756,21.0,mid
YBR013C,0.65936416,0.2190712,0.0,mid
YBR014C,0.8171029,0.29679203,0.0,mid
YBR015C,0.8993097,0.17569166,0.0,high_c
YBR016W,0.77181834,0.3019192,0.0,mid
YBR017C,0.81695026,0.19194515,1.0,mid
YBR018C,0.7914184,0.41515777,6.0,mid
YBR019C,0.5934353,0.3562759,7.0,mid
YBR020W,0.82599854,0.5597033,15.0,mid
YBR021W,0.7821822,0.42001235,7.0,mid
YBR022W,0.7570975,0.25028643,0.0,mid
YBR023C,0.450207,0.27224344,0.0,mid
YBR024W,0.7570418,0.22704782,1.0,mid
YBR025C,0.8728144,0.2527528,0.0,mid
YBR026C,0.80627054,0.24997911,4.0,mid
YBR027C,0.46008277,0.1386359,0.0,mid
YBR028C,0.792418,0.232401,1.0,mid
YBR029C,0.83316505,0.3121443,3.0,mid
YBR030W,0.85024774,0.24424034,0.0,mid
YBR031W,0.91409504,0.28994504,2.0,high_c
YBR032W,0.42592612,0.28632328,6.0,mid
YBR033W,0.8918887,0.3354889,4.0,high_c
YBR034C,0.8510884,0.3796861,4.0,mid
YBR035C,0.87815535,0.30200726,3.0,mid
YBR036C,0.69020206,0.16643915,0.0,mid
YBR037C,0.8275537,0.2157366,2.0,mid
YBR038W,0.84477913,0.2541251,2.0,mid
YBR039W,0.8010938,0.24705252,4.0,mid
YBR040W,0.7402538,0.32519236,9.0,mid
YBR041W,0.84374404,0.27884942,0.0,mid
YBR042C,0.70628,0.18174547,0.0,mid
YBR043C,0.8060401,0.37496302,6.0,mid
YBR044C,0.76748395,0.2436046,0.0,mid
YBR045C,0.7203712,0.39250705,9.0,mid
YBR046C,0.8699988,0.5788202,26.0,mid
YBR047W,0.6681651,0.48952124,16.0,mid
YBR048W,0.7855394,0.29505965,4.0,mid
YBR049C,0.7983548,0.19759974,1.0,mid
YBR050C,0.78940403,0.44944853,10.0,mid
YBR051W,0.5132961,0.36169517,6.0,mid
YBR052C,0.7564125,0.36196813,5.0,mid
YBR053C,0.77001536,0.39412573,8.0,mid
YBR054W,0.8460243,1.2534833,61.0,mid
YBR055C,0.7623695,0.22180842,0.0,mid
YBR056C-B,0.45111647,0.42714062,6.0,mid
YBR056W,0.80947685,0.42303425,8.0,mid
YBR056W-A,0.6862144,0.43695462,9.0,mid
YBR057C,0.5601732,0.20247935,0.0,mid
YBR058C,0.8015585,0.17039905,1.0,mid
YBR058C-A,0.78910583,0.35530144,5.0,mid
YBR059C,0.7186901,0.20788127,0.0,mid
YBR060C,0.7655869,0.27086827,0.0,mid
YBR061C,0.6556228,0.2099953,0.0,mid
YBR062C,0.80388,0.21388455,1.0,mid
YBR063C,0.57944226,0.29590547,1.0,mid
YBR064W,0.4074652,0.27640125,6.0,mid
YBR065C,0.6811105,0.22866377,2.0,mid
YBR066C,0.85560954,0.49614665,14.0,mid
YBR067C,0.85835457,0.7677492,40.0,mid
YBR068C,0.8102704,0.37298226,8.0,mid
YBR069C,0.86721796,0.29387948,2.0,mid
YBR070C,0.6598508,0.36292452,6.0,mid
YBR071W,0.8441134,0.3153837,3.0,mid
YBR072C-A,0.4064252,0.569613,26.0,mid
YBR072W,0.89403284,1.0896239,61.0,high_c
YBR073W,0.818845,0.25076395,4.0,mid
YBR074W,0.76638114,0.182253,0.0,mid
YBR076C-A,0.34174812,0.28699994,3.0,low_c
YBR076W,0.7911406,0.27976552,2.0,mid
YBR077C,0.72371876,0.23284888,0.0,mid
YBR078W,0.88932824,0.25323752,1.0,mid
YBR079C,0.8043045,0.19638918,1.0,mid
YBR080C,0.84967136,0.25657967,1.0,mid
YBR081C,0.70761424,0.22931941,1.0,mid
YBR082C,0.8145811,0.31330812,1.0,mid
YBR083W,0.82211185,0.6910155,29.0,mid
YBR084C-A,0.6749123,0.37803364,12.0,mid
YBR084W,0.7442422,0.26214278,2.0,mid
YBR085C-A,0.7300576,0.6095174,23.0,mid
YBR085W,0.8525476,0.59095424,20.0,mid
YBR086C,0.6499086,0.21030849,0.0,mid
YBR087W,0.72277886,0.30699196,2.0,mid
YBR088C,0.91945255,0.508291,12.0,high_c
YBR089C-A,0.8351039,0.48994917,13.0,mid
YBR089W,0.4811268,0.3437463,5.0,mid
YBR090C,0.4385143,0.5181353,20.0,mid
YBR091C,0.68105555,0.34495082,4.0,mid
YBR092C,0.8798034,0.4108011,13.0,mid
YBR093C,0.85018086,0.5883861,22.0,mid
YBR094W,0.8390448,0.15958956,0.0,mid
YBR095C,0.75855297,0.20631531,0.0,mid
YBR096W,0.7792003,0.3265418,2.0,mid
YBR097W,0.822752,0.25365037,0.0,mid
YBR098W,0.72177625,0.34107444,1.0,mid
YBR099C,0.5174926,0.43198445,7.0,mid
YBR101C,0.8042679,0.40965366,9.0,mid
YBR102C,0.75746375,0.2515423,0.0,mid
YBR103C-A,0.21898483,0.54093796,14.0,low_c
YBR103W,0.8089961,0.24190037,0.0,mid
YBR104W,0.63229585,0.3591113,3.0,mid
YBR105C,0.6919205,0.38338977,6.0,mid
YBR106W,0.92449665,0.2470933,1.0,high_c
YBR107C,0.7480107,0.19444066,1.0,mid
YBR108W,0.43482223,0.22924805,0.0,mid
YBR109C,0.8709421,0.353507,1.0,mid
YBR109W-A,0.2903546,0.74390894,36.0,low_c
YBR110W,0.8133647,0.25532046,2.0,mid
YBR111C,0.89542097,0.39182135,7.0,high_c
YBR111W-A,0.78006876,0.26411772,0.0,mid
YBR112C,0.7672492,0.30315998,1.0,mid
YBR113W,0.35490146,0.45577234,8.0,low_c
YBR114W,0.62687504,0.29761118,3.0,mid
YBR115C,0.58553505,0.0,0.0,mid
YBR116C,0.7579588,0.1380569,0.0,mid
YBR117C,0.7785647,0.4316325,11.0,mid
YBR118W,0.92409813,0.2625672,1.0,high_c
YBR119W,0.79176736,0.21808718,0.0,mid
YBR120C,0.8768571,0.30602086,0.0,mid
YBR121C,0.766441,0.23268284,0.0,mid
YBR121C-A,0.6630468,0.0,0.0,mid
YBR122C,0.88879585,0.1994971,1.0,mid
YBR123C,0.8099871,0.24807931,1.0,mid
YBR124W,0.3360983,0.32821566,5.0,low_c
YBR125C,0.752228,0.17856278,0.0,mid
YBR126C,0.8929152,0.45564103,11.0,high_c
YBR126W-A,0.23379308,0.6572935,26.0,low_c
YBR126W-B,0.17415236,0.49079844,6.0,low_c
YBR127C,0.92244077,0.14588702,0.0,high_c
YBR128C,0.77519757,0.31009406,2.0,mid
YBR129C,0.70030683,0.23303606,2.0,mid
YBR130C,0.7085946,0.21710654,1.0,mid
YBR131C-A,0.5041116,0.31649345,10.0,mid
YBR131W,0.726751,0.2684001,0.0,mid
YBR132C,0.8267296,0.43635103,10.0,mid
YBR133C,0.7272837,0.26154152,1.0,mid
YBR134W,0.33612826,0.39816257,4.0,low_c
YBR135W,0.8453021,0.23989908,4.0,mid
YBR136W,0.8269009,0.2388093,0.0,mid
YBR137W,0.68121135,0.30683193,1.0,mid
YBR138C,0.78937906,0.27978745,3.0,mid
YBR139W,0.75670797,0.3688042,5.0,mid
YBR140C,0.63678414,0.25940192,0.0,mid
YBR141C,0.74797696,0.35169178,3.0,mid
YBR141W-A,0.5924972,0.3734869,2.0,mid
YBR142W,0.70539725,0.3931841,3.0,mid
YBR143C,0.9254792,0.28520826,2.0,high_c
YBR144C,0.27487302,0.37711415,5.0,low_c
YBR145W,0.8183812,0.629806,31.0,mid
YBR146W,0.84256977,0.13459365,1.0,mid
YBR147W,0.70307255,0.7942066,34.0,mid
YBR148W,0.7411036,0.29885024,3.0,mid
YBR149W,0.8623005,0.39865577,9.0,mid
YBR150C,0.5932502,0.33607125,3.0,mid
YBR151W,0.83937675,0.21456164,0.0,mid
YBR152W,0.6823584,0.31456146,0.0,mid
YBR153W,0.6027555,0.28670046,0.0,mid
YBR154C,0.8803539,0.22334974,1.0,mid
YBR155W,0.81163925,0.34834903,6.0,mid
YBR156C,0.740239,0.32364568,2.0,mid
YBR157C,0.64456177,0.45847952,13.0,mid
YBR158W,0.83746815,0.42857885,2.0,mid
YBR159W,0.75666034,0.2858318,0.0,mid
YBR160W,0.70614105,0.19394729,0.0,mid
YBR161W,0.7567179,0.31891048,1.0,mid
YBR162C,0.9297963,0.2655209,4.0,high_c
YBR162W-A,0.67181295,0.3645248,6.0,mid
YBR163W,0.7811176,0.2847589,3.0,mid
YBR164C,0.7172576,0.21075474,1.0,mid
YBR165W,0.7545817,0.30068773,1.0,mid
YBR166C,0.77161413,0.22212268,0.0,mid
YBR167C,0.7883851,0.26571667,0.0,mid
YBR168W,0.54363257,0.2657012,0.0,mid
YBR169C,0.64925766,0.5712807,26.0,mid
YBR170C,0.82648534,0.18324953,0.0,mid
YBR171W,0.9190899,0.26912344,1.0,high_c
YBR172C,0.7615882,0.3604222,1.0,mid
YBR173C,0.8871742,0.1753992,1.0,mid
YBR174C,0.31711975,0.5198994,11.0,low_c
YBR175W,0.8160129,0.24343763,2.0,mid
YBR176W,0.8079952,0.1834776,0.0,mid
YBR177C,0.9007015,0.24510697,3.0,high_c
YBR178W,0.44220403,0.3903688,5.0,mid
YBR179C,0.8426056,0.21176599,0.0,mid
YBR180W,0.871142,0.28455502,6.0,mid
YBR181C,0.645579,0.33373106,13.0,mid
YBR182C,0.81827164,0.32749423,3.0,mid
YBR182C-A,0.5442028,0.44294333,17.0,mid
YBR183W,0.7205694,0.5511165,27.0,mid
YBR184W,0.8149,0.33211184,5.0,mid
YBR185C,0.80026156,0.28239536,0.0,mid
YBR186W,0.6692442,0.38304755,12.0,mid
YBR187W,0.8578049,0.30944315,0.0,mid
YBR188C,0.79762876,0.21559177,3.0,mid
YBR189W,0.7175938,0.34961784,9.0,mid
YBR190W,0.33953556,0.49604177,14.0,low_c
YBR191W,0.6286795,0.3863179,6.0,mid
YBR191W-A,0.48919064,0.6234525,11.0,mid
YBR192W,0.6084299,0.22224367,0.0,mid
YBR193C,0.71695787,0.29104427,0.0,mid
YBR194W,0.7722427,0.20140126,0.0,mid
YBR195C,0.72170997,0.24897665,0.0,mid
YBR196C,0.9095314,0.29104474,2.0,high_c
YBR196C-A,0.156719,0.4880334,14.0,low_c
YBR196C-B,0.63336444,0.48180416,13.0,mid
YBR197C,0.5730856,0.23188156,0.0,mid
YBR198C,0.63381934,0.20445381,0.0,mid
YBR199W,0.83455324,0.19025442,0.0,mid
YBR200W,0.8006548,0.14985134,0.0,mid
YBR200W-A,0.57837665,0.15580039,6.0,mid
YBR201C-A,0.7717028,0.35172814,7.0,mid
YBR201W,0.7620797,0.27146515,4.0,mid
YBR202W,0.7841793,0.23344421,0.0,mid
YBR203W,0.68934333,0.61806303,30.0,mid
YBR204C,0.6919735,0.24930659,1.0,mid
YBR205W,0.78149265,0.18437046,0.0,mid
YBR206W,0.6385728,0.43397504,12.0,mid
YBR207W,0.8622025,0.5126261,16.0,mid
YBR208C,0.69014394,0.6376481,30.0,mid
YBR209W,0.56396145,0.42989552,4.0,mid
YBR210W,0.80242425,0.2698563,1.0,mid
YBR211C,0.697196,0.18817273,0.0,mid
YBR212W,0.66613925,0.30275607,0.0,mid
YBR213W,0.8303992,0.28048977,3.0,mid
YBR214W,0.90602094,0.5107149,14.0,high_c
YBR215W,0.7063325,0.24033779,0.0,mid
YBR216C,0.752787,0.24596094,0.0,mid
YBR217W,0.6715217,0.23176484,0.0,mid
YBR218C,0.84931767,0.3968713,16.0,mid
YBR219C,0.45012227,0.3842222,8.0,mid
YBR220C,0.7006403,0.18359187,0.0,mid
YBR221C,0.89099014,0.28904906,5.0,mid
YBR221W-A,0.20865114,0.64450216,15.0,low_c
YBR222C,0.87221926,0.19853741,2.0,mid
YBR223C,0.7493426,0.25222734,0.0,mid
YBR223W-A,0.4612082,0.1886815,5.0,mid
YBR224W,0.31285197,0.34504002,5.0,low_c
YBR225W,0.7173916,0.37514478,4.0,mid
YBR226C,0.6526949,0.25998,4.0,mid
YBR227C,0.8141311,0.16073313,0.0,mid
YBR228W,0.61486083,0.1434292,0.0,mid
YBR229C,0.733951,0.22959547,0.0,mid
YBR230C,0.7889417,0.5619938,22.0,mid
YBR230W-A,0.4859745,0.5608638,19.0,mid
YBR231C,0.6961767,0.27140146,0.0,mid
YBR232C,0.4167643,0.3997169,4.0,mid
YBR233W,0.762701,0.20409264,0.0,mid
YBR233W-A,0.7472048,0.3583165,2.0,mid
YBR234C,0.85694623,0.23124342,0.0,mid
YBR235W,0.62967706,0.21312171,0.0,mid
YBR236C,0.76641065,0.1858018,3.0,mid
YBR237W,0.725576,0.25184005,0.0,mid
YBR238C,0.6739181,0.34537926,5.0,mid
YBR239C,0.82997966,0.32777652,2.0,mid
YBR240C,0.7944449,0.6735919,19.0,mid
YBR241C,0.7952135,0.4640671,14.0,mid
YBR242W,0.8833696,0.26212877,5.0,mid
YBR243C,0.73440737,0.18568975,0.0,mid
YBR244W,0.7297951,1.2610935,78.0,mid
YBR245C,0.5532371,0.20328537,0.0,mid
YBR246W,0.81024647,0.2030247,0.0,mid
YBR247C,0.7540724,0.38004377,8.0,mid
YBR248C,0.8024888,0.46322113,11.0,mid
YBR249C,0.89425725,0.5136405,21.0,high_c
YBR250W,0.84140515,0.35018665,2.0,mid
YBR251W,0.8644231,0.14333391,0.0,mid
YBR252W,0.6737607,0.32834268,3.0,mid
YBR253W,0.8670559,0.2503839,1.0,mid
YBR254C,0.70883715,0.26177263,1.0,mid
YBR255C-A,0.71186715,0.18415383,1.0,mid
YBR255W,0.68012816,0.22495027,0.0,mid
YBR256C,0.7499849,0.3494123,5.0,mid
YBR257W,0.8141999,0.2676974,1.0,mid
YBR258C,0.692843,0.30292815,0.0,mid
YBR259W,0.69267046,0.25108343,0.0,mid
YBR260C,0.70865124,0.2311034,0.0,mid
YBR261C,0.68685794,0.1651288,0.0,mid
YBR262C,0.6729732,0.33730054,1.0,mid
YBR263W,0.9204845,0.22362524,2.0,high_c
YBR264C,0.7710873,0.22053279,0.0,mid
YBR265W,0.84659743,0.14187536,0.0,mid
YBR266C,0.27305308,0.46552995,7.0,low_c
YBR267W,0.39992,0.41599056,11.0,mid
YBR268W,0.6368097,0.33340216,0.0,mid
YBR269C,0.7456678,0.2710816,0.0,mid
YBR270C,0.87043494,0.24368514,0.0,mid
YBR271W,0.75891536,0.32398623,6.0,mid
YBR272C,0.7771241,0.23944429,0.0,mid
YBR273C,0.75596905,0.16015644,0.0,mid
YBR274W,0.83295405,0.20985882,0.0,mid
YBR275C,0.68939084,0.22372471,0.0,mid
YBR276C,0.77315277,0.20408943,0.0,mid
YBR277C,0.28018484,0.44124568,6.0,low_c
YBR278W,0.5254193,0.16303189,0.0,mid
YBR279W,0.7657495,0.1559599,0.0,mid
YBR280C,0.69438136,0.35193235,6.0,mid
YBR281C,0.78116804,0.24987088,1.0,mid
YBR282W,0.7485572,0.2632604,1.0,mid
YBR283C,0.9201847,0.2141863,2.0,high_c
YBR284W,0.68973297,0.31900242,5.0,mid
YBR285W,0.86847275,0.87474626,40.0,mid
YBR286W,0.89906645,0.20618331,0.0,high_c
YBR287W,0.773238,0.37525073,5.0,mid
YBR288C,0.56404024,0.2167814,0.0,mid
YBR289W,0.60941976,0.34222227,4.0,mid
YBR290W,0.8017016,0.28051636,3.0,mid
YBR291C,0.68663675,0.14927793,0.0,mid
YBR292C,0.50329036,0.21748476,0.0,mid
YBR293W,0.5028047,0.23875597,0.0,mid
YBR294W,0.73577917,0.30475038,7.0,mid
YBR295W,0.7379161,0.53757167,15.0,mid
YBR296C,0.8684442,1.0435228,55.0,mid
YBR296C-A,0.66568434,0.6702851,30.0,mid
YBR297W,0.7582235,0.51754975,22.0,mid
YBR298C,0.65818286,0.5120474,14.0,mid
YBR298C-A,0.45127994,0.24739508,5.0,mid
YBR299W,0.9430117,0.22763835,2.0,high_c
YBR300C,0.48572552,0.22137448,2.0,mid
YBR301W,0.7562936,0.39878064,8.0,mid
YBR302C,0.7455175,0.39180794,9.0,mid
YCL001W,0.7228064,0.18518513,1.0,mid
YCL001W-A,0.7764603,0.32409546,4.0,mid
YCL001W-B,0.48219836,0.4603164,11.0,mid
YCL002C,0.511008,0.17200997,1.0,mid
YCL004W,0.78220016,0.34467742,0.0,mid
YCL005W,0.82392496,0.22326253,0.0,mid
YCL005W-A,0.72062796,0.29450265,5.0,mid
YCL007C,0.13485025,0.4771459,9.0,low_c
YCL008C,0.79717827,0.20435847,0.0,mid
YCL009C,0.87009513,0.339676,11.0,mid
YCL010C,0.70590484,0.24056728,0.0,mid
YCL011C,0.8967984,0.26700446,3.0,high_c
YCL012C,0.6872404,0.266382,2.0,mid
YCL014W,0.7022528,0.22484584,0.0,mid
YCL016C,0.752263,0.21787408,0.0,mid
YCL017C,0.8825946,0.21688925,1.0,mid
YCL018W,0.7682966,0.033521324,1.0,mid
YCL021W-A,0.45194826,0.46744603,16.0,mid
YCL022C,0.61956674,0.25734565,4.0,mid
YCL023C,0.53713983,0.25999594,4.0,mid
YCL024W,0.6642795,0.28210735,4.0,mid
YCL025C,0.805562,0.7787732,39.0,mid
YCL026C-A,0.76488405,1.1115055,52.0,mid
YCL026C-B,0.78871137,1.0737206,50.0,mid
YCL027W,0.8045682,0.7951225,39.0,mid
YCL028W,0.75849974,0.21108392,0.0,mid
YCL029C,0.6838516,0.14433274,0.0,mid
YCL030C,0.73949814,0.8072908,36.0,mid
YCL031C,0.8031394,0.22566,1.0,mid
YCL032W,0.6120128,0.16432449,0.0,mid
YCL033C,0.44683754,0.31634927,0.0,mid
YCL034W,0.8071419,0.19642344,1.0,mid
YCL035C,0.8538897,0.35372743,3.0,mid
YCL036W,0.5042318,0.59805804,27.0,mid
YCL037C,0.84881526,0.3669709,5.0,mid
YCL038C,0.52566737,0.2703825,0.0,mid
YCL039W,0.8644811,0.28459132,2.0,mid
YCL040W,0.8479658,0.6608615,38.0,mid
YCL041C,0.3045505,0.30805343,4.0,low_c
YCL042W,0.40393162,0.29550397,3.0,mid
YCL043C,0.93518746,0.27878425,3.0,high_c
YCL044C,0.8407832,0.28364283,4.0,mid
YCL045C,0.8038964,0.16882217,1.0,mid
YCL046W,0.40699548,0.4192195,7.0,mid
YCL047C,0.74558586,0.20219131,0.0,mid
YCL048W,0.8864374,0.22875011,2.0,mid
YCL048W-A,0.82510906,0.68316734,24.0,mid
YCL049C,0.6932014,0.27370268,1.0,mid
YCL050C,0.7577722,0.24176933,0.0,mid
YCL051W,0.8030824,0.22657599,0.0,mid
YCL052C,0.8041566,0.18945685,0.0,mid
YCL054W,0.78578943,0.4657327,13.0,mid
YCL054W-A,0.5575259,0.16467832,5.0,mid
YCL055W,0.88812584,0.41333503,10.0,mid
YCL056C,0.8731695,0.2366631,2.0,mid
YCL057C-A,0.7931238,0.28155363,0.0,mid
YCL057W,0.71352684,0.19858487,0.0,mid
YCL058C,0.3205154,0.5289006,14.0,low_c
YCL058W-A,0.4786152,0.44892654,13.0,mid
YCL059C,0.5782587,0.44061145,12.0,mid
YCL061C,0.82217693,0.26550236,0.0,mid
YCL063W,0.734864,0.32550672,3.0,mid
YCL064C,0.81895626,1.5850445,71.0,mid
YCL065W,0.50297654,0.17408405,0.0,mid
YCL066W,0.698532,0.0,0.0,mid
YCL067C,0.7919007,0.0017793606,0.0,mid
YCL068C,0.72072566,0.00835252,0.0,mid
YCL069W,0.84182113,0.032566182,0.0,mid
YCL073C,0.6841844,0.0744911,0.0,mid
YCL076W,0.71401805,0.036157414,1.0,mid
YCR001W,0.59397906,0.29753643,4.0,mid
YCR002C,0.84068525,0.26969537,1.0,mid
YCR003W,0.8185624,0.2739006,2.0,mid
YCR004C,0.8661727,0.29460144,1.0,mid
YCR005C,0.8991947,0.38906208,4.0,high_c
YCR006C,0.61446655,0.3282952,2.0,mid
YCR007C,0.76394206,0.2165144,4.0,mid
YCR008W,0.4936738,0.26300567,0.0,mid
YCR009C,0.9028124,0.17086808,0.0,high_c
YCR010C,0.79089653,0.36744094,6.0,mid
YCR011C,0.9011675,0.21638446,0.0,high_c
YCR012W,0.89859086,0.35718942,5.0,high_c
YCR013C,0.1643951,0.5153939,10.0,low_c
YCR014C,0.6580414,0.36242408,1.0,mid
YCR015C,0.77939516,0.28420186,2.0,mid
YCR016W,0.66976136,0.29631296,4.0,mid
YCR017C,0.56113493,0.19254467,1.0,mid
YCR018C,0.10408975,0.37257943,5.0,low_c
YCR018C-A,0.3096637,0.39906585,8.0,low_c
YCR019W,0.69456095,0.21443857,0.0,mid
YCR020C,0.66017264,0.54209983,13.0,mid
YCR020C-A,0.6001292,0.27928284,2.0,mid
YCR020W-B,0.6505403,0.47862583,14.0,mid
YCR021C,0.7032523,1.0376275,45.0,mid
YCR022C,0.45378947,0.5088726,14.0,mid
YCR023C,0.7418371,0.27490973,0.0,mid
YCR024C,0.82536215,0.31887934,0.0,mid
YCR024C-A,0.6364326,0.329584,5.0,mid
YCR024C-B,0.34074312,0.30244198,4.0,low_c
YCR025C,0.34383723,0.32670593,6.0,low_c
YCR026C,0.78374493,0.112686776,0.0,mid
YCR027C,0.7700694,0.25729826,1.0,mid
YCR028C,0.6547279,0.2151778,1.0,mid
YCR028C-A,0.8730098,0.21641278,2.0,mid
YCR030C,0.68776435,0.32822427,3.0,mid
YCR031C,0.5762937,0.42211193,16.0,mid
YCR032W,0.4949349,0.24894908,1.0,mid
YCR033W,0.79572994,0.30223104,0.0,mid
YCR034W,0.72311735,0.3012579,0.0,mid
YCR035C,0.69372696,0.22007628,0.0,mid
YCR036W,0.8016675,0.16829185,0.0,mid
YCR037C,0.76559496,0.29010808,1.0,mid
YCR038C,0.56254077,0.31191048,1.0,mid
YCR038W-A,0.49135366,0.5964924,21.0,mid
YCR039C,0.74341077,0.0,0.0,mid
YCR040W,0.7492823,0.0,0.0,mid
YCR041W,0.43261433,0.73962605,27.0,mid
YCR042C,0.7849296,0.21819508,0.0,mid
YCR043C,0.48879263,0.22035673,2.0,mid
YCR044C,0.6707208,0.15796733,0.0,mid
YCR045C,0.8305685,0.25531545,5.0,mid
YCR045W-A,0.31959757,0.34811136,4.0,low_c
YCR046C,0.61474967,0.31400028,0.0,mid
YCR047C,0.66205597,0.42412516,10.0,mid
YCR047W-A,0.27890915,0.5434614,13.0,low_c
YCR048W,0.538519,0.2964873,4.0,mid
YCR049C,0.42968035,0.3031495,4.0,mid
YCR050C,0.17629252,0.4172173,6.0,low_c
YCR051W,0.77737767,0.2954337,3.0,mid
YCR052W,0.81755155,0.13088183,0.0,mid
YCR053W,0.843382,0.28680995,3.0,mid
YCR054C,0.73805994,0.26812103,0.0,mid
YCR057C,0.8236383,0.40223575,5.0,mid
YCR059C,0.80211145,0.15514164,0.0,mid
YCR060W,0.51999795,0.2661456,1.0,mid
YCR061W,0.66313046,0.55066365,22.0,mid
YCR063W,0.62904906,0.3997119,4.0,mid
YCR064C,0.26800922,0.4748755,8.0,low_c
YCR065W,0.91682285,0.44445783,7.0,high_c
YCR066W,0.86625516,0.2965673,0.0,mid
YCR067C,0.85695463,0.30909365,0.0,mid
YCR068W,0.93021506,0.2408844,1.0,high_c
YCR069W,0.8486709,0.26272517,1.0,mid
YCR071C,0.87615544,0.3366247,1.0,mid
YCR072C,0.8528461,0.4231395,6.0,mid
YCR073C,0.666683,0.30211064,2.0,mid
YCR073W-A,0.6384785,0.23361184,0.0,mid
YCR075C,0.7182091,0.30354458,0.0,mid
YCR075W-A,0.6903468,0.44626662,14.0,mid
YCR076C,0.6959396,0.20998658,0.0,mid
YCR077C,0.5665555,0.18114401,0.0,mid
YCR079W,0.71702164,0.24587396,0.0,mid
YCR081C-A,0.3122927,0.5353245,15.0,low_c
YCR081W,0.79254735,0.31600612,0.0,mid
YCR082W,0.7728844,0.25384685,1.0,mid
YCR083W,0.74065703,0.34405532,4.0,mid
YCR084C,0.5636475,0.21780574,0.0,mid
YCR085W,0.25796676,0.4963442,10.0,low_c
YCR086W,0.84884524,0.24143273,2.0,mid
YCR087C-A,0.56414765,0.43061125,11.0,mid
YCR087W,0.28908378,0.41638565,5.0,low_c
YCR088W,0.81755006,0.1875341,0.0,mid
YCR089W,0.7429523,0.6405518,24.0,mid
YCR090C,0.79468244,0.20450759,1.0,mid
YCR091W,0.6840777,0.49690923,16.0,mid
YCR092C,0.5907319,0.34545442,1.0,mid
YCR093W,0.8918895,0.2149374,0.0,high_c
YCR094W,0.7505632,0.16431025,1.0,mid
YCR095C,0.7954191,0.22073698,1.0,mid
YCR095W-A,0.7023357,0.3674532,6.0,mid
YCR096C,0.6900067,0.0023774558,0.0,mid
YCR097W,0.7909874,0.0061891857,0.0,mid
YCR097W-A,0.5575694,0.0,0.0,mid
YCR098C,0.8671588,0.6502008,20.0,mid
YCR099C,0.27351934,0.4235967,6.0,low_c
YCR100C,0.78958285,0.3862965,4.0,mid
YCR101C,0.71094495,0.36772555,6.0,mid
YCR102C,0.93769854,0.72828364,37.0,high_c
YCR102W-A,0.3109807,0.57306457,21.0,low_c
YCR104W,0.80639744,0.53479683,18.0,mid
YCR105W,0.7172745,0.3220702,4.0,mid
YCR106W,0.8370336,0.41203615,11.0,mid
YCR107W,0.22619371,0.40842643,6.0,low_c
YCR108C,0.64000964,0.11423548,4.0,mid
YDL001W,0.7443055,0.22369479,0.0,mid
YDL002C,0.78656137,0.1386277,0.0,mid
YDL003W,0.8805086,0.4439476,12.0,mid
YDL004W,0.8725456,0.24848704,3.0,mid
YDL005C,0.77748173,0.2689205,1.0,mid
YDL006W,0.8116069,0.20643795,0.0,mid
YDL007C-A,0.81493986,0.12145583,2.0,mid
YDL007W,0.8872298,0.18003103,0.0,mid
YDL008W,0.79781574,0.20456056,0.0,mid
YDL009C,0.21341597,0.44854325,6.0,low_c
YDL010W,0.83624136,0.24369915,3.0,mid
YDL011C,0.53995633,0.32974225,5.0,mid
YDL012C,0.79931056,0.24421932,2.0,mid
YDL013W,0.6458707,0.29417226,0.0,mid
YDL014W,0.8071372,0.34109807,1.0,mid
YDL015C,0.7130444,0.2340415,0.0,mid
YDL016C,0.40971723,0.4806531,16.0,mid
YDL017W,0.7019544,0.28121534,0.0,mid
YDL018C,0.88378733,0.23044544,0.0,mid
YDL019C,0.70171297,0.29442945,1.0,mid
YDL020C,0.8663345,0.49315447,15.0,mid
YDL021W,0.73905474,0.5653053,20.0,mid
YDL022C-A,0.74275637,0.32878938,6.0,mid
YDL022W,0.8815633,0.4808265,11.0,mid
YDL023C,0.40217808,0.53592956,14.0,mid
YDL024C,0.8680187,0.40253893,10.0,mid
YDL025C,0.67639315,0.6268025,35.0,mid
YDL025W-A,0.3039007,0.60668033,15.0,low_c
YDL026W,0.39992806,0.42872402,7.0,mid
YDL027C,0.5367859,0.3086253,4.0,mid
YDL028C,0.76906747,0.3024821,1.0,mid
YDL029W,0.7857487,0.2017372,0.0,mid
YDL030W,0.70176905,0.18065871,0.0,mid
YDL031W,0.64382607,0.289589,3.0,mid
YDL032W,0.49671245,0.4694979,7.0,mid
YDL033C,0.64260834,0.1744589,1.0,mid
YDL034W,0.50076044,0.32651493,5.0,mid
YDL035C,0.88076746,0.29635698,1.0,mid
YDL036C,0.7862043,0.22748736,1.0,mid
YDL037C,0.88021266,0.7515661,34.0,mid
YDL039C,0.28733152,0.8249129,38.0,low_c
YDL040C,0.76558155,0.1483664,0.0,mid
YDL041W,0.38518986,0.3959943,5.0,mid
YDL042C,0.7220658,0.32095072,3.0,mid
YDL043C,0.70102227,0.2677492,0.0,mid
YDL044C,0.7015464,0.24670863,0.0,mid
YDL045C,0.8561528,0.18700017,0.0,mid
YDL045W-A,0.8325607,0.31191495,3.0,mid
YDL046W,0.87187386,0.28832737,1.0,mid
YDL047W,0.8673893,0.15193917,0.0,mid
YDL048C,0.69294786,1.0070102,56.0,mid
YDL049C,0.8070741,0.44177276,10.0,mid
YDL050C,0.539704,0.3596257,5.0,mid
YDL051W,0.7191416,0.30281928,4.0,mid
YDL052C,0.7470354,0.21831824,2.0,mid
YDL053C,0.6151354,0.26801366,0.0,mid
YDL054C,0.6431441,0.31562606,5.0,mid
YDL055C,0.90803885,0.24437109,0.0,high_c
YDL056W,0.8044487,0.27300158,0.0,mid
YDL057W,0.7036468,0.22764257,0.0,mid
YDL058W,0.79573244,0.14031102,0.0,mid
YDL059C,0.81825453,0.21951726,2.0,mid
YDL060W,0.7326435,0.34014824,4.0,mid
YDL061C,0.7137112,0.49216127,11.0,mid
YDL062W,0.5185638,0.2959956,6.0,mid
YDL063C,0.5264676,0.49203882,14.0,mid
YDL064W,0.8636736,0.1882845,0.0,mid
YDL065C,0.61846673,0.17407033,0.0,mid
YDL066W,0.8903377,0.38583076,11.0,mid
YDL067C,0.66629994,0.28324842,2.0,mid
YDL068W,0.1791964,0.41598475,5.0,low_c
YDL069C,0.7490884,0.19689366,0.0,mid
YDL070W,0.7357406,0.27095875,1.0,mid
YDL071C,0.40738156,0.5072515,10.0,mid
YDL072C,0.5742305,0.37717333,2.0,mid
YDL073W,0.7951241,0.2928363,0.0,mid
YDL074C,0.73290724,0.26675996,0.0,mid
YDL075W,0.7241621,0.3309311,5.0,mid
YDL076C,0.87596047,0.19418101,0.0,mid
YDL077C,0.8260038,0.2956408,0.0,mid
YDL078C,0.8289984,0.23223118,3.0,mid
YDL079C,0.8269308,0.56462693,19.0,mid
YDL080C,0.88980216,0.30128238,0.0,mid
YDL081C,0.70537746,0.4636895,9.0,mid
YDL082W,0.70587724,0.34862512,4.0,mid
YDL083C,0.7752285,0.4748472,16.0,mid
YDL084W,0.8785327,0.23516747,0.0,mid
YDL085C-A,0.45249355,0.28085187,3.0,mid
YDL085W,0.8914593,0.6438405,28.0,high_c
YDL086C-A,0.27114293,0.33738133,7.0,low_c
YDL086W,0.8077265,0.32174823,3.0,mid
YDL087C,0.7351779,0.21228611,1.0,mid
YDL088C,0.78459215,0.28112942,0.0,mid
YDL089W,0.8104127,0.20102131,0.0,mid
YDL090C,0.7912831,0.18603037,0.0,mid
YDL091C,0.8035671,0.21322586,0.0,mid
YDL092W,0.8764372,0.21118584,1.0,mid
YDL093W,0.7211594,0.26738468,0.0,mid
YDL094C,0.43069515,0.50723284,12.0,mid
YDL095W,0.713104,0.22195907,3.0,mid
YDL096C,0.5999325,0.5170308,12.0,mid
YDL097C,0.8485616,0.18620102,0.0,mid
YDL098C,0.7820501,0.24744454,0.0,mid
YDL099W,0.5472716,0.17285216,0.0,mid
YDL100C,0.69155014,0.1776779,4.0,mid
YDL101C,0.80159575,0.2806713,1.0,mid
YDL102W,0.6839861,0.19720237,0.0,mid
YDL103C,0.81250715,0.17529614,0.0,mid
YDL104C,0.6570995,0.18418457,0.0,mid
YDL105W,0.7327117,0.3306215,0.0,mid
YDL106C,0.8736826,0.34945711,3.0,mid
YDL107W,0.67121774,0.2154001,0.0,mid
YDL108W,0.6268279,0.21442555,0.0,mid
YDL109C,0.659026,0.33367324,3.0,mid
YDL110C,0.7581011,0.46979994,15.0,mid
YDL111C,0.75551254,0.19110362,0.0,mid
YDL112W,0.7531654,0.25793076,0.0,mid
YDL113C,0.77395123,0.23444451,0.0,mid
YDL114W,0.8445656,0.28020105,5.0,mid
YDL114W-A,0.29733348,0.6626736,25.0,low_c
YDL115C,0.74499774,0.29772493,2.0,mid
YDL116W,0.81311727,0.24474636,0.0,mid
YDL117W,0.6924383,0.36842427,1.0,mid
YDL118W,0.4128507,0.368094,5.0,mid
YDL119C,0.70713836,0.19948165,0.0,mid
YDL120W,0.7742598,0.26438972,1.0,mid
YDL121C,0.7761739,0.34220192,8.0,mid
YDL122W,0.5250699,0.18247633,1.0,mid
YDL123W,0.8048042,0.30270424,3.0,mid
YDL124W,0.90779835,0.6173027,25.0,high_c
YDL125C,0.8914556,0.2972227,8.0,high_c
YDL126C,0.858186,0.21140426,0.0,mid
YDL127W,0.832529,0.34430295,2.0,mid
YDL128W,0.71605563,0.2221599,1.0,mid
YDL129W,0.7043441,0.36110613,7.0,mid
YDL130W,0.8736967,0.44683364,10.0,mid
YDL130W-A,0.8135496,0.60469276,22.0,mid
YDL131W,0.88207674,0.27127758,0.0,mid
YDL132W,0.63632935,0.17917812,0.0,mid
YDL133C-A,0.6912729,0.603915,23.0,mid
YDL133W,0.63116866,0.2368302,0.0,mid
YDL134C,0.71879625,0.18746696,0.0,mid
YDL135C,0.8365817,0.2045173,0.0,mid
YDL136W,0.55739,0.39003402,14.0,mid
YDL137W,0.88154995,0.2756391,4.0,mid
YDL138W,0.8857179,0.41824138,8.0,mid
YDL139C,0.75568515,0.15877609,0.0,mid
YDL140C,0.6307529,0.24903706,0.0,mid
YDL141W,0.8407335,0.20995887,0.0,mid
YDL142C,0.8469794,0.19957933,0.0,mid
YDL143W,0.86874187,0.19782095,1.0,mid
YDL144C,0.67637867,0.19511032,1.0,mid
YDL145C,0.8222,0.2271198,0.0,mid
YDL146W,0.676123,0.27861863,2.0,mid
YDL147W,0.77681875,0.13968207,0.0,mid
YDL148C,0.64254093,0.36817262,6.0,mid
YDL149W,0.8311447,0.3441264,4.0,mid
YDL150W,0.6751709,0.29081795,1.0,mid
YDL151C,0.5138566,0.3721891,5.0,mid
YDL152W,0.36622566,0.54073787,14.0,mid
YDL153C,0.5603446,0.39312148,7.0,mid
YDL154W,0.30338764,0.36428645,6.0,low_c
YDL155W,0.74112445,0.28157297,0.0,mid
YDL156W,0.7838992,0.2944203,0.0,mid
YDL157C,0.5501854,0.37931857,10.0,mid
YDL158C,0.46232685,0.5116287,18.0,mid
YDL159C-B,0.47588265,0.42912462,10.0,mid
YDL159W,0.7405608,0.23866941,0.0,mid
YDL159W-A,0.30384237,0.29373845,6.0,low_c
YDL160C,0.89835376,0.26744515,0.0,high_c
YDL160C-A,0.5288513,0.2895111,2.0,mid
YDL161W,0.7823396,0.25878382,1.0,mid
YDL162C,0.331034,0.44398773,8.0,low_c
YDL163W,0.46829376,0.22510548,4.0,mid
YDL164C,0.8001172,0.24306153,0.0,mid
YDL165W,0.7274022,0.21321523,0.0,mid
YDL166C,0.7601465,0.37651733,8.0,mid
YDL167C,0.5325733,0.32309115,3.0,mid
YDL168W,0.7975172,0.45212078,21.0,mid
YDL169C,0.80292803,0.5439787,17.0,mid
YDL170W,0.68437,0.37263986,6.0,mid
YDL171C,0.66974306,0.50802654,14.0,mid
YDL172C,0.19162138,0.46532553,6.0,low_c
YDL173W,0.8546279,0.2093747,1.0,mid
YDL174C,0.91097116,0.47187445,23.0,high_c
YDL175C,0.53767055,0.24832551,0.0,mid
YDL176W,0.69083387,0.3364351,3.0,mid
YDL177C,0.785268,0.2520483,0.0,mid
YDL178W,0.8503516,0.18986365,0.0,mid
YDL179W,0.80799156,0.31772184,5.0,mid
YDL180W,0.705113,0.41368255,9.0,mid
YDL181W,0.70445186,0.682649,30.0,mid
YDL182W,0.9408412,0.58258384,27.0,high_c
YDL183C,0.80246055,0.32797906,1.0,mid
YDL184C,0.61203194,0.845016,44.0,mid
YDL185C-A,0.32237092,0.39413175,6.0,low_c
YDL185W,0.7646121,0.18202032,0.0,mid
YDL186W,0.81130546,0.3143618,7.0,mid
YDL187C,0.19418696,0.37837714,5.0,low_c
YDL188C,0.6374547,0.16451569,1.0,mid
YDL189W,0.6957378,0.16099429,1.0,mid
YDL190C,0.8568029,0.23379251,1.0,mid
YDL191W,0.71017265,0.49014574,20.0,mid
YDL192W,0.86851734,0.26580125,1.0,mid
YDL193W,0.7716433,0.21473093,1.0,mid
YDL194W,0.7175164,0.2992463,1.0,mid
YDL195W,0.8620202,0.29688832,2.0,mid
YDL196W,0.41429946,0.5701219,16.0,mid
YDL197C,0.76908904,0.21945596,0.0,mid
YDL198C,0.79024893,0.5867698,24.0,mid
YDL199C,0.7909595,0.38841859,3.0,mid
YDL200C,0.59055954,0.20134544,0.0,mid
YDL201W,0.65492725,0.30108804,1.0,mid
YDL202W,0.69638795,0.1997594,0.0,mid
YDL203C,0.65043837,0.21196148,0.0,mid
YDL204W,0.76944643,0.752257,30.0,mid
YDL205C,0.78657144,0.32986164,3.0,mid
YDL206W,0.70046663,0.3600072,4.0,mid
YDL207W,0.76944214,0.20750909,1.0,mid
YDL208W,0.78080803,0.36530763,5.0,mid
YDL209C,0.48971877,0.31380713,0.0,mid
YDL210W,0.79747903,0.24397348,4.0,mid
YDL211C,0.7084176,0.3113095,0.0,mid
YDL212W,0.783992,0.27909887,0.0,mid
YDL213C,0.713855,0.38618875,11.0,mid
YDL214C,0.77937394,0.4579544,12.0,mid
YDL215C,0.84420884,0.36216795,1.0,mid
YDL216C,0.69150895,0.238016,0.0,mid
YDL217C,0.77931565,0.17619063,4.0,mid
YDL218W,0.70837253,0.30822387,2.0,mid
YDL219W,0.79593134,0.23944789,0.0,mid
YDL220C,0.68267316,0.2467795,0.0,mid
YDL221W,0.4958949,0.35796124,5.0,mid
YDL222C,0.7435705,0.6413923,28.0,mid
YDL223C,0.6347802,0.49849528,14.0,mid
YDL224C,0.51970947,0.36593807,2.0,mid
YDL225W,0.8344833,0.14706965,0.0,mid
YDL226C,0.8236273,0.20958789,0.0,mid
YDL227C,0.6209325,0.45754498,11.0,mid
YDL228C,0.18533535,0.32872325,5.0,low_c
YDL229W,0.77936935,0.3505424,4.0,mid
YDL230W,0.8208216,0.16370939,0.0,mid
YDL231C,0.8092121,0.26796278,0.0,mid
YDL232W,0.6037268,0.330102,2.0,mid
YDL233W,0.61746365,0.23656987,0.0,mid
YDL234C,0.74031603,0.25324473,1.0,mid
YDL235C,0.744243,0.25352475,2.0,mid
YDL236W,0.8013506,0.14580138,0.0,mid
YDL237W,0.8126504,0.18123493,0.0,mid
YDL238C,0.81206775,0.37023473,9.0,mid
YDL239C,0.3237591,0.3730706,3.0,low_c
YDL240C-A,0.28729358,0.3582093,9.0,low_c
YDL240W,0.8240804,0.34420505,0.0,mid
YDL241W,0.81754434,0.43815583,13.0,mid
YDL242W,0.3280517,0.69773394,33.0,low_c
YDL243C,0.538423,0.81935847,35.0,mid
YDL244W,0.8936027,0.19529141,0.0,high_c
YDL245C,0.88132954,0.09611113,4.0,mid
YDL246C,0.78625965,0.07029372,1.0,mid
YDL247W,0.7208001,0.0636137,0.0,mid
YDL247W-A,0.5936891,0.8056605,41.0,mid
YDL248W,0.7537037,0.29450467,1.0,mid
YDR001C,0.8488289,0.41409338,17.0,mid
YDR002W,0.80931234,0.2549439,1.0,mid
YDR003W,0.7565083,0.32249877,7.0,mid
YDR003W-A,0.4703536,0.41986266,11.0,mid
YDR004W,0.51740557,0.19839999,0.0,mid
YDR005C,0.7661245,0.2522397,0.0,mid
YDR006C,0.79017735,0.31650254,2.0,mid
YDR007W,0.6977152,0.1852646,0.0,mid
YDR008C,0.5621365,0.041212656,1.0,mid
YDR009W,0.82404876,0.41054162,12.0,mid
YDR010C,0.565992,0.36248022,5.0,mid
YDR011W,0.83230466,0.5689657,25.0,mid
YDR012W,0.91027594,0.264236,1.0,high_c
YDR013W,0.6181366,0.2822655,0.0,mid
YDR014W,0.724903,0.2999275,0.0,mid
YDR014W-A,0.7054294,0.28499684,2.0,mid
YDR015C,0.63829744,0.15085304,4.0,mid
YDR016C,0.5966132,0.46477067,12.0,mid
YDR017C,0.56654304,0.32827914,0.0,mid
YDR018C,0.6025616,0.39910513,9.0,mid
YDR019C,0.79144734,0.5701648,19.0,mid
YDR020C,0.752025,0.30267197,1.0,mid
YDR021W,0.7856285,0.43543556,8.0,mid
YDR022C,0.811132,0.3599408,5.0,mid
YDR023W,0.8741945,0.20040435,2.0,mid
YDR024W,0.35497785,0.3329307,7.0,low_c
YDR025W,0.6631069,0.35245737,5.0,mid
YDR026C,0.7128434,0.25855315,0.0,mid
YDR027C,0.78469694,0.2925501,3.0,mid
YDR028C,0.6453166,0.21052834,0.0,mid
YDR029W,0.39884725,0.48420322,7.0,mid
YDR030C,0.80328614,0.29836637,1.0,mid
YDR031W,0.71643734,0.34516266,3.0,mid
YDR032C,0.8749588,0.5467034,17.0,mid
YDR033W,0.7931698,0.49581772,17.0,mid
YDR034C,0.67070824,0.36821145,2.0,mid
YDR034C-A,0.51032156,0.061611634,0.0,mid
YDR034W-B,0.3231417,0.8828977,42.0,low_c
YDR035W,0.85368836,0.511887,21.0,mid
YDR036C,0.923021,0.20325089,0.0,high_c
YDR037W,0.9439549,0.3242292,4.0,high_c
YDR038C,0.6177484,0.23154585,1.0,mid
YDR039C,0.6410532,0.059484914,0.0,mid
YDR040C,0.7311543,0.38551867,5.0,mid
YDR041W,0.82431954,0.28208926,2.0,mid
YDR042C,0.73807585,0.29848227,2.0,mid
YDR043C,0.75833535,0.44490615,13.0,mid
YDR044W,0.92649233,0.2773298,2.0,high_c
YDR045C,0.7656663,0.2962715,4.0,mid
YDR046C,0.7874174,0.35511753,2.0,mid
YDR047W,0.8972513,0.1594795,0.0,high_c
YDR048C,0.38080552,0.3704033,5.0,mid
YDR049W,0.6972771,0.21076594,0.0,mid
YDR050C,0.9246651,0.3510347,3.0,high_c
YDR051C,0.8949396,0.21023381,0.0,high_c
YDR052C,0.7455419,0.27795884,0.0,mid
YDR053W,0.45058346,0.35583547,5.0,mid
YDR054C,0.84582305,0.16033156,0.0,mid
YDR055W,0.7316876,0.3776144,10.0,mid
YDR056C,0.82200056,0.17940734,0.0,mid
YDR057W,0.7638561,0.19263193,0.0,mid
YDR058C,0.8428341,0.30643496,1.0,mid
YDR059C,0.8204448,0.3063917,7.0,mid
YDR060W,0.7429181,0.32560605,2.0,mid
YDR061W,0.7863833,0.18900314,0.0,mid
YDR062W,0.89519125,0.18339811,0.0,high_c
YDR063W,0.8048693,0.19665551,0.0,mid
YDR064W,0.56816036,0.32677194,4.0,mid
YDR065W,0.79300827,0.27175125,0.0,mid
YDR066C,0.6425871,0.1887794,0.0,mid
YDR067C,0.7577136,0.16163729,0.0,mid
YDR068W,0.7197111,0.21891133,0.0,mid
YDR069C,0.6427282,0.40807223,7.0,mid
YDR070C,0.7663814,1.0094337,41.0,mid
YDR071C,0.8023595,0.28094962,3.0,mid
YDR072C,0.7605713,0.29156706,1.0,mid
YDR073W,0.68574727,0.3206953,3.0,mid
YDR074W,0.83851117,0.55565214,22.0,mid
YDR075W,0.8864864,0.28976172,1.0,mid
YDR076W,0.68582344,0.28986406,1.0,mid
YDR077W,0.73121005,0.5235031,22.0,mid
YDR078C,0.6791665,0.3108806,2.0,mid
YDR079C-A,0.6053123,0.37040746,3.0,mid
YDR079W,0.6923141,0.2589575,0.0,mid
YDR080W,0.7273833,0.22051255,0.0,mid
YDR081C,0.7316022,0.24663205,1.0,mid
YDR082W,0.5757242,0.27092177,1.0,mid
YDR083W,0.5822099,0.33542803,6.0,mid
YDR084C,0.7218251,0.25921622,4.0,mid
YDR085C,0.7863489,0.61225146,27.0,mid
YDR086C,0.7460115,0.2830666,1.0,mid
YDR087C,0.7227637,0.47704586,14.0,mid
YDR088C,0.8226711,0.19205143,0.0,mid
YDR089W,0.8442128,0.3859863,5.0,mid
YDR090C,0.78657085,0.18398222,2.0,mid
YDR091C,0.8376616,0.4106631,2.0,mid
YDR092W,0.71309555,0.29140317,2.0,mid
YDR093W,0.57331806,0.22339948,1.0,mid
YDR094W,0.7675659,0.17395973,0.0,mid
YDR095C,0.4770917,0.57999927,16.0,mid
YDR096W,0.5241041,0.4339367,5.0,mid
YDR097C,0.79644275,0.29709056,5.0,mid
YDR098C,0.7628069,0.19822761,0.0,mid
YDR099W,0.82036215,0.19576913,1.0,mid
YDR100W,0.8327473,0.28117025,2.0,mid
YDR101C,0.8460848,0.35964897,6.0,mid
YDR102C,0.4925002,0.4364188,7.0,mid
YDR103W,0.7928689,0.32918754,0.0,mid
YDR104C,0.856853,0.27985838,0.0,mid
YDR105C,0.78220075,0.20746851,0.0,mid
YDR106W,0.5014267,0.22335283,0.0,mid
YDR107C,0.7425543,0.248029,0.0,mid
YDR108W,0.84125656,0.22681181,0.0,mid
YDR109C,0.7545267,0.21346556,0.0,mid
YDR110W,0.7970491,0.32726702,1.0,mid
YDR111C,0.87551254,0.27045903,1.0,mid
YDR112W,0.4397335,0.36794168,5.0,mid
YDR113C,0.8932972,0.31795835,4.0,high_c
YDR114C,0.37938824,0.3293317,5.0,mid
YDR115W,0.8845747,0.2968811,1.0,mid
YDR116C,0.8737017,0.14450279,0.0,mid
YDR117C,0.7765961,0.16298155,0.0,mid
YDR118W,0.80585957,0.24559481,1.0,mid
YDR118W-A,0.47174355,0.516825,13.0,mid
YDR119W,0.43147275,0.21405454,0.0,mid
YDR119W-A,0.7318847,0.9769639,53.0,mid
YDR120C,0.8743703,0.29889932,3.0,mid
YDR121W,0.7962397,0.2659952,5.0,mid
YDR122W,0.7032696,0.30468768,0.0,mid
YDR123C,0.83948725,0.27840292,3.0,mid
YDR124W,0.8158848,0.4415682,5.0,mid
YDR125C,0.64675814,0.29035017,0.0,mid
YDR126W,0.69851327,0.21908684,0.0,mid
YDR127W,0.817087,0.38648096,12.0,mid
YDR128W,0.7337097,0.2141336,0.0,mid
YDR129C,0.82131636,0.23687547,0.0,mid
YDR130C,0.6390589,0.21213754,1.0,mid
YDR131C,0.7259123,0.28167468,0.0,mid
YDR132C,0.8083441,0.59002477,27.0,mid
YDR133C,0.74774945,0.44398692,10.0,mid
YDR135C,0.8117536,0.45789522,23.0,mid
YDR136C,0.49174887,0.36280727,6.0,mid
YDR137W,0.87912786,0.23702945,0.0,mid
YDR138W,0.7251725,0.30114427,1.0,mid
YDR139C,0.78208596,0.30247107,0.0,mid
YDR140W,0.8842384,0.4171698,2.0,mid
YDR141C,0.54335123,0.20556629,0.0,mid
YDR142C,0.7265783,0.32282722,0.0,mid
YDR143C,0.6581214,0.31482425,2.0,mid
YDR144C,0.8122636,0.3189852,4.0,mid
YDR145W,0.8757642,0.16094014,0.0,mid
YDR146C,0.82247716,0.25955537,3.0,mid
YDR147W,0.8446007,0.22404453,2.0,mid
YDR148C,0.8657077,0.25768065,2.0,mid
YDR149C,0.5317051,0.32969588,5.0,mid
YDR150W,0.52309704,0.21742319,0.0,mid
YDR151C,0.79523724,0.30987918,3.0,mid
YDR152W,0.86851114,0.2319723,1.0,mid
YDR153C,0.721253,0.22884694,0.0,mid
YDR154C,0.6506707,0.7619501,37.0,mid
YDR155C,0.8110213,0.4659513,7.0,mid
YDR156W,0.5873242,0.41001412,7.0,mid
YDR157W,0.3440849,0.51273525,10.0,low_c
YDR158W,0.7124536,0.4689175,12.0,mid
YDR159W,0.6505932,0.307836,0.0,mid
YDR160W,0.8027721,0.24115252,0.0,mid
YDR161W,0.71024007,0.32061216,3.0,mid
YDR162C,0.71250427,0.24383113,0.0,mid
YDR163W,0.60775244,0.35119465,2.0,mid
YDR164C,0.8190266,0.19945651,0.0,mid
YDR165W,0.782744,0.35467893,5.0,mid
YDR166C,0.68365556,0.24752463,0.0,mid
YDR167W,0.5006892,0.43792778,12.0,mid
YDR168W,0.79491836,0.18157691,0.0,mid
YDR169C,0.8245636,0.31053454,0.0,mid
YDR169C-A,0.61128813,0.5827356,18.0,mid
YDR170C,0.49057534,0.21559943,0.0,mid
YDR171W,0.68204033,0.865118,37.0,mid
YDR172W,0.8381112,0.20951925,1.0,mid
YDR173C,0.75238025,0.20557208,1.0,mid
YDR174W,0.7410935,0.19078657,0.0,mid
YDR175C,0.900718,0.16868368,0.0,high_c
YDR176W,0.8466452,0.24748158,0.0,mid
YDR177W,0.7849091,0.19325422,1.0,mid
YDR178W,0.76972604,0.56871957,23.0,mid
YDR179C,0.77004117,0.38029036,9.0,mid
YDR179W-A,0.67307156,0.26357266,1.0,mid
YDR180W,0.7768976,0.29888436,0.0,mid
YDR181C,0.718517,0.20040236,0.0,mid
YDR182W,0.65528864,0.19430703,0.0,mid
YDR182W-A,0.30867097,0.47880942,13.0,low_c
YDR183C-A,0.5371809,0.3454865,3.0,mid
YDR183W,0.65910625,0.19200264,0.0,mid
YDR184C,0.59829783,0.36884958,4.0,mid
YDR185C,0.49730647,0.31723017,1.0,mid
YDR186C,0.6955694,0.2599689,0.0,mid
YDR187C,0.43182135,0.41952267,5.0,mid
YDR188W,0.9528999,0.1697212,0.0,high_c
YDR189W,0.90243036,0.17200136,0.0,high_c
YDR190C,0.88200116,0.1718104,0.0,mid
YDR191W,0.7096816,0.28649384,2.0,mid
YDR192C,0.6094326,0.20812923,0.0,mid
YDR193W,0.43778223,0.22413243,4.0,mid
YDR194C,0.8873794,0.2190664,1.0,mid
YDR194W-A,0.2964601,0.42251942,7.0,low_c
YDR195W,0.7731557,0.21973199,0.0,mid
YDR196C,0.61365193,0.22057754,0.0,mid
YDR197W,0.8390542,0.24334803,1.0,mid
YDR198C,0.68462586,0.210613,0.0,mid
YDR199W,0.49933594,0.43666047,5.0,mid
YDR200C,0.80470175,0.16008969,0.0,mid
YDR201W,0.6816398,0.21898817,0.0,mid
YDR202C,0.7700584,0.17182058,0.0,mid
YDR203W,0.49002576,0.5014583,8.0,mid
YDR204W,0.7724802,0.27373457,1.0,mid
YDR205W,0.62293005,0.32856578,1.0,mid
YDR206W,0.6452936,0.29813385,0.0,mid
YDR207C,0.74386466,0.20086841,0.0,mid
YDR208W,0.8184661,0.30254683,2.0,mid
YDR209C,0.5012691,0.30876765,6.0,mid
YDR210W,0.7542377,0.39474362,7.0,mid
YDR211W,0.75953674,0.2068639,0.0,mid
YDR212W,0.8520592,0.2103831,0.0,mid
YDR213W,0.8348058,0.34654135,6.0,mid
YDR214W,0.3986691,0.36484042,6.0,mid
YDR215C,0.46733224,0.47746122,16.0,mid
YDR216W,0.51407915,0.70435476,29.0,mid
YDR217C,0.7354254,0.24382776,0.0,mid
YDR218C,0.88845557,0.20921001,1.0,mid
YDR219C,0.83418053,0.26398295,0.0,mid
YDR220C,0.32529053,0.5437606,18.0,low_c
YDR221W,0.7328647,0.18580726,0.0,mid
YDR222W,0.7055234,0.58050036,24.0,mid
YDR223W,0.80278593,0.33514208,4.0,mid
YDR224C,0.87158084,0.40898487,9.0,mid
YDR225W,0.8835315,0.48109645,14.0,mid
YDR226W,0.85254294,0.23150615,2.0,mid
YDR227W,0.7573721,0.30594742,1.0,mid
YDR228C,0.76039535,0.30607027,1.0,mid
YDR229W,0.8247736,0.13955612,0.0,mid
YDR230W,0.418066,0.5354726,12.0,mid
YDR231C,0.6853735,0.2852543,3.0,mid
YDR232W,0.9498014,0.31435513,2.0,high_c
YDR233C,0.84708035,0.2218849,4.0,mid
YDR234W,0.8417698,0.48045376,18.0,mid
YDR235W,0.61336106,0.27080455,1.0,mid
YDR236C,0.8584837,0.19590595,0.0,mid
YDR237W,0.83317953,0.17278649,0.0,mid
YDR238C,0.80253166,0.19468911,0.0,mid
YDR239C,0.7241258,0.23194835,0.0,mid
YDR240C,0.7909743,0.26661354,0.0,mid
YDR241W,0.54354197,0.53926367,12.0,mid
YDR242W,0.7879818,0.3191772,0.0,mid
YDR243C,0.7976214,0.2988448,1.0,mid
YDR244W,0.87327826,0.19438115,0.0,mid
YDR245W,0.86574656,0.23673216,1.0,mid
YDR246W,0.8441268,0.14393604,0.0,mid
YDR246W-A,0.40776616,0.32936728,1.0,mid
YDR247W,0.81511223,0.5120344,16.0,mid
YDR248C,0.6928459,0.37011018,5.0,mid
YDR249C,0.6719044,0.30218104,0.0,mid
YDR250C,0.3801361,0.47512248,9.0,mid
YDR251W,0.7330984,0.30407184,2.0,mid
YDR252W,0.8477524,0.26330194,1.0,mid
YDR253C,0.85067064,0.4566409,11.0,mid
YDR254W,0.79810476,0.30158997,6.0,mid
YDR255C,0.74487394,0.34885812,3.0,mid
YDR256C,0.9165157,0.56090975,14.0,high_c
YDR257C,0.7730987,0.24330617,1.0,mid
YDR258C,0.849481,0.49152318,17.0,mid
YDR259C,0.48740882,0.3304848,3.0,mid
YDR260C,0.66768116,0.19962132,1.0,mid
YDR261C,0.7600457,0.17025247,0.0,mid
YDR262W,0.7962857,0.26038557,2.0,mid
YDR263C,0.70911425,0.40068936,5.0,mid
YDR264C,0.7525181,0.45396188,11.0,mid
YDR265W,0.753746,0.22857091,1.0,mid
YDR266C,0.77007055,0.24532643,0.0,mid
YDR267C,0.8642575,0.1833662,0.0,mid
YDR268W,0.8343011,0.16127534,0.0,mid
YDR269C,0.48131576,0.3489909,5.0,mid
YDR270W,0.8032434,0.8665268,40.0,mid
YDR271C,0.17276886,0.6491727,25.0,low_c
YDR272W,0.88448596,0.294676,1.0,mid
YDR273W,0.7915526,0.2662121,2.0,mid
YDR274C,0.37152576,0.43132228,4.0,mid
YDR275W,0.42540804,0.25197417,0.0,mid
YDR276C,0.502937,0.38242343,3.0,mid
YDR277C,0.7689632,0.8939671,47.0,mid
YDR278C,0.44685492,0.34676796,2.0,mid
YDR279W,0.9005373,0.18610667,1.0,high_c
YDR280W,0.75078773,0.27044636,1.0,mid
YDR281C,0.7149469,0.76306057,35.0,mid
YDR282C,0.6866489,0.19154178,0.0,mid
YDR283C,0.8141419,0.24017046,0.0,mid
YDR284C,0.6566397,0.26151752,2.0,mid
YDR285W,0.8308183,0.264515,0.0,mid
YDR286C,0.7097026,0.3300475,7.0,mid
YDR287W,0.8624725,0.1810661,0.0,mid
YDR288W,0.687156,0.17169462,0.0,mid
YDR289C,0.7466775,0.15352723,0.0,mid
YDR290W,0.3079656,0.36187592,7.0,low_c
YDR291W,0.79824185,0.22132458,0.0,mid
YDR292C,0.64555085,0.18878657,0.0,mid
YDR293C,0.5326017,0.2865423,0.0,mid
YDR294C,0.8330223,0.16100758,1.0,mid
YDR295C,0.8826415,0.21345639,0.0,mid
YDR296W,0.8935674,0.26814833,1.0,high_c
YDR297W,0.8084617,0.4455737,6.0,mid
YDR298C,0.8947598,0.23878397,1.0,high_c
YDR299W,0.8486328,0.4210862,11.0,mid
YDR300C,0.853262,0.34583274,4.0,mid
YDR301W,0.787688,0.25287575,0.0,mid
YDR302W,0.8707943,0.2775468,3.0,mid
YDR303C,0.6985491,0.28602043,1.0,mid
YDR304C,0.8448698,0.22506373,0.0,mid
YDR305C,0.6917861,0.16478491,0.0,mid
YDR306C,0.7170698,0.22312564,0.0,mid
YDR307W,0.77991855,0.2252157,0.0,mid
YDR308C,0.8216003,0.17570473,0.0,mid
YDR309C,0.8960161,0.31507146,2.0,high_c
YDR310C,0.7016929,0.26409537,0.0,mid
YDR311W,0.87338316,0.2887823,1.0,mid
YDR312W,0.8455015,0.3225398,5.0,mid
YDR313C,0.7138853,0.31494996,0.0,mid
YDR314C,0.5984438,0.30067235,0.0,mid
YDR315C,0.73067856,0.24393,1.0,mid
YDR316W,0.8412114,0.2891372,6.0,mid
YDR317W,0.6721806,0.28234348,3.0,mid
YDR318W,0.765262,0.22797103,1.0,mid
YDR319C,0.7397758,0.20578249,0.0,mid
YDR320C,0.73670655,0.20925921,0.0,mid
YDR320C-A,0.3771684,0.31302375,4.0,mid
YDR320W-B,0.29002205,0.49204648,7.0,low_c
YDR321W,0.7175931,0.24554197,2.0,mid
YDR322C-A,0.5027739,0.2757926,1.0,mid
YDR322W,0.71325505,0.19326776,1.0,mid
YDR323C,0.84938073,0.24497418,1.0,mid
YDR324C,0.7656783,0.32408416,3.0,mid
YDR325W,0.6686056,0.2539952,0.0,mid
YDR326C,0.72976756,0.31611526,1.0,mid
YDR327W,0.25252053,0.4218372,5.0,low_c
YDR328C,0.87709296,0.21869707,1.0,mid
YDR329C,0.79216784,0.17683488,1.0,mid
YDR330W,0.9010637,0.19972022,1.0,high_c
YDR331W,0.7803419,0.21446604,0.0,mid
YDR332W,0.56943864,0.24524967,0.0,mid
YDR333C,0.73520166,0.2610207,0.0,mid
YDR334W,0.81795454,0.23606353,0.0,mid
YDR335W,0.6083104,0.19528419,0.0,mid
YDR336W,0.7582982,0.18472067,0.0,mid
YDR337W,0.83059645,0.20927548,0.0,mid
YDR338C,0.78341055,0.3264137,2.0,mid
YDR339C,0.7805492,0.26726514,1.0,mid
YDR340W,0.2375327,0.38210687,5.0,low_c
YDR341C,0.8468147,0.26084596,1.0,mid
YDR342C,0.7065176,1.3512337,71.0,mid
YDR343C,0.8091238,0.9017789,40.0,mid
YDR344C,0.60061,0.38654184,7.0,mid
YDR345C,0.8543587,0.42131478,4.0,mid
YDR346C,0.8610236,0.19974336,0.0,mid
YDR347W,0.7294391,0.20184396,0.0,mid
YDR348C,0.86809146,0.20385364,0.0,mid
YDR349C,0.77408206,0.23176251,0.0,mid
YDR350C,0.5737886,0.29179633,0.0,mid
YDR351W,0.5881963,0.33793122,0.0,mid
YDR352W,0.6513201,0.24658473,0.0,mid
YDR353W,0.7607716,0.7734525,39.0,mid
YDR354C-A,0.3672371,0.5052496,7.0,mid
YDR354W,0.86905265,0.29720783,2.0,mid
YDR355C,0.5148127,0.37670243,5.0,mid
YDR356W,0.6218341,0.3576044,3.0,mid
YDR357C,0.61000514,0.27905777,1.0,mid
YDR358W,0.8597028,0.29931596,3.0,mid
YDR359C,0.7418758,0.3400599,0.0,mid
YDR360W,0.52653295,0.30376086,5.0,mid
YDR361C,0.60351133,0.2901021,3.0,mid
YDR362C,0.7898257,0.18841006,0.0,mid
YDR363W,0.7075727,0.21149676,0.0,mid
YDR363W-A,0.5554484,0.2888104,1.0,mid
YDR364C,0.7503065,0.2010131,0.0,mid
YDR365C,0.76202345,0.34489882,0.0,mid
YDR366C,0.4180729,0.42848188,7.0,mid
YDR367W,0.8124504,0.20240325,0.0,mid
YDR368W,0.87637234,0.35702085,7.0,mid
YDR369C,0.77027845,0.26760095,0.0,mid
YDR370C,0.74679255,0.27686197,1.0,mid
YDR371C-A,0.45667857,0.5458067,10.0,mid
YDR371W,0.7493844,0.28310522,0.0,mid
YDR372C,0.722277,0.16490738,0.0,mid
YDR373W,0.7944332,0.23583798,2.0,mid
YDR374C,0.775557,0.11430195,1.0,mid
YDR374W-A,0.522583,0.37992585,4.0,mid
YDR375C,0.8029921,0.19850916,1.0,mid
YDR376W,0.7543841,0.19811054,1.0,mid
YDR377W,0.68952084,0.23972327,1.0,mid
YDR378C,0.79656917,0.3387881,0.0,mid
YDR379C-A,0.73426783,0.5744778,21.0,mid
YDR379W,0.7261758,0.28905225,0.0,mid
YDR380W,0.8217173,1.9257745,93.0,mid
YDR381C-A,0.6271977,0.23940466,0.0,mid
YDR381W,0.7361774,0.31962958,1.0,mid
YDR382W,0.8427947,0.415624,10.0,mid
YDR383C,0.7768408,0.25981095,2.0,mid
YDR384C,0.8679085,0.41321182,10.0,mid
YDR385W,0.7261289,0.24907699,1.0,mid
YDR386W,0.70195466,0.20568983,0.0,mid
YDR387C,0.6786501,0.289362,0.0,mid
YDR388W,0.92293113,0.20657362,0.0,high_c
YDR389W,0.503911,0.33202454,2.0,mid
YDR390C,0.7078269,0.21516585,0.0,mid
YDR391C,0.813025,0.31919247,6.0,mid
YDR392W,0.7757088,0.156783,0.0,mid
YDR393W,0.71568143,0.18839787,1.0,mid
YDR394W,0.87374645,0.19856966,0.0,mid
YDR395W,0.5782237,0.26008976,0.0,mid
YDR396W,0.40805823,0.38954782,5.0,mid
YDR397C,0.744025,0.36195558,1.0,mid
YDR398W,0.78313005,0.35435095,3.0,mid
YDR399W,0.87770724,0.37989438,3.0,mid
YDR400W,0.67072695,0.21897869,1.0,mid
YDR401W,0.6439495,0.32291946,4.0,mid
YDR402C,0.7514117,0.26133436,1.0,mid
YDR403W,0.6194566,0.31073597,2.0,mid
YDR404C,0.7852712,0.23579767,3.0,mid
YDR405W,0.797618,0.2017085,1.0,mid
YDR406W,0.7216864,0.5696335,20.0,mid
YDR406W-A,0.6844157,0.13315138,4.0,mid
YDR407C,0.7885459,0.26944873,0.0,mid
YDR408C,0.8448039,0.23860452,0.0,mid
YDR409W,0.7047475,0.34409487,1.0,mid
YDR410C,0.68884534,0.27023703,1.0,mid
YDR411C,0.8666087,0.27380052,3.0,mid
YDR412W,0.6799535,0.2992893,1.0,mid
YDR413C,0.14659669,0.3981944,5.0,low_c
YDR414C,0.60198367,0.25967142,0.0,mid
YDR415C,0.7745875,0.15942515,0.0,mid
YDR416W,0.6900946,0.3310665,4.0,mid
YDR417C,0.20532192,0.43285257,9.0,low_c
YDR418W,0.9339896,0.34172085,8.0,high_c
YDR419W,0.7943155,0.18157929,0.0,mid
YDR420W,0.67944837,0.42390805,5.0,mid
YDR421W,0.6593059,0.2548209,0.0,mid
YDR422C,0.7388143,0.3010977,1.0,mid
YDR423C,0.71416825,0.2745014,2.0,mid
YDR424C,0.6563109,0.28081968,0.0,mid
YDR425W,0.6458526,0.37355015,4.0,mid
YDR426C,0.23432107,0.34607425,4.0,low_c
YDR427W,0.8085653,0.20556389,0.0,mid
YDR428C,0.77972984,0.3103372,5.0,mid
YDR429C,0.8138231,0.23753174,2.0,mid
YDR430C,0.72157407,0.18827699,1.0,mid
YDR431W,0.3529651,0.3743462,5.0,low_c
YDR432W,0.83339393,0.16053374,0.0,mid
YDR433W,0.66277754,0.31553137,4.0,mid
YDR434W,0.7725412,0.24025989,1.0,mid
YDR435C,0.57861125,0.23607013,1.0,mid
YDR436W,0.52968353,0.31867868,1.0,mid
YDR437W,0.6775718,0.33700585,2.0,mid
YDR438W,0.6279056,0.32066274,2.0,mid
YDR439W,0.6460222,0.22350855,0.0,mid
YDR440W,0.8266125,0.2679291,0.0,mid
YDR441C,0.8836521,0.33711746,5.0,mid
YDR442W,0.46784925,0.7081271,20.0,mid
YDR443C,0.71839356,0.25435457,0.0,mid
YDR444W,0.7907442,0.28429466,1.0,mid
YDR445C,0.530043,0.3416936,4.0,mid
YDR446W,0.8107998,0.24101746,0.0,mid
YDR447C,0.6586641,0.4309775,14.0,mid
YDR448W,0.6996629,0.20538741,0.0,mid
YDR449C,0.82296294,0.46513966,9.0,mid
YDR450W,0.71007144,0.42517212,9.0,mid
YDR451C,0.8236341,0.30223194,3.0,mid
YDR452W,0.7961649,0.2241793,2.0,mid
YDR453C,0.66602665,0.75106394,27.0,mid
YDR454C,0.8768202,0.2453622,3.0,mid
YDR455C,0.543739,0.31486782,7.0,mid
YDR456W,0.79266155,0.3544891,5.0,mid
YDR457W,0.65782595,0.20834877,0.0,mid
YDR458C,0.56741637,0.19782192,0.0,mid
YDR459C,0.6751088,0.21629962,0.0,mid
YDR460W,0.7563764,0.2482509,0.0,mid
YDR461C-A,0.60871106,0.65169895,24.0,mid
YDR461W,0.63423735,0.54632086,14.0,mid
YDR462W,0.85657364,0.25652948,1.0,mid
YDR463W,0.77612466,0.20523778,0.0,mid
YDR464C-A,0.4838577,0.43343842,7.0,mid
YDR464W,0.58437234,0.24536769,1.0,mid
YDR465C,0.81617093,0.39226362,7.0,mid
YDR466W,0.7326176,0.252852,0.0,mid
YDR467C,0.16406311,0.5191051,12.0,low_c
YDR468C,0.7125274,0.2123541,0.0,mid
YDR469W,0.6617221,0.25323367,1.0,mid
YDR470C,0.77716875,0.26599813,0.0,mid
YDR471W,0.7744959,0.34894013,7.0,mid
YDR472W,0.7091013,0.22375652,1.0,mid
YDR473C,0.7367729,0.2173405,0.0,mid
YDR475C,0.6470615,0.3556801,4.0,mid
YDR476C,0.8725614,0.60538626,21.0,mid
YDR477W,0.7608621,0.19173382,0.0,mid
YDR478W,0.83782315,0.25599083,0.0,mid
YDR479C,0.7810738,0.21246856,0.0,mid
YDR480W,0.82298654,0.27542886,3.0,mid
YDR481C,0.878224,0.3284876,10.0,mid
YDR482C,0.25863957,0.2680415,0.0,low_c
YDR483W,0.93327296,0.17212549,0.0,high_c
YDR484W,0.8105309,0.31273094,1.0,mid
YDR485C,0.6967457,0.28239366,0.0,mid
YDR486C,0.7736301,0.19073175,0.0,mid
YDR487C,0.67623043,0.3667981,2.0,mid
YDR488C,0.67390573,0.2748751,3.0,mid
YDR489W,0.6909125,0.26784658,1.0,mid
YDR490C,0.7168718,0.20392007,0.0,mid
YDR491C,0.38651267,0.36410934,5.0,mid
YDR492W,0.78028506,0.37321734,6.0,mid
YDR493W,0.65252507,0.2261691,0.0,mid
YDR494W,0.8479132,0.26002178,5.0,mid
YDR495C,0.7701521,0.24553367,0.0,mid
YDR496C,0.6245286,0.35920712,7.0,mid
YDR497C,0.8397608,0.43216333,9.0,mid
YDR498C,0.8576721,0.15659913,0.0,mid
YDR499W,0.84293455,0.30355963,1.0,mid
YDR500C,0.6429414,0.46300167,14.0,mid
YDR501W,0.8626557,0.38594016,10.0,mid
YDR502C,0.91353357,0.43211448,10.0,high_c
YDR503C,0.7252596,0.25840455,0.0,mid
YDR504C,0.2627572,0.35705784,3.0,low_c
YDR505C,0.7609489,0.32364118,1.0,mid
YDR506C,0.6998987,0.2238141,0.0,mid
YDR507C,0.81244767,0.35973623,6.0,mid
YDR508C,0.74752957,0.23116581,2.0,mid
YDR509W,0.33942017,0.5406064,11.0,low_c
YDR510C-A,0.14350806,0.59066474,16.0,low_c
YDR510W,0.83944017,0.41048545,12.0,mid
YDR511W,0.6777169,0.28678852,1.0,mid
YDR512C,0.23638517,0.38589725,3.0,low_c
YDR513W,0.7505859,0.6051264,22.0,mid
YDR514C,0.72009206,0.24361609,0.0,mid
YDR515W,0.82262105,0.2687201,0.0,mid
YDR516C,0.92786616,0.5278737,16.0,high_c
YDR517W,0.88577145,0.26381698,4.0,mid
YDR518W,0.7786169,0.31682232,2.0,mid
YDR519W,0.86982745,0.39322913,6.0,mid
YDR520C,0.7808196,0.3219142,1.0,mid
YDR521W,0.5439847,0.34493575,6.0,mid
YDR522C,0.90514696,0.14183336,2.0,high_c
YDR523C,0.87790364,0.3097736,4.0,mid
YDR524C,0.76319957,0.27832496,0.0,mid
YDR524C-A,0.12305144,0.43848807,7.0,low_c
YDR524C-B,0.75876963,0.509257,13.0,mid
YDR524W-C,0.18229896,0.8280663,37.0,low_c
YDR525W,0.260025,0.41493654,5.0,low_c
YDR525W-A,0.42286593,0.22085212,0.0,mid
YDR526C,0.50283366,0.42223215,6.0,mid
YDR527W,0.8123607,0.23683438,0.0,mid
YDR528W,0.8746703,0.37695283,3.0,mid
YDR529C,0.87246186,0.30695423,1.0,mid
YDR530C,0.71462935,0.211656,0.0,mid
YDR531W,0.7305244,0.274953,0.0,mid
YDR532C,0.7272098,0.21768916,0.0,mid
YDR533C,0.94101155,0.4955556,22.0,high_c
YDR534C,0.52961165,2.2228277,94.0,mid
YDR535C,0.48141542,0.54360265,16.0,mid
YDR536W,0.9093248,0.30395842,6.0,high_c
YDR537C,0.36567286,0.36021712,5.0,mid
YDR538W,0.6691349,0.19132443,0.0,mid
YDR539W,0.78682846,0.22450607,2.0,mid
YDR540C,0.5587597,0.40798146,9.0,mid
YDR541C,0.76184106,0.26339442,0.0,mid
YDR542W,0.8116788,0.2949116,3.0,mid
YDR543C,0.6435596,0.06443685,2.0,mid
YDR544C,0.4724257,0.6490866,27.0,mid
YDR545C-A,0.51393497,0.0,0.0,mid
YDR545W,0.55458295,0.00033467056,0.0,mid
YIL001W,0.80482614,0.2746709,0.0,mid
YIL002C,0.8057518,0.23641475,1.0,mid
YIL002W-A,0.8125372,0.5050714,14.0,mid
YIL003W,0.72847784,0.23373823,0.0,mid
YIL004C,0.8362639,0.26825777,1.0,mid
YIL005W,0.7899847,0.18558973,0.0,mid
YIL006W,0.7879588,0.302755,2.0,mid
YIL007C,0.63507,0.2680364,1.0,mid
YIL008W,0.67529625,0.27214062,2.0,mid
YIL009C-A,0.69533205,0.2718934,0.0,mid
YIL009W,0.8480851,0.32865322,0.0,mid
YIL010W,0.6103139,0.22668692,0.0,mid
YIL011W,0.8169822,0.47295505,11.0,mid
YIL012W,0.70345986,0.3479262,3.0,mid
YIL013C,0.76092345,0.30647942,5.0,mid
YIL014C-A,0.7958981,0.3790723,3.0,mid
YIL014W,0.8528003,0.20926331,0.0,mid
YIL015W,0.8403904,0.2676791,3.0,mid
YIL016W,0.6712234,0.28654796,0.0,mid
YIL017C,0.7281459,0.34189352,3.0,mid
YIL018W,0.53261614,0.3563184,9.0,mid
YIL019W,0.7751908,0.49089807,14.0,mid
YIL020C,0.7926408,0.20148048,1.0,mid
YIL020C-A,0.42300358,0.4108586,6.0,mid
YIL021C-A,0.57185924,0.38458326,8.0,mid
YIL021W,0.8068184,0.19253786,0.0,mid
YIL022W,0.8976952,0.17370172,0.0,high_c
YIL023C,0.613674,0.19257477,3.0,mid
YIL024C,0.675748,0.28433943,3.0,mid
YIL025C,0.47737652,0.03932853,1.0,mid
YIL026C,0.6288146,0.27368987,4.0,mid
YIL027C,0.8415399,0.285839,4.0,mid
YIL028W,0.8057157,0.32638082,0.0,mid
YIL029C,0.67725664,0.3818049,8.0,mid
YIL029W-A,0.3771654,0.3485487,6.0,mid
YIL030C,0.7692344,0.22710057,0.0,mid
YIL030W-A,0.6927752,0.13052459,3.0,mid
YIL031W,0.60586876,0.32025093,3.0,mid
YIL032C,0.40894416,0.32592466,4.0,mid
YIL033C,0.9380003,0.24018127,0.0,high_c
YIL034C,0.90021265,0.22220592,0.0,high_c
YIL035C,0.7891413,0.113733344,0.0,mid
YIL036W,0.8781085,0.3345135,3.0,mid
YIL037C,0.87519723,0.5306764,22.0,mid
YIL038C,0.66483414,0.2770299,0.0,mid
YIL039W,0.79009724,0.22337194,0.0,mid
YIL040W,0.7380801,0.20961179,0.0,mid
YIL041W,0.83508646,0.23766707,3.0,mid
YIL042C,0.79109764,0.25307107,2.0,mid
YIL043C,0.81469244,0.2636541,0.0,mid
YIL044C,0.6998024,0.18862045,1.0,mid
YIL045W,0.7629718,0.3476123,6.0,mid
YIL046W,0.6282981,0.24891993,0.0,mid
YIL046W-A,0.4831987,0.43774047,13.0,mid
YIL047C,0.5782972,0.29959002,2.0,mid
YIL047C-A,0.6199297,0.2602321,3.0,mid
YIL048W,0.6132721,0.30291605,0.0,mid
YIL049W,0.6700335,0.22666606,1.0,mid
YIL050W,0.8817483,0.34714368,6.0,mid
YIL051C,0.90268457,0.5042303,15.0,high_c
YIL052C,0.668259,0.36634818,8.0,mid
YIL053W,0.8799519,0.32138744,2.0,mid
YIL054W,0.5247263,0.1682453,4.0,mid
YIL055C,0.6481358,0.36724612,3.0,mid
YIL056W,0.6208973,0.38575357,5.0,mid
YIL057C,0.78602654,0.33827823,3.0,mid
YIL058W,0.6451522,0.41724253,9.0,mid
YIL059C,0.739342,0.22400509,1.0,mid
YIL060W,0.57243234,0.28918412,5.0,mid
YIL061C,0.8745684,0.16940619,0.0,mid
YIL062C,0.9054128,0.37016046,1.0,high_c
YIL063C,0.73394316,0.30310273,2.0,mid
YIL064W,0.39323694,0.3855507,6.0,mid
YIL065C,0.8054422,0.29239622,0.0,mid
YIL066C,0.84241766,0.37733257,4.0,mid
YIL066W-A,0.45178372,0.27316105,4.0,mid
YIL067C,0.8242947,0.15835258,0.0,mid
YIL068C,0.8045482,0.20511936,0.0,mid
YIL068W-A,0.62520856,0.33685178,5.0,mid
YIL069C,0.7814715,0.33143237,7.0,mid
YIL070C,0.8584694,0.13006143,0.0,mid
YIL071C,0.70503795,0.27874297,1.0,mid
YIL071W-A,0.5660498,0.3841541,7.0,mid
YIL072W,0.7862208,0.25936392,1.0,mid
YIL073C,0.72480536,0.42923585,20.0,mid
YIL074C,0.8298025,0.2162303,1.0,mid
YIL075C,0.913707,0.22679463,0.0,high_c
YIL076W,0.8275439,0.22640796,0.0,mid
YIL077C,0.85027194,0.2678668,2.0,mid
YIL078W,0.8052916,0.26758114,1.0,mid
YIL079C,0.81391615,0.37104848,8.0,mid
YIL082W,0.820568,0.9971605,47.0,mid
YIL083C,0.86234325,0.16437584,0.0,mid
YIL084C,0.71385837,0.30211025,0.0,mid
YIL085C,0.70511,0.24064547,1.0,mid
YIL086C,0.40506306,0.3354432,1.0,mid
YIL087C,0.61962664,0.29426312,5.0,mid
YIL088C,0.7928799,0.2925936,0.0,mid
YIL089W,0.667927,0.22277771,1.0,mid
YIL090W,0.76210517,0.3012859,0.0,mid
YIL091C,0.60742044,0.38992321,6.0,mid
YIL092W,0.65851605,0.30295545,0.0,mid
YIL093C,0.7353327,0.14775892,0.0,mid
YIL094C,0.8084768,0.24358962,1.0,mid
YIL095W,0.73367333,0.31460655,0.0,mid
YIL096C,0.78710514,0.42586598,9.0,mid
YIL097W,0.819082,0.35898927,2.0,mid
YIL098C,0.6412912,0.2773611,0.0,mid
YIL099W,0.87080026,0.45669797,13.0,mid
YIL100C-A,0.36294687,0.6367561,25.0,mid
YIL100W,0.24613501,0.47652555,8.0,low_c
YIL101C,0.7276162,0.8509986,44.0,mid
YIL102C,0.742708,0.19453822,2.0,mid
YIL102C-A,0.5540788,0.3055311,0.0,mid
YIL103W,0.84202564,0.3174811,4.0,mid
YIL104C,0.79163074,0.3298154,1.0,mid
YIL105C,0.46516764,0.3022267,0.0,mid
YIL105W-A,0.47148603,0.35128942,8.0,mid
YIL106W,0.70890063,0.20610462,0.0,mid
YIL107C,0.8446247,0.2417866,0.0,mid
YIL108W,0.8208331,0.2673856,4.0,mid
YIL109C,0.49497116,0.20904946,0.0,mid
YIL110W,0.6997755,0.26175317,1.0,mid
YIL111W,0.85454965,0.45379472,11.0,mid
YIL112W,0.7590766,0.29019275,0.0,mid
YIL113W,0.7824826,0.5534219,19.0,mid
YIL114C,0.8336524,0.22285213,0.0,mid
YIL115C,0.80822766,0.22591351,1.0,mid
YIL115W-A,0.48454747,0.30221683,5.0,mid
YIL116W,0.72330993,0.52920824,27.0,mid
YIL117C,0.8351985,0.4901013,18.0,mid
YIL118W,0.75444454,0.2411757,0.0,mid
YIL119C,0.8232218,0.5146691,15.0,mid
YIL120W,0.80089295,0.21225141,5.0,mid
YIL121W,0.79470295,0.37338352,10.0,mid
YIL122W,0.66547906,0.2845682,5.0,mid
YIL123W,0.9363673,0.29680166,1.0,high_c
YIL124W,0.72713375,0.28971866,4.0,mid
YIL125W,0.76871634,0.30155435,2.0,mid
YIL126W,0.65063924,0.14141442,0.0,mid
YIL127C,0.74346197,0.39427978,10.0,mid
YIL128W,0.84479356,0.28190202,0.0,mid
YIL129C,0.8161957,0.21994323,0.0,mid
YIL130W,0.62562644,0.33954957,0.0,mid
YIL131C,0.85913855,0.27413744,5.0,mid
YIL132C,0.710625,0.2898262,2.0,mid
YIL133C,0.76145065,0.27024648,4.0,mid
YIL134C-A,0.34967008,0.41914046,9.0,low_c
YIL134W,0.6359301,0.15844387,0.0,mid
YIL135C,0.7189998,0.25663745,1.0,mid
YIL136W,0.8138165,0.553712,23.0,mid
YIL137C,0.8291545,0.19116636,0.0,mid
YIL138C,0.5907397,0.24519363,2.0,mid
YIL139C,0.80128825,0.20518832,0.0,mid
YIL140W,0.82169026,0.38554722,5.0,mid
YIL141W,0.43685862,0.49531734,19.0,mid
YIL142C-A,0.40287098,0.42325607,5.0,mid
YIL142W,0.9134182,0.23629089,1.0,high_c
YIL143C,0.62680656,0.23719132,1.0,mid
YIL144W,0.8153788,0.3103611,1.0,mid
YIL145C,0.84487486,0.18599804,1.0,mid
YIL146C,0.75777483,0.38352087,9.0,mid
YIL147C,0.75880665,0.21693924,0.0,mid
YIL148W,0.6272334,0.53010726,22.0,mid
YIL149C,0.7345814,0.2099411,0.0,mid
YIL150C,0.7618732,0.2790894,0.0,mid
YIL151C,0.67544365,0.38182285,0.0,mid
YIL152W,0.4051916,0.1576302,0.0,mid
YIL153W,0.76638114,0.1429782,0.0,mid
YIL154C,0.7760233,0.26021683,0.0,mid
YIL155C,0.7790926,0.36846578,10.0,mid
YIL156W,0.68925464,0.24339226,0.0,mid
YIL156W-A,0.26525554,0.42272338,4.0,low_c
YIL156W-B,0.300492,0.3051569,1.0,low_c
YIL157C,0.80806595,0.21848771,0.0,mid
YIL158W,0.68938446,0.30049327,2.0,mid
YIL159W,0.6114533,0.3996836,1.0,mid
YIL160C,0.86567277,0.49915045,15.0,mid
YIL161W,0.81154484,0.30299672,2.0,mid
YIL162W,0.8721068,0.3057149,3.0,mid
YIL163C,0.45872307,0.39630118,5.0,mid
YIL164C,0.7433163,0.49050623,21.0,mid
YIL165C,0.6595893,0.5439417,24.0,mid
YIL166C,0.84775496,0.22762507,0.0,mid
YIL169C,0.47955048,0.5417744,17.0,mid
YIL171W-A,0.6039507,0.0,0.0,mid
YIL172C,0.8856201,0.0,0.0,mid
YIL173W,0.5520537,0.10281182,0.0,mid
YIL176C,0.8619287,0.0,0.0,mid
YIL177C,0.57342166,0.01594563,0.0,mid
YIL177W-A,0.5465269,0.0,0.0,mid
YIR001C,0.7279567,0.15707916,0.0,mid
YIR002C,0.8309149,0.22803769,0.0,mid
YIR003W,0.7024148,0.14400177,0.0,mid
YIR004W,0.79509956,0.15314084,0.0,mid
YIR005W,0.4946875,0.4918136,9.0,mid
YIR006C,0.50226915,0.21502008,0.0,mid
YIR007W,0.8212378,0.2990442,0.0,mid
YIR008C,0.7732904,0.20949583,0.0,mid
YIR009W,0.66326606,0.17316538,0.0,mid
YIR010W,0.7904048,0.24254586,1.0,mid
YIR011C,0.78115326,0.24003305,0.0,mid
YIR012W,0.8178923,0.26250505,2.0,mid
YIR013C,0.7636835,0.3699865,9.0,mid
YIR014W,0.71589464,0.2824031,1.0,mid
YIR015W,0.37833315,0.22629316,1.0,mid
YIR016W,0.75911283,0.3972487,8.0,mid
YIR017C,0.65881604,0.5084162,15.0,mid
YIR017W-A,0.3747064,0.42763066,10.0,mid
YIR018C-A,0.67333084,0.4577796,13.0,mid
YIR018W,0.69692403,0.478358,12.0,mid
YIR019C,0.43418258,0.624125,19.0,mid
YIR020C,0.63252306,0.0,0.0,mid
YIR020C-B,0.3915061,0.24767733,4.0,mid
YIR020W-A,0.6726999,0.25558284,5.0,mid
YIR021W,0.77671003,0.19018498,0.0,mid
YIR021W-A,0.33470327,0.33989257,7.0,low_c
YIR022W,0.8226001,0.25140142,1.0,mid
YIR023C-A,0.30982357,0.47377875,6.0,low_c
YIR023W,0.7154863,0.37439555,1.0,mid
YIR024C,0.7450676,0.20318995,0.0,mid
YIR025W,0.7505536,0.2272736,0.0,mid
YIR026C,0.7776716,0.34499654,3.0,mid
YIR027C,0.86625725,0.28244212,6.0,mid
YIR028W,0.7040009,0.2925371,5.0,mid
YIR029W,0.6326015,0.26620886,1.0,mid
YIR030C,0.42451584,0.365067,6.0,mid
YIR030W-A,0.51496077,0.42004827,5.0,mid
YIR031C,0.8694077,0.31604227,1.0,mid
YIR032C,0.7438102,0.38566586,5.0,mid
YIR033W,0.8203923,0.33620232,1.0,mid
YIR034C,0.74137247,0.6228961,25.0,mid
YIR035C,0.7856644,0.39535674,6.0,mid
YIR036C,0.62549067,0.2941972,2.0,mid
YIR036W-A,0.58745146,0.3193233,4.0,mid
YIR037W,0.6668541,0.3390243,4.0,mid
YIR038C,0.6836262,0.4010926,7.0,mid
YIR039C,0.86283433,0.50444776,16.0,mid
YIR040C,0.57632107,0.02451231,0.0,mid
YIR041W,0.8502564,0.28094584,3.0,mid
YIR042C,0.34381232,0.42282405,10.0,low_c
YEL001C,0.7504073,0.21489829,1.0,mid
YEL002C,0.8675676,0.16537769,1.0,mid
YEL003W,0.812422,0.4069477,13.0,mid
YEL004W,0.71738964,0.22737469,0.0,mid
YEL005C,0.7760979,0.22917959,1.0,mid
YEL006W,0.76945007,0.19989695,0.0,mid
YEL007W,0.7510694,0.34172323,1.0,mid
YEL008C-A,0.67677337,0.34382886,7.0,mid
YEL008W,0.35379213,0.37908882,7.0,low_c
YEL009C,0.6894206,0.5519801,17.0,mid
YEL009C-A,0.69608027,0.3464054,4.0,mid
YEL010W,0.6107241,0.14353628,1.0,mid
YEL011W,0.64373654,0.81158453,41.0,mid
YEL012W,0.7448624,0.36608255,1.0,mid
YEL013W,0.86840624,0.25962058,1.0,mid
YEL014C,0.28743395,0.4936337,9.0,low_c
YEL015W,0.86535156,0.20044519,0.0,mid
YEL016C,0.72885746,0.18111117,1.0,mid
YEL017C-A,0.63642967,0.7898881,40.0,mid
YEL017W,0.6560858,0.15940379,0.0,mid
YEL018C-A,0.30744162,0.3599478,5.0,low_c
YEL018W,0.641676,0.2969082,4.0,mid
YEL019C,0.7446612,0.27140102,0.0,mid
YEL020C,0.7672181,0.28547612,2.0,mid
YEL020C-B,0.27047706,0.52176005,16.0,low_c
YEL020W-A,0.32923993,0.394006,8.0,low_c
YEL021W,0.12912199,0.6700297,14.0,low_c
YEL022W,0.7068572,0.2777086,1.0,mid
YEL023C,0.7105066,0.4048466,3.0,mid
YEL024W,0.6163809,0.5372151,22.0,mid
YEL025C,0.70946854,0.30612287,0.0,mid
YEL026W,0.8643073,0.39664808,5.0,mid
YEL027W,0.89110136,0.20987557,0.0,mid
YEL028W,0.71235293,0.25599104,0.0,mid
YEL029C,0.81128466,0.26643297,0.0,mid
YEL030C-A,0.5235047,0.27489462,4.0,mid
YEL030W,0.7175962,0.28911552,0.0,mid
YEL031W,0.7206988,0.23302276,1.0,mid
YEL032C-A,0.3962181,0.5627934,10.0,mid
YEL032W,0.7701531,0.2459821,0.0,mid
YEL033W,0.26998833,0.6866802,33.0,low_c
YEL034C-A,0.12022584,0.5537813,9.0,low_c
YEL034W,0.8765369,0.2980818,5.0,mid
YEL035C,0.2600778,0.45619264,10.0,low_c
YEL036C,0.89077187,0.19291219,0.0,mid
YEL037C,0.8973825,0.17914328,1.0,high_c
YEL038W,0.4682701,0.26994738,4.0,mid
YEL039C,0.58188236,0.8571146,37.0,mid
YEL040W,0.8646039,0.36664927,7.0,mid
YEL041W,0.84165764,0.28908375,0.0,mid
YEL042W,0.9136861,0.2173983,1.0,high_c
YEL043W,0.75086635,0.29123536,0.0,mid
YEL044W,0.8227017,0.29140761,0.0,mid
YEL045C,0.34608227,0.71895546,33.0,low_c
YEL046C,0.9332309,0.40100998,10.0,high_c
YEL047C,0.8436441,0.4319109,10.0,mid
YEL048C,0.6432124,0.31776422,1.0,mid
YEL049W,0.8249151,0.41353935,12.0,mid
YEL050C,0.8495457,0.21493065,0.0,mid
YEL050W-A,0.09485177,0.50122565,5.0,low_c
YEL051W,0.8400621,0.21406347,1.0,mid
YEL052W,0.75726223,0.30887792,6.0,mid
YEL053C,0.69982445,0.24699494,0.0,mid
YEL053W-A,0.4122923,0.46964487,7.0,mid
YEL054C,0.9523519,0.34939718,6.0,high_c
YEL055C,0.766741,0.25541854,1.0,mid
YEL056W,0.7820957,0.18372409,1.0,mid
YEL057C,0.75803214,0.37250867,6.0,mid
YEL058W,0.84985083,0.2261214,1.0,mid
YEL059C-A,0.5931888,0.41039693,8.0,mid
YEL059W,0.552475,0.70079976,25.0,mid
YEL060C,0.86880666,0.4515277,10.0,mid
YEL061C,0.7404011,0.34387824,3.0,mid
YEL062W,0.86714417,0.27224764,0.0,mid
YEL063C,0.8688146,0.36362097,6.0,mid
YEL064C,0.667595,0.26957962,0.0,mid
YEL065W,0.8359938,1.2758013,49.0,mid
YEL066W,0.71719474,0.31837335,5.0,mid
YEL067C,0.66962487,0.36878508,9.0,mid
YEL068C,0.794252,0.1933195,0.0,mid
YEL069C,0.8419401,0.24349777,6.0,mid
YEL070W,0.872197,0.18758267,2.0,mid
YEL071W,0.8887478,0.37151718,5.0,mid
YEL072W,0.84411764,0.25717375,3.0,mid
YEL073C,0.81064427,0.6221228,23.0,mid
YEL074W,0.31511363,0.49347863,12.0,low_c
YEL075C,0.562321,0.26444694,0.0,mid
YEL075W-A,0.38643563,0.13140507,3.0,mid
YEL076C,0.5973816,0.21727148,0.0,mid
YEL076C-A,0.6636877,0.0,0.0,mid
YEL077C,0.24779084,0.3290963,1.0,low_c
YEL077W-A,0.5044654,0.41433024,5.0,mid
YER001W,0.8811652,0.39079744,10.0,mid
YER002W,0.69085574,0.35761562,4.0,mid
YER003C,0.9277496,0.30539414,0.0,high_c
YER004W,0.86963934,0.25561988,1.0,mid
YER005W,0.6277805,0.21955939,0.0,mid
YER006C-A,0.37246192,0.4869886,10.0,mid
YER006W,0.8903985,0.38665402,8.0,mid
YER007C-A,0.8328596,0.25157204,1.0,mid
YER007W,0.7309726,0.4001771,8.0,mid
YER008C,0.7674253,0.19577377,0.0,mid
YER009W,0.82934636,0.33634892,3.0,mid
YER010C,0.82845837,0.23253027,0.0,mid
YER011W,0.762536,0.98776245,41.0,mid
YER012W,0.8049671,0.19308892,0.0,mid
YER013W,0.7685494,0.3042578,1.0,mid
YER014C-A,0.5735708,0.42400223,4.0,mid
YER014W,0.7890218,0.19502008,0.0,mid
YER015W,0.49853486,0.2775443,3.0,mid
YER016W,0.7312141,0.24361649,2.0,mid
YER017C,0.637858,0.16376473,0.0,mid
YER018C,0.7040915,0.29694214,0.0,mid
YER019C-A,0.4443789,0.37276202,10.0,mid
YER019W,0.87312305,0.19258364,0.0,mid
YER020W,0.889734,0.22003998,0.0,mid
YER021W,0.8441332,0.19100901,0.0,mid
YER022W,0.74896115,0.1950825,0.0,mid
YER023C-A,0.434045,0.6880304,26.0,mid
YER023W,0.74411476,0.2753232,1.0,mid
YER024W,0.6178341,0.61280787,20.0,mid
YER025W,0.91800517,0.2559443,2.0,high_c
YER026C,0.7574416,0.3905256,7.0,mid
YER027C,0.64293987,0.17530888,0.0,mid
YER028C,0.8550267,0.43962803,10.0,mid
YER029C,0.8452172,0.20898461,0.0,mid
YER030W,0.6308989,0.25111613,1.0,mid
YER031C,0.8614046,0.1612743,0.0,mid
YER032W,0.7789833,0.35972103,4.0,mid
YER033C,0.7560458,0.36553705,6.0,mid
YER034W,0.50798947,0.19406475,1.0,mid
YER035W,0.80034024,0.34436163,2.0,mid
YER036C,0.8116922,0.27027634,1.0,mid
YER037W,0.7787578,0.6079153,26.0,mid
YER038C,0.8132818,0.24856123,0.0,mid
YER038W-A,0.37814763,0.30985823,2.0,mid
YER039C,0.4984443,0.41220602,6.0,mid
YER039C-A,0.5822827,0.43719676,12.0,mid
YER040W,0.6679343,0.40320265,4.0,mid
YER041W,0.6951946,0.2568719,0.0,mid
YER042W,0.80379564,0.4593049,12.0,mid
YER043C,0.88129413,0.209299,1.0,mid
YER044C,0.8588333,0.46150628,14.0,mid
YER044C-A,0.6227164,0.33163682,3.0,mid
YER045C,0.74849355,0.3270471,2.0,mid
YER046W,0.74656075,0.37440878,6.0,mid
YER046W-A,0.38067046,0.370443,4.0,mid
YER047C,0.8032262,0.32897556,0.0,mid
YER048C,0.87375957,0.16561896,0.0,mid
YER048W-A,0.71316403,0.36815876,6.0,mid
YER049W,0.8578979,0.289175,0.0,mid
YER050C,0.91139054,0.21752039,1.0,high_c
YER051W,0.6966219,0.21048887,0.0,mid
YER052C,0.91195095,0.5163585,20.0,high_c
YER053C,0.77114433,0.69718564,31.0,mid
YER053C-A,0.35405838,1.4729946,68.0,low_c
YER054C,0.84286994,0.6837167,28.0,mid
YER055C,0.86335796,0.39547524,16.0,mid
YER056C,0.85090107,0.4101641,8.0,mid
YER056C-A,0.7011301,0.3467491,4.0,mid
YER057C,0.94403404,0.47905368,10.0,high_c
YER058W,0.8059841,0.40869486,6.0,mid
YER059W,0.78614616,0.22494367,0.0,mid
YER060W,0.6097984,0.31356525,1.0,mid
YER060W-A,0.8461407,0.4007366,5.0,mid
YER061C,0.76869285,0.30640683,3.0,mid
YER062C,0.94021356,0.6024865,21.0,high_c
YER063W,0.8201559,0.24196213,1.0,mid
YER064C,0.8769281,0.40444556,6.0,mid
YER065C,0.8422346,0.30380464,2.0,mid
YER066C-A,0.25621703,0.3811385,7.0,low_c
YER066W,0.6747241,0.38339013,3.0,mid
YER067C-A,0.14079458,0.5128761,8.0,low_c
YER067W,0.7109911,0.8913998,38.0,mid
YER068C-A,0.52243626,0.38337758,7.0,mid
YER068W,0.855574,0.28527048,0.0,mid
YER069W,0.75613517,0.70453537,30.0,mid
YER070W,0.9523264,0.50581145,14.0,high_c
YER071C,0.6061761,0.2683531,0.0,mid
YER072W,0.85810834,0.39435914,9.0,mid
YER073W,0.92668825,0.61945826,30.0,high_c
YER074W,0.77441984,0.4771205,16.0,mid
YER074W-A,0.7985139,0.2713825,1.0,mid
YER075C,0.791767,0.40653107,6.0,mid
YER076C,0.79455876,0.20257816,0.0,mid
YER076W-A,0.3130861,0.47893825,10.0,low_c
YER077C,0.7147796,0.23677273,0.0,mid
YER078C,0.8482304,0.20569582,0.0,mid
YER078W-A,0.33453858,0.5644045,20.0,low_c
YER079C-A,0.47631335,0.45036298,5.0,mid
YER079W,0.7180506,0.37389266,7.0,mid
YER080W,0.7553486,0.18250231,0.0,mid
YER081W,0.8245693,0.66316146,25.0,mid
YER082C,0.865845,0.32568347,2.0,mid
YER083C,0.8686449,0.19906385,0.0,mid
YER084W,0.27094117,0.38342938,4.0,low_c
YER084W-A,0.61632264,0.3232596,5.0,mid
YER085C,0.62807626,0.4006735,8.0,mid
YER086W,0.87325084,0.34777227,5.0,mid
YER087C-A,0.2835868,0.6749913,26.0,low_c
YER087C-B,0.7508079,0.2973956,2.0,mid
YER087W,0.81520337,0.22066423,0.0,mid
YER088C,0.7160089,0.3779343,2.0,mid
YER088C-A,0.46447876,0.57479924,23.0,mid
YER088W-B,0.31316984,0.5875746,18.0,low_c
YER089C,0.82748276,0.25838014,1.0,mid
YER090C-A,0.3661798,0.6328332,12.0,mid
YER090W,0.88319147,0.2516095,1.0,mid
YER091C,0.8823481,0.51630014,17.0,mid
YER091C-A,0.23369473,0.5056689,15.0,low_c
YER092W,0.68881553,0.24152918,0.0,mid
YER093C,0.7481337,0.21248433,0.0,mid
YER093C-A,0.5436495,0.24995224,0.0,mid
YER094C,0.8934646,0.21214485,0.0,high_c
YER095W,0.811273,0.41078892,4.0,mid
YER096W,0.87366563,0.3893158,10.0,mid
YER097W,0.40211138,0.4548625,10.0,mid
YER098W,0.58253616,0.34252265,1.0,mid
YER099C,0.7295994,0.39500254,2.0,mid
YER100W,0.90717167,0.124808155,0.0,high_c
YER101C,0.81001455,0.20703533,0.0,mid
YER102W,0.7471632,0.42778006,19.0,mid
YER103W,0.7915086,0.6723681,28.0,mid
YER104W,0.7578935,0.29226255,2.0,mid
YER105C,0.81750333,0.22225462,0.0,mid
YER106W,0.8136212,0.32332665,4.0,mid
YER107C,0.82879424,0.19465737,1.0,mid
YER107W-A,0.33775648,0.35893607,5.0,low_c
YER110C,0.7151172,0.37560987,6.0,mid
YER111C,0.70475507,0.31508106,1.0,mid
YER112W,0.7984006,0.256122,2.0,mid
YER113C,0.73524135,0.26598996,0.0,mid
YER114C,0.49894413,0.22131161,0.0,mid
YER115C,0.75405157,0.23622823,0.0,mid
YER116C,0.63806075,0.16759919,0.0,mid
YER117W,0.7459817,0.48749438,16.0,mid
YER118C,0.8091605,0.21676244,0.0,mid
YER119C,0.6714522,0.23203173,0.0,mid
YER119C-A,0.31669185,0.50537103,15.0,low_c
YER120W,0.8191422,0.275914,1.0,mid
YER121W,0.681595,0.53757626,17.0,mid
YER122C,0.88886523,0.1637447,0.0,mid
YER123W,0.7660585,0.35715228,0.0,mid
YER124C,0.79810905,0.35701367,4.0,mid
YER125W,0.6885333,0.24901886,0.0,mid
YER126C,0.7561914,0.36921993,4.0,mid
YER127W,0.75758916,0.3790321,6.0,mid
YER128W,0.8334642,0.22818202,0.0,mid
YER129W,0.50634253,0.31907865,0.0,mid
YER130C,0.78247637,0.34876963,6.0,mid
YER131W,0.7139059,0.43020213,19.0,mid
YER132C,0.50566626,0.3252252,1.0,mid
YER133W,0.6941362,0.14894748,0.0,mid
YER133W-A,0.57259274,0.32460162,5.0,mid
YER134C,0.72885025,0.18482219,0.0,mid
YER135C,0.5040958,0.383164,4.0,mid
YER136W,0.9411334,0.28136483,2.0,high_c
YER137C,0.73889285,0.28493297,2.0,mid
YER137W-A,0.5051191,0.371831,5.0,mid
YER138W-A,0.7690502,0.47994068,11.0,mid
YER139C,0.85491836,0.21165493,4.0,mid
YER140W,0.7512147,0.25695103,0.0,mid
YER141W,0.7313618,0.3165973,4.0,mid
YER142C,0.7102054,0.3366333,3.0,mid
YER143W,0.72567916,0.22522108,1.0,mid
YER144C,0.7231875,0.3333599,0.0,mid
YER145C,0.9253137,1.1779615,54.0,high_c
YER145C-A,0.33230194,0.372715,5.0,low_c
YER146W,0.89163804,0.40792853,6.0,high_c
YER147C,0.7069815,0.19112164,1.0,mid
YER147C-A,0.29432645,0.42263776,6.0,low_c
YER148W,0.8057478,0.14962019,1.0,mid
YER148W-A,0.2900212,0.5069476,16.0,low_c
YER149C,0.77008885,0.20094708,0.0,mid
YER150W,0.72785795,1.0030615,42.0,mid
YER151C,0.7484684,0.1404301,0.0,mid
YER152C,0.85902584,0.20343012,0.0,mid
YER152W-A,0.406362,0.36677733,4.0,mid
YER153C,0.52801317,0.2651181,1.0,mid
YER154W,0.8178562,0.16210318,1.0,mid
YER155C,0.841988,0.30715635,0.0,mid
YER156C,0.8349513,0.40139103,13.0,mid
YER157W,0.6916912,0.25107017,1.0,mid
YER158C,0.8281227,0.50369006,14.0,mid
YER158W-A,0.27161705,0.5763039,19.0,low_c
YER159C,0.73990977,0.1862197,0.0,mid
YER161C,0.8418114,0.20320332,1.0,mid
YER162C,0.67159647,0.24308217,0.0,mid
YER163C,0.82724285,0.24024215,1.0,mid
YER164W,0.49293697,0.22426549,1.0,mid
YER165C-A,0.42022744,0.398126,5.0,mid
YER165W,0.87111306,0.22843133,0.0,mid
YER166W,0.75814587,0.22524221,0.0,mid
YER167W,0.6224185,0.27868783,0.0,mid
YER168C,0.84834266,0.2007506,0.0,mid
YER169W,0.849245,0.30212846,0.0,mid
YER170W,0.7597288,0.20423776,0.0,mid
YER171W,0.63237983,0.266318,1.0,mid
YER172C,0.72260475,0.20682386,1.0,mid
YER172C-A,0.48716787,0.27098188,5.0,mid
YER173W,0.7131092,0.2414594,0.0,mid
YER174C,0.6904028,0.47928306,17.0,mid
YER175C,0.8099009,0.44543254,11.0,mid
YER175W-A,0.62633157,0.56938404,22.0,mid
YER176W,0.6795016,0.23753847,0.0,mid
YER177W,0.7329718,0.27096137,1.0,mid
YER178W,0.8528382,0.22106358,0.0,mid
YER179W,0.80650944,0.37615466,4.0,mid
YER180C,0.38526958,0.29534888,1.0,mid
YER180C-A,0.6065855,0.41856116,10.0,mid
YER181C,0.5366768,0.303853,6.0,mid
YER182W,0.7586217,0.3978106,7.0,mid
YER183C,0.7336835,0.3366552,0.0,mid
YER184C,0.7485229,0.3373739,2.0,mid
YER185W,0.6123652,0.2598555,3.0,mid
YER186C,0.56462026,0.20217627,0.0,mid
YER187W,0.57220626,0.31537235,2.0,mid
YER188C-A,0.70566183,0.40968734,7.0,mid
YER188W,0.6642194,0.35487017,3.0,mid
YER189W,0.51827705,0.41769177,8.0,mid
YER190C-A,0.49219215,0.0,0.0,mid
YER190C-B,0.5638647,0.0,0.0,mid
YER190W,0.6458229,0.13643566,0.0,mid
YFL001W,0.66069365,0.26199943,0.0,mid
YFL002C,0.61418474,0.30999053,1.0,mid
YFL003C,0.8333251,0.22500786,0.0,mid
YFL004W,0.6202227,0.2322883,2.0,mid
YFL005W,0.83711326,0.2583997,2.0,mid
YFL007W,0.6867558,0.21437824,0.0,mid
YFL008W,0.80875707,0.27890214,2.0,mid
YFL009W,0.7023498,0.24365585,0.0,mid
YFL010C,0.6354509,0.22929458,0.0,mid
YFL010W-A,0.39837307,0.48815817,10.0,mid
YFL011W,0.8359602,0.26567405,2.0,mid
YFL012W,0.8252196,0.300122,1.0,mid
YFL012W-A,0.38692525,0.38251033,6.0,mid
YFL013C,0.79492694,0.17021033,0.0,mid
YFL013W-A,0.50651115,0.29513392,5.0,mid
YFL014W,0.5488181,1.6650717,76.0,mid
YFL015C,0.49479243,0.45361876,16.0,mid
YFL015W-A,0.33260894,0.3507778,6.0,low_c
YFL016C,0.9200444,0.2880827,2.0,high_c
YFL017C,0.5016281,0.26024127,0.0,mid
YFL017W-A,0.72190213,0.36946243,2.0,mid
YFL018C,0.9111583,0.18966487,1.0,high_c
YFL019C,0.6522403,0.4014667,7.0,mid
YFL020C,0.7497005,0.5381452,12.0,mid
YFL021C-A,0.37827677,0.35824713,6.0,mid
YFL021W,0.8499678,0.40418673,10.0,mid
YFL022C,0.9059904,0.18553162,2.0,high_c
YFL023W,0.6957378,0.3358549,0.0,mid
YFL024C,0.69066375,0.35218787,2.0,mid
YFL025C,0.7214792,0.3378531,0.0,mid
YFL026W,0.8750969,0.39367285,4.0,mid
YFL027C,0.6723934,0.19660296,2.0,mid
YFL028C,0.78839236,0.2700802,1.0,mid
YFL029C,0.7632663,0.23487401,2.0,mid
YFL030W,0.654281,0.5092987,14.0,mid
YFL031C-A,0.77100253,0.7328901,17.0,mid
YFL031W,0.7788404,0.3889998,6.0,mid
YFL032W,0.45817044,0.41612563,8.0,mid
YFL033C,0.763582,0.325966,1.0,mid
YFL034C-A,0.70261955,0.38185766,1.0,mid
YFL034C-B,0.7919415,0.24557772,0.0,mid
YFL034W,0.79276097,0.19001612,1.0,mid
YFL036W,0.5824908,0.31754294,1.0,mid
YFL037W,0.9003279,0.17031008,0.0,high_c
YFL038C,0.81101,0.3210811,2.0,mid
YFL039C,0.87878186,0.25001118,3.0,mid
YFL040W,0.77513754,0.17252643,4.0,mid
YFL041W,0.7757374,0.4830351,11.0,mid
YFL041W-A,0.31245783,0.4284702,10.0,low_c
YFL042C,0.6432104,0.22520088,0.0,mid
YFL044C,0.68798035,0.32711682,4.0,mid
YFL045C,0.8514645,0.26991192,1.0,mid
YFL046W,0.76962084,0.19396257,0.0,mid
YFL047W,0.8244472,0.2644314,2.0,mid
YFL048C,0.8434583,0.28928432,3.0,mid
YFL049W,0.84507275,0.17780037,0.0,mid
YFL050C,0.7914117,0.37723494,2.0,mid
YFL051C,0.72146875,0.44415617,10.0,mid
YFL052W,0.8257241,0.6015008,25.0,mid
YFL053W,0.8905168,0.23136513,5.0,mid
YFL054C,0.870427,0.47941515,14.0,mid
YFL055W,0.78323513,0.3896166,7.0,mid
YFL058W,0.89554274,0.10419592,0.0,high_c
YFL059W,0.81622696,0.3366395,2.0,mid
YFL060C,0.59746164,0.3077184,1.0,mid
YFL061W,0.65966845,0.10283092,2.0,mid
YFL062W,0.71567637,0.10868028,0.0,mid
YFL063W,0.73546046,0.30073363,3.0,mid
YFL064C,0.5602445,0.5150195,18.0,mid
YFL065C,0.50636345,0.4382452,5.0,mid
YFL066C,0.7118165,0.43070877,9.0,mid
YFL067W,0.49062517,0.21422903,4.0,mid
YFL068W,0.52956694,0.0,0.0,mid
YFR001W,0.78540045,0.34790266,2.0,mid
YFR002W,0.7818012,0.23308484,0.0,mid
YFR003C,0.8278768,0.30491,1.0,mid
YFR004W,0.84899026,0.17069758,0.0,mid
YFR005C,0.6964382,0.23392881,0.0,mid
YFR006W,0.7451523,0.2198627,0.0,mid
YFR007W,0.6994544,0.24904269,0.0,mid
YFR008W,0.7757969,0.19401194,0.0,mid
YFR009W,0.6153586,0.15843837,0.0,mid
YFR009W-A,0.66390777,0.0,0.0,mid
YFR010W,0.85425943,0.15645346,1.0,mid
YFR010W-A,0.27781227,0.55361104,11.0,low_c
YFR011C,0.63414764,0.25378063,0.0,mid
YFR012W,0.62920326,0.41709834,8.0,mid
YFR012W-A,0.46615228,0.5472468,20.0,mid
YFR013W,0.75942266,0.18216859,1.0,mid
YFR014C,0.7075857,0.3229959,4.0,mid
YFR015C,0.874318,0.79630953,36.0,mid
YFR016C,0.75838697,0.17603028,0.0,mid
YFR017C,0.8125937,0.67378783,33.0,mid
YFR018C,0.40577462,0.26053867,2.0,mid
YFR019W,0.80387074,0.25322598,1.0,mid
YFR020W,0.677034,0.35581574,1.0,mid
YFR021W,0.7888828,0.20187983,0.0,mid
YFR022W,0.72183174,0.354468,4.0,mid
YFR023W,0.8325984,0.27438524,3.0,mid
YFR024C-A,0.8236929,0.31885758,6.0,mid
YFR025C,0.8208807,0.31358698,1.0,mid
YFR026C,0.4887991,0.36097378,3.0,mid
YFR027W,0.7239805,0.26646477,0.0,mid
YFR028C,0.851661,0.23212919,1.0,mid
YFR029W,0.8262038,0.2530474,1.0,mid
YFR030W,0.7591171,0.42453605,5.0,mid
YFR031C,0.71930504,0.2723635,0.0,mid
YFR031C-A,0.7364389,0.3822385,7.0,mid
YFR032C,0.83691615,0.3000089,3.0,mid
YFR032C-A,0.7775218,0.5673746,21.0,mid
YFR032C-B,0.34245408,0.4786497,12.0,low_c
YFR033C,0.81228316,0.31362253,3.0,mid
YFR034C,0.75051886,0.27264678,0.0,mid
YFR034W-A,0.40465215,0.37898263,5.0,mid
YFR035C,0.33545437,0.65598136,19.0,low_c
YFR036W,0.81930745,0.20702198,0.0,mid
YFR036W-A,0.28938577,0.44794604,7.0,low_c
YFR037C,0.8501909,0.17400505,0.0,mid
YFR038W,0.53657436,0.17717388,0.0,mid
YFR039C,0.7171786,0.21007854,0.0,mid
YFR040W,0.4418009,0.31987593,0.0,mid
YFR041C,0.7431607,0.2725281,2.0,mid
YFR042W,0.63334423,0.2840566,5.0,mid
YFR043C,0.7779919,0.16014494,0.0,mid
YFR044C,0.7214443,0.26733604,5.0,mid
YFR045W,0.71677876,0.2727844,0.0,mid
YFR046C,0.7176407,0.17883942,0.0,mid
YFR047C,0.8123871,0.21557112,0.0,mid
YFR048W,0.4985529,0.2768803,0.0,mid
YFR049W,0.6311705,0.40523842,3.0,mid
YFR050C,0.8925124,0.19052383,0.0,high_c
YFR051C,0.9335302,0.2615587,2.0,high_c
YFR052C-A,0.7068635,0.1343359,4.0,mid
YFR052W,0.7563664,0.25274333,0.0,mid
YFR053C,0.82242626,1.1362863,64.0,mid
YFR054C,0.56733733,0.3466344,1.0,mid
YFR055W,0.6846114,0.5541108,19.0,mid
YFR056C,0.4371301,0.29230574,5.0,mid
YFR057W,0.44161642,0.023647841,0.0,mid
YGL001C,0.7630465,0.21272123,1.0,mid
YGL002W,0.769185,0.20094359,0.0,mid
YGL003C,0.82698196,0.25601998,0.0,mid
YGL004C,0.8072397,0.1718079,0.0,mid
YGL005C,0.7328131,0.22635397,0.0,mid
YGL006W,0.7429898,0.3042755,1.0,mid
YGL006W-A,0.50891536,0.46826535,12.0,mid
YGL007C-A,0.10522364,0.5028077,12.0,low_c
YGL007W,0.39300984,0.3379032,5.0,mid
YGL008C,0.82472706,0.31868318,5.0,mid
YGL009C,0.89375794,0.99085426,49.0,high_c
YGL010W,0.60614806,0.41112438,10.0,mid
YGL011C,0.9252746,0.18510407,1.0,high_c
YGL012W,0.84724736,0.3261103,3.0,mid
YGL013C,0.67254263,0.27237636,0.0,mid
YGL014C-A,0.29412726,0.61257523,11.0,low_c
YGL014W,0.5018789,0.33419058,0.0,mid
YGL015C,0.7482926,0.3694915,4.0,mid
YGL016W,0.6592196,0.26290634,1.0,mid
YGL017W,0.74611396,0.1540558,0.0,mid
YGL018C,0.6256929,0.16189978,0.0,mid
YGL019W,0.4891181,0.22293453,0.0,mid
YGL020C,0.7737351,0.14313368,0.0,mid
YGL021W,0.7475755,0.28573406,4.0,mid
YGL022W,0.6908075,0.19167186,2.0,mid
YGL023C,0.7565688,0.19847284,0.0,mid
YGL024W,0.22512706,0.54475605,14.0,low_c
YGL025C,0.6017633,0.19987835,0.0,mid
YGL026C,0.8272115,0.40825614,13.0,mid
YGL027C,0.75518143,0.14431638,1.0,mid
YGL028C,0.812851,0.59257084,17.0,mid
YGL029W,0.85378164,0.5371029,23.0,mid
YGL030W,0.7167344,0.44476312,12.0,mid
YGL031C,0.7509998,0.45825452,14.0,mid
YGL032C,0.8588239,0.5747541,16.0,mid
YGL033W,0.6860529,0.3115426,5.0,mid
YGL034C,0.598376,0.44419765,8.0,mid
YGL035C,0.8622859,0.3029947,0.0,mid
YGL036W,0.8151649,0.3096213,3.0,mid
YGL037C,0.83437014,0.59458643,24.0,mid
YGL038C,0.8263454,0.28160983,0.0,mid
YGL039W,0.763688,0.46914902,12.0,mid
YGL040C,0.84239364,0.20072205,4.0,mid
YGL041C,0.2512095,0.42936826,7.0,low_c
YGL041C-B,0.1511544,0.4697114,7.0,low_c
YGL041W-A,0.7249415,0.19587737,0.0,mid
YGL042C,0.11379912,0.45091504,6.0,low_c
YGL043W,0.8212634,0.1616145,1.0,mid
YGL044C,0.71295846,0.1763949,0.0,mid
YGL045W,0.8128315,0.3118282,4.0,mid
YGL047W,0.749703,0.2931912,1.0,mid
YGL048C,0.86541027,0.21897769,0.0,mid
YGL049C,0.71712375,0.21614204,0.0,mid
YGL050W,0.8118528,0.19248746,0.0,mid
YGL051W,0.6350084,0.29048455,5.0,mid
YGL052W,0.48802358,0.4987368,13.0,mid
YGL053W,0.73169,0.3050301,8.0,mid
YGL054C,0.8099927,0.27725875,0.0,mid
YGL055W,0.9139438,0.64751107,24.0,high_c
YGL056C,0.92642933,0.3027755,1.0,high_c
YGL057C,0.64501286,0.26447073,0.0,mid
YGL058W,0.80339926,0.18754165,0.0,mid
YGL059W,0.7725159,0.41593146,11.0,mid
YGL060W,0.79519266,0.20797662,0.0,mid
YGL061C,0.88319916,0.200518,1.0,mid
YGL062W,0.8115032,0.5766784,25.0,mid
YGL063C-A,0.54289937,0.48264766,11.0,mid
YGL063W,0.8415896,0.19815841,1.0,mid
YGL064C,0.75492823,0.22554828,0.0,mid
YGL065C,0.7803575,0.19752447,0.0,mid
YGL066W,0.7371807,0.32625708,3.0,mid
YGL067W,0.82646394,0.17563191,0.0,mid
YGL068W,0.85385597,0.35690817,3.0,mid
YGL069C,0.2564075,0.42940602,7.0,low_c
YGL070C,0.6437518,0.24138775,0.0,mid
YGL071W,0.75146073,0.44787052,10.0,mid
YGL072C,0.34592944,0.7281326,34.0,low_c
YGL073W,0.7446728,0.25032473,1.0,mid
YGL074C,0.4971701,0.42852795,7.0,mid
YGL075C,0.8060095,0.30347362,2.0,mid
YGL076C,0.8488762,0.4562433,18.0,mid
YGL077C,0.80813324,0.35949618,4.0,mid
YGL078C,0.8395536,0.38548264,6.0,mid
YGL079W,0.8064422,0.160075,0.0,mid
YGL080W,0.8501631,0.26967114,0.0,mid
YGL081W,0.7952813,0.34559524,4.0,mid
YGL082W,0.88795346,0.2142957,0.0,mid
YGL083W,0.87471646,0.25416666,0.0,mid
YGL084C,0.7870082,0.27262893,2.0,mid
YGL085W,0.78220534,0.2030037,0.0,mid
YGL086W,0.5883432,0.21210009,1.0,mid
YGL087C,0.8308746,0.2838671,1.0,mid
YGL088W,0.17142573,0.14259857,0.0,low_c
YGL089C,0.8416113,1.0089209,53.0,mid
YGL090W,0.63583386,0.29360572,0.0,mid
YGL091C,0.7860948,0.29433218,0.0,mid
YGL092W,0.5530641,0.19235903,0.0,mid
YGL093W,0.7952542,0.25367498,0.0,mid
YGL094C,0.74438506,0.24949428,0.0,mid
YGL095C,0.683918,0.25918797,0.0,mid
YGL096W,0.83028156,0.5669588,26.0,mid
YGL097W,0.91319185,0.29142317,2.0,high_c
YGL098W,0.76039565,0.22261508,0.0,mid
YGL099W,0.7783828,0.25823665,1.0,mid
YGL100W,0.6960529,0.14314821,0.0,mid
YGL101W,0.80035186,0.24395399,0.0,mid
YGL102C,0.14841902,0.4756477,10.0,low_c
YGL103W,0.6241069,0.46300015,10.0,mid
YGL104C,0.767081,0.38030997,5.0,mid
YGL105W,0.8412469,0.1456889,1.0,mid
YGL106W,0.81399125,0.20956565,1.0,mid
YGL107C,0.7723765,0.29565316,1.0,mid
YGL108C,0.7041974,0.25711122,0.0,mid
YGL109W,0.15548782,0.4498914,8.0,low_c
YGL110C,0.6971958,0.16543892,0.0,mid
YGL111W,0.8232075,0.2976925,4.0,mid
YGL112C,0.8041498,0.17145574,0.0,mid
YGL113W,0.825732,0.29102463,0.0,mid
YGL114W,0.8068892,0.44297144,21.0,mid
YGL115W,0.8047769,0.17205396,2.0,mid
YGL116W,0.8188635,0.29514867,0.0,mid
YGL117W,0.86588156,0.69484,30.0,mid
YGL118C,0.33151162,0.461386,8.0,low_c
YGL119W,0.84678525,0.1854656,0.0,mid
YGL120C,0.7938732,0.27054274,1.0,mid
YGL121C,0.64454645,0.84793377,37.0,mid
YGL122C,0.87514997,0.20788525,0.0,mid
YGL123C-A,0.3050741,0.60636985,15.0,low_c
YGL123W,0.9133443,0.3161243,6.0,high_c
YGL124C,0.8859739,0.24374445,0.0,mid
YGL125W,0.9000919,0.4849221,18.0,high_c
YGL126W,0.5691872,0.31920096,3.0,mid
YGL127C,0.79646105,0.28601584,5.0,mid
YGL128C,0.6947834,0.25106975,0.0,mid
YGL129C,0.89869374,0.17964685,0.0,high_c
YGL130W,0.8471342,0.12819877,0.0,mid
YGL131C,0.80682755,0.26171765,0.0,mid
YGL132W,0.548302,0.30805627,4.0,mid
YGL133W,0.75384974,0.20751734,0.0,mid
YGL134W,0.6938471,0.22356719,0.0,mid
YGL135W,0.82686687,0.47580707,20.0,mid
YGL136C,0.7653803,0.17815216,0.0,mid
YGL137W,0.8645162,0.14817125,0.0,mid
YGL138C,0.8359711,0.13619894,1.0,mid
YGL139W,0.6524883,0.2043612,0.0,mid
YGL140C,0.773575,0.20245701,0.0,mid
YGL141W,0.72780067,0.27088186,1.0,mid
YGL142C,0.767451,0.2318878,0.0,mid
YGL143C,0.8039921,0.29033503,0.0,mid
YGL144C,0.65996116,0.37058493,1.0,mid
YGL145W,0.753325,0.21796328,1.0,mid
YGL146C,0.65193576,0.45981598,6.0,mid
YGL147C,0.8233307,0.49755853,18.0,mid
YGL148W,0.8749006,0.22918397,0.0,mid
YGL149W,0.2896603,0.4192362,7.0,low_c
YGL150C,0.6077572,0.2488174,0.0,mid
YGL151W,0.8069711,0.1661558,0.0,mid
YGL152C,0.21138898,0.38654098,4.0,low_c
YGL153W,0.6314734,0.16239597,0.0,mid
YGL154C,0.61848754,0.24767458,0.0,mid
YGL155W,0.74215895,0.18784708,0.0,mid
YGL156W,0.68959653,0.6500315,29.0,mid
YGL157W,0.81751263,0.4283253,14.0,mid
YGL158W,0.8790691,0.3943215,7.0,mid
YGL159W,0.78400093,0.25728405,0.0,mid
YGL160W,0.720211,0.23338903,0.0,mid
YGL161C,0.8258939,0.1962854,1.0,mid
YGL162W,0.7813909,0.45800292,14.0,mid
YGL163C,0.75920576,0.23891997,3.0,mid
YGL164C,0.6915792,0.23211533,0.0,mid
YGL165C,0.34448862,0.37577075,6.0,low_c
YGL166W,0.7122746,0.22208272,0.0,mid
YGL167C,0.63904536,0.23309179,0.0,mid
YGL168W,0.42652452,0.4272242,6.0,mid
YGL169W,0.75923806,0.31155568,2.0,mid
YGL170C,0.8660144,0.22184609,5.0,mid
YGL171W,0.7200799,0.44744235,9.0,mid
YGL172W,0.85571516,0.16742328,1.0,mid
YGL173C,0.76135236,0.18812886,1.0,mid
YGL174W,0.7991631,0.21524812,0.0,mid
YGL175C,0.7336978,0.3650984,2.0,mid
YGL176C,0.81591624,0.27692837,0.0,mid
YGL177W,0.34204653,0.48507905,13.0,low_c
YGL178W,0.45556095,0.46239933,11.0,mid
YGL179C,0.7338766,0.34201798,3.0,mid
YGL180W,0.745685,0.40076017,7.0,mid
YGL181W,0.86964285,0.27731046,1.0,mid
YGL182C,0.59976876,0.3881649,9.0,mid
YGL183C,0.8662839,0.2456917,1.0,mid
YGL184C,0.78929585,0.8071457,40.0,mid
YGL185C,0.62592614,0.23727103,0.0,mid
YGL186C,0.5575138,0.22725356,0.0,mid
YGL187C,0.7854405,0.35773998,2.0,mid
YGL188C,0.30346346,0.6272422,25.0,low_c
YGL188C-A,0.65653604,0.46646515,10.0,mid
YGL189C,0.68710995,0.37996134,9.0,mid
YGL190C,0.76254845,0.27796793,0.0,mid
YGL191W,0.82358724,0.26930615,2.0,mid
YGL192W,0.686191,0.22747727,5.0,mid
YGL193C,0.5272591,0.0,0.0,mid
YGL194C,0.80854523,0.20018151,1.0,mid
YGL194C-A,0.7338275,0.4291939,10.0,mid
YGL195W,0.794684,0.2313191,1.0,mid
YGL196W,0.8006217,0.1880977,1.0,mid
YGL197W,0.7481839,0.2999455,0.0,mid
YGL198W,0.6691342,0.20203069,0.0,mid
YGL199C,0.4209186,0.3407392,5.0,mid
YGL200C,0.9196541,0.28110582,0.0,high_c
YGL201C,0.7311598,0.17333923,0.0,mid
YGL202W,0.91132647,0.33044246,8.0,high_c
YGL203C,0.84291935,0.15167132,0.0,mid
YGL204C,0.72580165,0.4174333,7.0,mid
YGL205W,0.80013585,0.42813757,15.0,mid
YGL206C,0.8552272,0.20622484,0.0,mid
YGL207W,0.6999481,0.16945812,0.0,mid
YGL208W,0.7415248,0.30933797,5.0,mid
YGL209W,0.88848907,0.3988534,4.0,mid
YGL210W,0.77565426,0.15761216,1.0,mid
YGL211W,0.7080019,0.30059373,0.0,mid
YGL212W,0.77754706,0.20150371,0.0,mid
YGL213C,0.80006444,0.15747645,0.0,mid
YGL214W,0.4986511,0.39916104,5.0,mid
YGL215W,0.7085143,0.36869395,2.0,mid
YGL216W,0.6820315,0.25387603,2.0,mid
YGL217C,0.34121314,0.41148695,5.0,low_c
YGL218W,0.3189196,0.32587966,6.0,low_c
YGL219C,0.7910941,0.27626082,1.0,mid
YGL220W,0.36309692,0.34147567,1.0,mid
YGL221C,0.85953766,0.19956651,0.0,mid
YGL222C,0.86930627,0.27099964,1.0,mid
YGL223C,0.80294853,0.27928007,2.0,mid
YGL224C,0.7393696,0.40642205,17.0,mid
YGL225W,0.8094655,0.2459457,0.0,mid
YGL226C-A,0.7293067,0.2675788,1.0,mid
YGL226W,0.74599624,0.35426345,1.0,mid
YGL227W,0.7618019,0.2998912,2.0,mid
YGL228W,0.8681647,0.19712436,0.0,mid
YGL229C,0.5544394,0.36123544,6.0,mid
YGL230C,0.7541872,0.30027452,4.0,mid
YGL231C,0.795673,0.22181144,0.0,mid
YGL232W,0.5642784,0.15332462,0.0,mid
YGL233W,0.7359963,0.27997357,0.0,mid
YGL234W,0.87466425,0.25566968,3.0,mid
YGL235W,0.3237079,0.39055875,4.0,low_c
YGL236C,0.6611396,0.32144076,0.0,mid
YGL237C,0.5725496,0.22506541,0.0,mid
YGL238W,0.58388615,0.26133642,1.0,mid
YGL239C,0.36102077,0.3188262,5.0,mid
YGL240W,0.6024127,0.28385425,1.0,mid
YGL241W,0.62032187,0.16351642,0.0,mid
YGL242C,0.77264744,0.27524143,0.0,mid
YGL243W,0.4320287,0.23144256,0.0,mid
YGL244W,0.88343096,0.2516212,1.0,mid
YGL245W,0.7374873,0.176446,0.0,mid
YGL246C,0.645591,0.19892626,0.0,mid
YGL247W,0.7423508,0.2564271,2.0,mid
YGL248W,0.72101325,0.28391483,3.0,mid
YGL249W,0.6746723,0.24135046,1.0,mid
YGL250W,0.7100344,0.26752073,2.0,mid
YGL251C,0.8399968,0.29896438,1.0,mid
YGL252C,0.8496395,0.14737202,0.0,mid
YGL253W,0.9403462,0.33225846,2.0,high_c
YGL254W,0.62344044,0.275614,2.0,mid
YGL255W,0.9039019,0.68368644,35.0,high_c
YGL256W,0.792368,0.79018015,31.0,mid
YGL257C,0.7066331,0.24446023,0.0,mid
YGL258W,0.7475514,0.8232501,30.0,mid
YGL258W-A,0.7198759,0.4904652,9.0,mid
YGL259W,0.74722636,0.4108595,10.0,mid
YGL260W,0.57939607,0.0154786715,0.0,mid
YGL261C,0.89790076,0.4193879,8.0,high_c
YGL262W,0.61210144,0.35362914,4.0,mid
YGL263W,0.62039906,0.5644665,18.0,mid
YGR001C,0.842718,0.19550784,0.0,mid
YGR002C,0.81581694,0.25226134,0.0,mid
YGR003W,0.6796055,0.24760844,0.0,mid
YGR004W,0.78634953,0.1618371,1.0,mid
YGR005C,0.794445,0.15327692,0.0,mid
YGR006W,0.65012354,0.24596417,0.0,mid
YGR007W,0.7743407,0.16843484,1.0,mid
YGR008C,0.73840255,0.9058809,40.0,mid
YGR009C,0.917388,0.16271813,0.0,high_c
YGR010W,0.85087085,0.44060796,13.0,mid
YGR011W,0.46562526,0.53680646,23.0,mid
YGR012W,0.73322666,0.1870136,1.0,mid
YGR013W,0.8459107,0.16221346,0.0,mid
YGR014W,0.79020727,0.33103204,2.0,mid
YGR015C,0.4379158,0.21503025,0.0,mid
YGR016W,0.6382452,0.21957056,0.0,mid
YGR017W,0.77516025,0.14736311,0.0,mid
YGR018C,0.2623897,0.42539603,7.0,low_c
YGR019W,0.8598841,0.29959157,5.0,mid
YGR020C,0.8566743,0.31028283,4.0,mid
YGR021W,0.6396113,0.23963207,0.0,mid
YGR022C,0.376669,0.39281207,6.0,mid
YGR023W,0.8286901,0.53544134,19.0,mid
YGR024C,0.80162704,0.20494476,0.0,mid
YGR025W,0.38480517,0.48385102,13.0,mid
YGR026W,0.7696778,0.25131986,2.0,mid
YGR027C,0.72743964,0.38995016,7.0,mid
YGR028W,0.6387189,0.34643388,3.0,mid
YGR029W,0.8171107,0.24342075,0.0,mid
YGR030C,0.70277697,0.31279424,2.0,mid
YGR031C-A,0.20205177,0.39864296,5.0,low_c
YGR031W,0.75723004,0.22459325,1.0,mid
YGR032W,0.56978136,0.5331389,19.0,mid
YGR033C,0.80772775,0.1670878,0.0,mid
YGR034W,0.8461728,0.34033325,7.0,mid
YGR035C,0.78517544,0.6746709,29.0,mid
YGR035W-A,0.30672145,0.36301607,9.0,low_c
YGR036C,0.7740167,0.3165661,3.0,mid
YGR037C,0.8582812,0.33471352,4.0,mid
YGR038W,0.7416463,0.1624236,0.0,mid
YGR039W,0.42394572,0.38028663,3.0,mid
YGR040W,0.78482836,0.3811773,7.0,mid
YGR041W,0.8094078,0.37623608,7.0,mid
YGR042W,0.7883473,0.20014946,0.0,mid
YGR043C,0.70618975,0.5385182,18.0,mid
YGR044C,0.74948376,0.2868474,4.0,mid
YGR045C,0.43794835,0.32135424,6.0,mid
YGR046W,0.8225106,0.34454033,2.0,mid
YGR047C,0.47289965,0.20705076,0.0,mid
YGR048W,0.80230546,0.17648259,0.0,mid
YGR049W,0.8285446,0.22751597,1.0,mid
YGR050C,0.7166138,0.44226757,5.0,mid
YGR051C,0.5383116,0.51135206,13.0,mid
YGR052W,0.76159924,0.8109708,35.0,mid
YGR053C,0.78657407,0.24400905,0.0,mid
YGR054W,0.88953227,0.25348872,0.0,mid
YGR055W,0.8394411,0.3505902,6.0,mid
YGR056W,0.87968475,0.32460126,1.0,mid
YGR057C,0.7739508,0.33214703,2.0,mid
YGR058W,0.77348155,0.21228401,0.0,mid
YGR059W,0.90719783,0.34816056,6.0,high_c
YGR060W,0.80452734,0.4266535,7.0,mid
YGR061C,0.80696523,0.26540837,0.0,mid
YGR062C,0.7329278,0.26728982,0.0,mid
YGR063C,0.7037922,0.38779178,1.0,mid
YGR064W,0.4535591,0.4741478,8.0,mid
YGR065C,0.8013158,0.62607163,23.0,mid
YGR066C,0.6970589,0.40146196,7.0,mid
YGR067C,0.64984214,0.32825324,3.0,mid
YGR068C,0.7915645,0.27807677,1.0,mid
YGR068W-A,0.4896161,0.6074415,26.0,mid
YGR069W,0.32243568,0.49289814,9.0,low_c
YGR070W,0.6442357,0.5269626,17.0,mid
YGR071C,0.7105224,0.28528392,0.0,mid
YGR072W,0.5866974,0.32184833,6.0,mid
YGR073C,0.3796065,0.44454065,7.0,mid
YGR074W,0.85432017,0.28615934,3.0,mid
YGR075C,0.694524,0.34789726,5.0,mid
YGR076C,0.7776233,0.3019172,0.0,mid
YGR077C,0.7768336,0.28016883,0.0,mid
YGR078C,0.86818945,0.22708325,0.0,mid
YGR079W,0.31477314,0.46555847,17.0,low_c
YGR080W,0.80083084,0.20249784,1.0,mid
YGR081C,0.67683476,0.30216074,3.0,mid
YGR082W,0.8916326,0.16522309,1.0,high_c
YGR083C,0.7003799,0.2133382,1.0,mid
YGR084C,0.7026537,0.16516072,1.0,mid
YGR085C,0.8792874,0.43111086,14.0,mid
YGR086C,0.8838294,0.27183458,0.0,mid
YGR087C,0.93715066,0.25263944,3.0,high_c
YGR088W,0.908649,1.1073781,43.0,high_c
YGR089W,0.85061926,0.36478493,2.0,mid
YGR090W,0.617684,0.26065823,0.0,mid
YGR091W,0.8245046,0.19157284,0.0,mid
YGR092W,0.79639405,0.20062986,0.0,mid
YGR093W,0.7686562,0.24308859,0.0,mid
YGR094W,0.644958,0.29838827,0.0,mid
YGR095C,0.8564282,0.2154631,0.0,mid
YGR096W,0.6792116,0.19933045,0.0,mid
YGR097W,0.74105674,0.369106,10.0,mid
YGR098C,0.7720085,0.24647437,0.0,mid
YGR099W,0.76645976,0.31741804,0.0,mid
YGR100W,0.7613822,0.20044601,0.0,mid
YGR101W,0.77708817,0.23669074,0.0,mid
YGR102C,0.7214671,0.1374685,0.0,mid
YGR103W,0.8600353,0.47528988,14.0,mid
YGR104C,0.85532624,0.16460972,0.0,mid
YGR105W,0.63108075,0.32823727,3.0,mid
YGR106C,0.57563376,0.26698565,0.0,mid
YGR107W,0.43226576,0.33804014,3.0,mid
YGR108W,0.79652655,0.3706492,7.0,mid
YGR109C,0.8574645,0.44601646,11.0,mid
YGR110W,0.6695237,0.55126816,28.0,mid
YGR111W,0.60111433,0.27407286,0.0,mid
YGR112W,0.80261475,0.24115773,0.0,mid
YGR113W,0.8647043,0.19970684,0.0,mid
YGR114C,0.42829788,0.0147491535,0.0,mid
YGR115C,0.5408631,0.24015732,5.0,mid
YGR116W,0.40656388,0.18884355,4.0,mid
YGR117C,0.8532794,0.2167399,0.0,mid
YGR118W,0.6894067,0.34296846,7.0,mid
YGR119C,0.7868987,0.16495575,1.0,mid
YGR120C,0.6035944,0.20023008,0.0,mid
YGR121C,0.69596016,0.58700174,15.0,mid
YGR121W-A,0.48606935,0.46646228,14.0,mid
YGR122C-A,0.6499278,0.4301723,9.0,mid
YGR122W,0.6881974,0.18371779,0.0,mid
YGR123C,0.8333333,0.2511034,1.0,mid
YGR124W,0.8839165,0.21131074,0.0,mid
YGR125W,0.53527415,0.1975475,0.0,mid
YGR126W,0.84109676,0.37617555,4.0,mid
YGR127W,0.717604,0.3540021,1.0,mid
YGR128C,0.7971062,0.3818866,2.0,mid
YGR129W,0.64096254,0.21742171,0.0,mid
YGR130C,0.84817666,0.27571854,1.0,mid
YGR131W,0.62754464,0.31000543,1.0,mid
YGR132C,0.8681303,0.3070213,1.0,mid
YGR133W,0.7401506,0.19845058,1.0,mid
YGR134W,0.7003053,0.284521,3.0,mid
YGR135W,0.80583346,0.24508817,1.0,mid
YGR136W,0.7565223,0.228971,0.0,mid
YGR137W,0.5986667,0.41578832,8.0,mid
YGR138C,0.6495985,0.90194845,47.0,mid
YGR139W,0.36227462,0.5446097,14.0,mid
YGR140W,0.6378646,0.32076606,1.0,mid
YGR141W,0.8600421,0.2935065,1.0,mid
YGR142W,0.66007364,0.913092,52.0,mid
YGR143W,0.66418916,0.39267853,7.0,mid
YGR144W,0.8607803,0.4577529,10.0,mid
YGR145W,0.8394551,0.43906537,10.0,mid
YGR146C,0.70199645,0.4636261,5.0,mid
YGR146C-A,0.45562172,0.37740448,6.0,mid
YGR147C,0.8312258,0.26685748,1.0,mid
YGR148C,0.84136426,0.32422203,4.0,mid
YGR149W,0.8236999,0.43789643,16.0,mid
YGR150C,0.79985124,0.23871773,0.0,mid
YGR151C,0.693612,0.0115817,0.0,mid
YGR152C,0.6737413,0.2961289,6.0,mid
YGR153W,0.85510194,0.40384182,10.0,mid
YGR154C,0.77261746,0.30383113,5.0,mid
YGR155W,0.9252027,0.21045129,2.0,high_c
YGR156W,0.77468306,0.2059407,0.0,mid
YGR157W,0.7282057,0.29494035,4.0,mid
YGR158C,0.7765132,0.2988093,3.0,mid
YGR159C,0.81364393,0.49977726,18.0,mid
YGR160W,0.337159,0.33517283,5.0,low_c
YGR161C,0.7980446,0.28874394,2.0,mid
YGR161W-C,0.7825077,0.2912211,2.0,mid
YGR162W,0.8300466,0.25538376,1.0,mid
YGR163W,0.82454634,0.19435315,0.0,mid
YGR164W,0.2425393,0.21244049,4.0,low_c
YGR165W,0.796611,0.21002509,0.0,mid
YGR166W,0.75948465,0.27915648,0.0,mid
YGR167W,0.7971522,0.30764717,1.0,mid
YGR168C,0.6601643,0.27274254,1.0,mid
YGR169C,0.78423226,0.15433526,0.0,mid
YGR169C-A,0.56368566,0.3529806,2.0,mid
YGR170W,0.62040985,0.2744261,0.0,mid
YGR171C,0.7639302,0.23738593,0.0,mid
YGR172C,0.6492071,0.18916182,1.0,mid
YGR173W,0.82291794,0.29682702,1.0,mid
YGR174C,0.8504913,0.43450177,9.0,mid
YGR174W-A,0.57982343,0.7019395,30.0,mid
YGR175C,0.92918545,0.22439685,0.0,high_c
YGR176W,0.31101263,0.3790399,7.0,low_c
YGR177C,0.7865126,0.3895972,7.0,mid
YGR178C,0.8051135,0.15788573,0.0,mid
YGR179C,0.79986125,0.19845338,0.0,mid
YGR180C,0.91681623,0.38079554,11.0,high_c
YGR181W,0.8415335,0.34222087,4.0,mid
YGR182C,0.5381121,0.38538605,5.0,mid
YGR183C,0.71003354,0.3896486,10.0,mid
YGR184C,0.77171594,0.24252433,0.0,mid
YGR185C,0.8665188,0.18356921,1.0,mid
YGR186W,0.7035521,0.16123569,1.0,mid
YGR187C,0.7668106,0.42912847,7.0,mid
YGR188C,0.60441846,0.31778672,4.0,mid
YGR189C,0.8597426,0.24721293,7.0,mid
YGR190C,0.42191947,0.4364561,7.0,mid
YGR191W,0.9019529,0.24221289,0.0,high_c
YGR192C,0.852933,0.3387908,6.0,mid
YGR193C,0.8757521,0.16443254,0.0,mid
YGR194C,0.66425455,0.3534727,9.0,mid
YGR195W,0.8033734,0.25959492,0.0,mid
YGR196C,0.73677003,0.21735252,0.0,mid
YGR197C,0.6856372,0.3847821,9.0,mid
YGR198W,0.7543163,0.24349497,0.0,mid
YGR199W,0.7903143,0.25976354,1.0,mid
YGR200C,0.78438306,0.25588828,1.0,mid
YGR201C,0.753232,0.22837628,2.0,mid
YGR202C,0.78869885,0.18868525,0.0,mid
YGR203W,0.4422008,0.26747578,1.0,mid
YGR204C-A,0.29320908,0.6494068,21.0,low_c
YGR204W,0.9378409,0.27322802,0.0,high_c
YGR205W,0.7955362,0.3209842,5.0,mid
YGR206W,0.75583535,0.31380627,1.0,mid
YGR207C,0.85264087,0.16166848,0.0,mid
YGR208W,0.7858004,0.19672611,0.0,mid
YGR209C,0.8583896,0.9130846,50.0,mid
YGR210C,0.8310765,0.2404836,0.0,mid
YGR211W,0.90583587,0.34899503,1.0,high_c
YGR212W,0.72571015,0.24026227,0.0,mid
YGR213C,0.66923,0.39262053,7.0,mid
YGR214W,0.91149014,0.3683358,4.0,high_c
YGR215W,0.83591926,0.42953506,9.0,mid
YGR216C,0.79029256,0.3600912,4.0,mid
YGR217W,0.8077207,0.22731893,0.0,mid
YGR218W,0.6163999,0.21164377,1.0,mid
YGR219W,0.340265,0.28422338,5.0,low_c
YGR220C,0.87361985,0.27535987,0.0,mid
YGR221C,0.8513806,0.3300977,4.0,mid
YGR222W,0.78086007,0.2680508,0.0,mid
YGR223C,0.80966157,0.22444634,1.0,mid
YGR224W,0.7994314,0.21378283,4.0,mid
YGR225W,0.8451612,0.3362862,5.0,mid
YGR226C,0.6707067,0.14202252,4.0,mid
YGR227W,0.70726174,0.33216488,1.0,mid
YGR228W,0.52704394,0.4682324,8.0,mid
YGR229C,0.8869482,0.18262054,0.0,mid
YGR230W,0.8373954,0.22415031,1.0,mid
YGR231C,0.8573871,0.2228913,1.0,mid
YGR232W,0.8435046,0.30377877,1.0,mid
YGR233C,0.75278115,0.3389655,4.0,mid
YGR234W,0.96461874,0.47304305,11.0,high_c
YGR235C,0.8382317,0.18295367,1.0,mid
YGR236C,0.6693043,0.44474176,13.0,mid
YGR237C,0.8315899,0.29224733,0.0,mid
YGR238C,0.7746575,0.22962177,3.0,mid
YGR239C,0.7968148,0.40345785,3.0,mid
YGR240C,0.8418737,0.26610583,0.0,mid
YGR240C-A,0.48496032,0.42310962,7.0,mid
YGR241C,0.8905315,0.21024606,0.0,mid
YGR242W,0.47392473,0.32884103,5.0,mid
YGR243W,0.78020924,0.56848466,20.0,mid
YGR244C,0.89031607,0.445429,13.0,mid
YGR245C,0.7457975,0.39403048,7.0,mid
YGR246C,0.80110276,0.1535006,0.0,mid
YGR247W,0.8012975,0.32855925,2.0,mid
YGR248W,0.6003667,0.98729575,49.0,mid
YGR249W,0.72430295,0.5343994,11.0,mid
YGR250C,0.7350332,0.5227109,24.0,mid
YGR251W,0.806933,0.23544137,0.0,mid
YGR252W,0.8937776,0.3023907,1.0,high_c
YGR253C,0.84678555,0.18584284,1.0,mid
YGR254W,0.921509,0.70614845,29.0,high_c
YGR255C,0.8712364,0.27578348,4.0,mid
YGR256W,0.91351944,0.5144283,17.0,high_c
YGR257C,0.6979019,0.2497883,1.0,mid
YGR258C,0.7215702,0.27263355,0.0,mid
YGR259C,0.48301566,0.4758369,8.0,mid
YGR260W,0.8768452,0.23848225,3.0,mid
YGR261C,0.7743589,0.19925007,0.0,mid
YGR262C,0.8674383,0.25136942,0.0,mid
YGR263C,0.68836117,0.14867057,0.0,mid
YGR264C,0.8887192,0.2962286,1.0,mid
YGR265W,0.5415543,0.29032335,5.0,mid
YGR266W,0.90964955,0.19951774,1.0,high_c
YGR267C,0.8576046,0.18433307,0.0,mid
YGR268C,0.8207214,0.24080618,0.0,mid
YGR269W,0.37625277,0.42358956,7.0,mid
YGR270C-A,0.38888678,0.5001491,11.0,mid
YGR270W,0.7876196,0.22757326,0.0,mid
YGR271C-A,0.79273623,0.37142766,7.0,mid
YGR271W,0.71805686,0.22624631,0.0,mid
YGR273C,0.6495424,0.20858109,5.0,mid
YGR274C,0.56631833,0.18470997,0.0,mid
YGR275W,0.6160003,0.27627724,0.0,mid
YGR276C,0.8491089,0.19166838,0.0,mid
YGR277C,0.762898,0.15326618,0.0,mid
YGR278W,0.73532116,0.22724572,0.0,mid
YGR279C,0.8789419,0.27749974,0.0,mid
YGR280C,0.7542814,0.52268803,22.0,mid
YGR281W,0.8349092,0.27758536,0.0,mid
YGR282C,0.8631463,0.24755278,3.0,mid
YGR283C,0.77522236,0.42202398,6.0,mid
YGR284C,0.77976745,0.27336717,1.0,mid
YGR285C,0.92416424,0.20998196,0.0,high_c
YGR286C,0.7777386,0.6448042,18.0,mid
YGR287C,0.9166291,0.27404147,2.0,high_c
YGR288W,0.75081193,0.4080148,6.0,mid
YGR289C,0.69890964,0.47265092,11.0,mid
YGR290W,0.59705055,0.10921484,4.0,mid
YGR291C,0.44728178,0.17571373,5.0,mid
YGR292W,0.9425666,0.26374683,3.0,high_c
YGR293C,0.4913745,0.07844111,4.0,mid
YGR294W,0.7831964,0.47610414,10.0,mid
YGR295C,0.8176132,0.2010253,0.0,mid
YGR296C-A,0.49475485,0.0,0.0,mid
YGR296C-B,0.5565567,0.0,0.0,mid
YGR296W,0.7651252,0.00069636304,0.0,mid
YHL001W,0.78151536,0.28595534,3.0,mid
YHL002C-A,0.18568122,0.38034865,6.0,low_c
YHL002W,0.8308371,0.21557352,1.0,mid
YHL003C,0.62313277,0.2835068,1.0,mid
YHL004W,0.7778376,0.18318929,0.0,mid
YHL005C,0.4688045,0.43256783,5.0,mid
YHL006C,0.5643917,0.29484293,2.0,mid
YHL006W-A,0.48826763,0.46684012,6.0,mid
YHL007C,0.8735242,0.28639087,0.0,mid
YHL008C,0.77460486,0.31955096,0.0,mid
YHL009C,0.6553887,0.13616727,0.0,mid
YHL010C,0.8497181,0.24863201,0.0,mid
YHL011C,0.89797944,0.26652497,2.0,high_c
YHL012W,0.85967535,0.30022684,4.0,mid
YHL013C,0.75285774,0.29225886,1.0,mid
YHL014C,0.64358974,0.17985567,1.0,mid
YHL015W,0.7716137,0.37740117,5.0,mid
YHL015W-A,0.50177217,0.6409942,16.0,mid
YHL016C,0.692084,0.42570788,9.0,mid
YHL017W,0.6858196,0.17503348,0.0,mid
YHL018W,0.6140326,0.31988782,4.0,mid
YHL019C,0.64468443,0.18014628,0.0,mid
YHL019W-A,0.21318217,0.491769,11.0,low_c
YHL020C,0.6703866,0.26128396,2.0,mid
YHL021C,0.71393555,0.8041241,37.0,mid
YHL022C,0.7898792,0.4485411,11.0,mid
YHL023C,0.7787486,0.2412469,0.0,mid
YHL024W,0.7679997,0.5908798,23.0,mid
YHL025W,0.8344156,0.1927018,1.0,mid
YHL026C,0.7971137,0.25250387,0.0,mid
YHL027W,0.70711553,0.2447756,1.0,mid
YHL028W,0.84277415,0.5146107,19.0,mid
YHL029C,0.7535447,0.4050444,3.0,mid
YHL030W,0.739916,0.3033589,1.0,mid
YHL030W-A,0.38292208,0.3882331,4.0,mid
YHL031C,0.77651113,0.17755385,0.0,mid
YHL032C,0.69662434,0.2723683,2.0,mid
YHL033C,0.8470402,0.31889576,6.0,mid
YHL034C,0.71404743,0.18997659,0.0,mid
YHL034W-A,0.1964353,0.5656728,11.0,low_c
YHL035C,0.8119242,0.9334672,46.0,mid
YHL036W,0.668564,0.6072553,26.0,mid
YHL037C,0.39005953,0.34810743,7.0,mid
YHL038C,0.7203544,0.31048796,1.0,mid
YHL039W,0.8960482,0.30147636,2.0,high_c
YHL040C,0.84075415,1.4164634,71.0,mid
YHL041W,0.57443637,0.30804685,3.0,mid
YHL042W,0.42395663,0.26585498,1.0,mid
YHL043W,0.67783195,0.27791247,4.0,mid
YHL044W,0.7530585,0.28951094,2.0,mid
YHL045W,0.5008351,0.30844155,1.0,mid
YHL046C,0.8402683,0.45354402,10.0,mid
YHL046W-A,0.54639006,0.5207685,7.0,mid
YHL047C,0.8814704,1.6680537,70.0,mid
YHL048C-A,0.7116774,0.44883996,17.0,mid
YHL048W,0.80043536,0.29670227,5.0,mid
YHL049C,0.62397784,0.38096702,5.0,mid
YHL050C,0.6904018,0.42084786,8.0,mid
YHL050W-A,0.54118997,0.26800668,5.0,mid
YHR001W,0.9029269,0.16466893,0.0,high_c
YHR001W-A,0.78338706,0.55958194,20.0,mid
YHR002W,0.820735,0.2629158,1.0,mid
YHR003C,0.7458209,0.25185838,1.0,mid
YHR004C,0.77535504,0.2720607,1.0,mid
YHR005C,0.87089086,0.27123383,2.0,mid
YHR005C-A,0.7129,0.35593578,3.0,mid
YHR006W,0.7467241,0.27962115,2.0,mid
YHR007C,0.9153654,0.26786008,1.0,high_c
YHR007C-A,0.38385874,0.5856804,24.0,mid
YHR008C,0.91354185,0.68329537,32.0,high_c
YHR009C,0.8905228,0.25434262,0.0,mid
YHR010W,0.71381485,0.28214258,3.0,mid
YHR011W,0.74706835,0.2659595,0.0,mid
YHR012W,0.8801752,0.18293147,0.0,mid
YHR013C,0.92396396,0.18020056,0.0,high_c
YHR014W,0.837494,0.33170307,4.0,mid
YHR015W,0.7477052,0.3999577,8.0,mid
YHR016C,0.7095592,0.3850002,8.0,mid
YHR017W,0.74876046,0.22397408,0.0,mid
YHR018C,0.90427905,0.53998,24.0,high_c
YHR019C,0.87995994,0.23570901,0.0,mid
YHR020W,0.81677663,0.29085687,3.0,mid
YHR021C,0.7328405,0.4561936,9.0,mid
YHR021W-A,0.4559967,0.37980056,3.0,mid
YHR022C,0.6960196,0.8812848,38.0,mid
YHR022C-A,0.35297287,0.58356154,18.0,low_c
YHR023W,0.70047265,0.19109088,0.0,mid
YHR024C,0.8532001,0.19101836,0.0,mid
YHR025W,0.8878794,0.24781577,2.0,mid
YHR026W,0.7160889,0.28146252,4.0,mid
YHR027C,0.7670619,0.20810515,1.0,mid
YHR028C,0.7620031,0.24342896,0.0,mid
YHR028W-A,0.44493714,0.43798643,5.0,mid
YHR029C,0.831656,0.41500118,13.0,mid
YHR030C,0.81042814,0.28649098,0.0,mid
YHR031C,0.51075476,0.23895645,1.0,mid
YHR032C-A,0.46672848,0.53947437,10.0,mid
YHR032W,0.7918242,0.23198622,1.0,mid
YHR032W-A,0.45321122,0.3480128,7.0,mid
YHR033W,0.8557257,0.64008135,29.0,mid
YHR034C,0.85360545,0.1878875,0.0,mid
YHR035W,0.74211097,0.22820579,1.0,mid
YHR036W,0.72745645,0.23641834,0.0,mid
YHR037W,0.84579843,0.26997313,1.0,mid
YHR038W,0.8193931,0.24074489,0.0,mid
YHR039C,0.8470241,0.23681769,0.0,mid
YHR039C-A,0.83404857,0.31767455,2.0,mid
YHR040W,0.6092376,0.40500805,7.0,mid
YHR041C,0.60087746,0.24172609,0.0,mid
YHR042W,0.8591528,0.46569997,11.0,mid
YHR043C,0.80138487,0.3130594,5.0,mid
YHR044C,0.6762724,0.2866921,4.0,mid
YHR045W,0.8253414,0.2231632,0.0,mid
YHR046C,0.8327144,0.28812224,1.0,mid
YHR047C,0.74043584,0.3419414,2.0,mid
YHR048W,0.6576151,0.57084334,21.0,mid
YHR049C-A,0.31358418,0.5483761,13.0,low_c
YHR049W,0.76658124,0.2986288,2.0,mid
YHR050W,0.77932185,0.21848312,0.0,mid
YHR050W-A,0.41253984,0.68103135,22.0,mid
YHR051W,0.8510688,0.40491658,2.0,mid
YHR052W,0.750995,0.34713092,4.0,mid
YHR052W-A,0.62605095,0.0,0.0,mid
YHR053C,0.758286,0.6737281,23.0,mid
YHR054C,0.6903745,0.9282463,30.0,mid
YHR054W-A,0.6502633,0.0,0.0,mid
YHR055C,0.8057018,0.9391468,34.0,mid
YHR056C,0.75706965,0.21416293,1.0,mid
YHR056W-A,0.44120955,0.40398768,5.0,mid
YHR057C,0.79900193,0.14977166,0.0,mid
YHR058C,0.61349076,0.19916448,0.0,mid
YHR059W,0.8277431,0.2008405,0.0,mid
YHR060W,0.6933411,0.3388463,2.0,mid
YHR061C,0.704178,0.40476373,7.0,mid
YHR062C,0.8281317,0.31199145,7.0,mid
YHR063C,0.74992305,0.17636178,0.0,mid
YHR063W-A,0.17620738,0.3602197,5.0,low_c
YHR064C,0.8774519,0.24672171,1.0,mid
YHR065C,0.7628864,0.32412595,5.0,mid
YHR066W,0.73234975,0.3969773,11.0,mid
YHR067W,0.7472834,0.3178964,3.0,mid
YHR068W,0.8669962,0.29001388,0.0,mid
YHR069C,0.71937287,0.28359154,0.0,mid
YHR069C-A,0.23580761,0.45984605,9.0,low_c
YHR070C-A,0.4233015,0.3818279,4.0,mid
YHR070W,0.784563,0.27692088,1.0,mid
YHR071C-A,0.3003873,0.57059085,14.0,low_c
YHR071W,0.61294836,0.42822814,7.0,mid
YHR072W,0.8755569,0.19204554,0.0,mid
YHR072W-A,0.80284,0.36126545,5.0,mid
YHR073C-B,0.3512681,0.7755738,16.0,low_c
YHR073W,0.74097514,0.19764784,0.0,mid
YHR073W-A,0.13934292,0.0,0.0,low_c
YHR074W,0.76535404,0.20487104,3.0,mid
YHR075C,0.64790934,0.27906063,3.0,mid
YHR076W,0.8024221,0.1472799,0.0,mid
YHR077C,0.8637655,0.26192793,1.0,mid
YHR078W,0.6603661,0.26259145,0.0,mid
YHR079C,0.74954456,0.28868935,0.0,mid
YHR079C-A,0.75183094,0.35082498,3.0,mid
YHR080C,0.8331436,0.31074736,2.0,mid
YHR081W,0.7999699,0.43031287,8.0,mid
YHR082C,0.5053668,0.24421485,0.0,mid
YHR083W,0.8335178,0.1922124,0.0,mid
YHR084W,0.66050977,0.4349176,6.0,mid
YHR085W,0.7986723,0.37452978,7.0,mid
YHR086W,0.8403396,0.24181092,0.0,mid
YHR086W-A,0.4627678,0.5007954,17.0,mid
YHR087W,0.8071308,0.9667656,47.0,mid
YHR088W,0.7251192,0.46837476,12.0,mid
YHR089C,0.6724024,0.3317473,3.0,mid
YHR090C,0.86228913,0.23017542,1.0,mid
YHR091C,0.7422772,0.22340733,0.0,mid
YHR092C,0.7828957,1.0490944,49.0,mid
YHR093W,0.4951139,0.1987269,4.0,mid
YHR094C,0.85849696,0.77963746,35.0,mid
YHR095W,0.5340062,0.3261927,7.0,mid
YHR096C,0.863551,0.48197386,14.0,mid
YHR097C,0.835574,0.5163197,22.0,mid
YHR098C,0.6694778,0.21370141,0.0,mid
YHR099W,0.7556077,0.23409727,0.0,mid
YHR100C,0.7502232,0.28378117,2.0,mid
YHR101C,0.7638419,0.15476805,1.0,mid
YHR102W,0.72577184,0.28432232,1.0,mid
YHR103W,0.62818855,0.27192086,0.0,mid
YHR104W,0.7351847,0.49735472,20.0,mid
YHR105W,0.67009777,0.31214347,2.0,mid
YHR106W,0.62375546,0.20954636,0.0,mid
YHR107C,0.77100134,0.1866762,0.0,mid
YHR108W,0.7524494,0.1797157,3.0,mid
YHR109W,0.70285344,0.2833817,0.0,mid
YHR110W,0.6615473,0.2845592,4.0,mid
YHR111W,0.7757529,0.30438876,1.0,mid
YHR112C,0.8844774,0.23680215,0.0,mid
YHR113W,0.8373539,0.22406177,1.0,mid
YHR114W,0.81927174,0.12596872,0.0,mid
YHR115C,0.88458043,0.2241784,1.0,mid
YHR116W,0.61117995,0.2769866,0.0,mid
YHR117W,0.67901003,0.16180736,0.0,mid
YHR118C,0.766351,0.21146137,1.0,mid
YHR119W,0.65220964,0.23937577,0.0,mid
YHR120W,0.61553836,0.3218113,1.0,mid
YHR121W,0.86989033,0.21384099,0.0,mid
YHR122W,0.7344153,0.27928245,4.0,mid
YHR123W,0.6290872,0.2171454,4.0,mid
YHR124W,0.76148814,0.26570183,2.0,mid
YHR125W,0.80410546,0.053197157,0.0,mid
YHR126C,0.8421433,0.25289103,2.0,mid
YHR127W,0.7985098,0.2531589,1.0,mid
YHR128W,0.90994054,0.25563896,3.0,high_c
YHR129C,0.70432496,0.22917052,0.0,mid
YHR130C,0.4014521,0.3221639,3.0,mid
YHR131C,0.7456205,0.2789597,0.0,mid
YHR131W-A,0.46501663,0.40483475,6.0,mid
YHR132C,0.7838814,0.18818556,0.0,mid
YHR132W-A,0.62406176,0.2726278,0.0,mid
YHR133C,0.66246665,0.15013967,0.0,mid
YHR134W,0.5791753,0.19626121,0.0,mid
YHR135C,0.8927072,0.114620335,0.0,high_c
YHR136C,0.6947593,0.6053924,18.0,mid
YHR137C-A,0.6221131,0.52858645,16.0,mid
YHR137W,0.91745734,1.4725796,81.0,high_c
YHR138C,0.5785038,0.4633374,12.0,mid
YHR139C,0.799972,0.46318722,13.0,mid
YHR139C-A,0.57595104,0.45672572,10.0,mid
YHR140W,0.70376116,0.47643715,17.0,mid
YHR141C,0.6685521,0.4638117,16.0,mid
YHR142W,0.7998739,0.2118409,2.0,mid
YHR143W,0.77017915,0.53195435,15.0,mid
YHR143W-A,0.4505189,0.34146032,3.0,mid
YHR144C,0.668844,0.2338788,0.0,mid
YHR145C,0.5722526,0.24739736,0.0,mid
YHR146W,0.8529082,0.23105924,0.0,mid
YHR147C,0.82291406,0.21676107,0.0,mid
YHR148W,0.80038875,0.34797168,6.0,mid
YHR149C,0.6562033,0.42254236,6.0,mid
YHR150W,0.77581954,0.25090012,0.0,mid
YHR151C,0.68979657,0.32693464,0.0,mid
YHR152W,0.8213827,0.35631162,3.0,mid
YHR153C,0.3995794,0.40708932,10.0,mid
YHR154W,0.6267645,0.32473576,5.0,mid
YHR155W,0.8125419,0.31800818,1.0,mid
YHR156C,0.6486597,0.16820265,0.0,mid
YHR157W,0.7538932,0.27302969,0.0,mid
YHR158C,0.77037615,0.20994462,0.0,mid
YHR159W,0.8101376,0.23212391,0.0,mid
YHR160C,0.75352234,0.4946512,13.0,mid
YHR161C,0.71928763,0.2945242,2.0,mid
YHR162W,0.7962047,0.3233464,4.0,mid
YHR163W,0.76470524,0.26408035,1.0,mid
YHR164C,0.7431416,0.24923575,0.0,mid
YHR165C,0.66956633,0.24708861,2.0,mid
YHR165W-A,0.3678439,0.5619111,13.0,mid
YHR166C,0.6931753,0.21332859,0.0,mid
YHR167W,0.7155847,0.23992218,0.0,mid
YHR168W,0.8190637,0.20881806,0.0,mid
YHR169W,0.8200694,0.39643493,11.0,mid
YHR170W,0.8987735,0.36085552,5.0,high_c
YHR171W,0.77129376,0.32125503,1.0,mid
YHR172W,0.76789093,0.3697284,5.0,mid
YHR173C,0.31987196,0.42697757,8.0,low_c
YHR174W,0.9347257,0.3195323,7.0,high_c
YHR175W,0.71982294,0.46728477,11.0,mid
YHR175W-A,0.39581707,0.6107958,26.0,mid
YHR176W,0.81966716,0.27185515,5.0,mid
YHR177W,0.7036456,0.50113446,11.0,mid
YHR178W,0.7330883,0.22751354,1.0,mid
YHR179W,0.8958929,0.5461514,17.0,high_c
YHR180C-B,0.24768665,0.51526505,4.0,low_c
YHR180W,0.7491034,0.30225012,4.0,mid
YHR180W-A,0.40733555,0.011063704,0.0,mid
YHR181W,0.83368206,0.17580748,0.0,mid
YHR182C-A,0.47419253,0.43372667,6.0,mid
YHR182W,0.80415136,0.19579448,0.0,mid
YHR183W,0.8887226,0.42373517,8.0,mid
YHR184W,0.9237547,0.2892878,3.0,high_c
YHR185C,0.7834717,0.2180732,1.0,mid
YHR186C,0.8216679,0.23938842,0.0,mid
YHR187W,0.779226,0.22787732,0.0,mid
YHR188C,0.7286006,0.1641893,0.0,mid
YHR189W,0.44296905,0.31875718,3.0,mid
YHR190W,0.93771553,0.18560264,0.0,high_c
YHR191C,0.7393506,0.26064235,0.0,mid
YHR192W,0.78615874,0.17970496,0.0,mid
YHR193C,0.8859179,0.32370853,0.0,mid
YHR193C-A,0.3099074,0.41161433,7.0,low_c
YHR194W,0.7063845,0.27234754,2.0,mid
YHR195W,0.58997357,0.25485876,0.0,mid
YHR196W,0.6910123,0.41473004,7.0,mid
YHR197W,0.7555844,0.4395692,12.0,mid
YHR198C,0.6935454,0.3340862,0.0,mid
YHR199C,0.8539199,0.43752128,14.0,mid
YHR199C-A,0.37562907,0.3272896,4.0,mid
YHR200W,0.88206923,0.23924552,0.0,mid
YHR201C,0.8780838,0.2861716,0.0,mid
YHR202W,0.80281097,0.31358737,3.0,mid
YHR203C,0.6106958,0.28250387,2.0,mid
YHR204W,0.7803195,0.32717714,0.0,mid
YHR205W,0.619021,0.28864703,0.0,mid
YHR206W,0.5543012,0.35315678,1.0,mid
YHR207C,0.78506994,0.21660884,0.0,mid
YHR208W,0.857739,0.640885,34.0,mid
YHR209W,0.7434568,0.3137026,4.0,mid
YHR210C,0.68217945,0.38823724,4.0,mid
YHR211W,0.36389038,0.5229782,9.0,mid
YHR212C,0.66009974,0.0,0.0,mid
YHR212W-A,0.72717935,0.0,0.0,mid
YHR213W,0.77146393,0.034190446,0.0,mid
YHR213W-A,0.69193447,0.010744759,0.0,mid
YHR213W-B,0.59979784,0.1737921,4.0,mid
YHR214C-D,0.62606347,0.01756424,0.0,mid
YHR214C-E,0.64185566,0.72153455,36.0,mid
YHR214W,0.84336877,0.44122064,8.0,mid
YHR214W-A,0.4211288,0.5461095,20.0,mid
YHR215W,0.899241,0.74255997,32.0,high_c
YHR216W,0.9416798,0.47986776,10.0,high_c
YHR217C,0.43641943,0.44837376,9.0,mid
YHR218W,0.62053,0.000995874,0.0,mid
YHR218W-A,0.49239185,0.0,0.0,mid
YHR219C-A,0.49781755,0.0,0.0,mid
YHR219W,0.4564726,0.31947824,6.0,mid
YJL001W,0.9329658,0.2164413,0.0,high_c
YJL002C,0.8603358,0.1688864,1.0,mid
YJL003W,0.75598335,0.28391764,0.0,mid
YJL004C,0.7989697,0.18699852,1.0,mid
YJL005W,0.5651486,0.27015457,0.0,mid
YJL006C,0.82820153,0.26271018,0.0,mid
YJL007C,0.31728613,0.05644943,4.0,low_c
YJL008C,0.8702334,0.14522752,1.0,mid
YJL009W,0.20664874,0.4067736,5.0,low_c
YJL010C,0.48896635,0.32708994,2.0,mid
YJL011C,0.61613554,0.29898417,3.0,mid
YJL012C,0.6102701,0.25054,6.0,mid
YJL013C,0.72314435,0.23660885,0.0,mid
YJL014W,0.8337591,0.18176055,0.0,mid
YJL015C,0.20850945,0.47179854,7.0,low_c
YJL016W,0.74457574,0.38294575,10.0,mid
YJL019W,0.68491596,0.28213567,0.0,mid
YJL020C,0.903114,0.24003035,0.0,high_c
YJL020W-A,0.35323456,0.41783786,6.0,low_c
YJL022W,0.5122559,0.35634774,5.0,mid
YJL023C,0.7952798,0.18522266,0.0,mid
YJL024C,0.8157237,0.20068757,0.0,mid
YJL025W,0.8073114,0.3659276,4.0,mid
YJL026C-A,0.26817876,0.45754215,8.0,low_c
YJL026W,0.93670684,0.31117865,3.0,high_c
YJL027C,0.4884478,0.2929514,4.0,mid
YJL028W,0.6222907,0.507468,17.0,mid
YJL029C,0.6158421,0.18340738,0.0,mid
YJL030W,0.75211406,0.16760008,0.0,mid
YJL031C,0.81836826,0.20412435,0.0,mid
YJL032W,0.4434539,0.28907079,4.0,mid
YJL033W,0.8660501,0.42865792,9.0,mid
YJL034W,0.9157473,0.44102353,10.0,high_c
YJL035C,0.38411474,0.33696327,2.0,mid
YJL036W,0.69425076,0.19274984,0.0,mid
YJL037W,0.4444986,0.413509,2.0,mid
YJL038C,0.748764,0.41696092,8.0,mid
YJL039C,0.7714315,0.23837556,0.0,mid
YJL041W,0.75097185,0.1713001,0.0,mid
YJL042W,0.807152,0.35664245,3.0,mid
YJL043W,0.8080758,0.33607805,3.0,mid
YJL044C,0.65853643,0.21810926,1.0,mid
YJL045W,0.81461257,0.36511552,13.0,mid
YJL046W,0.7751725,0.20227629,0.0,mid
YJL047C,0.6722385,0.17420082,0.0,mid
YJL047C-A,0.38512373,0.5047449,12.0,mid
YJL048C,0.85021067,0.9314389,43.0,mid
YJL049W,0.64211893,0.24403001,1.0,mid
YJL050W,0.6397048,0.34409922,6.0,mid
YJL051W,0.6304056,0.30006048,4.0,mid
YJL052C-A,0.36296463,0.3604416,12.0,mid
YJL052W,0.85060364,1.2815636,63.0,mid
YJL053W,0.79061925,0.2290638,1.0,mid
YJL054W,0.7889192,0.16021802,0.0,mid
YJL055W,0.75246537,0.2614692,1.0,mid
YJL056C,0.7644311,0.6406002,27.0,mid
YJL057C,0.6957542,0.44858745,17.0,mid
YJL058C,0.75985897,0.301465,3.0,mid
YJL059W,0.6317684,0.20480803,0.0,mid
YJL060W,0.80505556,0.2818108,2.0,mid
YJL061W,0.84836763,0.23230231,0.0,mid
YJL062W,0.6881356,0.26951265,0.0,mid
YJL062W-A,0.69590497,0.37173736,2.0,mid
YJL063C,0.80512184,0.23788655,0.0,mid
YJL064W,0.21556534,0.36777914,5.0,low_c
YJL065C,0.80129117,0.16452445,0.0,mid
YJL066C,0.8094476,0.29791725,1.0,mid
YJL067W,0.2553919,0.4268401,4.0,low_c
YJL068C,0.7969633,0.27384403,1.0,mid
YJL069C,0.75638396,0.33114696,5.0,mid
YJL070C,0.8097416,0.36433077,5.0,mid
YJL071W,0.84502316,0.3146201,1.0,mid
YJL072C,0.8747391,0.24771252,1.0,mid
YJL073W,0.7767589,0.3761758,5.0,mid
YJL074C,0.827158,0.30434078,4.0,mid
YJL075C,0.21433444,0.29143086,5.0,low_c
YJL076W,0.7515567,0.18162265,0.0,mid
YJL077C,0.47327295,0.40832505,7.0,mid
YJL077W-A,0.7831904,0.3267015,3.0,mid
YJL077W-B,0.30428532,0.36859557,4.0,low_c
YJL078C,0.8974402,0.41314644,8.0,high_c
YJL079C,0.8522519,0.51640356,18.0,mid
YJL080C,0.84635687,0.27234274,0.0,mid
YJL081C,0.80509347,0.13026874,0.0,mid
YJL082W,0.7530406,0.41669145,12.0,mid
YJL083W,0.8592899,0.30164564,0.0,mid
YJL084C,0.78473586,0.35179707,1.0,mid
YJL085W,0.7592555,0.26365203,0.0,mid
YJL086C,0.3820416,0.21606025,5.0,mid
YJL087C,0.6357487,0.28845754,0.0,mid
YJL088W,0.74585855,0.9857859,47.0,mid
YJL089W,0.78802735,0.32972848,4.0,mid
YJL090C,0.76762056,0.3362989,2.0,mid
YJL091C,0.52762485,0.25468212,1.0,mid
YJL092W,0.85456663,0.2684699,0.0,mid
YJL093C,0.73109937,0.18768683,1.0,mid
YJL094C,0.6190037,0.31039235,1.0,mid
YJL095W,0.78745985,0.23416674,0.0,mid
YJL096W,0.7630154,0.29177013,2.0,mid
YJL097W,0.7186416,0.19721085,1.0,mid
YJL098W,0.68343055,0.44251767,7.0,mid
YJL099W,0.6784989,0.22389309,0.0,mid
YJL100W,0.79695153,0.38479143,11.0,mid
YJL101C,0.75790244,0.57660484,27.0,mid
YJL102W,0.768148,0.30379492,2.0,mid
YJL103C,0.7467442,0.5099977,17.0,mid
YJL104W,0.7998342,0.44198444,7.0,mid
YJL105W,0.86174417,0.48605853,15.0,mid
YJL106W,0.5343652,0.36601567,5.0,mid
YJL107C,0.7193032,0.4255153,5.0,mid
YJL108C,0.68870866,0.4030477,13.0,mid
YJL109C,0.57036906,0.33627683,2.0,mid
YJL110C,0.767701,0.26260918,0.0,mid
YJL111W,0.89286447,0.1305346,0.0,high_c
YJL112W,0.78486335,0.21732229,0.0,mid
YJL115W,0.80117947,0.44954297,6.0,mid
YJL116C,0.79691637,0.9527708,41.0,mid
YJL117W,0.87055594,0.23192152,3.0,mid
YJL118W,0.7594156,0.30788568,5.0,mid
YJL119C,0.25510225,0.4604205,9.0,low_c
YJL120W,0.35198134,0.45268437,5.0,low_c
YJL121C,0.90987945,0.31040516,0.0,high_c
YJL122W,0.87119627,0.43055886,14.0,mid
YJL123C,0.8461635,0.17578545,0.0,mid
YJL124C,0.80195326,0.17485698,0.0,mid
YJL125C,0.8520541,0.29447478,3.0,mid
YJL126W,0.791022,0.26996404,0.0,mid
YJL127C,0.7732154,0.24006282,0.0,mid
YJL127C-B,0.5884603,0.26122344,2.0,mid
YJL127W-A,0.42241704,0.5518643,9.0,mid
YJL128C,0.8175771,0.24746946,0.0,mid
YJL129C,0.61223495,0.23633434,0.0,mid
YJL130C,0.76633334,0.30085436,0.0,mid
YJL131C,0.86288285,0.22714311,0.0,mid
YJL132W,0.6815113,0.44317418,13.0,mid
YJL133C-A,0.7618606,0.46939874,11.0,mid
YJL133W,0.79600614,0.31473622,0.0,mid
YJL134W,0.6727095,0.16957216,0.0,mid
YJL135W,0.38516107,0.40597272,11.0,mid
YJL136C,0.795341,0.39014938,4.0,mid
YJL136W-A,0.2329906,0.62209487,34.0,low_c
YJL137C,0.6999708,0.19979878,0.0,mid
YJL138C,0.7578254,0.28354567,1.0,mid
YJL139C,0.69089395,0.22810811,0.0,mid
YJL140W,0.7935442,0.21443178,0.0,mid
YJL141C,0.552269,0.39253756,10.0,mid
YJL142C,0.7048249,0.31050992,4.0,mid
YJL143W,0.8128819,0.2736537,1.0,mid
YJL144W,0.7053964,0.85632265,46.0,mid
YJL145W,0.83642495,0.34493864,1.0,mid
YJL146W,0.77226365,0.32497236,1.0,mid
YJL147C,0.7569958,0.22226629,0.0,mid
YJL148W,0.75307244,0.4092288,10.0,mid
YJL149W,0.66461045,0.37738952,2.0,mid
YJL150W,0.24388511,0.49993902,16.0,low_c
YJL151C,0.73380923,0.2887725,0.0,mid
YJL152W,0.2642157,0.7515507,32.0,low_c
YJL153C,0.8477552,1.3089706,65.0,mid
YJL154C,0.8331844,0.16217919,0.0,mid
YJL155C,0.74384516,0.26982933,1.0,mid
YJL156C,0.7633912,0.2970675,0.0,mid
YJL156W-A,0.46167043,0.36725482,6.0,mid
YJL157C,0.7200432,0.5024385,17.0,mid
YJL158C,0.87846553,0.27483687,5.0,mid
YJL159W,0.8110213,0.30902535,4.0,mid
YJL160C,0.79220665,0.37696382,9.0,mid
YJL161W,0.7047847,0.69300306,31.0,mid
YJL162C,0.8948963,0.28533202,0.0,high_c
YJL163C,0.60450464,0.40842673,11.0,mid
YJL164C,0.67337435,0.5013702,14.0,mid
YJL165C,0.6819363,0.23825526,0.0,mid
YJL166W,0.6571614,0.39071697,12.0,mid
YJL167W,0.9115891,0.22765964,5.0,high_c
YJL168C,0.6432146,0.32178327,1.0,mid
YJL169W,0.5760365,0.3652977,7.0,mid
YJL170C,0.7768592,0.323587,5.0,mid
YJL171C,0.73302335,0.2831063,3.0,mid
YJL172W,0.8613983,0.29000416,0.0,mid
YJL173C,0.8504745,0.41912055,11.0,mid
YJL174W,0.8684777,0.15315329,3.0,mid
YJL175W,0.4444612,0.3761885,7.0,mid
YJL176C,0.76643515,0.22109722,1.0,mid
YJL177W,0.8831822,0.32420552,3.0,mid
YJL178C,0.8839546,0.1900803,1.0,mid
YJL179W,0.70188636,0.33249804,1.0,mid
YJL180C,0.81447834,0.16058776,0.0,mid
YJL181W,0.8364696,0.28832117,1.0,mid
YJL182C,0.5325888,0.20839907,5.0,mid
YJL183W,0.8179523,0.23651949,1.0,mid
YJL184W,0.81435955,0.27847207,2.0,mid
YJL185C,0.5463065,0.22896999,2.0,mid
YJL186W,0.88299584,0.16762689,0.0,mid
YJL187C,0.7584831,0.3644544,7.0,mid
YJL188C,0.11778246,0.3656432,5.0,low_c
YJL189W,0.6496055,0.45669013,14.0,mid
YJL190C,0.9129951,0.3931796,12.0,high_c
YJL191W,0.51475143,0.3420587,8.0,mid
YJL192C,0.7131872,0.1650935,0.0,mid
YJL193W,0.52752876,0.35882175,4.0,mid
YJL194W,0.836002,0.4258299,2.0,mid
YJL195C,0.46509883,0.2872931,4.0,mid
YJL196C,0.61510545,0.32457745,3.0,mid
YJL197C-A,0.6221449,0.34533924,5.0,mid
YJL197W,0.61647826,0.22435936,0.0,mid
YJL198W,0.74327165,0.3418872,3.0,mid
YJL199C,0.7339902,0.29886156,0.0,mid
YJL200C,0.74130964,0.6382712,29.0,mid
YJL201W,0.7878239,0.27962393,0.0,mid
YJL202C,0.32815492,0.5084225,9.0,low_c
YJL203W,0.7047874,0.15298654,0.0,mid
YJL204C,0.5789128,0.27291012,0.0,mid
YJL205C,0.4043971,0.3883296,4.0,mid
YJL206C,0.7281311,0.2516722,0.0,mid
YJL207C,0.7464685,0.24251531,0.0,mid
YJL208C,0.87513417,0.35042378,6.0,mid
YJL209W,0.75799483,0.22345285,0.0,mid
YJL210W,0.79955834,0.30053514,1.0,mid
YJL211C,0.607413,0.5112034,19.0,mid
YJL212C,0.8520598,0.587289,19.0,mid
YJL213W,0.82052076,0.5429447,20.0,mid
YJL214W,0.7724065,0.416164,11.0,mid
YJL215C,0.45380083,0.5337743,17.0,mid
YJL216C,0.8826348,0.30700743,1.0,mid
YJL217W,0.7121213,0.42778555,8.0,mid
YJL218W,0.80919313,0.37411013,5.0,mid
YJL219W,0.90082204,0.1587648,0.0,high_c
YJL220W,0.6156775,0.02038124,0.0,mid
YJL221C,0.8970371,0.04133328,0.0,high_c
YJL222W,0.6172861,0.11561692,0.0,mid
YJL222W-A,0.52969426,0.0,0.0,mid
YJL222W-B,0.58247113,0.0,0.0,mid
YJL223C,0.8652285,0.0,0.0,mid
YJL225C,0.6676634,0.16683038,0.0,mid
YJL225W-A,0.5828571,0.0,0.0,mid
YJR001W,0.44316208,0.16445343,0.0,mid
YJR002W,0.7532388,0.30267885,2.0,mid
YJR003C,0.7405177,0.27472746,1.0,mid
YJR004C,0.85784394,0.8447091,44.0,mid
YJR005C-A,0.64788723,2.4595582,95.0,mid
YJR005W,0.66077477,0.3244788,1.0,mid
YJR006W,0.8567033,0.21262753,1.0,mid
YJR007W,0.89589876,0.17796835,0.0,high_c
YJR008W,0.8148133,0.5109373,17.0,mid
YJR009C,0.92150676,0.40248135,8.0,high_c
YJR010C-A,0.5878114,0.36415535,1.0,mid
YJR010W,0.9264599,0.3520849,4.0,high_c
YJR011C,0.7614341,0.2813181,2.0,mid
YJR012C,0.513851,0.25715938,4.0,mid
YJR013W,0.58177346,0.13159752,0.0,mid
YJR014W,0.69592327,0.3081382,0.0,mid
YJR015W,0.6801571,0.20098113,0.0,mid
YJR016C,0.8687874,0.55331224,27.0,mid
YJR017C,0.6244119,0.25241065,1.0,mid
YJR018W,0.26417607,0.624233,16.0,low_c
YJR019C,0.82446414,0.2904913,4.0,mid
YJR020W,0.4291674,0.4330454,6.0,mid
YJR021C,0.6532979,0.18120426,0.0,mid
YJR022W,0.7425518,0.2844845,0.0,mid
YJR023C,0.25377196,0.27781397,5.0,low_c
YJR024C,0.7122032,0.29571447,2.0,mid
YJR025C,0.75106305,0.5078431,18.0,mid
YJR030C,0.47362423,0.4113577,5.0,mid
YJR031C,0.7457902,0.25987107,0.0,mid
YJR032W,0.78447604,0.16561383,0.0,mid
YJR033C,0.750378,0.24581152,0.0,mid
YJR034W,0.68584096,0.3181494,0.0,mid
YJR035W,0.73306084,0.23802118,0.0,mid
YJR036C,0.70390725,0.39510736,7.0,mid
YJR037W,0.57692975,0.2983267,6.0,mid
YJR038C,0.47040558,0.5364262,12.0,mid
YJR039W,0.61204857,0.29537612,2.0,mid
YJR040W,0.8147607,0.19097409,0.0,mid
YJR041C,0.5931128,0.32838663,2.0,mid
YJR042W,0.69332784,0.20001335,0.0,mid
YJR043C,0.87603885,0.20926371,1.0,mid
YJR044C,0.89945847,0.27198443,0.0,high_c
YJR045C,0.84496015,0.27165246,1.0,mid
YJR046W,0.65995777,0.24011008,1.0,mid
YJR047C,0.8265679,1.13197,67.0,mid
YJR048W,0.87024075,0.9028483,53.0,mid
YJR049C,0.86450636,0.09857418,0.0,mid
YJR050W,0.50205654,0.22141968,0.0,mid
YJR051W,0.7868681,0.19356087,0.0,mid
YJR052W,0.6314131,0.2216541,0.0,mid
YJR053W,0.80559134,0.34850496,1.0,mid
YJR054W,0.7102794,0.29619005,1.0,mid
YJR055W,0.5990769,0.23750624,1.0,mid
YJR056C,0.6238888,0.18170322,0.0,mid
YJR057W,0.80103636,0.27235675,0.0,mid
YJR058C,0.8234516,0.22326186,0.0,mid
YJR059W,0.6121243,0.34236878,4.0,mid
YJR060W,0.76374316,0.19962335,0.0,mid
YJR061W,0.6617973,0.40369615,6.0,mid
YJR062C,0.82784665,0.24427718,0.0,mid
YJR063W,0.8069444,0.27246833,2.0,mid
YJR064W,0.87796134,0.18676335,1.0,mid
YJR065C,0.9088537,0.21959375,0.0,high_c
YJR066W,0.5276584,0.25662038,1.0,mid
YJR067C,0.59511775,0.3275733,2.0,mid
YJR068W,0.8349645,0.13318276,0.0,mid
YJR069C,0.67701966,0.21431772,0.0,mid
YJR070C,0.79469335,0.41971675,5.0,mid
YJR071W,0.23033978,0.38646713,5.0,low_c
YJR072C,0.8670874,0.32648218,3.0,mid
YJR073C,0.8676899,0.5396231,13.0,mid
YJR074W,0.32696924,0.25851747,4.0,low_c
YJR075W,0.78417563,0.1890076,0.0,mid
YJR076C,0.8045608,0.1963654,0.0,mid
YJR077C,0.9004727,0.2382478,3.0,high_c
YJR078W,0.7067219,0.4321446,12.0,mid
YJR079W,0.5133316,0.48902383,10.0,mid
YJR080C,0.66647416,0.15553148,0.0,mid
YJR082C,0.6060225,0.14663947,0.0,mid
YJR083C,0.83129025,0.27037227,0.0,mid
YJR084W,0.5525903,0.15943953,0.0,mid
YJR085C,0.6946927,0.39248013,7.0,mid
YJR086W,0.76056194,0.4551265,13.0,mid
YJR087W,0.2895009,0.5338223,11.0,low_c
YJR088C,0.745153,0.18501179,1.0,mid
YJR089W,0.70896184,0.28475112,0.0,mid
YJR090C,0.70252067,0.33126897,1.0,mid
YJR091C,0.7172539,0.2951904,0.0,mid
YJR092W,0.78319,0.26139835,3.0,mid
YJR093C,0.7970479,0.21952854,1.0,mid
YJR094C,0.68640894,0.39678827,4.0,mid
YJR094W-A,0.576499,0.4353463,19.0,mid
YJR095W,0.78188545,0.6107517,25.0,mid
YJR096W,0.73695374,0.41433844,6.0,mid
YJR097W,0.82616407,0.4674085,9.0,mid
YJR098C,0.7140905,0.23242277,2.0,mid
YJR099W,0.81566614,0.20110038,1.0,mid
YJR100C,0.83607143,0.2340701,1.0,mid
YJR101W,0.72072583,0.24783963,0.0,mid
YJR102C,0.72948605,0.16658448,0.0,mid
YJR103W,0.8754374,0.30788195,4.0,mid
YJR104C,0.88468605,0.4202984,8.0,mid
YJR105W,0.9037087,0.19040897,0.0,high_c
YJR106W,0.6824404,0.327157,4.0,mid
YJR107W,0.568438,0.3184122,1.0,mid
YJR108W,0.440382,0.3819421,7.0,mid
YJR109C,0.81525177,0.6693494,28.0,mid
YJR110W,0.8529292,0.27419794,1.0,mid
YJR111C,0.76980686,0.44332817,13.0,mid
YJR112W,0.59447306,0.291048,5.0,mid
YJR112W-A,0.8038194,0.24305204,0.0,mid
YJR113C,0.84185994,0.23017365,0.0,mid
YJR114W,0.4948681,0.37313488,6.0,mid
YJR115W,0.78683805,0.39382064,4.0,mid
YJR116W,0.8316,0.26256067,1.0,mid
YJR117W,0.7717821,0.18473187,0.0,mid
YJR118C,0.7700166,0.25405192,1.0,mid
YJR119C,0.80943877,0.38980716,2.0,mid
YJR120W,0.47806808,0.65427643,28.0,mid
YJR121W,0.84943336,0.25057045,4.0,mid
YJR122W,0.83736336,0.44763905,15.0,mid
YJR123W,0.8816813,0.2956434,4.0,mid
YJR124C,0.5880858,0.22994256,1.0,mid
YJR125C,0.86507845,0.1987409,1.0,mid
YJR126C,0.8310082,0.27606755,4.0,mid
YJR127C,0.68040836,0.4557024,8.0,mid
YJR128W,0.44056186,0.4120687,7.0,mid
YJR129C,0.696178,0.28068355,1.0,mid
YJR130C,0.8031096,0.4075555,17.0,mid
YJR131W,0.6937284,0.24375588,0.0,mid
YJR132W,0.74650735,0.26370302,2.0,mid
YJR133W,0.85849345,0.41062647,8.0,mid
YJR134C,0.68273187,0.17816612,1.0,mid
YJR135C,0.7445112,0.26524818,0.0,mid
YJR135W-A,0.61538017,0.34231746,3.0,mid
YJR136C,0.5287232,0.16946569,0.0,mid
YJR137C,0.7204745,0.39420688,4.0,mid
YJR138W,0.80379415,0.24150686,0.0,mid
YJR139C,0.79564303,0.22960673,6.0,mid
YJR140C,0.68044394,0.18715583,0.0,mid
YJR140W-A,0.46071914,0.5784807,10.0,mid
YJR141W,0.71660143,0.34790647,5.0,mid
YJR142W,0.65114564,0.20889802,0.0,mid
YJR143C,0.704087,0.25760573,1.0,mid
YJR144W,0.62939054,0.2010278,0.0,mid
YJR145C,0.59760493,0.36843944,10.0,mid
YJR146W,0.44343776,0.59481317,18.0,mid
YJR147W,0.87093514,0.4248937,4.0,mid
YJR148W,0.8425487,0.68478256,28.0,mid
YJR149W,0.768794,0.35887563,6.0,mid
YJR150C,0.872049,0.27844185,9.0,mid
YJR151C,0.8587554,0.5525552,23.0,mid
YJR151W-A,0.71059185,0.4802941,23.0,mid
YJR152W,0.8256526,0.37599903,3.0,mid
YJR153W,0.75828224,0.49792257,15.0,mid
YJR154W,0.70230037,0.50134355,16.0,mid
YJR155W,0.30655962,0.46445513,7.0,low_c
YJR156C,0.8952032,0.33321816,3.0,high_c
YJR157W,0.8125493,0.21934335,0.0,mid
YJR158W,0.87600446,0.0016284197,0.0,mid
YJR159W,0.7796331,0.08883745,1.0,mid
YJR160C,0.72813827,0.14557588,0.0,mid
YJR161C,0.73989975,0.27675337,4.0,mid
YJR162C,0.6730885,0.025354467,0.0,mid
YKL001C,0.7595813,0.29125372,4.0,mid
YKL002W,0.8674982,0.27128464,1.0,mid
YKL003C,0.8500466,0.25292054,1.0,mid
YKL004W,0.7104605,0.2843862,2.0,mid
YKL005C,0.7014764,0.1857571,0.0,mid
YKL006C-A,0.6783217,0.3092742,6.0,mid
YKL006W,0.7358612,0.38258755,10.0,mid
YKL007W,0.89413714,0.25661552,0.0,high_c
YKL008C,0.785171,0.34802273,3.0,mid
YKL009W,0.8567416,0.40712517,10.0,mid
YKL010C,0.5154068,0.2145112,0.0,mid
YKL011C,0.5839366,0.31847253,3.0,mid
YKL012W,0.8486304,0.20016456,0.0,mid
YKL013C,0.8962615,0.21584135,1.0,high_c
YKL014C,0.82054096,0.3137372,2.0,mid
YKL015W,0.81200415,0.29599097,0.0,mid
YKL016C,0.8905555,0.33019316,2.0,mid
YKL017C,0.7068715,0.2561281,0.0,mid
YKL018C-A,0.55588835,0.31443188,0.0,mid
YKL018W,0.7837796,0.24025227,0.0,mid
YKL019W,0.7760029,0.18467523,0.0,mid
YKL020C,0.86084014,0.40009406,3.0,mid
YKL021C,0.7794267,0.25050685,1.0,mid
YKL022C,0.6052843,0.27263492,1.0,mid
YKL023C-A,0.88568485,0.58533615,19.0,mid
YKL023W,0.8169875,0.17056061,0.0,mid
YKL024C,0.8404279,0.3203253,4.0,mid
YKL025C,0.83783406,0.2642118,0.0,mid
YKL026C,0.5496756,0.4739475,17.0,mid
YKL027W,0.7866822,0.2562579,0.0,mid
YKL028W,0.8459055,0.16858453,1.0,mid
YKL029C,0.861526,0.5795493,27.0,mid
YKL030W,0.18673053,0.39619368,5.0,low_c
YKL031W,0.30343544,0.32802403,5.0,low_c
YKL032C,0.8439956,0.2311821,0.0,mid
YKL033W,0.7294348,0.2913265,1.0,mid
YKL033W-A,0.836613,0.3337169,3.0,mid
YKL034W,0.83043045,0.27027884,0.0,mid
YKL035W,0.9380926,0.37227234,9.0,high_c
YKL036C,0.35347274,0.516157,10.0,low_c
YKL037W,0.31316,0.49088296,16.0,low_c
YKL038W,0.7417821,0.2542604,0.0,mid
YKL039W,0.7748257,0.2548459,0.0,mid
YKL040C,0.91565025,0.24933481,1.0,high_c
YKL041W,0.7352186,0.24533519,1.0,mid
YKL042W,0.85267913,0.2958509,3.0,mid
YKL043W,0.7741499,0.48157322,9.0,mid
YKL044W,0.6753072,0.5025167,17.0,mid
YKL045W,0.82630086,0.26522577,4.0,mid
YKL046C,0.9290713,0.21439356,2.0,high_c
YKL047W,0.62040925,0.23021513,1.0,mid
YKL048C,0.7280094,0.3330164,2.0,mid
YKL049C,0.5962584,0.28301725,3.0,mid
YKL050C,0.7564044,0.30972826,0.0,mid
YKL051W,0.8261821,0.6673991,29.0,mid
YKL052C,0.7537162,0.2072631,0.0,mid
YKL053C-A,0.4521161,0.36850652,4.0,mid
YKL053W,0.22941038,0.41500315,6.0,low_c
YKL054C,0.7285437,0.24181327,0.0,mid
YKL055C,0.43829593,0.3338902,5.0,mid
YKL056C,0.8807811,0.2964138,2.0,mid
YKL057C,0.7752548,0.29259992,0.0,mid
YKL058W,0.8658547,0.23220234,1.0,mid
YKL059C,0.8655245,0.19339731,1.0,mid
YKL060C,0.85661674,0.3230071,5.0,mid
YKL061W,0.48395586,0.21935098,1.0,mid
YKL062W,0.5337257,0.7229078,35.0,mid
YKL063C,0.78624135,0.19244242,0.0,mid
YKL064W,0.7661882,0.23946632,0.0,mid
YKL065C,0.6364436,0.28257632,1.0,mid
YKL065W-A,0.6367498,0.38427067,10.0,mid
YKL066W,0.5180402,0.3276151,3.0,mid
YKL067W,0.8417518,0.33305404,0.0,mid
YKL068W,0.5267772,0.27134624,0.0,mid
YKL068W-A,0.7528705,0.3898931,7.0,mid
YKL069W,0.8151868,0.20006782,2.0,mid
YKL070W,0.49711767,0.836847,34.0,mid
YKL071W,0.55311614,0.89396745,38.0,mid
YKL072W,0.70308214,0.25977015,1.0,mid
YKL073W,0.7934278,0.29949525,4.0,mid
YKL074C,0.855882,0.2940904,1.0,mid
YKL075C,0.63955706,0.2687218,0.0,mid
YKL076C,0.4488453,0.4668363,9.0,mid
YKL077W,0.8671591,0.18845554,0.0,mid
YKL078W,0.6476882,0.5501681,21.0,mid
YKL079W,0.83504546,0.20871753,0.0,mid
YKL080W,0.79668045,0.186507,1.0,mid
YKL081W,0.9200871,0.29896772,4.0,high_c
YKL082C,0.7620397,0.45915443,10.0,mid
YKL083W,0.23934147,0.5888764,14.0,low_c
YKL084W,0.614655,0.36696056,4.0,mid
YKL085W,0.8502651,0.38323668,7.0,mid
YKL086W,0.6749283,1.7869326,84.0,mid
YKL087C,0.84231615,0.47379687,7.0,mid
YKL088W,0.81699127,0.1881922,0.0,mid
YKL089W,0.7695131,0.31265646,1.0,mid
YKL090W,0.78566176,0.20860083,0.0,mid
YKL091C,0.7893229,0.41838127,7.0,mid
YKL092C,0.79309237,0.23485804,0.0,mid
YKL093W,0.768203,0.54713184,20.0,mid
YKL094W,0.8497274,0.18445967,0.0,mid
YKL095W,0.8404195,0.2717849,0.0,mid
YKL096C-B,0.24380164,0.63726825,18.0,low_c
YKL096W,0.87290376,0.5214776,10.0,mid
YKL096W-A,0.7744289,0.58746123,19.0,mid
YKL097C,0.29467937,0.23326313,0.0,low_c
YKL098W,0.61784065,0.18041272,0.0,mid
YKL099C,0.6048196,0.42496705,14.0,mid
YKL100C,0.74123836,0.31483367,0.0,mid
YKL100W-A,0.6142663,0.2996689,10.0,mid
YKL101W,0.74967134,0.27979347,1.0,mid
YKL102C,0.45499027,0.4313982,10.0,mid
YKL103C,0.9571439,0.5613062,28.0,high_c
YKL104C,0.9089312,0.34705198,7.0,high_c
YKL105C,0.758709,0.23048101,0.0,mid
YKL106C-A,0.43142053,0.47607478,12.0,mid
YKL106W,0.8408569,0.23295097,0.0,mid
YKL107W,0.6437312,0.41207585,9.0,mid
YKL108W,0.8326539,0.29253045,0.0,mid
YKL109W,0.8081066,0.8631629,51.0,mid
YKL110C,0.62367886,0.22230737,1.0,mid
YKL111C,0.36026472,0.335875,5.0,mid
YKL112W,0.6874728,0.20730108,2.0,mid
YKL113C,0.85799223,0.25758588,4.0,mid
YKL114C,0.8649693,0.20154719,0.0,mid
YKL115C,0.51817095,0.33681965,9.0,mid
YKL116C,0.85105443,0.3040838,1.0,mid
YKL117W,0.887666,0.28518453,0.0,mid
YKL118W,0.22376214,0.47679102,7.0,low_c
YKL119C,0.59432495,0.32690024,2.0,mid
YKL120W,0.82922226,0.6589004,28.0,mid
YKL121W,0.73981583,0.402705,10.0,mid
YKL122C,0.8185688,0.35557878,2.0,mid
YKL123W,0.8018684,0.176569,4.0,mid
YKL124W,0.6846584,0.29165593,1.0,mid
YKL125W,0.7496527,0.26329198,1.0,mid
YKL126W,0.8041079,0.26443425,1.0,mid
YKL127W,0.8947105,0.21002989,1.0,high_c
YKL128C,0.7645714,0.2317411,0.0,mid
YKL129C,0.7316636,0.33495837,4.0,mid
YKL130C,0.7604001,0.19866301,0.0,mid
YKL131W,0.5806179,0.32935455,5.0,mid
YKL132C,0.65626967,0.28427333,2.0,mid
YKL133C,0.7215308,0.3031478,1.0,mid
YKL134C,0.7252448,0.26259172,0.0,mid
YKL135C,0.8321057,0.23634678,1.0,mid
YKL136W,0.36992395,0.42870837,4.0,mid
YKL137W,0.8095932,0.22466365,0.0,mid
YKL138C,0.84750116,0.21806401,0.0,mid
YKL138C-A,0.788065,0.23065193,0.0,mid
YKL139W,0.7860393,0.2771466,0.0,mid
YKL140W,0.78386545,0.25533688,1.0,mid
YKL141W,0.87770116,0.39363292,10.0,mid
YKL142W,0.65321445,0.3796348,1.0,mid
YKL143W,0.86429423,0.4756776,14.0,mid
YKL144C,0.85694027,0.2623655,2.0,mid
YKL145W,0.9359757,0.16486014,0.0,high_c
YKL145W-A,0.76722884,0.0,0.0,mid
YKL146W,0.7252541,0.1728128,0.0,mid
YKL147C,0.45283583,0.34027115,6.0,mid
YKL148C,0.8219453,0.6176127,29.0,mid
YKL149C,0.5115574,0.22059,0.0,mid
YKL150W,0.8207603,0.434306,11.0,mid
YKL151C,0.79321694,0.49107155,15.0,mid
YKL152C,0.8614034,0.34216252,2.0,mid
YKL153W,0.22775385,0.50934523,10.0,low_c
YKL154W,0.8669555,0.21398857,1.0,mid
YKL155C,0.7715329,0.18614534,0.0,mid
YKL156C-A,0.21472596,0.71997815,26.0,low_c
YKL156W,0.681353,0.3972782,12.0,mid
YKL157W,0.78734004,0.27146816,0.0,mid
YKL159C,0.6820423,0.18071006,0.0,mid
YKL160W,0.7624644,0.17695987,1.0,mid
YKL161C,0.8452473,0.3493645,8.0,mid
YKL162C,0.6193942,0.30867863,0.0,mid
YKL162C-A,0.589213,0.53512436,12.0,mid
YKL163W,0.793378,0.75856894,26.0,mid
YKL164C,0.8249111,0.34174848,7.0,mid
YKL165C,0.8832657,0.36510253,5.0,mid
YKL165C-A,0.6691207,0.40338555,6.0,mid
YKL166C,0.87725234,0.20563772,0.0,mid
YKL167C,0.8488396,0.3178976,1.0,mid
YKL168C,0.6757297,0.25601047,2.0,mid
YKL169C,0.30459407,0.43004364,6.0,low_c
YKL170W,0.82233596,0.20215793,0.0,mid
YKL171W,0.72474813,0.33671787,1.0,mid
YKL172W,0.8155247,0.34993416,5.0,mid
YKL173W,0.48689178,0.21730703,0.0,mid
YKL174C,0.71510464,0.19407512,0.0,mid
YKL175W,0.8727039,0.57359976,23.0,mid
YKL176C,0.7132536,0.2688395,0.0,mid
YKL177W,0.5923843,0.5127498,9.0,mid
YKL178C,0.8610457,0.5994822,22.0,mid
YKL179C,0.78163505,0.22070377,1.0,mid
YKL180W,0.91740376,0.29060602,7.0,high_c
YKL181W,0.85213345,0.24741247,3.0,mid
YKL182W,0.82014054,0.30287102,6.0,mid
YKL183C-A,0.21661319,0.44217622,5.0,low_c
YKL183W,0.6945802,0.24283533,1.0,mid
YKL184W,0.880272,0.23896816,0.0,mid
YKL185W,0.84195787,0.36595306,6.0,mid
YKL186C,0.90806735,0.24436687,0.0,high_c
YKL187C,0.5591631,0.3733263,5.0,mid
YKL188C,0.7542192,0.38312557,5.0,mid
YKL189W,0.5723564,0.32432422,5.0,mid
YKL190W,0.8506374,0.2067191,0.0,mid
YKL191W,0.8448903,0.3157734,5.0,mid
YKL192C,0.7827037,0.23972273,1.0,mid
YKL193C,0.65464634,0.2735353,1.0,mid
YKL194C,0.8080924,0.2638593,0.0,mid
YKL195W,0.86724144,0.2287363,0.0,mid
YKL196C,0.9033014,0.25503013,0.0,high_c
YKL197C,0.7375717,0.23562708,0.0,mid
YKL198C,0.8555377,0.28434667,1.0,mid
YKL201C,0.67747414,0.52383256,10.0,mid
YKL202W,0.42486838,0.75135005,31.0,mid
YKL203C,0.7361507,0.1880187,0.0,mid
YKL204W,0.83196795,0.2671043,1.0,mid
YKL205W,0.5697459,0.28416225,0.0,mid
YKL206C,0.6264973,0.29855606,0.0,mid
YKL207W,0.72223014,0.2743214,1.0,mid
YKL208W,0.66199434,0.22640425,0.0,mid
YKL209C,0.548464,0.45886979,5.0,mid
YKL210W,0.8954093,0.20635027,0.0,high_c
YKL211C,0.86797976,0.34081656,5.0,mid
YKL212W,0.8471373,0.1700546,0.0,mid
YKL213C,0.6583673,0.22804657,0.0,mid
YKL214C,0.7639433,0.23538584,0.0,mid
YKL215C,0.7862525,0.19804078,0.0,mid
YKL216W,0.8290305,0.6530269,19.0,mid
YKL217W,0.80730945,0.40035313,8.0,mid
YKL218C,0.70734173,0.464814,22.0,mid
YKL219W,0.3912265,0.18577056,0.0,mid
YKL220C,0.6450587,1.3603246,75.0,mid
YKL221W,0.75347084,0.26168385,5.0,mid
YKL222C,0.76955646,0.26552406,0.0,mid
YKL223W,0.63190717,0.0024547274,0.0,mid
YKL224C,0.8336041,0.029843288,0.0,mid
YKL225W,0.6682443,0.04314699,2.0,mid
YKR001C,0.8785755,0.14443067,0.0,mid
YKR002W,0.7995281,0.15209545,0.0,mid
YKR003W,0.8854632,0.27975008,0.0,mid
YKR004C,0.7424331,0.29630432,3.0,mid
YKR005C,0.7628223,0.20970486,0.0,mid
YKR006C,0.84244585,0.14650348,1.0,mid
YKR007W,0.80675584,0.2962939,3.0,mid
YKR008W,0.822185,0.24317722,1.0,mid
YKR009C,0.60848546,0.19191106,0.0,mid
YKR010C,0.686271,0.3042802,3.0,mid
YKR011C,0.84018123,0.33381665,5.0,mid
YKR012C,0.32813212,0.41711143,5.0,low_c
YKR013W,0.8179407,0.37778667,5.0,mid
YKR014C,0.91156405,0.22842348,1.0,high_c
YKR015C,0.7967098,0.27772126,7.0,mid
YKR016W,0.6834645,0.19522989,1.0,mid
YKR017C,0.75129277,0.3597829,3.0,mid
YKR018C,0.603866,0.18878959,0.0,mid
YKR019C,0.71827763,0.18143179,0.0,mid
YKR020W,0.62303203,0.24764033,0.0,mid
YKR021W,0.8295575,0.3753194,2.0,mid
YKR022C,0.7481556,0.15328853,0.0,mid
YKR023W,0.5502171,0.16933864,0.0,mid
YKR024C,0.77057207,0.4007506,11.0,mid
YKR025W,0.7500813,0.3339585,6.0,mid
YKR026C,0.8160902,0.17208584,0.0,mid
YKR027W,0.6893588,0.26837677,1.0,mid
YKR028W,0.53423333,0.22907847,1.0,mid
YKR029C,0.7984804,0.24248995,1.0,mid
YKR030W,0.8266138,0.19665915,1.0,mid
YKR031C,0.7234404,0.24454628,1.0,mid
YKR032W,0.5770013,0.14303471,4.0,mid
YKR033C,0.538106,0.29531258,5.0,mid
YKR034W,0.8122988,0.32924485,5.0,mid
YKR035C,0.41449484,0.36995864,5.0,mid
YKR035W-A,0.7943922,0.29750806,1.0,mid
YKR036C,0.8008434,0.17152573,0.0,mid
YKR037C,0.75402063,0.25123334,0.0,mid
YKR038C,0.79214674,0.18665673,1.0,mid
YKR039W,0.83724064,0.71525514,34.0,mid
YKR040C,0.38029397,0.44343916,8.0,mid
YKR041W,0.3925705,0.3137842,2.0,mid
YKR042W,0.84498143,0.36414543,3.0,mid
YKR043C,0.7149359,0.25613332,0.0,mid
YKR044W,0.57520556,0.24722144,1.0,mid
YKR045C,0.8266027,0.24352957,0.0,mid
YKR046C,0.7505226,0.46859628,16.0,mid
YKR047W,0.23960565,0.5140254,10.0,low_c
YKR048C,0.7993368,0.32281312,2.0,mid
YKR049C,0.67361176,0.44581077,8.0,mid
YKR050W,0.7111618,0.34148085,1.0,mid
YKR051W,0.58406913,0.2054867,0.0,mid
YKR052C,0.72192365,0.48577818,15.0,mid
YKR053C,0.5818868,0.49276242,17.0,mid
YKR054C,0.77091235,0.21891005,0.0,mid
YKR055W,0.841015,0.18255015,0.0,mid
YKR056W,0.567804,0.33284497,5.0,mid
YKR057W,0.5581244,0.41243616,13.0,mid
YKR058W,0.703865,0.5220013,16.0,mid
YKR059W,0.83414656,0.29360875,8.0,mid
YKR060W,0.8499686,0.4162039,9.0,mid
YKR061W,0.6851047,0.45553806,14.0,mid
YKR062W,0.66860425,0.13276337,0.0,mid
YKR063C,0.7759301,0.2338683,1.0,mid
YKR064W,0.6969422,0.2542253,0.0,mid
YKR065C,0.7446775,0.23038301,2.0,mid
YKR066C,0.9234798,0.99501485,56.0,high_c
YKR067W,0.88174045,0.3232037,2.0,mid
YKR068C,0.89601815,0.2625473,1.0,high_c
YKR069W,0.8231053,0.34161976,5.0,mid
YKR070W,0.5470716,0.15681797,0.0,mid
YKR071C,0.82251066,0.35941935,6.0,mid
YKR072C,0.9117856,0.28663084,1.0,high_c
YKR073C,0.48242408,0.5569785,15.0,mid
YKR074W,0.8471068,0.3270549,2.0,mid
YKR075C,0.760562,0.58024436,18.0,mid
YKR075W-A,0.208433,0.51612467,16.0,low_c
YKR076W,0.8465722,0.9073439,42.0,mid
YKR077W,0.8125085,0.35198066,2.0,mid
YKR078W,0.82853216,0.20594734,1.0,mid
YKR079C,0.8343363,0.30447415,1.0,mid
YKR080W,0.72232556,0.3613555,5.0,mid
YKR081C,0.6170337,0.4176063,12.0,mid
YKR082W,0.73336524,0.19495721,0.0,mid
YKR083C,0.69444937,0.2752468,1.0,mid
YKR084C,0.78025275,0.15227894,1.0,mid
YKR085C,0.63625455,0.23909284,0.0,mid
YKR086W,0.7090775,0.26462144,0.0,mid
YKR087C,0.7599492,0.20805061,2.0,mid
YKR088C,0.6478822,0.22019102,1.0,mid
YKR089C,0.7996652,0.34531158,3.0,mid
YKR090W,0.72607636,0.24137215,0.0,mid
YKR091W,0.8371307,0.38053328,7.0,mid
YKR092C,0.7341888,0.33680087,4.0,mid
YKR093W,0.7076555,0.6766382,32.0,mid
YKR094C,0.666543,0.3689277,13.0,mid
YKR095W,0.71671504,0.17632854,0.0,mid
YKR095W-A,0.6676718,0.3305351,2.0,mid
YKR096W,0.6947202,0.24722694,0.0,mid
YKR097W,0.8985231,0.2872764,2.0,high_c
YKR098C,0.67443633,0.37327448,3.0,mid
YKR099W,0.6273693,0.39866483,3.0,mid
YKR100C,0.62244827,0.13360514,0.0,mid
YKR101W,0.64808464,0.26268765,0.0,mid
YKR102W,0.4785429,0.5654311,17.0,mid
YKR103W,0.30448446,0.4281699,4.0,low_c
YKR104W,0.66230553,0.4295677,8.0,mid
YKR105C,0.8577164,0.21465471,7.0,mid
YKR106W,0.7149003,0.3806173,8.0,mid
YLL001W,0.7838752,0.2242697,0.0,mid
YLL002W,0.7631684,0.25611958,0.0,mid
YLL003W,0.7882405,0.29624972,1.0,mid
YLL004W,0.5970623,0.27938122,0.0,mid
YLL005C,0.76470995,0.21900027,5.0,mid
YLL006W,0.76300305,0.20699367,0.0,mid
YLL006W-A,0.38931477,0.37635618,6.0,mid
YLL007C,0.6895549,0.29880956,0.0,mid
YLL008W,0.5066536,0.46829045,12.0,mid
YLL009C,0.614409,0.34424144,2.0,mid
YLL010C,0.8871618,0.24852413,0.0,mid
YLL011W,0.8302731,0.36425126,2.0,mid
YLL012W,0.7477851,0.31884772,7.0,mid
YLL013C,0.57878256,0.32622075,2.0,mid
YLL014W,0.6311577,0.2981765,2.0,mid
YLL015W,0.70245874,0.22067258,0.0,mid
YLL018C,0.8588283,0.22709009,1.0,mid
YLL018C-A,0.78384846,0.32719597,5.0,mid
YLL019C,0.7441762,0.41603002,7.0,mid
YLL019W-A,0.40978265,0.85048544,37.0,mid
YLL020C,0.6522682,0.025225319,0.0,mid
YLL021W,0.7333752,0.2135837,0.0,mid
YLL022C,0.80111325,0.30464464,3.0,mid
YLL023C,0.6954028,0.34073946,6.0,mid
YLL024C,0.905272,0.35113963,3.0,high_c
YLL025W,0.74701625,0.37966406,4.0,mid
YLL026W,0.7738484,0.6785955,28.0,mid
YLL027W,0.79295015,0.5014049,9.0,mid
YLL028W,0.9378493,0.36134917,6.0,high_c
YLL029W,0.6637547,0.18695223,0.0,mid
YLL030C,0.48307985,0.30550736,0.0,mid
YLL031C,0.82808965,0.24643452,1.0,mid
YLL032C,0.80517375,0.2832024,5.0,mid
YLL033W,0.74029106,0.23408832,1.0,mid
YLL034C,0.8002707,0.32615343,4.0,mid
YLL035W,0.67391074,0.3508756,2.0,mid
YLL036C,0.7955735,0.18264899,0.0,mid
YLL037W,0.1867059,0.40626463,4.0,low_c
YLL038C,0.754468,0.37733373,3.0,mid
YLL039C,0.9007206,0.42124164,8.0,high_c
YLL040C,0.85026747,0.25768355,0.0,mid
YLL041C,0.57593083,0.6373011,30.0,mid
YLL042C,0.6660991,0.2979219,2.0,mid
YLL043W,0.7627666,0.19995384,0.0,mid
YLL044W,0.27418843,0.4185224,5.0,low_c
YLL045C,0.7547641,0.34817398,5.0,mid
YLL046C,0.7967783,0.28447136,1.0,mid
YLL047W,0.5793934,0.43609732,11.0,mid
YLL048C,0.73701656,0.2631558,1.0,mid
YLL049W,0.4722591,0.4306134,5.0,mid
YLL050C,0.8938383,0.56115323,18.0,high_c
YLL051C,0.8169913,0.46119806,11.0,mid
YLL052C,0.82971114,0.4993512,12.0,mid
YLL053C,0.7655478,0.55117303,20.0,mid
YLL054C,0.78376186,0.36090875,6.0,mid
YLL055W,0.7977579,0.53931576,18.0,mid
YLL056C,0.76145,0.28347635,1.0,mid
YLL057C,0.630682,0.2707991,5.0,mid
YLL058W,0.7221193,0.30072287,2.0,mid
YLL059C,0.6601483,0.3377159,2.0,mid
YLL060C,0.8056334,0.89975494,42.0,mid
YLL061W,0.78349686,0.6259713,23.0,mid
YLL062C,0.7709691,0.56204045,21.0,mid
YLL063C,0.7365675,0.26459005,1.0,mid
YLL064C,0.84470713,0.040883668,0.0,mid
YLL065W,0.66556835,0.06426158,2.0,mid
YLL066C,0.57020265,0.34951067,9.0,mid
YLL066W-A,0.4103487,0.17886123,4.0,mid
YLL066W-B,0.34049085,0.6451969,32.0,low_c
YLL067C,0.596326,0.11968176,0.0,mid
YLL067W-A,0.51304626,0.018352114,0.0,mid
YLR001C,0.8008817,0.2582995,0.0,mid
YLR002C,0.6542747,0.32051763,2.0,mid
YLR003C,0.7075838,0.34000638,5.0,mid
YLR004C,0.9075867,0.62364984,20.0,high_c
YLR005W,0.77363145,0.17722899,1.0,mid
YLR006C,0.6924085,0.3310829,0.0,mid
YLR007W,0.46381828,0.19156231,0.0,mid
YLR008C,0.7362436,0.26241696,4.0,mid
YLR009W,0.8226641,0.4152617,8.0,mid
YLR010C,0.59053195,0.18351015,0.0,mid
YLR011W,0.77061826,0.24760531,1.0,mid
YLR012C,0.780917,0.42436877,9.0,mid
YLR013W,0.77487963,0.13784266,0.0,mid
YLR014C,0.72066236,0.3498078,2.0,mid
YLR015W,0.7887549,0.24345264,0.0,mid
YLR016C,0.541231,0.22286785,0.0,mid
YLR017W,0.6173853,0.22753781,1.0,mid
YLR018C,0.7979226,0.22426632,0.0,mid
YLR019W,0.3810456,0.20936458,0.0,mid
YLR020C,0.779746,0.15569282,0.0,mid
YLR021W,0.8133811,0.24838005,0.0,mid
YLR022C,0.69082665,0.28868073,0.0,mid
YLR023C,0.7866424,0.38068324,3.0,mid
YLR024C,0.7507989,0.26235363,1.0,mid
YLR025W,0.8074985,0.25009587,1.0,mid
YLR026C,0.85008574,0.14277889,0.0,mid
YLR027C,0.9329578,0.28141162,1.0,high_c
YLR028C,0.90290815,0.24304761,0.0,high_c
YLR029C,0.8775095,0.39182118,8.0,mid
YLR030W,0.83837724,0.41923982,15.0,mid
YLR031W,0.78069687,0.39751452,8.0,mid
YLR032W,0.80096585,0.26083514,0.0,mid
YLR033W,0.7440235,0.23200281,0.0,mid
YLR034C,0.8153637,0.57102114,22.0,mid
YLR035C,0.76770586,0.4710915,5.0,mid
YLR036C,0.8292373,0.17502373,0.0,mid
YLR037C,0.7170589,0.30513328,2.0,mid
YLR038C,0.6201746,0.26785916,3.0,mid
YLR039C,0.40255663,0.21991599,0.0,mid
YLR040C,0.78404135,0.44079152,10.0,mid
YLR041W,0.31979063,0.43973726,8.0,low_c
YLR042C,0.75846493,0.83327043,42.0,mid
YLR043C,0.846611,0.30463922,2.0,mid
YLR044C,0.8772817,0.36480597,6.0,mid
YLR045C,0.7193137,0.2898588,1.0,mid
YLR046C,0.66981685,0.35121986,3.0,mid
YLR047C,0.77432823,0.35798356,3.0,mid
YLR048W,0.78089374,0.33287275,4.0,mid
YLR049C,0.7512015,0.2849807,2.0,mid
YLR050C,0.6290753,0.3576808,3.0,mid
YLR051C,0.59110683,0.35543045,6.0,mid
YLR052W,0.8191939,0.13088773,0.0,mid
YLR053C,0.76778376,0.5479165,23.0,mid
YLR054C,0.7622948,0.24494095,2.0,mid
YLR055C,0.6905943,0.27876687,1.0,mid
YLR056W,0.75625676,0.58788073,23.0,mid
YLR057W,0.78186285,0.26695886,1.0,mid
YLR058C,0.94714355,0.49623206,11.0,high_c
YLR059C,0.77357966,0.222385,0.0,mid
YLR060W,0.8996515,0.2073807,1.0,high_c
YLR061W,0.5681457,0.42939922,14.0,mid
YLR062C,0.14181049,0.42763817,6.0,low_c
YLR063W,0.57606727,0.43362203,6.0,mid
YLR064W,0.70927763,0.29797146,1.0,mid
YLR065C,0.6595031,0.22060205,0.0,mid
YLR066W,0.7574773,0.26929593,2.0,mid
YLR067C,0.7263265,0.28127447,0.0,mid
YLR068W,0.5952286,0.4697849,17.0,mid
YLR069C,0.7794437,0.21933526,0.0,mid
YLR070C,0.8433653,0.2796163,5.0,mid
YLR071C,0.7285312,0.23338747,0.0,mid
YLR072W,0.5973462,0.17208654,0.0,mid
YLR073C,0.68009925,0.4687203,10.0,mid
YLR074C,0.7909899,0.39022815,9.0,mid
YLR075W,0.87982684,0.25675258,4.0,mid
YLR076C,0.1877169,0.49023122,6.0,low_c
YLR077W,0.8531698,0.18983041,0.0,mid
YLR078C,0.74827003,0.15518525,0.0,mid
YLR079W,0.847592,0.22882518,0.0,mid
YLR080W,0.6057634,0.3893929,11.0,mid
YLR081W,0.8903165,0.29604778,7.0,mid
YLR082C,0.72838455,0.2565857,0.0,mid
YLR083C,0.78477323,0.22889139,1.0,mid
YLR084C,0.78571415,0.36663523,2.0,mid
YLR085C,0.73873836,0.19231622,1.0,mid
YLR086W,0.7978891,0.20226711,1.0,mid
YLR087C,0.7292249,0.207927,0.0,mid
YLR088W,0.7018142,0.20983046,0.0,mid
YLR089C,0.8869486,0.32046017,4.0,mid
YLR090W,0.79715824,0.26837236,1.0,mid
YLR091W,0.6714873,0.18253547,1.0,mid
YLR092W,0.63396305,0.30410245,3.0,mid
YLR093C,0.73887444,0.20183718,0.0,mid
YLR094C,0.7350761,0.27408734,1.0,mid
YLR095C,0.83506507,0.20136368,0.0,mid
YLR096W,0.67347896,0.22913347,0.0,mid
YLR097C,0.64083004,0.18886834,0.0,mid
YLR098C,0.8353358,0.3083716,0.0,mid
YLR099C,0.6431861,0.33874786,4.0,mid
YLR099W-A,0.42151794,0.39847958,8.0,mid
YLR100W,0.86833197,0.31700763,4.0,mid
YLR101C,0.2035273,0.4302567,4.0,low_c
YLR102C,0.6714619,0.2307159,0.0,mid
YLR103C,0.8048031,0.37595165,6.0,mid
YLR104W,0.86171263,0.2807144,1.0,mid
YLR105C,0.801664,0.15577152,0.0,mid
YLR106C,0.79403955,0.33512703,3.0,mid
YLR107W,0.6689607,0.17865464,0.0,mid
YLR108C,0.79853785,0.64324075,26.0,mid
YLR109W,0.8301765,0.3509361,3.0,mid
YLR110C,0.72479224,0.37241626,4.0,mid
YLR111W,0.32288074,0.4038128,7.0,low_c
YLR112W,0.4883627,0.38861117,11.0,mid
YLR113W,0.83516854,0.15268697,0.0,mid
YLR114C,0.87634504,0.16289099,1.0,mid
YLR115W,0.9204157,0.27974486,0.0,high_c
YLR116W,0.7109037,0.30883634,0.0,mid
YLR117C,0.7787521,0.21917339,0.0,mid
YLR118C,0.7349585,0.16925173,0.0,mid
YLR119W,0.50897807,0.28311187,2.0,mid
YLR120C,0.8942955,0.31896725,5.0,high_c
YLR120W-A,0.38681906,0.53256613,17.0,mid
YLR121C,0.84208345,0.3630355,8.0,mid
YLR122C,0.7845916,0.34481487,2.0,mid
YLR123C,0.7673864,0.37798113,3.0,mid
YLR124W,0.76169413,0.5424174,13.0,mid
YLR125W,0.48020232,0.3063186,1.0,mid
YLR126C,0.69344735,0.7388979,37.0,mid
YLR127C,0.84164274,0.25392076,0.0,mid
YLR128W,0.74120533,0.16734295,0.0,mid
YLR129W,0.80863297,0.36208895,5.0,mid
YLR130C,0.75758064,0.3558871,4.0,mid
YLR131C,0.84879047,0.32259992,2.0,mid
YLR132C,0.80637735,0.3493423,4.0,mid
YLR133W,0.8770974,0.30697477,5.0,mid
YLR134W,0.92530715,0.37099302,5.0,high_c
YLR135W,0.8145282,0.30077782,0.0,mid
YLR136C,0.8455194,1.3925949,55.0,mid
YLR137W,0.36127767,0.26697364,1.0,mid
YLR138W,0.6297181,0.14581594,0.0,mid
YLR139C,0.82374716,0.34358263,3.0,mid
YLR140W,0.45017317,0.25339034,4.0,mid
YLR141W,0.44186318,0.15447801,0.0,mid
YLR142W,0.88175744,0.35111699,4.0,mid
YLR143W,0.7345945,0.16264254,0.0,mid
YLR144C,0.75795394,0.25615534,0.0,mid
YLR145W,0.76043874,0.2228805,0.0,mid
YLR146C,0.7609336,0.28481084,4.0,mid
YLR146W-A,0.54247725,0.3056413,0.0,mid
YLR147C,0.68672323,0.34015623,3.0,mid
YLR148W,0.623944,0.19226623,0.0,mid
YLR149C,0.8631021,0.6588285,30.0,mid
YLR149C-A,0.35691983,0.6433005,18.0,low_c
YLR150W,0.9058533,0.27308872,4.0,high_c
YLR151C,0.61855394,0.30887014,1.0,mid
YLR152C,0.77404106,0.4755303,19.0,mid
YLR153C,0.91701293,0.22192334,3.0,high_c
YLR154C,0.74821204,0.2799156,0.0,mid
YLR154C-G,0.6898951,0.0,0.0,mid
YLR154C-H,0.6736271,0.11867856,5.0,mid
YLR154W-A,0.73318905,0.0,0.0,mid
YLR154W-B,0.6563862,0.0,0.0,mid
YLR154W-C,0.6907079,0.0,0.0,mid
YLR154W-E,0.7411345,0.0,0.0,mid
YLR154W-F,0.7593056,0.0,0.0,mid
YLR155C,0.6660002,0.000595049,0.0,mid
YLR156C-A,0.43182838,0.0,0.0,mid
YLR156W,0.66734576,0.007967393,0.0,mid
YLR157C,0.64938366,0.0,0.0,mid
YLR157C-C,0.63183063,0.0,0.0,mid
YLR157W-D,0.7241642,0.010939375,0.0,mid
YLR157W-E,0.59275204,0.018032145,0.0,mid
YLR158C,0.66230124,0.0,0.0,mid
YLR159C-A,0.37925032,0.0,0.0,mid
YLR159W,0.6861539,0.0,0.0,mid
YLR160C,0.6464626,0.0,0.0,mid
YLR161W,0.7088873,0.25178164,5.0,mid
YLR162W,0.7433025,0.34499252,5.0,mid
YLR162W-A,0.5109114,1.4195585,74.0,mid
YLR163C,0.87473196,0.23863931,1.0,mid
YLR163W-A,0.5280641,0.34891284,13.0,mid
YLR164W,0.84022516,0.39150012,6.0,mid
YLR165C,0.7719728,0.24784727,2.0,mid
YLR166C,0.80101264,0.24997298,0.0,mid
YLR167W,0.87560165,0.55787057,15.0,mid
YLR168C,0.6748253,0.27138683,4.0,mid
YLR169W,0.22242416,0.4371399,6.0,low_c
YLR170C,0.8071765,0.38734886,3.0,mid
YLR171W,0.15714847,0.5679298,13.0,low_c
YLR172C,0.83426327,0.21206589,4.0,mid
YLR173W,0.80453455,0.2538238,1.0,mid
YLR174W,0.82667154,0.34520122,5.0,mid
YLR175W,0.8880753,0.32236964,4.0,mid
YLR176C,0.69449794,0.31921834,4.0,mid
YLR177W,0.852949,0.4598957,9.0,mid
YLR178C,0.80601203,0.68053865,31.0,mid
YLR179C,0.85502374,0.26843244,4.0,mid
YLR180W,0.9188168,0.45931962,12.0,high_c
YLR181C,0.591626,0.18989229,1.0,mid
YLR182W,0.76320475,0.26012355,0.0,mid
YLR183C,0.9060851,0.36756533,13.0,high_c
YLR184W,0.4997737,0.20826402,5.0,mid
YLR185W,0.67516756,0.4510225,18.0,mid
YLR186W,0.86779016,0.2869836,2.0,mid
YLR187W,0.86736876,0.23568004,0.0,mid
YLR188W,0.6030045,0.13614704,0.0,mid
YLR189C,0.59778744,0.2384132,0.0,mid
YLR190W,0.81607336,0.20413712,2.0,mid
YLR191W,0.6908567,0.18416183,1.0,mid
YLR192C,0.83743715,0.30905965,1.0,mid
YLR193C,0.78993887,0.3231873,2.0,mid
YLR194C,0.8467543,0.23806775,4.0,mid
YLR195C,0.87673324,0.1495247,1.0,mid
YLR196W,0.91356325,0.32252187,2.0,high_c
YLR197W,0.880332,0.39418542,7.0,mid
YLR198C,0.29421705,0.49237353,7.0,low_c
YLR199C,0.774324,0.14809623,0.0,mid
YLR200W,0.6211643,0.24064866,0.0,mid
YLR201C,0.8464916,0.25295252,1.0,mid
YLR202C,0.42501834,0.44064915,9.0,mid
YLR203C,0.8376756,0.17961122,0.0,mid
YLR204W,0.79060704,0.29670852,0.0,mid
YLR205C,0.9223199,1.5910093,76.0,high_c
YLR206W,0.6843657,0.23548448,0.0,mid
YLR207W,0.79260397,0.15777084,0.0,mid
YLR208W,0.83813554,0.16637552,3.0,mid
YLR209C,0.79551786,0.21399093,0.0,mid
YLR210W,0.7744676,0.29217795,2.0,mid
YLR211C,0.659027,0.22675222,0.0,mid
YLR212C,0.88245916,0.37941417,6.0,mid
YLR213C,0.8732049,0.5770462,27.0,mid
YLR214W,0.78492695,1.15721,57.0,mid
YLR215C,0.84281206,0.22662169,0.0,mid
YLR216C,0.82573473,0.4207213,8.0,mid
YLR217W,0.42533886,0.4007249,7.0,mid
YLR218C,0.44416276,0.36179173,5.0,mid
YLR219W,0.7136545,0.23289678,0.0,mid
YLR220W,0.58450407,0.51459277,13.0,mid
YLR221C,0.5645275,0.27842447,5.0,mid
YLR222C,0.84372336,0.3532898,2.0,mid
YLR222C-A,0.54475355,0.15526776,2.0,mid
YLR223C,0.67981637,0.34139216,3.0,mid
YLR224W,0.7407251,0.14977193,0.0,mid
YLR225C,0.746934,0.21959436,0.0,mid
YLR226W,0.78970706,0.2888038,0.0,mid
YLR227C,0.8159169,0.24728777,0.0,mid
YLR228C,0.8016325,0.3338206,7.0,mid
YLR229C,0.91969126,0.18412918,1.0,high_c
YLR230W,0.24168324,0.4267777,6.0,low_c
YLR231C,0.77131283,0.26138645,2.0,mid
YLR232W,0.5973007,0.38570306,4.0,mid
YLR233C,0.69611526,0.3364396,1.0,mid
YLR234W,0.8123323,0.33537847,1.0,mid
YLR235C,0.24476169,0.2815235,4.0,low_c
YLR236C,0.36437526,0.5268574,12.0,mid
YLR237W,0.896055,0.69800496,26.0,high_c
YLR238W,0.75985473,0.24610296,0.0,mid
YLR239C,0.7118218,0.22903146,0.0,mid
YLR240W,0.7777417,0.2495931,0.0,mid
YLR241W,0.7769826,0.24941541,1.0,mid
YLR242C,0.57699174,0.27327132,0.0,mid
YLR243W,0.7065693,0.19265981,0.0,mid
YLR244C,0.8447048,0.23892115,4.0,mid
YLR245C,0.529816,0.33175638,1.0,mid
YLR246W,0.7413441,0.17573872,1.0,mid
YLR247C,0.66927385,0.24210511,0.0,mid
YLR248W,0.63764066,0.11739448,0.0,mid
YLR249W,0.89786285,0.35082504,2.0,high_c
YLR250W,0.851152,0.3054171,0.0,mid
YLR251W,0.636601,0.59608704,23.0,mid
YLR252W,0.41920435,0.6021704,24.0,mid
YLR253W,0.844852,0.19947962,1.0,mid
YLR254C,0.7994344,0.23264141,1.0,mid
YLR255C,0.37564707,0.54720235,16.0,mid
YLR256W,0.7122354,0.31723174,1.0,mid
YLR257W,0.6145434,0.44169492,11.0,mid
YLR258W,0.88913214,0.7490343,36.0,mid
YLR259C,0.92249095,0.34127277,4.0,high_c
YLR260W,0.484727,0.23435862,0.0,mid
YLR261C,0.6884326,0.2638182,0.0,mid
YLR262C,0.69792,0.3510238,10.0,mid
YLR262C-A,0.60957,0.35813493,6.0,mid
YLR263W,0.5635816,0.43347874,2.0,mid
YLR264C-A,0.28501263,0.64774245,12.0,low_c
YLR264W,0.5653254,0.38317227,6.0,mid
YLR265C,0.71375585,0.16676779,0.0,mid
YLR266C,0.41598418,0.36197445,3.0,mid
YLR267W,0.807363,0.59966093,20.0,mid
YLR268W,0.8347392,0.17756207,0.0,mid
YLR269C,0.41752473,0.3271813,6.0,mid
YLR270W,0.68447703,0.4371708,11.0,mid
YLR271W,0.5784308,0.2255554,0.0,mid
YLR272C,0.7710159,0.27781916,0.0,mid
YLR273C,0.82933474,0.34214368,2.0,mid
YLR274W,0.75016224,0.17820495,0.0,mid
YLR275W,0.85142606,0.19688474,1.0,mid
YLR276C,0.7998877,0.3378327,3.0,mid
YLR277C,0.7679626,0.2527367,0.0,mid
YLR278C,0.7304748,0.31603613,2.0,mid
YLR279W,0.37993068,0.54066664,17.0,mid
YLR280C,0.6320801,0.16163215,1.0,mid
YLR281C,0.76761365,0.2848975,4.0,mid
YLR282C,0.5448714,0.33875236,4.0,mid
YLR283W,0.6274752,0.20367178,0.0,mid
YLR284C,0.6799088,0.2723788,1.0,mid
YLR285C-A,0.20214047,0.6446303,23.0,low_c
YLR285W,0.8675897,0.2087958,0.0,mid
YLR286C,0.8162579,0.32003585,3.0,mid
YLR286W-A,0.23172054,0.6031805,16.0,low_c
YLR287C,0.85544765,0.22776721,0.0,mid
YLR287C-A,0.67715263,0.36730224,9.0,mid
YLR288C,0.7802299,0.18321303,0.0,mid
YLR289W,0.6973231,0.2730339,1.0,mid
YLR290C,0.8429511,0.26517126,1.0,mid
YLR291C,0.8584095,0.21656516,0.0,mid
YLR292C,0.8592908,0.19790372,1.0,mid
YLR293C,0.8710416,0.2144958,1.0,mid
YLR294C,0.5138947,0.40525565,13.0,mid
YLR295C,0.8662134,0.26209527,2.0,mid
YLR296W,0.5761707,0.35683975,6.0,mid
YLR297W,0.8032215,0.6972095,32.0,mid
YLR298C,0.83887136,0.19712783,2.0,mid
YLR299C-A,0.6269392,0.7073854,27.0,mid
YLR299W,0.9006757,0.38773808,5.0,high_c
YLR300W,0.95665574,0.28174666,1.0,high_c
YLR301W,0.8889045,0.26668584,3.0,mid
YLR302C,0.45315433,0.009864011,0.0,mid
YLR303W,0.8010322,0.0,0.0,mid
YLR304C,0.90526104,0.3614417,3.0,high_c
YLR305C,0.7107552,0.24541132,0.0,mid
YLR306W,0.781802,0.17571367,1.0,mid
YLR307C-A,0.81776613,0.32177934,6.0,mid
YLR307W,0.6690911,0.34103286,4.0,mid
YLR308W,0.761697,0.08972208,1.0,mid
YLR309C,0.8634231,0.2404987,1.0,mid
YLR310C,0.564577,0.25752828,0.0,mid
YLR311C,0.49323386,0.35682973,6.0,mid
YLR312C,0.7225305,0.5422498,13.0,mid
YLR312W-A,0.8975346,0.17217946,0.0,high_c
YLR313C,0.76981926,0.42828873,6.0,mid
YLR314C,0.8981306,0.14244847,1.0,high_c
YLR315W,0.71658045,0.30063087,2.0,mid
YLR316C,0.7097298,0.22237529,2.0,mid
YLR317W,0.5214705,0.27861637,1.0,mid
YLR318W,0.70998406,0.3887523,3.0,mid
YLR319C,0.8177165,0.17800418,0.0,mid
YLR320W,0.71868795,0.3432561,0.0,mid
YLR321C,0.8339832,0.22694772,0.0,mid
YLR322W,0.3664567,0.42467055,6.0,mid
YLR323C,0.6520625,0.1680601,0.0,mid
YLR324W,0.90863574,0.19175577,0.0,high_c
YLR325C,0.8928751,0.41848677,8.0,high_c
YLR326W,0.9038519,0.2618281,0.0,high_c
YLR327C,0.7022984,0.98209697,50.0,mid
YLR328W,0.8443297,0.26717958,2.0,mid
YLR329W,0.79856443,0.24982467,1.0,mid
YLR330W,0.83572525,0.24118015,1.0,mid
YLR331C,0.34079883,0.4474932,7.0,low_c
YLR332W,0.70118964,0.40166062,4.0,mid
YLR333C,0.7692322,0.55360234,21.0,mid
YLR334C,0.43711838,0.3412035,6.0,mid
YLR335W,0.7188979,0.13458279,0.0,mid
YLR336C,0.55518556,0.33899552,2.0,mid
YLR337C,0.8462286,0.36124638,2.0,mid
YLR338W,0.40758753,0.3730579,5.0,mid
YLR339C,0.37510264,0.34012407,5.0,mid
YLR340W,0.81793326,0.3052502,7.0,mid
YLR341W,0.7759356,0.23092918,2.0,mid
YLR342W,0.79751736,0.2701626,1.0,mid
YLR342W-A,0.28684726,0.53902805,20.0,low_c
YLR343W,0.7099633,0.32656103,7.0,mid
YLR344W,0.85962516,0.3619984,13.0,mid
YLR345W,0.747034,0.45350492,11.0,mid
YLR346C,0.8116774,0.76979625,40.0,mid
YLR347C,0.79427016,0.2376745,0.0,mid
YLR347W-A,0.42856663,0.58984876,14.0,mid
YLR348C,0.87351996,0.71764535,33.0,mid
YLR349W,0.36271083,0.77729344,26.0,mid
YLR350W,0.8702558,0.27863085,1.0,mid
YLR351C,0.88578415,0.2375864,1.0,mid
YLR352W,0.74519384,0.35879827,4.0,mid
YLR353W,0.43970788,0.2916677,0.0,mid
YLR354C,0.8373487,0.33853137,5.0,mid
YLR355C,0.9067384,0.375654,5.0,high_c
YLR356W,0.85305506,0.40434742,11.0,mid
YLR357W,0.83748806,0.23891108,0.0,mid
YLR358C,0.14837542,0.38529897,5.0,low_c
YLR359W,0.8006515,0.24115345,2.0,mid
YLR360W,0.69510835,0.27108616,0.0,mid
YLR361C,0.6250661,0.17854284,0.0,mid
YLR361C-A,0.56099385,0.3607061,0.0,mid
YLR362W,0.76067954,0.18836069,0.0,mid
YLR363C,0.69379133,0.33804944,1.0,mid
YLR363W-A,0.667723,0.35804582,6.0,mid
YLR364C-A,0.37024572,0.59387606,17.0,mid
YLR364W,0.39625105,0.39176255,8.0,mid
YLR365W,0.6038061,0.3096034,3.0,mid
YLR366W,0.56104976,0.44310832,14.0,mid
YLR367W,0.34737733,0.31019557,6.0,low_c
YLR368W,0.7315579,0.21344224,0.0,mid
YLR369W,0.7655215,0.16312471,0.0,mid
YLR370C,0.90803134,0.32551563,4.0,high_c
YLR371W,0.8090171,0.29858452,0.0,mid
YLR372W,0.8197129,0.2729452,6.0,mid
YLR373C,0.601456,0.3112727,0.0,mid
YLR374C,0.34599763,0.46941113,9.0,low_c
YLR375W,0.6493482,0.39387506,7.0,mid
YLR376C,0.83623505,0.37410977,3.0,mid
YLR377C,0.9284569,0.2753424,5.0,high_c
YLR378C,0.94160634,0.26373413,4.0,high_c
YLR379W,0.46072388,0.4528279,7.0,mid
YLR380W,0.9302186,0.23362581,1.0,high_c
YLR381W,0.6180464,0.34709153,5.0,mid
YLR382C,0.8543558,0.23120053,0.0,mid
YLR383W,0.68502134,0.26849377,0.0,mid
YLR384C,0.6499682,0.34239528,3.0,mid
YLR385C,0.70972747,0.33632526,5.0,mid
YLR386W,0.8039214,0.16773064,0.0,mid
YLR387C,0.81528324,0.24861807,1.0,mid
YLR388W,0.71606535,0.41842678,10.0,mid
YLR389C,0.8127657,0.19718625,0.0,mid
YLR390W,0.6314597,0.2376556,1.0,mid
YLR390W-A,0.75659114,0.22115031,1.0,mid
YLR392C,0.7274774,0.26884526,0.0,mid
YLR393W,0.77442324,0.30909505,1.0,mid
YLR394W,0.5894525,0.35235164,3.0,mid
YLR395C,0.75410277,0.3461018,7.0,mid
YLR396C,0.7888645,0.33845517,2.0,mid
YLR397C,0.87556493,0.22405535,1.0,mid
YLR398C,0.85906166,0.22839253,1.0,mid
YLR399C,0.81904113,0.27433825,1.0,mid
YLR399W-A,0.41482583,0.69633406,16.0,mid
YLR400W,0.39751086,0.43420115,6.0,mid
YLR401C,0.87582356,0.379723,6.0,mid
YLR402W,0.54212964,0.3960587,5.0,mid
YLR403W,0.49499622,0.39853474,3.0,mid
YLR404W,0.7300897,0.21150203,0.0,mid
YLR405W,0.7269681,0.19895053,0.0,mid
YLR406C,0.7072521,0.36718535,8.0,mid
YLR406C-A,0.36830962,0.48230612,12.0,mid
YLR407W,0.8361198,0.29041633,0.0,mid
YLR408C,0.5966396,0.31830016,1.0,mid
YLR409C,0.7709248,0.32631013,4.0,mid
YLR410W,0.79826885,0.22575699,0.0,mid
YLR411W,0.6502706,0.27229482,5.0,mid
YLR412C-A,0.57502013,0.39702755,7.0,mid
YLR412W,0.8291026,0.22942595,1.0,mid
YLR413W,0.797491,0.5944197,18.0,mid
YLR414C,0.7297293,0.23167416,1.0,mid
YLR415C,0.38409272,0.5614915,25.0,mid
YLR416C,0.3931214,0.42471907,9.0,mid
YLR417W,0.7049926,0.1937397,1.0,mid
YLR418C,0.7033069,0.14465229,0.0,mid
YLR419W,0.72722256,0.23012733,0.0,mid
YLR420W,0.68548673,0.2881323,10.0,mid
YLR421C,0.8974482,0.20351462,1.0,high_c
YLR422W,0.70033437,0.25618556,0.0,mid
YLR423C,0.5720896,0.24560577,0.0,mid
YLR424W,0.74086255,0.2634832,0.0,mid
YLR425W,0.66978043,0.3301024,1.0,mid
YLR426W,0.5050595,0.15674588,1.0,mid
YLR427W,0.7151058,0.16226794,0.0,mid
YLR428C,0.33484232,0.4482628,9.0,low_c
YLR429W,0.9108645,0.18241812,1.0,high_c
YLR430W,0.7670145,0.20973216,0.0,mid
YLR431C,0.82818073,0.20221226,0.0,mid
YLR432W,0.9296275,0.28853464,3.0,high_c
YLR433C,0.78915995,0.24063037,0.0,mid
YLR434C,0.40119243,0.59893215,16.0,mid
YLR435W,0.67620724,0.30289844,3.0,mid
YLR436C,0.7829814,0.37058273,5.0,mid
YLR437C,0.66649884,0.3255317,5.0,mid
YLR437C-A,0.40504628,0.50151557,7.0,mid
YLR438C-A,0.72016,0.5556722,19.0,mid
YLR438W,0.8710977,0.6590433,28.0,mid
YLR439W,0.8292799,0.31002483,0.0,mid
YLR440C,0.628317,0.1662338,0.0,mid
YLR441C,0.83181596,0.310187,6.0,mid
YLR442C,0.73060787,0.22783835,0.0,mid
YLR443W,0.5881086,0.22427468,1.0,mid
YLR444C,0.505365,0.41049948,4.0,mid
YLR445W,0.8149413,0.22881366,2.0,mid
YLR446W,0.70805585,0.356437,2.0,mid
YLR447C,0.8431748,0.27633724,4.0,mid
YLR448W,0.6404246,0.25955537,2.0,mid
YLR449W,0.7539276,0.34295958,7.0,mid
YLR450W,0.8133267,0.262667,1.0,mid
YLR451W,0.5057345,0.35281894,0.0,mid
YLR452C,0.75075316,0.61886716,30.0,mid
YLR453C,0.6252076,0.33035734,3.0,mid
YLR454W,0.9341155,0.25928357,1.0,high_c
YLR455W,0.68520254,0.2670255,1.0,mid
YLR456W,0.69287544,0.24733277,0.0,mid
YLR457C,0.64048535,0.22804046,0.0,mid
YLR458W,0.4769091,0.27440244,4.0,mid
YLR459W,0.6652547,0.21149847,1.0,mid
YLR460C,0.90552014,0.6556546,35.0,high_c
YLR461W,0.8188047,0.5645667,17.0,mid
YLR462W,0.65035444,0.4186294,5.0,mid
YLR463C,0.51942337,0.21527012,2.0,mid
YLR464W,0.75470567,0.0,0.0,mid
YLR465C,0.39142573,0.41981298,9.0,mid
YLR466C-A,0.45867264,0.0,0.0,mid
YLR466C-B,0.33131236,0.4241002,8.0,low_c
YLR466W,0.44006404,0.12797627,0.0,mid
YLR467C-A,0.5244357,0.0,0.0,mid
YLR467W,0.61853796,0.00019548579,0.0,mid
YML001W,0.7836324,0.33322775,4.0,mid
YML002W,0.68426615,0.3136807,1.0,mid
YML003W,0.8517859,0.33310175,4.0,mid
YML004C,0.86903965,0.28307414,1.0,mid
YML005W,0.80063117,0.21775353,0.0,mid
YML006C,0.67424244,0.29178756,0.0,mid
YML007C-A,0.24044082,0.5002343,9.0,low_c
YML007W,0.5694505,0.3155391,1.0,mid
YML008C,0.8319875,0.2720851,1.0,mid
YML009C,0.7999976,0.28810093,1.0,mid
YML009C-A,0.23647712,0.44122034,6.0,low_c
YML009W-B,0.47153416,0.4313934,7.0,mid
YML010W,0.5878134,0.17375927,0.0,mid
YML011C,0.7589431,0.17512645,0.0,mid
YML012C-A,0.21074058,0.43570498,8.0,low_c
YML012W,0.7145161,0.24765949,1.0,mid
YML013W,0.8065725,0.21139506,1.0,mid
YML014W,0.77568,0.26564673,2.0,mid
YML015C,0.7373497,0.23165558,0.0,mid
YML016C,0.49463874,0.34840366,4.0,mid
YML017W,0.6074079,0.1494054,0.0,mid
YML018C,0.5930994,0.3429915,2.0,mid
YML019W,0.675675,0.2628167,0.0,mid
YML020W,0.66041577,0.33124423,1.0,mid
YML021C,0.52803266,0.18846324,0.0,mid
YML022W,0.87788755,0.22888343,4.0,mid
YML023C,0.7844155,0.29557964,0.0,mid
YML024W,0.60757416,0.40438148,9.0,mid
YML025C,0.8976879,0.18558581,0.0,high_c
YML026C,0.78420305,0.28612837,3.0,mid
YML027W,0.8777882,0.4637194,6.0,mid
YML028W,0.87538064,0.473914,10.0,mid
YML029W,0.8248962,0.24039842,0.0,mid
YML030W,0.74050295,0.3657702,5.0,mid
YML031C-A,0.3751786,0.3572282,6.0,mid
YML031W,0.7171099,0.13705081,0.0,mid
YML032C,0.8208887,0.20652038,0.0,mid
YML034C-A,0.4632655,0.3722519,4.0,mid
YML034W,0.7746206,0.24526249,1.0,mid
YML035C,0.8103054,0.20834963,0.0,mid
YML036W,0.7305383,0.35348627,2.0,mid
YML037C,0.70030385,0.35585165,1.0,mid
YML038C,0.58432776,0.39355654,3.0,mid
YML041C,0.6442297,0.30410287,7.0,mid
YML042W,0.8632902,0.33798045,7.0,mid
YML043C,0.75946444,0.4101534,6.0,mid
YML046W,0.61313903,0.24155056,0.0,mid
YML047C,0.7811298,0.5675785,17.0,mid
YML047W-A,0.67516094,0.12484165,3.0,mid
YML048W,0.84195346,0.18716833,1.0,mid
YML049C,0.4994113,0.26911908,0.0,mid
YML050W,0.680395,0.26943177,1.0,mid
YML051W,0.8420368,0.2824241,5.0,mid
YML052W,0.82618666,0.29166827,1.0,mid
YML053C,0.800396,0.3546116,1.0,mid
YML054C,0.83984417,0.6802305,27.0,mid
YML054C-A,0.6526609,0.72251904,22.0,mid
YML055W,0.67010814,0.21918297,0.0,mid
YML056C,0.8608217,0.4309154,12.0,mid
YML057C-A,0.38648793,0.4556634,6.0,mid
YML057W,0.8427444,0.22480492,0.0,mid
YML058W,0.48211744,0.4029476,7.0,mid
YML058W-A,0.6804541,0.62072754,25.0,mid
YML059C,0.5813049,0.27198455,2.0,mid
YML060W,0.7407408,0.30053398,5.0,mid
YML061C,0.7330498,0.242641,0.0,mid
YML062C,0.8477768,0.23483838,0.0,mid
YML063W,0.80154186,0.3509628,6.0,mid
YML064C,0.7986519,0.25819093,2.0,mid
YML065W,0.6346121,0.31900844,2.0,mid
YML066C,0.8011485,0.1805745,4.0,mid
YML067C,0.6516272,0.13304655,0.0,mid
YML068W,0.5841963,0.27454564,2.0,mid
YML069W,0.87123495,0.16788505,1.0,mid
YML070W,0.8931174,0.27180633,5.0,high_c
YML071C,0.71418977,0.3363299,0.0,mid
YML072C,0.69825625,0.17335784,0.0,mid
YML073C,0.6701539,0.3716217,13.0,mid
YML074C,0.85778296,0.18006337,0.0,mid
YML075C,0.88755924,0.21533418,1.0,mid
YML076C,0.62773615,0.35440573,1.0,mid
YML077W,0.7861649,0.21646293,0.0,mid
YML078W,0.87949175,0.2114283,0.0,mid
YML079W,0.517671,0.23104584,0.0,mid
YML080W,0.65520024,0.34412873,4.0,mid
YML081C-A,0.7599892,0.36235985,8.0,mid
YML081W,0.83962315,0.3423544,1.0,mid
YML082W,0.7584343,0.36277264,2.0,mid
YML083C,0.82429355,0.27144885,4.0,mid
YML084W,0.29789147,0.38116026,5.0,low_c
YML085C,0.8838554,0.22244154,0.0,mid
YML086C,0.9133647,0.29919434,6.0,high_c
YML087C,0.7100476,0.36613315,5.0,mid
YML088W,0.7223558,0.1843437,0.0,mid
YML089C,0.78456867,0.47633445,14.0,mid
YML090W,0.39597377,0.5140772,7.0,mid
YML091C,0.79925174,0.77613163,36.0,mid
YML092C,0.77801013,0.24071823,2.0,mid
YML093W,0.7012219,0.4197495,15.0,mid
YML094C-A,0.19548318,0.3861677,5.0,low_c
YML094W,0.65458965,0.20769732,0.0,mid
YML095C,0.69061464,0.21470228,1.0,mid
YML096W,0.7828504,0.2841809,1.0,mid
YML097C,0.72402215,0.20496924,1.0,mid
YML098W,0.70237654,0.2629866,0.0,mid
YML099C,0.6129211,0.32920384,1.0,mid
YML099W-A,0.72910005,0.47184473,11.0,mid
YML100W,0.8567306,0.8621624,42.0,mid
YML100W-A,0.35902017,0.4685883,9.0,mid
YML101C,0.4354463,0.47064036,10.0,mid
YML101C-A,0.4530918,0.4822248,13.0,mid
YML102W,0.83508337,0.26651433,0.0,mid
YML103C,0.73907834,0.26644716,0.0,mid
YML104C,0.61776954,0.29602316,1.0,mid
YML105C,0.75514287,0.18778321,0.0,mid
YML106W,0.73690534,0.23435616,1.0,mid
YML107C,0.7806426,0.17438178,0.0,mid
YML108W,0.78109586,0.29931414,7.0,mid
YML109W,0.8058826,0.3330733,2.0,mid
YML110C,0.825421,0.21045083,0.0,mid
YML111W,0.62537557,0.30899203,0.0,mid
YML112W,0.56791073,0.18776315,0.0,mid
YML113W,0.45974094,0.35775402,4.0,mid
YML114C,0.7404963,0.17011224,1.0,mid
YML115C,0.84316814,0.19654137,0.0,mid
YML116W,0.63652104,0.7565559,37.0,mid
YML116W-A,0.44925538,0.5692919,18.0,mid
YML117W,0.5181785,0.257946,0.0,mid
YML118W,0.72524554,0.34234065,3.0,mid
YML119W,0.74502826,0.21133858,2.0,mid
YML120C,0.9417762,0.4761355,16.0,high_c
YML121W,0.6688404,0.20299736,1.0,mid
YML122C,0.5096632,0.6635903,26.0,mid
YML123C,0.84776384,0.45566398,9.0,mid
YML124C,0.86009157,0.18606679,0.0,mid
YML125C,0.8755288,0.32165715,3.0,mid
YML126C,0.7909671,0.36105937,0.0,mid
YML127W,0.77972347,0.22543596,0.0,mid
YML128C,0.880638,0.67476773,28.0,mid
YML129C,0.76712984,0.34672782,1.0,mid
YML130C,0.83414173,0.41992617,10.0,mid
YML131W,0.7650814,0.83265376,33.0,mid
YML132W,0.76205486,0.4062259,14.0,mid
YML133C,0.6097746,0.18731762,0.0,mid
YML133W-A,0.49587557,0.017208949,0.0,mid
YML133W-B,0.46202007,0.0,0.0,mid
YMR001C,0.8058489,0.31906086,5.0,mid
YMR001C-A,0.5065768,0.69176215,32.0,mid
YMR002W,0.8321527,0.28500813,2.0,mid
YMR003W,0.65111375,0.34747598,8.0,mid
YMR004W,0.84994185,0.2162154,0.0,mid
YMR005W,0.80070204,0.1814675,1.0,mid
YMR006C,0.841932,0.50535256,18.0,mid
YMR007W,0.38499385,0.5957779,25.0,mid
YMR008C,0.78940403,0.4908839,14.0,mid
YMR009W,0.81047577,0.22195897,1.0,mid
YMR010W,0.8266219,0.24024333,0.0,mid
YMR011W,0.90614104,0.63966906,31.0,high_c
YMR012W,0.77125776,0.22843035,0.0,mid
YMR013C,0.5775574,0.31933135,1.0,mid
YMR013C-A,0.78683174,0.0,0.0,mid
YMR013W-A,0.3225892,0.0,0.0,low_c
YMR014W,0.7612634,0.37619472,6.0,mid
YMR015C,0.9330478,0.2992579,1.0,high_c
YMR016C,0.4934213,0.32431304,3.0,mid
YMR017W,0.7350007,0.27261642,2.0,mid
YMR018W,0.85756576,0.36702248,4.0,mid
YMR019W,0.59406054,0.40500107,3.0,mid
YMR020W,0.7646685,0.2150159,1.0,mid
YMR021C,0.798552,0.20198394,0.0,mid
YMR022W,0.89109766,0.3203584,1.0,mid
YMR023C,0.7805328,0.19114508,0.0,mid
YMR024W,0.76886255,0.14912902,0.0,mid
YMR025W,0.7879338,0.21173358,0.0,mid
YMR026C,0.70419675,0.1547342,1.0,mid
YMR027W,0.89635956,0.21268746,1.0,high_c
YMR028W,0.87352705,0.26644573,0.0,mid
YMR029C,0.8102623,0.17979072,0.0,mid
YMR030W,0.7696805,0.3680698,2.0,mid
YMR030W-A,0.44617236,0.48760712,15.0,mid
YMR031C,0.8237171,0.26607987,1.0,mid
YMR031W-A,0.35866848,0.52239275,12.0,mid
YMR032W,0.7621772,0.30260307,3.0,mid
YMR033W,0.78865844,0.16455281,1.0,mid
YMR034C,0.64757216,0.3532313,5.0,mid
YMR035W,0.7807809,0.29452673,2.0,mid
YMR036C,0.80993855,0.27179176,0.0,mid
YMR037C,0.49224055,0.35361987,1.0,mid
YMR038C,0.8039188,0.33371013,6.0,mid
YMR039C,0.7301586,0.19194931,0.0,mid
YMR040W,0.6713439,0.37846372,9.0,mid
YMR041C,0.76687163,0.3270205,9.0,mid
YMR042W,0.5816055,0.20447014,1.0,mid
YMR043W,0.6937975,0.23597786,0.0,mid
YMR044W,0.839987,0.18650842,1.0,mid
YMR046W-A,0.30769894,0.48358324,14.0,low_c
YMR047C,0.6575152,0.1885762,0.0,mid
YMR048W,0.8180154,0.25950983,1.0,mid
YMR049C,0.5510688,0.38230136,7.0,mid
YMR052C-A,0.6239679,0.32114282,4.0,mid
YMR052W,0.7330559,0.20239866,0.0,mid
YMR053C,0.80315316,0.40243542,4.0,mid
YMR054W,0.6902168,0.28424364,0.0,mid
YMR055C,0.6891764,0.193183,1.0,mid
YMR056C,0.42156893,0.26919895,0.0,mid
YMR057C,0.38410926,0.59495276,25.0,mid
YMR058W,0.8371592,1.1487843,49.0,mid
YMR059W,0.85527027,0.2445227,1.0,mid
YMR060C,0.8013533,0.23548272,2.0,mid
YMR061W,0.7541642,0.27717152,1.0,mid
YMR062C,0.8552266,0.5714328,25.0,mid
YMR063W,0.8570859,0.37918222,2.0,mid
YMR064W,0.6544214,0.28423935,0.0,mid
YMR065W,0.8394896,0.36264977,5.0,mid
YMR066W,0.77213234,0.28599674,1.0,mid
YMR067C,0.78374475,0.16013068,0.0,mid
YMR068W,0.76279616,0.19601396,0.0,mid
YMR069W,0.2895062,0.36950526,5.0,low_c
YMR070W,0.80149066,0.30734712,0.0,mid
YMR071C,0.74033964,0.3408267,3.0,mid
YMR072W,0.8869757,0.19731517,0.0,mid
YMR073C,0.7827639,0.26049522,1.0,mid
YMR074C,0.7706975,0.3452621,2.0,mid
YMR075C-A,0.5847002,0.72099364,25.0,mid
YMR075W,0.8669583,0.313916,0.0,mid
YMR076C,0.827978,0.31959474,7.0,mid
YMR077C,0.79746306,0.17617172,0.0,mid
YMR078C,0.6975865,0.23283988,1.0,mid
YMR079W,0.860542,0.19757533,1.0,mid
YMR080C,0.72468346,0.22204769,1.0,mid
YMR081C,0.45498472,0.84796935,38.0,mid
YMR082C,0.6785243,0.33941042,4.0,mid
YMR083W,0.90213656,0.2798357,5.0,high_c
YMR084W,0.6212186,0.57163054,23.0,mid
YMR085W,0.63123995,0.5251384,21.0,mid
YMR086C-A,0.35659882,0.4486135,7.0,low_c
YMR086W,0.74703884,0.21234529,0.0,mid
YMR087W,0.7941437,0.25005838,0.0,mid
YMR088C,0.656316,0.16975938,0.0,mid
YMR089C,0.8266776,0.20226805,0.0,mid
YMR090W,0.6722054,0.7360557,29.0,mid
YMR091C,0.85577273,0.2110732,0.0,mid
YMR092C,0.91672844,0.20535323,1.0,high_c
YMR093W,0.90058905,0.37833774,2.0,high_c
YMR094W,0.76683885,0.41697088,3.0,mid
YMR095C,0.64127684,0.9784396,36.0,mid
YMR096W,0.7807298,0.7942782,27.0,mid
YMR097C,0.8588525,0.22613995,0.0,mid
YMR098C,0.7521492,0.19654763,0.0,mid
YMR099C,0.76362175,0.22187352,1.0,mid
YMR100W,0.71524775,0.3199729,3.0,mid
YMR101C,0.6434014,0.29491445,2.0,mid
YMR102C,0.62166196,0.24059646,0.0,mid
YMR103C,0.41031763,0.5601831,20.0,mid
YMR104C,0.6804885,0.35918987,6.0,mid
YMR105C,0.88637286,0.77869976,37.0,mid
YMR105W-A,0.43081406,0.6956078,23.0,mid
YMR106C,0.7974743,0.2483804,0.0,mid
YMR107W,0.75098294,0.7735849,32.0,mid
YMR108W,0.87197,0.46506256,20.0,mid
YMR109W,0.9026193,0.2612955,1.0,high_c
YMR110C,0.85930115,0.33243835,4.0,mid
YMR111C,0.7498509,0.17835227,0.0,mid
YMR112C,0.6187576,0.3359685,1.0,mid
YMR113W,0.7021539,0.16764767,0.0,mid
YMR114C,0.71800005,0.22401562,0.0,mid
YMR115W,0.75416136,0.12725632,0.0,mid
YMR116C,0.89638466,0.35946578,7.0,high_c
YMR117C,0.55412304,0.3874973,7.0,mid
YMR118C,0.45511428,0.28010282,7.0,mid
YMR119W,0.7892771,0.24598257,0.0,mid
YMR119W-A,0.31095096,0.43103343,4.0,low_c
YMR120C,0.8990853,0.712361,33.0,high_c
YMR121C,0.873384,0.2166723,1.0,mid
YMR122C,0.31161782,0.33985373,9.0,low_c
YMR122W-A,0.82230616,0.3697192,3.0,mid
YMR123W,0.557485,0.28699034,1.0,mid
YMR124W,0.5333862,0.24474941,0.0,mid
YMR125W,0.51676804,0.21733123,0.0,mid
YMR126C,0.6578682,0.26418865,0.0,mid
YMR127C,0.74867153,0.3680652,2.0,mid
YMR128W,0.7797892,0.3836907,6.0,mid
YMR129W,0.69510096,0.21467647,1.0,mid
YMR130W,0.79984,0.23892313,0.0,mid
YMR131C,0.8107268,0.3868155,4.0,mid
YMR132C,0.67693394,0.26582977,2.0,mid
YMR133W,0.8065187,0.32601058,11.0,mid
YMR134W,0.7577385,0.34199068,1.0,mid
YMR135C,0.87353414,0.2973893,1.0,mid
YMR135W-A,0.32505655,0.29639715,4.0,low_c
YMR136W,0.8066185,0.52797693,13.0,mid
YMR137C,0.783383,0.3050316,0.0,mid
YMR138W,0.6440164,0.22724734,0.0,mid
YMR139W,0.8263298,0.26121685,0.0,mid
YMR140W,0.89768773,0.29290065,2.0,high_c
YMR141C,0.37563202,0.3858648,6.0,mid
YMR141W-A,0.34531918,0.45521846,6.0,low_c
YMR142C,0.8444877,0.35793123,8.0,mid
YMR143W,0.8748076,0.4506564,17.0,mid
YMR144W,0.6984164,0.3073544,5.0,mid
YMR145C,0.91797954,0.48382682,10.0,high_c
YMR146C,0.92592466,0.15946592,0.0,high_c
YMR147W,0.7084712,0.2074681,1.0,mid
YMR148W,0.64043254,0.3847431,5.0,mid
YMR149W,0.86108685,0.15929754,1.0,mid
YMR150C,0.71482307,0.31109238,2.0,mid
YMR151W,0.44088176,0.41560617,7.0,mid
YMR152W,0.71351475,0.26797315,1.0,mid
YMR153C-A,0.42948776,0.44883835,6.0,mid
YMR153W,0.8413335,0.15668969,1.0,mid
YMR154C,0.8126545,0.29952112,0.0,mid
YMR155W,0.71379685,0.1942166,0.0,mid
YMR156C,0.7965735,0.20657153,0.0,mid
YMR157C,0.7416503,0.19757617,1.0,mid
YMR158C-A,0.5533038,0.5584123,14.0,mid
YMR158W,0.7674787,0.21159048,2.0,mid
YMR158W-B,0.2938287,0.3292926,5.0,low_c
YMR159C,0.48068526,0.32044068,5.0,mid
YMR160W,0.667228,0.2734949,1.0,mid
YMR161W,0.69191676,0.15414421,1.0,mid
YMR162C,0.76571923,0.26970267,0.0,mid
YMR163C,0.77017796,0.2977821,0.0,mid
YMR164C,0.7974004,0.35421583,2.0,mid
YMR165C,0.6955351,0.25708717,0.0,mid
YMR166C,0.77593195,0.19702975,0.0,mid
YMR167W,0.76119184,0.26219094,0.0,mid
YMR168C,0.85134137,0.29009193,0.0,mid
YMR169C,0.8022385,0.6892817,28.0,mid
YMR170C,0.8662612,0.26268986,1.0,mid
YMR171C,0.88102293,0.29044747,0.0,mid
YMR172C-A,0.17491353,0.42124048,7.0,low_c
YMR172W,0.6502553,0.16575637,0.0,mid
YMR173W,0.8087016,0.8012666,39.0,mid
YMR173W-A,0.73191655,0.6163047,24.0,mid
YMR174C,0.71443,0.5392557,17.0,mid
YMR175W,0.61051863,0.53546804,16.0,mid
YMR175W-A,0.3277846,0.43692023,5.0,low_c
YMR176W,0.73419917,0.2913459,0.0,mid
YMR177W,0.9009153,0.40877172,12.0,high_c
YMR178W,0.77820206,0.19763778,1.0,mid
YMR179W,0.8739363,0.36255062,5.0,mid
YMR180C,0.6073371,0.29979062,1.0,mid
YMR181C,0.80234,0.40429315,5.0,mid
YMR182C,0.7570812,0.44585705,10.0,mid
YMR182W-A,0.5391744,0.49093643,10.0,mid
YMR183C,0.8858894,0.2986087,0.0,mid
YMR184W,0.66167814,0.3493379,5.0,mid
YMR185W,0.72412986,0.36643705,2.0,mid
YMR186W,0.8922127,0.29775548,2.0,high_c
YMR187C,0.62362844,0.27143267,0.0,mid
YMR188C,0.66923404,0.22012699,0.0,mid
YMR189W,0.8177587,0.57533354,21.0,mid
YMR190C,0.7121915,0.17710885,0.0,mid
YMR191W,0.6296477,0.2546789,4.0,mid
YMR192W,0.8395402,0.25924814,1.0,mid
YMR193C-A,0.20527032,0.33386937,5.0,low_c
YMR193W,0.71291494,0.17933467,0.0,mid
YMR194C-A,0.62309974,0.38894394,4.0,mid
YMR194C-B,0.5647192,0.5010479,11.0,mid
YMR194W,0.8070078,0.4391194,11.0,mid
YMR195W,0.784275,0.51522285,14.0,mid
YMR196W,0.72087926,0.49828395,17.0,mid
YMR197C,0.87461823,0.19438148,0.0,mid
YMR198W,0.71108586,0.33386216,3.0,mid
YMR199W,0.8327415,0.45624867,8.0,mid
YMR200W,0.7762379,0.13790928,1.0,mid
YMR201C,0.804977,0.19755052,0.0,mid
YMR202W,0.8859009,0.4307432,9.0,mid
YMR203W,0.8622399,0.1939759,0.0,mid
YMR204C,0.6767683,0.25966257,1.0,mid
YMR205C,0.85325176,0.23901875,0.0,mid
YMR206W,0.7129128,0.60155493,22.0,mid
YMR207C,0.7514561,0.22312547,0.0,mid
YMR208W,0.89655894,0.1527115,0.0,high_c
YMR209C,0.83666223,0.15418704,0.0,mid
YMR210W,0.86281747,0.23490688,0.0,mid
YMR211W,0.80776376,0.30019382,1.0,mid
YMR212C,0.7643771,0.18729271,0.0,mid
YMR213W,0.74447834,0.23832965,0.0,mid
YMR214W,0.63498366,0.26495215,1.0,mid
YMR215W,0.69810975,0.27640432,4.0,mid
YMR216C,0.7560902,0.25901204,0.0,mid
YMR217W,0.90136683,0.40824297,8.0,high_c
YMR218C,0.78100055,0.23710242,0.0,mid
YMR219W,0.8414219,0.1556777,0.0,mid
YMR220W,0.7975686,0.15975651,0.0,mid
YMR221C,0.7064754,0.19194818,1.0,mid
YMR222C,0.81850153,0.23423654,0.0,mid
YMR223W,0.8062157,0.34760034,0.0,mid
YMR224C,0.8037237,0.35011038,2.0,mid
YMR225C,0.843929,0.28222638,0.0,mid
YMR226C,0.7172559,0.26064688,3.0,mid
YMR227C,0.70553476,0.28073066,0.0,mid
YMR228W,0.7300387,0.16556479,2.0,mid
YMR229C,0.5919364,0.31769404,3.0,mid
YMR230W,0.7929449,0.2926247,3.0,mid
YMR230W-A,0.43479058,0.27981064,1.0,mid
YMR231W,0.7886657,0.24340536,1.0,mid
YMR232W,0.74729353,0.45155528,15.0,mid
YMR233W,0.6997252,0.18911298,0.0,mid
YMR234W,0.6893203,0.23788491,2.0,mid
YMR235C,0.8320162,0.19511211,1.0,mid
YMR236W,0.804848,0.23052895,0.0,mid
YMR237W,0.83602077,0.17204942,1.0,mid
YMR238W,0.806842,0.17243947,1.0,mid
YMR239C,0.6981088,0.39002305,8.0,mid
YMR240C,0.83875006,0.19360006,0.0,mid
YMR241W,0.8998699,0.26047948,1.0,high_c
YMR242C,0.71445006,0.4109878,10.0,mid
YMR242W-A,0.2825121,0.6033721,20.0,low_c
YMR243C,0.8894093,0.16323458,2.0,mid
YMR244C-A,0.85801077,0.28984892,1.0,mid
YMR244W,0.61039406,0.29076937,3.0,mid
YMR245W,0.2774807,0.3886266,5.0,low_c
YMR246W,0.8772108,0.33138463,2.0,mid
YMR247C,0.7267779,0.26764905,0.0,mid
YMR247W-A,0.719605,0.082221754,3.0,mid
YMR250W,0.8557113,0.7084672,31.0,mid
YMR251W,0.20102166,1.3421389,62.0,low_c
YMR251W-A,0.62513465,1.203486,62.0,mid
YMR252C,0.559126,0.28154242,0.0,mid
YMR253C,0.68446994,0.28309572,1.0,mid
YMR254C,0.45434934,0.54582447,16.0,mid
YMR255W,0.84704554,0.20500094,0.0,mid
YMR256C,0.6620981,0.44171473,10.0,mid
YMR257C,0.48961884,0.34414682,0.0,mid
YMR258C,0.7514411,0.28425667,1.0,mid
YMR259C,0.80418575,0.32301047,1.0,mid
YMR260C,0.81074876,0.2550625,1.0,mid
YMR261C,0.82538074,0.3611489,6.0,mid
YMR262W,0.6762166,0.22283056,1.0,mid
YMR263W,0.6148182,0.29813513,1.0,mid
YMR264W,0.7131335,0.26832178,1.0,mid
YMR265C,0.72580963,0.21084885,1.0,mid
YMR266W,0.744498,0.33716732,2.0,mid
YMR267W,0.78420025,0.22490884,0.0,mid
YMR268C,0.7354224,0.23195693,0.0,mid
YMR269W,0.59627366,0.4671094,16.0,mid
YMR270C,0.6866956,0.18307216,0.0,mid
YMR271C,0.73081017,0.52042294,22.0,mid
YMR272C,0.69358844,0.2650625,4.0,mid
YMR272W-A,0.5154392,0.546835,11.0,mid
YMR272W-B,0.3655636,0.6392137,12.0,mid
YMR273C,0.6106918,0.2478836,0.0,mid
YMR274C,0.7717665,0.27567035,1.0,mid
YMR275C,0.7228806,0.1955986,0.0,mid
YMR276W,0.81009495,0.2054732,0.0,mid
YMR277W,0.79677534,0.21204299,0.0,mid
YMR278W,0.507614,0.20388186,0.0,mid
YMR279C,0.87192845,0.51282907,11.0,mid
YMR280C,0.6866777,0.47632375,10.0,mid
YMR281W,0.60837764,0.17961894,1.0,mid
YMR282C,0.6859199,0.22636247,1.0,mid
YMR283C,0.7295,0.18974225,0.0,mid
YMR284W,0.59909636,0.28407636,0.0,mid
YMR285C,0.8245939,0.18413293,1.0,mid
YMR286W,0.65040237,0.3110176,1.0,mid
YMR287C,0.7413054,0.27684298,0.0,mid
YMR288W,0.7590031,0.26132184,0.0,mid
YMR289W,0.7100902,0.15349007,0.0,mid
YMR290C,0.9325743,0.43787035,9.0,high_c
YMR290W-A,0.4977473,0.41781846,6.0,mid
YMR291W,0.89190507,0.45004073,10.0,high_c
YMR292W,0.70717233,0.23883583,2.0,mid
YMR293C,0.7384054,0.21949574,0.0,mid
YMR294W,0.39268413,0.21068321,0.0,mid
YMR294W-A,0.4122289,0.42222047,5.0,mid
YMR295C,0.7927301,0.2545512,0.0,mid
YMR296C,0.916338,0.20344605,0.0,high_c
YMR297W,0.9264853,0.40256253,8.0,high_c
YMR298W,0.8282674,0.29690498,4.0,mid
YMR299C,0.7922154,0.2674989,1.0,mid
YMR300C,0.9183317,0.22535434,0.0,high_c
YMR301C,0.85653776,0.1737894,0.0,mid
YMR302C,0.7694253,0.21542995,0.0,mid
YMR303C,0.8533127,0.3959386,7.0,mid
YMR304C-A,0.5120136,0.8366064,47.0,mid
YMR304W,0.6405627,0.27124175,1.0,mid
YMR305C,0.85995454,0.32470405,5.0,mid
YMR306C-A,0.28116095,0.3103647,1.0,low_c
YMR306W,0.6546006,0.25371253,3.0,mid
YMR307C-A,0.42177105,0.541142,7.0,mid
YMR307W,0.90584093,0.28152728,0.0,high_c
YMR308C,0.8528788,0.29186437,0.0,mid
YMR309C,0.55647653,0.24023004,0.0,mid
YMR310C,0.83285993,0.3278846,2.0,mid
YMR311C,0.8384886,0.26348254,0.0,mid
YMR312W,0.7961575,0.31924975,4.0,mid
YMR313C,0.6768108,0.28752735,0.0,mid
YMR314W,0.81814104,0.18297224,0.0,mid
YMR315W,0.8172074,0.45311826,13.0,mid
YMR315W-A,0.38023165,0.72290057,31.0,mid
YMR316C-A,0.5166872,0.52281743,14.0,mid
YMR316C-B,0.455233,0.61322266,28.0,mid
YMR316W,0.5861642,0.2879387,4.0,mid
YMR317W,0.7220278,1.2612013,66.0,mid
YMR318C,0.91262114,0.51677483,17.0,high_c
YMR319C,0.8595181,0.9109396,44.0,mid
YMR320W,0.5743479,0.46004075,7.0,mid
YMR321C,0.52447957,0.277233,5.0,mid
YMR322C,0.53531414,0.20581047,1.0,mid
YMR323W,0.86733,0.1765621,1.0,mid
YMR324C,0.54319316,0.018304856,0.0,mid
YMR325W,0.82230806,0.05240119,0.0,mid
YMR326C,0.5719575,0.028601639,0.0,mid
YNL001W,0.7164973,0.33707976,3.0,mid
YNL002C,0.72899234,0.47587582,19.0,mid
YNL003C,0.7214228,0.22663024,0.0,mid
YNL004W,0.8867357,0.23342031,0.0,mid
YNL005C,0.892486,0.17377055,1.0,high_c
YNL006W,0.78887564,0.21861467,0.0,mid
YNL007C,0.8187119,0.39618528,9.0,mid
YNL008C,0.62253195,0.23527378,0.0,mid
YNL009W,0.7621649,0.19376217,2.0,mid
YNL010W,0.92775,0.26024166,3.0,high_c
YNL011C,0.79026955,0.2936153,1.0,mid
YNL012W,0.80674493,0.2414866,0.0,mid
YNL013C,0.5256308,0.2923598,4.0,mid
YNL014W,0.62482893,0.27477506,1.0,mid
YNL015W,0.8679042,0.62326217,22.0,mid
YNL016W,0.9309255,0.15432206,0.0,high_c
YNL017C,0.18733078,0.31716028,2.0,low_c
YNL018C,0.7918284,0.44926894,14.0,mid
YNL019C,0.48289615,0.240176,4.0,mid
YNL020C,0.81152177,0.2996546,0.0,mid
YNL021W,0.7214546,0.18147114,0.0,mid
YNL022C,0.8115581,0.21849799,0.0,mid
YNL023C,0.65175176,0.2867196,1.0,mid
YNL024C,0.70897996,0.32471073,2.0,mid
YNL024C-A,0.66288805,0.27514288,1.0,mid
YNL025C,0.8442267,0.2691755,1.0,mid
YNL026W,0.7644067,0.19674706,0.0,mid
YNL027W,0.49227378,0.24565169,0.0,mid
YNL028W,0.47817147,0.41034675,5.0,mid
YNL029C,0.7519091,0.19234158,3.0,mid
YNL030W,0.8224527,0.44595832,17.0,mid
YNL031C,0.8679186,0.30013162,2.0,mid
YNL032W,0.79080486,0.14745495,0.0,mid
YNL033W,0.46678734,0.31865084,4.0,mid
YNL034W,0.8240523,0.3832551,13.0,mid
YNL035C,0.71813893,0.18977037,0.0,mid
YNL036W,0.84632903,0.55607545,17.0,mid
YNL037C,0.8911466,0.4203621,8.0,mid
YNL038W,0.5888393,0.23258698,4.0,mid
YNL039W,0.7804508,0.2421538,0.0,mid
YNL040W,0.80018973,0.21373385,0.0,mid
YNL041C,0.7448094,0.22040229,1.0,mid
YNL042W,0.76533407,0.28029564,2.0,mid
YNL042W-B,0.47761685,0.43962812,13.0,mid
YNL043C,0.26666814,0.44776005,10.0,low_c
YNL044W,0.8165242,0.28206578,3.0,mid
YNL045W,0.6719944,0.24579611,1.0,mid
YNL046W,0.7698179,0.25557074,1.0,mid
YNL047C,0.79452765,0.23093587,0.0,mid
YNL048W,0.8082547,0.14672323,0.0,mid
YNL049C,0.60589045,0.18732908,1.0,mid
YNL050C,0.5914744,0.1996441,0.0,mid
YNL051W,0.63711935,0.22293912,0.0,mid
YNL052W,0.9114278,0.25952104,5.0,high_c
YNL053W,0.8806383,0.35452566,2.0,mid
YNL054W,0.78654563,0.26347208,0.0,mid
YNL055C,0.87728876,0.4504819,12.0,mid
YNL056W,0.7745511,0.14374688,0.0,mid
YNL057W,0.46513525,0.48516765,5.0,mid
YNL058C,0.7222106,0.22432856,2.0,mid
YNL059C,0.8141924,0.20778951,1.0,mid
YNL061W,0.60948557,0.32575572,5.0,mid
YNL062C,0.7778578,0.3468286,6.0,mid
YNL063W,0.8263271,0.16457729,0.0,mid
YNL064C,0.92650086,0.26970536,0.0,high_c
YNL065W,0.8579898,0.40725607,10.0,mid
YNL066W,0.8933266,0.2902905,4.0,high_c
YNL067W,0.83705926,0.30012023,3.0,mid
YNL067W-A,0.33490184,0.52780426,10.0,low_c
YNL067W-B,0.15710159,0.54796445,13.0,low_c
YNL068C,0.9293095,0.30500942,1.0,high_c
YNL069C,0.78235155,0.3357874,4.0,mid
YNL070W,0.7677245,0.39117938,7.0,mid
YNL071W,0.9349876,0.18564339,0.0,high_c
YNL072W,0.856756,0.35970348,5.0,mid
YNL073W,0.77814144,0.25680095,0.0,mid
YNL074C,0.85436124,0.264135,0.0,mid
YNL075W,0.6737472,0.35028127,9.0,mid
YNL076W,0.78204405,0.2493341,0.0,mid
YNL077W,0.907406,0.39090222,10.0,high_c
YNL078W,0.72864467,0.2446474,0.0,mid
YNL079C,0.7751288,0.2200515,0.0,mid
YNL080C,0.8068271,0.2528388,4.0,mid
YNL081C,0.8040107,0.23788838,1.0,mid
YNL082W,0.76238835,0.36879832,0.0,mid
YNL083W,0.7095915,0.28776982,1.0,mid
YNL084C,0.7888476,0.18069933,1.0,mid
YNL085W,0.65186304,0.25329894,1.0,mid
YNL086W,0.41379592,0.30600935,2.0,mid
YNL087W,0.63825536,0.34263444,8.0,mid
YNL088W,0.67524934,0.2584794,0.0,mid
YNL089C,0.3504192,0.4383968,8.0,low_c
YNL090W,0.81279284,0.37885398,3.0,mid
YNL091W,0.7225405,0.29423344,0.0,mid
YNL092W,0.5345164,0.42978325,9.0,mid
YNL093W,0.5993019,0.5597925,20.0,mid
YNL094W,0.85910845,0.20388424,0.0,mid
YNL095C,0.7427475,0.31102654,5.0,mid
YNL096C,0.7540564,0.32277572,3.0,mid
YNL097C,0.8379251,0.19213642,0.0,mid
YNL097C-B,0.5056763,0.41644353,7.0,mid
YNL097W-A,0.17349744,0.6296652,20.0,low_c
YNL098C,0.8511614,0.25726593,0.0,mid
YNL099C,0.7118326,0.12996696,0.0,mid
YNL100W,0.788027,0.23652644,0.0,mid
YNL101W,0.79484975,0.30013072,1.0,mid
YNL102W,0.5533932,0.2912963,5.0,mid
YNL103W,0.8098633,0.29943568,2.0,mid
YNL103W-A,0.33632335,0.6620364,16.0,low_c
YNL104C,0.72524786,0.5063474,21.0,mid
YNL105W,0.38935667,0.22705013,5.0,mid
YNL106C,0.8265445,0.29114377,0.0,mid
YNL107W,0.8573554,0.15712993,0.0,mid
YNL108C,0.7865194,0.14084314,0.0,mid
YNL109W,0.30196846,0.34392124,5.0,low_c
YNL110C,0.7486118,0.40909195,14.0,mid
YNL111C,0.8570463,0.32714236,4.0,mid
YNL112W,0.85370004,0.51000655,15.0,mid
YNL113W,0.83054787,0.42773032,14.0,mid
YNL114C,0.22933517,0.47827458,9.0,low_c
YNL115C,0.8802424,0.35658753,7.0,mid
YNL116W,0.82669824,0.35317177,3.0,mid
YNL117W,0.8944097,0.27376193,6.0,high_c
YNL118C,0.8071529,0.21095149,0.0,mid
YNL119W,0.8571473,0.41995004,6.0,mid
YNL120C,0.58949816,0.26454967,6.0,mid
YNL121C,0.9251236,0.20214528,1.0,high_c
YNL122C,0.37813166,0.28522143,2.0,mid
YNL123W,0.69361794,0.20298201,0.0,mid
YNL124W,0.8277909,0.25668982,2.0,mid
YNL125C,0.84075546,0.6497537,29.0,mid
YNL126W,0.77938384,0.34169307,4.0,mid
YNL127W,0.67074984,0.21796267,0.0,mid
YNL128W,0.68212146,0.22926487,1.0,mid
YNL129W,0.7919238,0.20476276,2.0,mid
YNL130C,0.69335455,0.30997872,5.0,mid
YNL130C-A,0.46589112,0.5314217,7.0,mid
YNL131W,0.8594117,0.15770105,1.0,mid
YNL132W,0.60581434,0.34089702,2.0,mid
YNL133C,0.737926,0.24821429,1.0,mid
YNL134C,0.89208806,0.33573532,4.0,high_c
YNL135C,0.89605147,0.394939,8.0,high_c
YNL136W,0.6691616,0.24292028,0.0,mid
YNL137C,0.8004165,0.16886833,0.0,mid
YNL138W,0.92113185,0.2930374,4.0,high_c
YNL138W-A,0.46724507,0.29705754,2.0,mid
YNL139C,0.79883295,0.24251804,0.0,mid
YNL140C,0.5078976,0.2928539,1.0,mid
YNL141W,0.6834443,0.53866595,19.0,mid
YNL142W,0.74288404,0.44952345,5.0,mid
YNL143C,0.46539888,0.5075023,11.0,mid
YNL144C,0.7870256,0.43939877,10.0,mid
YNL144W-A,0.60369796,0.67117536,11.0,mid
YNL145W,0.7777846,0.63476497,22.0,mid
YNL146C-A,0.65117306,0.5520558,14.0,mid
YNL146W,0.7486028,0.3186375,3.0,mid
YNL147W,0.8174846,0.3897536,10.0,mid
YNL148C,0.62442476,0.27127758,0.0,mid
YNL149C,0.78086257,0.33652675,4.0,mid
YNL150W,0.3799488,0.4333572,7.0,mid
YNL151C,0.7714112,0.2868754,1.0,mid
YNL152W,0.8335206,0.29697794,1.0,mid
YNL153C,0.6430788,0.26688766,1.0,mid
YNL154C,0.8739498,0.17653196,0.0,mid
YNL155W,0.7219138,0.27636233,0.0,mid
YNL156C,0.675913,0.26958284,1.0,mid
YNL157W,0.684317,0.15929686,0.0,mid
YNL158W,0.8225941,0.20022362,1.0,mid
YNL159C,0.87446666,0.23617749,2.0,mid
YNL160W,0.7837111,1.1331248,48.0,mid
YNL161W,0.6537097,0.20674753,0.0,mid
YNL162W,0.8361458,0.42767447,16.0,mid
YNL162W-A,0.5788569,0.47294515,12.0,mid
YNL163C,0.8716335,0.2218828,0.0,mid
YNL164C,0.6538822,0.3179277,0.0,mid
YNL165W,0.6644103,0.20032959,0.0,mid
YNL166C,0.776086,0.3668797,3.0,mid
YNL167C,0.43224347,0.32552186,1.0,mid
YNL168C,0.6918352,0.25777832,0.0,mid
YNL169C,0.863089,0.3380186,6.0,mid
YNL170W,0.534351,0.44880843,8.0,mid
YNL171C,0.6150795,0.43187296,7.0,mid
YNL172W,0.6194274,0.28141528,1.0,mid
YNL173C,0.8289674,0.34452087,6.0,mid
YNL174W,0.41167164,0.39412114,5.0,mid
YNL175C,0.87825465,0.31392473,4.0,mid
YNL176C,0.7619146,0.39870098,8.0,mid
YNL177C,0.832366,0.2492518,1.0,mid
YNL178W,0.8250595,0.4252663,15.0,mid
YNL179C,0.51214504,0.37679818,4.0,mid
YNL180C,0.77549225,0.29769287,3.0,mid
YNL181W,0.6389849,0.15429379,0.0,mid
YNL182C,0.7879507,0.40733188,6.0,mid
YNL183C,0.81459373,0.46963444,12.0,mid
YNL184C,0.52088434,0.3410788,2.0,mid
YNL185C,0.7903094,0.27426976,3.0,mid
YNL186W,0.36769918,0.37853208,2.0,mid
YNL187W,0.70329106,0.2470356,0.0,mid
YNL188W,0.7959177,0.30934826,1.0,mid
YNL189W,0.8819864,0.19660921,1.0,mid
YNL190W,0.74124587,0.33306062,2.0,mid
YNL191W,0.868981,0.28333935,0.0,mid
YNL192W,0.8236286,0.24392925,1.0,mid
YNL193W,0.7920303,0.1384776,1.0,mid
YNL194C,0.7194987,0.9801945,38.0,mid
YNL195C,0.5411793,0.46782017,13.0,mid
YNL196C,0.75503325,0.28668877,5.0,mid
YNL197C,0.4177665,0.38155448,2.0,mid
YNL198C,0.38409394,0.5701277,17.0,mid
YNL199C,0.7055889,0.2528802,0.0,mid
YNL200C,0.69396424,0.4577566,12.0,mid
YNL201C,0.7106946,0.28494644,0.0,mid
YNL202W,0.69969046,0.5754963,19.0,mid
YNL203C,0.6258658,0.34749833,2.0,mid
YNL204C,0.59998614,0.3216379,1.0,mid
YNL205C,0.5694423,0.030861534,0.0,mid
YNL206C,0.8047162,0.24045502,0.0,mid
YNL207W,0.7955933,0.2943632,2.0,mid
YNL208W,0.86685556,0.4654757,14.0,mid
YNL209W,0.8455761,0.3028386,1.0,mid
YNL210W,0.5467913,0.24323328,4.0,mid
YNL211C,0.5551601,0.28566793,2.0,mid
YNL212W,0.8255243,0.29915392,3.0,mid
YNL213C,0.8487379,0.23330101,1.0,mid
YNL214W,0.7858852,0.18340054,0.0,mid
YNL215W,0.67430425,0.2733331,0.0,mid
YNL216W,0.8338066,0.24981025,1.0,mid
YNL217W,0.59608275,0.28771642,1.0,mid
YNL218W,0.8054633,0.21195212,0.0,mid
YNL219C,0.7408377,0.19212241,0.0,mid
YNL220W,0.895395,0.41087827,4.0,high_c
YNL221C,0.7387767,0.2972221,1.0,mid
YNL222W,0.7376793,0.1959786,0.0,mid
YNL223W,0.77130014,0.2190415,1.0,mid
YNL224C,0.70828223,0.20607086,0.0,mid
YNL225C,0.76030636,0.28568128,1.0,mid
YNL226W,0.39519528,0.29282865,5.0,mid
YNL227C,0.67408925,0.32081762,4.0,mid
YNL228W,0.18888429,0.35743478,5.0,low_c
YNL229C,0.8279437,0.18702471,1.0,mid
YNL230C,0.77663106,0.20827912,0.0,mid
YNL231C,0.8423817,0.30882183,1.0,mid
YNL232W,0.816261,0.25037444,2.0,mid
YNL233W,0.69503146,0.2859787,0.0,mid
YNL234W,0.7617008,0.29067335,2.0,mid
YNL235C,0.40189183,0.35137025,6.0,mid
YNL236W,0.83478457,0.35077208,0.0,mid
YNL237W,0.72248197,0.9884618,53.0,mid
YNL238W,0.8254486,0.28314638,0.0,mid
YNL239W,0.9234965,0.38587454,3.0,high_c
YNL240C,0.8187289,0.20229924,1.0,mid
YNL241C,0.9293136,0.49041083,21.0,high_c
YNL242W,0.81489587,0.30034187,0.0,mid
YNL243W,0.78798586,0.16228482,0.0,mid
YNL244C,0.7891016,0.30811188,2.0,mid
YNL245C,0.6876595,0.2311224,0.0,mid
YNL246W,0.6613375,0.27942282,1.0,mid
YNL247W,0.7873887,0.23916814,0.0,mid
YNL248C,0.797859,0.33697727,4.0,mid
YNL249C,0.8268053,0.3133194,3.0,mid
YNL250W,0.83262974,0.20899816,0.0,mid
YNL251C,0.7754783,0.30522183,3.0,mid
YNL252C,0.7768106,0.20944741,0.0,mid
YNL253W,0.77930224,0.3141553,1.0,mid
YNL254C,0.7598946,0.4321411,10.0,mid
YNL255C,0.8783145,0.358593,7.0,mid
YNL256W,0.7016859,0.2651809,2.0,mid
YNL257C,0.7914986,0.27940795,1.0,mid
YNL258C,0.8222174,0.25330594,1.0,mid
YNL259C,0.5533314,0.5359064,19.0,mid
YNL260C,0.71898067,0.38751468,15.0,mid
YNL261W,0.83659023,0.28822944,0.0,mid
YNL262W,0.6340879,0.22494328,0.0,mid
YNL263C,0.7396719,0.19701126,0.0,mid
YNL264C,0.62572217,0.21338277,0.0,mid
YNL265C,0.8317626,0.163041,0.0,mid
YNL266W,0.26191616,0.5465772,14.0,low_c
YNL267W,0.80549824,0.25138184,1.0,mid
YNL268W,0.87151444,0.17340937,0.0,mid
YNL269W,0.5140289,0.4445218,9.0,mid
YNL270C,0.8541276,0.5014475,12.0,mid
YNL271C,0.43568757,0.21622346,0.0,mid
YNL272C,0.823467,0.23501693,0.0,mid
YNL273W,0.7964209,0.2989346,0.0,mid
YNL274C,0.8330095,0.45858565,13.0,mid
YNL275W,0.6488713,0.2908451,0.0,mid
YNL276C,0.26211676,0.46269268,15.0,low_c
YNL277W,0.87257373,0.5611181,16.0,mid
YNL277W-A,0.38940638,0.43370494,11.0,mid
YNL278W,0.7748221,0.28001043,2.0,mid
YNL279W,0.6599458,0.7961976,35.0,mid
YNL280C,0.6490414,0.21526685,0.0,mid
YNL281W,0.71069634,0.3953084,7.0,mid
YNL282W,0.86354667,0.30611363,1.0,mid
YNL283C,0.7700593,0.26330084,3.0,mid
YNL284C,0.7941312,0.12956859,0.0,mid
YNL285W,0.4238487,0.31602308,1.0,mid
YNL286W,0.6204325,0.24663237,0.0,mid
YNL287W,0.9036978,0.18253964,0.0,high_c
YNL288W,0.5414828,0.27053472,1.0,mid
YNL289W,0.8164077,0.40482673,7.0,mid
YNL290W,0.8221103,0.19818485,0.0,mid
YNL291C,0.82203305,0.2053375,4.0,mid
YNL292W,0.6702242,0.2386761,1.0,mid
YNL293W,0.7425541,0.22301191,0.0,mid
YNL294C,0.6184977,0.15825348,0.0,mid
YNL295W,0.73029846,0.20587087,0.0,mid
YNL296W,0.48813295,0.45219043,7.0,mid
YNL297C,0.74044764,0.27643314,1.0,mid
YNL298W,0.8119873,0.41796982,3.0,mid
YNL299W,0.83856964,0.35580003,5.0,mid
YNL300W,0.8225736,0.41933972,14.0,mid
YNL301C,0.7449036,0.3472411,7.0,mid
YNL302C,0.77338195,0.46597102,18.0,mid
YNL303W,0.48971555,0.5376317,5.0,mid
YNL304W,0.75733995,0.27946836,0.0,mid
YNL305C,0.8890637,0.3787323,8.0,mid
YNL306W,0.7435243,0.25124907,1.0,mid
YNL307C,0.80584294,0.20815864,1.0,mid
YNL308C,0.7041221,0.37548542,8.0,mid
YNL309W,0.79130083,0.25357407,1.0,mid
YNL310C,0.7854186,0.22517726,0.0,mid
YNL311C,0.70703983,0.41859847,3.0,mid
YNL312W,0.5641943,0.24234617,1.0,mid
YNL313C,0.78726685,0.31787294,3.0,mid
YNL314W,0.77750665,0.16538863,0.0,mid
YNL315C,0.6929005,0.24400969,0.0,mid
YNL316C,0.847884,0.21469387,0.0,mid
YNL317W,0.74037945,0.20272948,0.0,mid
YNL318C,0.8365224,0.109716155,1.0,mid
YNL319W,0.46339363,0.29411703,3.0,mid
YNL320W,0.781707,0.29315102,1.0,mid
YNL321W,0.82458013,0.3267217,5.0,mid
YNL322C,0.8269499,0.24853407,0.0,mid
YNL323W,0.7526736,0.1372452,0.0,mid
YNL324W,0.4673339,0.30635133,5.0,mid
YNL325C,0.75947356,0.2558638,0.0,mid
YNL326C,0.75990885,0.20076858,0.0,mid
YNL327W,0.7581973,0.45907107,8.0,mid
YNL328C,0.867705,0.2659632,0.0,mid
YNL329C,0.7218206,0.3748985,0.0,mid
YNL330C,0.8731626,0.13015313,1.0,mid
YNL331C,0.7536306,0.23713268,0.0,mid
YNL332W,0.8667015,0.1448483,1.0,mid
YNL333W,0.75774115,0.277125,0.0,mid
YNL334C,0.5892358,0.31533173,1.0,mid
YNL335W,0.6944634,0.13080935,0.0,mid
YNL336W,0.75139534,0.37648612,8.0,mid
YNL337W,0.6784239,0.11724756,2.0,mid
YNL338W,0.41327816,0.90586275,38.0,mid
YNL339C,0.7221459,0.0026282538,0.0,mid
YNL339W-A,0.451825,0.0,0.0,mid
YNL339W-B,0.5077779,0.0009780645,0.0,mid
YNR001C,0.92284954,0.35089445,4.0,high_c
YNR001W-A,0.41285586,0.3835985,7.0,mid
YNR002C,0.77763426,1.7157915,81.0,mid
YNR003C,0.7424833,0.31532878,3.0,mid
YNR003W-A,0.42092746,0.70441455,23.0,mid
YNR004W,0.86850804,0.23510666,0.0,mid
YNR005C,0.40445605,0.23130068,5.0,mid
YNR006W,0.8197769,0.23780248,0.0,mid
YNR007C,0.708538,0.24281807,0.0,mid
YNR008W,0.68320656,0.13376515,0.0,mid
YNR009W,0.6061926,0.33804044,5.0,mid
YNR010W,0.80352676,0.1960048,0.0,mid
YNR011C,0.8232505,0.22679374,0.0,mid
YNR012W,0.8614986,0.36965245,8.0,mid
YNR013C,0.7589484,0.29792932,0.0,mid
YNR014W,0.7560879,0.46417344,10.0,mid
YNR015W,0.8170553,0.28500593,1.0,mid
YNR016C,0.8036087,0.26807413,3.0,mid
YNR017W,0.87535477,0.12355318,1.0,mid
YNR018W,0.8800087,0.2856708,4.0,mid
YNR019W,0.84112424,0.33919957,4.0,mid
YNR020C,0.63679165,0.20852001,0.0,mid
YNR021W,0.72161806,0.18928197,1.0,mid
YNR022C,0.55856115,0.26151326,1.0,mid
YNR023W,0.7971215,0.24055088,0.0,mid
YNR024W,0.67632437,0.28297642,2.0,mid
YNR025C,0.35945505,0.5552552,18.0,mid
YNR026C,0.78682786,0.23981716,1.0,mid
YNR027W,0.83888495,0.15054972,0.0,mid
YNR028W,0.7107919,0.29873368,2.0,mid
YNR029C,0.77251905,0.229453,0.0,mid
YNR030W,0.78045344,0.3271314,3.0,mid
YNR031C,0.53165954,0.22993085,0.0,mid
YNR032C-A,0.5894235,0.3662427,4.0,mid
YNR032W,0.5919854,0.19145127,0.0,mid
YNR033W,0.69435096,0.1556122,0.0,mid
YNR034W,0.7001098,0.32535124,6.0,mid
YNR034W-A,0.6357256,0.7983565,28.0,mid
YNR035C,0.8753475,0.32347667,2.0,mid
YNR036C,0.8523352,0.46762374,8.0,mid
YNR037C,0.68811196,0.31936106,3.0,mid
YNR038W,0.599722,0.29120624,0.0,mid
YNR039C,0.66357243,0.3411446,3.0,mid
YNR040W,0.69650805,0.22068004,2.0,mid
YNR041C,0.7717384,0.13783109,0.0,mid
YNR042W,0.25429118,0.47243324,7.0,low_c
YNR043W,0.83518964,0.20850639,0.0,mid
YNR044W,0.8335871,0.8204481,34.0,mid
YNR045W,0.7562766,0.23318328,0.0,mid
YNR046W,0.8551915,0.3559351,4.0,mid
YNR047W,0.74069804,0.26196885,0.0,mid
YNR048W,0.70571977,0.26374114,0.0,mid
YNR049C,0.82364583,0.2222545,0.0,mid
YNR050C,0.88892263,0.33724242,9.0,mid
YNR051C,0.717566,0.20266189,0.0,mid
YNR052C,0.77273715,0.13722742,0.0,mid
YNR053C,0.7445565,0.4108435,9.0,mid
YNR054C,0.6355412,0.39103743,6.0,mid
YNR055C,0.7166266,0.25396743,0.0,mid
YNR056C,0.5693568,0.28733033,6.0,mid
YNR057C,0.45241547,0.72180897,35.0,mid
YNR058W,0.6900912,0.49793383,13.0,mid
YNR059W,0.67868054,0.33116585,2.0,mid
YNR060W,0.74489325,0.8529657,51.0,mid
YNR061C,0.6939931,0.17941143,1.0,mid
YNR062C,0.54000247,0.3014494,4.0,mid
YNR063W,0.7240618,0.34145582,2.0,mid
YNR064C,0.635306,0.40537056,9.0,mid
YNR065C,0.5645083,0.34938458,1.0,mid
YNR066C,0.82031304,0.4077696,8.0,mid
YNR067C,0.8308967,0.42457926,7.0,mid
YNR068C,0.60592496,0.56002945,22.0,mid
YNR069C,0.80769086,0.48844936,21.0,mid
YNR070W,0.43599653,0.26541337,4.0,mid
YNR071C,0.655077,0.37955016,5.0,mid
YNR072W,0.83038545,0.2790611,5.0,mid
YNR073C,0.81788486,0.36869642,5.0,mid
YNR074C,0.75764793,0.4205945,18.0,mid
YNR075C-A,0.50861514,0.27233687,7.0,mid
YNR075W,0.7333215,0.25894788,0.0,mid
YNR076W,0.75857043,0.45180485,11.0,mid
YNR077C,0.69959325,0.100987464,3.0,mid
YOL001W,0.6682432,0.2989635,0.0,mid
YOL002C,0.87908936,0.32282355,6.0,mid
YOL003C,0.734043,0.21529385,0.0,mid
YOL004W,0.91348165,0.21216924,0.0,high_c
YOL005C,0.86608857,0.30015767,0.0,mid
YOL006C,0.75935566,0.24804313,0.0,mid
YOL007C,0.7824896,0.37962797,7.0,mid
YOL008W,0.65295106,0.21843441,0.0,mid
YOL009C,0.6819045,0.2205199,1.0,mid
YOL010W,0.83666,0.37884322,5.0,mid
YOL011W,0.866418,0.4651895,7.0,mid
YOL012C,0.8920106,0.32655296,2.0,high_c
YOL013C,0.79394525,0.25775102,1.0,mid
YOL013W-A,0.43970275,0.33817804,2.0,mid
YOL013W-B,0.4571881,0.072765045,0.0,mid
YOL014W,0.7102812,0.4737232,13.0,mid
YOL015W,0.8393449,0.37710878,2.0,mid
YOL016C,0.89878863,0.2885522,2.0,high_c
YOL017W,0.85518247,0.34205213,6.0,mid
YOL018C,0.7956648,0.2129796,0.0,mid
YOL019W,0.86613166,0.26664034,1.0,mid
YOL019W-A,0.34012038,0.1591785,4.0,low_c
YOL020W,0.8199905,0.29339585,0.0,mid
YOL021C,0.8505786,0.19966091,0.0,mid
YOL022C,0.78351384,0.29218152,1.0,mid
YOL023W,0.8299713,0.3028595,0.0,mid
YOL024W,0.68351763,0.3132479,2.0,mid
YOL025W,0.55138296,0.41861713,6.0,mid
YOL026C,0.8343109,0.36476195,5.0,mid
YOL027C,0.89529806,0.1822877,0.0,high_c
YOL028C,0.7247873,0.33725375,1.0,mid
YOL029C,0.53761786,0.42758322,6.0,mid
YOL030W,0.78778183,0.30547845,4.0,mid
YOL031C,0.8167704,0.41489083,11.0,mid
YOL032W,0.81181103,0.3515108,7.0,mid
YOL033W,0.69015044,0.23481886,0.0,mid
YOL034W,0.8765139,0.3399886,1.0,mid
YOL035C,0.21771957,0.4831194,6.0,low_c
YOL036W,0.7111992,0.3015918,0.0,mid
YOL037C,0.4391097,0.32677808,5.0,mid
YOL038C-A,0.25630483,0.50793296,16.0,low_c
YOL038W,0.92303646,0.2632306,1.0,high_c
YOL039W,0.92890596,0.45944172,10.0,high_c
YOL040C,0.85783076,0.28188205,2.0,mid
YOL041C,0.8175792,0.33919534,5.0,mid
YOL042W,0.67387515,0.25776535,0.0,mid
YOL043C,0.6503401,0.20113562,0.0,mid
YOL044W,0.7676364,0.23611538,0.0,mid
YOL045W,0.7062139,0.2525654,0.0,mid
YOL046C,0.5539879,0.31142604,5.0,mid
YOL047C,0.65159196,0.3317661,1.0,mid
YOL048C,0.6984174,0.323208,2.0,mid
YOL049W,0.81377214,0.28245696,3.0,mid
YOL050C,0.40942812,0.44702408,5.0,mid
YOL051W,0.7265582,0.2224439,0.0,mid
YOL052C,0.720163,0.229345,0.0,mid
YOL052C-A,0.7879714,1.2421048,66.0,mid
YOL053W,0.64787894,0.26341954,0.0,mid
YOL054W,0.6974782,0.2921914,0.0,mid
YOL055C,0.73967093,0.47764248,14.0,mid
YOL056W,0.69988614,0.15065432,0.0,mid
YOL057W,0.83014256,0.22358233,0.0,mid
YOL058W,0.91496074,0.82722086,35.0,high_c
YOL059W,0.9258752,0.3610949,9.0,high_c
YOL060C,0.68096274,0.28440756,0.0,mid
YOL061W,0.9237531,0.19153565,0.0,high_c
YOL062C,0.8041893,0.22574727,0.0,mid
YOL063C,0.77947307,0.26669368,0.0,mid
YOL064C,0.8026372,0.30865514,6.0,mid
YOL065C,0.70567304,0.19367063,0.0,mid
YOL066C,0.61280733,0.17988294,0.0,mid
YOL067C,0.7746393,0.33670437,1.0,mid
YOL068C,0.59646976,0.2791736,0.0,mid
YOL069W,0.7241981,0.24151132,3.0,mid
YOL070C,0.788253,0.18364328,1.0,mid
YOL071W,0.53348553,0.2605555,0.0,mid
YOL072W,0.7287651,0.27443352,0.0,mid
YOL073C,0.75367326,0.1766877,0.0,mid
YOL075C,0.6935657,0.2647862,0.0,mid
YOL076W,0.7551804,0.22445711,0.0,mid
YOL077C,0.71485317,0.3490888,6.0,mid
YOL077W-A,0.6981818,0.44549525,7.0,mid
YOL078W,0.81568277,0.23368852,0.0,mid
YOL079W,0.48452654,0.37578383,5.0,mid
YOL080C,0.84622175,0.3444855,6.0,mid
YOL081W,0.74561983,0.30301335,1.0,mid
YOL082W,0.8903971,0.34701455,4.0,mid
YOL083C-A,0.60862714,0.46515295,11.0,mid
YOL083W,0.717179,0.45507434,8.0,mid
YOL084W,0.786487,0.75972205,29.0,mid
YOL085C,0.46208805,0.5768655,17.0,mid
YOL085W-A,0.5923101,0.515173,16.0,mid
YOL086C,0.83633375,0.54991275,17.0,mid
YOL086W-A,0.68107164,0.3944012,2.0,mid
YOL087C,0.8423569,0.26603842,0.0,mid
YOL088C,0.7390657,0.17107022,0.0,mid
YOL089C,0.6882129,0.3634648,3.0,mid
YOL090W,0.8481978,0.25230873,0.0,mid
YOL091W,0.82140255,0.3694968,1.0,mid
YOL092W,0.77657896,0.2935903,3.0,mid
YOL093W,0.6403289,0.36586988,2.0,mid
YOL094C,0.8567947,0.2395204,2.0,mid
YOL095C,0.8353179,0.36442462,2.0,mid
YOL096C,0.6386743,0.19828281,0.0,mid
YOL097C,0.85391366,0.24099742,0.0,mid
YOL097W-A,0.14325267,0.454178,7.0,low_c
YOL098C,0.8599324,0.2152281,1.0,mid
YOL099C,0.42811155,0.51467043,10.0,mid
YOL100W,0.7162271,0.34957746,2.0,mid
YOL101C,0.88496023,0.3183864,8.0,mid
YOL102C,0.7022911,0.17307205,0.0,mid
YOL103W,0.691331,0.17144944,0.0,mid
YOL104C,0.7668722,0.7872489,40.0,mid
YOL105C,0.7370553,0.5144761,6.0,mid
YOL106W,0.47158426,0.44037527,12.0,mid
YOL107W,0.66446465,0.3828866,4.0,mid
YOL108C,0.57473975,0.3440025,2.0,mid
YOL109W,0.7923354,0.41645396,7.0,mid
YOL110W,0.30036446,0.27116892,1.0,low_c
YOL111C,0.88006014,0.18289644,0.0,mid
YOL112W,0.7968903,0.22060795,0.0,mid
YOL113W,0.8078502,0.24027786,1.0,mid
YOL114C,0.6576893,0.2317873,0.0,mid
YOL115W,0.8873869,0.2553915,0.0,mid
YOL116W,0.7259778,0.21083519,0.0,mid
YOL117W,0.56939894,0.29322731,2.0,mid
YOL118C,0.67933905,0.41766945,8.0,mid
YOL119C,0.6884618,0.7226432,41.0,mid
YOL120C,0.68385303,0.41051865,7.0,mid
YOL121C,0.6034637,0.38638124,8.0,mid
YOL122C,0.9124881,0.20737384,0.0,high_c
YOL123W,0.64143234,0.27317497,0.0,mid
YOL124C,0.76052994,0.39345142,6.0,mid
YOL125W,0.8350783,0.2581285,2.0,mid
YOL126C,0.8798154,0.49160635,14.0,mid
YOL127W,0.6185012,0.47194126,17.0,mid
YOL128C,0.7930171,0.3872722,4.0,mid
YOL129W,0.6388628,0.3444975,6.0,mid
YOL130W,0.60321534,0.31564832,0.0,mid
YOL131W,0.83088636,0.6268642,21.0,mid
YOL132W,0.8851899,0.2901666,5.0,mid
YOL133W,0.7101834,0.27922046,1.0,mid
YOL134C,0.38668826,0.3385912,6.0,mid
YOL135C,0.75169295,0.18125032,1.0,mid
YOL136C,0.63581485,0.3665743,0.0,mid
YOL137W,0.7102194,0.21784952,0.0,mid
YOL138C,0.5994608,0.2855313,0.0,mid
YOL139C,0.88856083,0.19670855,2.0,mid
YOL140W,0.66761833,0.5630873,22.0,mid
YOL141W,0.80062854,0.36817,4.0,mid
YOL142W,0.7320433,0.4153862,8.0,mid
YOL143C,0.78373426,0.430492,11.0,mid
YOL144W,0.82013524,0.43883952,11.0,mid
YOL145C,0.772191,0.21362798,0.0,mid
YOL146W,0.40868315,0.22925077,0.0,mid
YOL147C,0.81393945,0.21114881,3.0,mid
YOL148C,0.7229255,0.27455795,1.0,mid
YOL149W,0.84822214,0.26006198,1.0,mid
YOL150C,0.24869448,0.5223243,14.0,low_c
YOL151W,0.82945454,0.6482694,31.0,mid
YOL152W,0.72144246,0.3628284,6.0,mid
YOL154W,0.891376,1.3201461,64.0,mid
YOL155C,0.7253357,0.7804353,32.0,mid
YOL155W-A,0.53901803,0.21197873,6.0,mid
YOL156W,0.88913053,0.25107875,3.0,mid
YOL157C,0.8872944,0.29029495,2.0,mid
YOL158C,0.7303103,1.1936109,54.0,mid
YOL159C,0.777335,0.19816944,0.0,mid
YOL159C-A,0.7809138,0.25503102,0.0,mid
YOL160W,0.59439445,0.41098145,8.0,mid
YOL161C,0.86622065,0.17588224,1.0,mid
YOL162W,0.67821,0.35391915,2.0,mid
YOL163W,0.6586639,0.40602967,6.0,mid
YOL164W,0.623004,0.20891005,0.0,mid
YOL164W-A,0.6783148,0.4489245,18.0,mid
YOL165C,0.49620914,0.40225506,8.0,mid
YOL166C,0.58537805,0.039706234,0.0,mid
YOL166W-A,0.61444414,0.03381301,1.0,mid
YOR001W,0.72091395,0.21677954,1.0,mid
YOR002W,0.7296066,0.2778006,0.0,mid
YOR003W,0.70553964,0.20984794,0.0,mid
YOR004W,0.8052659,0.43747234,12.0,mid
YOR005C,0.7875741,0.25776517,0.0,mid
YOR006C,0.8327796,0.2355872,0.0,mid
YOR007C,0.86356276,0.2508305,0.0,mid
YOR008C,0.707584,0.15872972,0.0,mid
YOR008C-A,0.6787674,0.5212263,11.0,mid
YOR008W-B,0.49570632,0.49701715,12.0,mid
YOR009W,0.8202228,0.56572074,19.0,mid
YOR010C,0.7690744,0.47560826,11.0,mid
YOR011W,0.740821,0.3049632,2.0,mid
YOR011W-A,0.58441883,0.3982952,5.0,mid
YOR012W,0.77885675,0.26632112,1.0,mid
YOR013W,0.63883793,0.38819334,8.0,mid
YOR014W,0.606629,0.27050814,1.0,mid
YOR015W,0.36744526,0.38170955,5.0,mid
YOR016C,0.78986007,0.17872901,0.0,mid
YOR017W,0.8642175,0.24796534,0.0,mid
YOR018W,0.7070734,0.32562906,1.0,mid
YOR019W,0.7733964,0.27098715,2.0,mid
YOR020C,0.8625322,0.442037,8.0,mid
YOR020W-A,0.7365529,0.3788328,3.0,mid
YOR021C,0.68739855,0.27239957,5.0,mid
YOR022C,0.8575997,0.3120246,3.0,mid
YOR023C,0.90284973,0.271294,0.0,high_c
YOR024W,0.33206475,0.4100167,5.0,low_c
YOR025W,0.85537404,0.24567601,3.0,mid
YOR026W,0.67759144,0.24699594,0.0,mid
YOR027W,0.9238968,0.41232747,9.0,high_c
YOR028C,0.85469556,0.7649609,43.0,mid
YOR029W,0.6141043,0.68258363,27.0,mid
YOR030W,0.89563644,0.33372095,1.0,high_c
YOR032C,0.8710718,0.69460356,26.0,mid
YOR032W-A,0.6961653,0.3928656,8.0,mid
YOR033C,0.71924037,0.2716226,0.0,mid
YOR034C,0.66838753,0.2535466,0.0,mid
YOR034C-A,0.2354446,0.37791973,5.0,low_c
YOR035C,0.7461746,0.26383603,1.0,mid
YOR036W,0.69561464,0.3032066,1.0,mid
YOR037W,0.74286455,0.18373983,0.0,mid
YOR038C,0.6508868,0.26949167,0.0,mid
YOR039W,0.59544903,0.2149647,1.0,mid
YOR040W,0.69753015,0.23811823,3.0,mid
YOR041C,0.42011678,0.41260043,6.0,mid
YOR042W,0.86504954,0.18349713,1.0,mid
YOR043W,0.7038284,0.20540759,0.0,mid
YOR044W,0.6849614,0.25626743,1.0,mid
YOR045W,0.65995455,0.4350224,10.0,mid
YOR046C,0.90381074,0.20300573,1.0,high_c
YOR047C,0.9035061,0.24787897,1.0,high_c
YOR048C,0.8515011,0.24921991,1.0,mid
YOR049C,0.5870362,0.8715796,50.0,mid
YOR050C,0.4688065,0.43182275,6.0,mid
YOR051C,0.85999537,0.21818972,0.0,mid
YOR052C,0.66426814,0.44575518,13.0,mid
YOR053W,0.19880383,0.541736,13.0,low_c
YOR054C,0.5292609,0.30338117,2.0,mid
YOR055W,0.39503047,0.3766417,6.0,mid
YOR056C,0.85767525,0.36440673,7.0,mid
YOR057W,0.835018,0.15901595,0.0,mid
YOR058C,0.7123233,0.34179413,1.0,mid
YOR059C,0.75237864,0.2597763,2.0,mid
YOR060C,0.81166214,0.26718748,1.0,mid
YOR061W,0.7838623,0.1775897,0.0,mid
YOR062C,0.78114766,0.4398395,11.0,mid
YOR063W,0.8195515,0.3416784,7.0,mid
YOR064C,0.7152487,0.27650315,0.0,mid
YOR065W,0.91123086,0.8211827,46.0,high_c
YOR066W,0.51072186,0.41529784,3.0,mid
YOR067C,0.569271,0.21787378,0.0,mid
YOR068C,0.50829303,0.3819183,5.0,mid
YOR069W,0.70331913,0.17532106,0.0,mid
YOR070C,0.54772484,0.30687758,0.0,mid
YOR071C,0.92162645,0.3895608,12.0,high_c
YOR072W,0.5001158,0.3975804,7.0,mid
YOR072W-A,0.40473974,0.56315976,17.0,mid
YOR072W-B,0.42536232,0.03276074,0.0,mid
YOR073W,0.83342713,0.35958126,3.0,mid
YOR073W-A,0.55180407,0.33507097,5.0,mid
YOR074C,0.7758057,0.35196632,4.0,mid
YOR075W,0.8294256,0.30039912,5.0,mid
YOR076C,0.75927174,0.2925731,1.0,mid
YOR077W,0.72630024,0.26455626,2.0,mid
YOR078W,0.666726,0.38951042,11.0,mid
YOR079C,0.76650435,0.36370906,3.0,mid
YOR080W,0.44530946,0.24079761,1.0,mid
YOR081C,0.7843522,0.23945433,0.0,mid
YOR082C,0.31813914,0.4617055,6.0,low_c
YOR083W,0.68686014,0.26293534,4.0,mid
YOR084W,0.87006336,0.3170668,4.0,mid
YOR085W,0.86960965,0.25702962,3.0,mid
YOR086C,0.8531602,0.21900748,1.0,mid
YOR087W,0.800725,0.19945571,0.0,mid
YOR089C,0.75418437,0.24223717,1.0,mid
YOR090C,0.81193626,0.2057738,0.0,mid
YOR091W,0.6943661,0.35512307,4.0,mid
YOR092W,0.85649884,0.5177331,19.0,mid
YOR093C,0.76563233,0.34073478,0.0,mid
YOR094W,0.7852283,0.29354876,3.0,mid
YOR095C,0.8800227,0.4474566,10.0,mid
YOR096W,0.84398973,0.40663758,8.0,mid
YOR097C,0.59342307,0.34686083,1.0,mid
YOR098C,0.637543,0.29638326,0.0,mid
YOR099W,0.85492134,0.22263312,0.0,mid
YOR100C,0.8314321,0.4276771,11.0,mid
YOR101W,0.84167933,0.2451978,1.0,mid
YOR102W,0.2931897,0.5344129,16.0,low_c
YOR103C,0.81745607,0.33053422,6.0,mid
YOR104W,0.7471382,0.16513896,1.0,mid
YOR105W,0.50796556,0.34011924,4.0,mid
YOR106W,0.79255587,0.17253369,0.0,mid
YOR107W,0.7666486,0.69614714,29.0,mid
YOR108C-A,0.21563286,0.55294675,13.0,low_c
YOR108W,0.8062227,0.45920292,10.0,mid
YOR109W,0.754276,0.25053194,1.0,mid
YOR110W,0.81647104,0.15568331,0.0,mid
YOR111W,0.73297995,0.19398041,0.0,mid
YOR112W,0.7596748,0.16623156,0.0,mid
YOR113W,0.5330755,0.32058275,1.0,mid
YOR114W,0.7614494,0.27316445,1.0,mid
YOR115C,0.76205903,0.37363878,6.0,mid
YOR116C,0.69631094,0.3228813,1.0,mid
YOR117W,0.88523966,0.18103456,0.0,mid
YOR118W,0.75942755,0.25976682,0.0,mid
YOR119C,0.76930714,0.34236106,4.0,mid
YOR120W,0.7998954,0.6371631,28.0,mid
YOR121C,0.23917452,0.4344149,13.0,low_c
YOR122C,0.85576195,0.258201,5.0,mid
YOR123C,0.72060233,0.32752421,2.0,mid
YOR124C,0.8206958,0.25506178,1.0,mid
YOR125C,0.8459647,0.20385545,0.0,mid
YOR126C,0.7387738,0.25232238,0.0,mid
YOR127W,0.7412576,0.27545837,0.0,mid
YOR128C,0.5065116,0.046317358,0.0,mid
YOR129C,0.723857,0.37798843,3.0,mid
YOR130C,0.7780594,0.4021273,18.0,mid
YOR131C,0.841971,0.21650179,0.0,mid
YOR132W,0.8522347,0.24995118,0.0,mid
YOR133W,0.8033944,0.23491925,3.0,mid
YOR134W,0.7336508,0.5884843,22.0,mid
YOR135C,0.3311774,0.46301475,7.0,low_c
YOR136W,0.8547224,0.31232637,2.0,mid
YOR137C,0.4342826,0.44346297,8.0,mid
YOR138C,0.7303694,0.12913947,0.0,mid
YOR139C,0.30620068,0.36141464,5.0,low_c
YOR140W,0.6928152,0.36346015,2.0,mid
YOR141C,0.68840176,0.2341689,1.0,mid
YOR142W,0.85489416,0.3040643,4.0,mid
YOR143C,0.71135014,0.3336406,2.0,mid
YOR144C,0.7409554,0.32786512,0.0,mid
YOR145C,0.8058933,0.39654666,5.0,mid
YOR146W,0.42517665,0.5824821,19.0,mid
YOR147W,0.8514722,0.2926018,1.0,mid
YOR148C,0.71767163,0.20907848,1.0,mid
YOR149C,0.7113798,0.23361604,0.0,mid
YOR150W,0.7267691,0.2343152,2.0,mid
YOR151C,0.7019738,0.22058156,0.0,mid
YOR152C,0.7288504,0.40843815,8.0,mid
YOR153W,0.78573453,0.59607553,23.0,mid
YOR154W,0.8353486,0.23818463,0.0,mid
YOR155C,0.80150414,0.22932203,1.0,mid
YOR156C,0.7053727,0.32508162,1.0,mid
YOR157C,0.91151553,0.1934546,0.0,high_c
YOR158W,0.8811179,0.17625374,0.0,mid
YOR159C,0.7489888,0.38774052,2.0,mid
YOR160W,0.7664584,0.22299764,0.0,mid
YOR161C,0.8192502,0.55726844,21.0,mid
YOR161C-C,0.6469175,0.4762449,10.0,mid
YOR161W-A,0.4536358,0.7207256,30.0,mid
YOR161W-B,0.36055085,0.5453658,17.0,mid
YOR162C,0.805719,0.48228717,20.0,mid
YOR163W,0.7280377,0.27131626,0.0,mid
YOR164C,0.7159419,0.22783302,0.0,mid
YOR165W,0.7301792,0.18188341,0.0,mid
YOR166C,0.79462564,0.25239885,0.0,mid
YOR167C,0.69502044,0.43582866,10.0,mid
YOR168W,0.72745776,0.20167884,0.0,mid
YOR169C,0.49325776,0.23258592,5.0,mid
YOR170W,0.5175722,0.14384124,4.0,mid
YOR171C,0.8098561,0.21951386,0.0,mid
YOR172W,0.7521924,0.3220244,0.0,mid
YOR173W,0.7266053,0.8277749,38.0,mid
YOR174W,0.74471635,0.1724245,0.0,mid
YOR175C,0.75842,0.20890932,0.0,mid
YOR176W,0.8940174,0.4107797,10.0,high_c
YOR177C,0.82927537,0.30843285,3.0,mid
YOR178C,0.6454054,1.2087531,57.0,mid
YOR179C,0.8655479,0.21723582,0.0,mid
YOR180C,0.7996121,0.25776032,2.0,mid
YOR181W,0.86647,0.23727974,2.0,mid
YOR182C,0.69990295,0.5564331,20.0,mid
YOR183W,0.29251984,0.28984994,2.0,low_c
YOR184W,0.90948945,0.25824398,2.0,high_c
YOR185C,0.75056505,0.51000416,11.0,mid
YOR186C-A,0.29292312,0.416027,8.0,low_c
YOR186W,0.8436183,0.39321688,11.0,mid
YOR187W,0.88179773,0.19509247,0.0,mid
YOR188W,0.7955858,0.27837142,1.0,mid
YOR189W,0.83302224,0.28045076,1.0,mid
YOR190W,0.76597744,0.2619197,5.0,mid
YOR191W,0.77767015,0.22839977,0.0,mid
YOR192C,0.84171605,0.39697307,6.0,mid
YOR192C-C,0.45208114,0.45169657,13.0,mid
YOR193W,0.62326944,0.21534072,1.0,mid
YOR194C,0.89185965,0.20632169,1.0,high_c
YOR195W,0.71906793,0.2782654,4.0,mid
YOR196C,0.78142416,0.30928108,2.0,mid
YOR197W,0.8426375,0.18805501,0.0,mid
YOR198C,0.8909104,0.18830016,0.0,mid
YOR199W,0.44781163,0.49526155,9.0,mid
YOR200W,0.22793743,0.3695222,4.0,low_c
YOR201C,0.2596287,0.17947152,0.0,low_c
YOR202W,0.46140444,0.012318249,1.0,mid
YOR203W,0.39059332,0.21712783,1.0,mid
YOR204W,0.38664794,0.24646609,0.0,mid
YOR205C,0.64716285,0.20568515,0.0,mid
YOR206W,0.6860023,0.3784691,8.0,mid
YOR207C,0.6653816,0.31931618,1.0,mid
YOR208W,0.70446116,0.3582986,1.0,mid
YOR209C,0.8667647,0.16867046,0.0,mid
YOR210W,0.8344999,0.26196572,2.0,mid
YOR211C,0.7434851,0.27688706,1.0,mid
YOR212W,0.893876,0.22299135,0.0,high_c
YOR213C,0.7271264,0.20736225,1.0,mid
YOR214C,0.6990374,0.19266391,1.0,mid
YOR215C,0.7044388,0.31789544,3.0,mid
YOR216C,0.6836502,0.15746729,1.0,mid
YOR217W,0.7209073,0.18963507,0.0,mid
YOR218C,0.38882914,0.49894598,9.0,mid
YOR219C,0.74394804,0.27708167,0.0,mid
YOR220W,0.8075156,0.38364092,6.0,mid
YOR221C,0.8861225,0.43690658,16.0,mid
YOR222W,0.85063696,0.29155868,0.0,mid
YOR223W,0.7152747,0.2192171,1.0,mid
YOR224C,0.80244,0.25737265,2.0,mid
YOR225W,0.20278655,0.51869476,10.0,low_c
YOR226C,0.91320044,0.52744836,19.0,high_c
YOR227W,0.86594856,0.46782276,15.0,mid
YOR228C,0.87834257,0.37718734,10.0,mid
YOR229W,0.8577342,0.207108,0.0,mid
YOR230W,0.8903125,0.28077736,4.0,mid
YOR231C-A,0.39435613,0.27231124,5.0,mid
YOR231W,0.84142226,0.22067085,1.0,mid
YOR232W,0.7186441,0.23218001,1.0,mid
YOR233W,0.8665518,0.31878746,0.0,mid
YOR234C,0.7193647,0.3692896,11.0,mid
YOR235W,0.36694452,0.7120604,36.0,mid
YOR236W,0.77391416,0.31711772,3.0,mid
YOR237W,0.79171544,0.5740245,21.0,mid
YOR238W,0.8513471,0.23775268,0.0,mid
YOR239W,0.82969195,0.13165039,0.0,mid
YOR241W,0.6830629,0.20151904,0.0,mid
YOR242C,0.80197066,0.2847568,2.0,mid
YOR243C,0.8748653,0.25035968,1.0,mid
YOR244W,0.76508176,0.21053728,0.0,mid
YOR245C,0.80160636,0.21261,0.0,mid
YOR246C,0.7158775,0.20082302,1.0,mid
YOR247W,0.8387535,0.33250988,2.0,mid
YOR248W,0.66527724,0.25614333,1.0,mid
YOR249C,0.8174135,0.24843585,0.0,mid
YOR250C,0.7186236,0.24705774,0.0,mid
YOR251C,0.75854564,0.25206804,2.0,mid
YOR252W,0.6668095,0.32649714,4.0,mid
YOR253W,0.8074546,0.19294791,0.0,mid
YOR254C,0.83263123,0.15700063,0.0,mid
YOR255W,0.79976255,0.18693723,1.0,mid
YOR256C,0.6817728,0.20656891,0.0,mid
YOR257W,0.8350225,0.27276066,1.0,mid
YOR258W,0.7482847,0.17058401,0.0,mid
YOR259C,0.90626127,0.2993522,4.0,high_c
YOR260W,0.83144027,0.21093865,0.0,mid
YOR261C,0.83083266,0.23846488,1.0,mid
YOR262W,0.8450908,0.22728099,1.0,mid
YOR263C,0.54358715,0.37359118,6.0,mid
YOR264W,0.7553139,0.2495034,1.0,mid
YOR265W,0.65182424,0.38267747,2.0,mid
YOR266W,0.78870344,0.23580062,0.0,mid
YOR267C,0.7042861,0.32446152,0.0,mid
YOR268C,0.59968024,0.46921983,10.0,mid
YOR269W,0.89778405,0.29021394,0.0,high_c
YOR270C,0.78625035,0.21103153,0.0,mid
YOR271C,0.757711,0.28828585,1.0,mid
YOR272W,0.8598277,0.36125207,6.0,mid
YOR273C,0.8888158,0.56657326,21.0,mid
YOR274W,0.8713283,0.2203143,0.0,mid
YOR275C,0.7454957,0.18888749,0.0,mid
YOR276W,0.8654686,0.27415282,2.0,mid
YOR277C,0.14727229,0.47916564,9.0,low_c
YOR278W,0.83005846,0.15719925,0.0,mid
YOR279C,0.76189446,0.19568026,0.0,mid
YOR280C,0.80661315,0.25402975,0.0,mid
YOR281C,0.7726792,0.15618242,0.0,mid
YOR282W,0.4028681,0.45876917,6.0,mid
YOR283W,0.83318794,0.26172268,1.0,mid
YOR284W,0.72722054,0.20890608,0.0,mid
YOR285W,0.6737563,0.38825244,4.0,mid
YOR286W,0.9034573,0.2515749,1.0,high_c
YOR287C,0.67858,0.53289956,22.0,mid
YOR288C,0.7186417,0.35204393,6.0,mid
YOR289W,0.71606606,0.47611776,11.0,mid
YOR290C,0.72662675,0.24724235,0.0,mid
YOR291W,0.7313847,0.28099602,1.0,mid
YOR292C,0.81435317,0.26445103,2.0,mid
YOR293C-A,0.11634595,0.548121,18.0,low_c
YOR293W,0.8369297,0.42358676,13.0,mid
YOR294W,0.8644245,0.37640992,10.0,mid
YOR295W,0.7616603,0.2366386,0.0,mid
YOR296W,0.83718306,0.27700993,1.0,mid
YOR297C,0.76122457,0.2413165,0.0,mid
YOR298C-A,0.83461004,0.49365687,11.0,mid
YOR298W,0.9103168,0.38991475,6.0,high_c
YOR299W,0.83622235,0.22210938,0.0,mid
YOR300W,0.2311246,0.3583183,4.0,low_c
YOR301W,0.6275408,0.26648176,0.0,mid
YOR302W,0.77421796,0.63993263,31.0,mid
YOR303W,0.8722481,0.5275108,20.0,mid
YOR304C-A,0.67749345,0.38977996,6.0,mid
YOR304W,0.7101004,0.18933702,1.0,mid
YOR305W,0.77972424,0.3927546,0.0,mid
YOR306C,0.8839832,0.62915605,20.0,mid
YOR307C,0.6162335,0.24935612,0.0,mid
YOR308C,0.8084645,0.25416845,0.0,mid
YOR309C,0.48726976,0.37982306,4.0,mid
YOR310C,0.8649555,0.35445634,2.0,mid
YOR311C,0.6836669,0.18495023,5.0,mid
YOR312C,0.62580436,0.31801537,5.0,mid
YOR313C,0.7515937,0.50030583,12.0,mid
YOR314W,0.6850741,0.27736908,5.0,mid
YOR314W-A,0.6670536,0.5468654,19.0,mid
YOR315W,0.888285,0.39859632,8.0,mid
YOR316C,0.8902627,0.6313345,26.0,mid
YOR316C-A,0.6536572,0.5045363,20.0,mid
YOR317W,0.7687607,0.2882628,1.0,mid
YOR318C,0.48819184,0.29166457,3.0,mid
YOR319W,0.826799,0.20405903,0.0,mid
YOR320C,0.80396026,0.16108091,0.0,mid
YOR321W,0.8479511,0.30604473,0.0,mid
YOR322C,0.7188359,0.28504214,1.0,mid
YOR323C,0.8654531,0.17780013,0.0,mid
YOR324C,0.6213072,0.33792132,0.0,mid
YOR325W,0.39865908,0.39969528,7.0,mid
YOR326W,0.85110736,0.17060047,0.0,mid
YOR327C,0.81544507,0.39040396,10.0,mid
YOR328W,0.66282785,0.30602807,3.0,mid
YOR329C,0.6232864,0.3074343,0.0,mid
YOR329W-A,0.2511184,0.37342024,7.0,low_c
YOR330C,0.7644033,0.23031153,0.0,mid
YOR331C,0.16695303,0.32316214,5.0,low_c
YOR332W,0.8164705,0.2421651,0.0,mid
YOR333C,0.36257207,0.42459226,4.0,mid
YOR334W,0.76159763,0.23414825,0.0,mid
YOR335C,0.9099637,0.23677918,0.0,high_c
YOR335W-A,0.504409,0.6154989,36.0,mid
YOR336W,0.7408734,0.30097482,0.0,mid
YOR337W,0.7574857,0.43200853,5.0,mid
YOR338W,0.6538329,0.47665334,7.0,mid
YOR339C,0.34811094,0.34079623,3.0,low_c
YOR340C,0.8929145,0.407533,5.0,high_c
YOR341W,0.7949497,0.35940313,3.0,mid
YOR342C,0.7466501,0.3688036,3.0,mid
YOR343C,0.5888449,0.66669816,27.0,mid
YOR344C,0.56596214,0.3732443,4.0,mid
YOR345C,0.6173914,0.36985952,6.0,mid
YOR346W,0.6275997,0.25883222,1.0,mid
YOR347C,0.86662686,0.41120347,7.0,mid
YOR348C,0.6285081,0.49579504,12.0,mid
YOR349W,0.86274236,0.29891276,1.0,mid
YOR350C,0.7513008,0.24920219,0.0,mid
YOR351C,0.8326849,0.13258857,4.0,mid
YOR352W,0.8108397,0.22993879,1.0,mid
YOR353C,0.77856356,0.24872123,0.0,mid
YOR354C,0.8224815,0.24956113,1.0,mid
YOR355W,0.7728887,0.34435728,0.0,mid
YOR356W,0.5930558,0.4925264,9.0,mid
YOR357C,0.642673,0.29815945,2.0,mid
YOR358W,0.7478988,0.1670717,0.0,mid
YOR359W,0.7892396,0.42049152,4.0,mid
YOR360C,0.81225914,0.33487278,4.0,mid
YOR361C,0.68716633,0.18504637,1.0,mid
YOR362C,0.8773507,0.27304673,2.0,mid
YOR363C,0.8348186,0.3484042,1.0,mid
YOR364W,0.33476743,0.3122598,3.0,low_c
YOR365C,0.81563026,0.3076342,5.0,mid
YOR366W,0.6556291,0.41242382,4.0,mid
YOR367W,0.76189613,0.24651548,1.0,mid
YOR368W,0.8216475,0.24253294,0.0,mid
YOR369C,0.858909,0.5244558,23.0,mid
YOR370C,0.6787993,0.26613548,0.0,mid
YOR371C,0.80136377,0.2957198,1.0,mid
YOR372C,0.8497218,0.35909495,4.0,mid
YOR373W,0.7127937,0.3109739,3.0,mid
YOR374W,0.94057244,0.68357456,30.0,high_c
YOR375C,0.9055156,0.5344806,18.0,high_c
YOR376W,0.35677317,0.28040695,5.0,low_c
YOR376W-A,0.6627876,0.40249193,5.0,mid
YOR377W,0.8295638,0.35531992,0.0,mid
YOR378W,0.83354074,0.36396948,8.0,mid
YOR379C,0.4973504,0.4621392,10.0,mid
YOR380W,0.76276785,0.20970193,0.0,mid
YOR381W,0.6965119,0.91269356,48.0,mid
YOR381W-A,0.67286974,0.5908117,19.0,mid
YOR382W,0.8071206,1.713822,70.0,mid
YOR383C,0.7269328,1.5172881,68.0,mid
YOR384W,0.51417387,1.3244759,50.0,mid
YOR385W,0.7774539,0.21589084,0.0,mid
YOR386W,0.73876196,0.40010673,9.0,mid
YOR387C,0.8026004,0.3972864,8.0,mid
YOR388C,0.63363,0.1261384,2.0,mid
YOR389W,0.88362515,0.4291434,6.0,mid
YOR390W,0.7325787,0.30620024,1.0,mid
YOR391C,0.5400764,0.22695108,4.0,mid
YOR392W,0.4361738,0.104382165,1.0,mid
YOR393W,0.85755885,0.00096183666,0.0,mid
YOR394C-A,0.70215666,0.59382445,22.0,mid
YOR394W,0.779398,0.0,0.0,mid
YOR396C-A,0.57784206,0.0,0.0,mid
YOR396W,0.5658911,0.00016397165,0.0,mid
YPL001W,0.7828726,0.30971456,1.0,mid
YPL002C,0.7825953,0.18235709,1.0,mid
YPL003W,0.6826546,0.26646906,2.0,mid
YPL004C,0.86352515,0.38799736,7.0,mid
YPL005W,0.79267675,0.23838302,0.0,mid
YPL006W,0.78919804,0.3137052,3.0,mid
YPL007C,0.757285,0.23112817,1.0,mid
YPL008W,0.82379127,0.29250026,0.0,mid
YPL009C,0.79298383,0.19566925,1.0,mid
YPL010W,0.79627806,0.33725554,7.0,mid
YPL011C,0.76888466,0.21195252,0.0,mid
YPL012W,0.7513707,0.40393913,6.0,mid
YPL013C,0.7767765,0.24194808,0.0,mid
YPL014W,0.8707281,0.5249361,12.0,mid
YPL015C,0.7813266,0.35923767,5.0,mid
YPL016W,0.83427423,0.34142107,2.0,mid
YPL017C,0.76872665,0.60341924,26.0,mid
YPL018W,0.6182353,0.44448185,13.0,mid
YPL019C,0.6626868,0.40953553,10.0,mid
YPL020C,0.8292857,0.26400036,0.0,mid
YPL021W,0.7074813,0.060604073,0.0,mid
YPL022W,0.7530717,0.21101728,0.0,mid
YPL023C,0.8146649,0.16389045,0.0,mid
YPL024W,0.5950994,0.214882,1.0,mid
YPL025C,0.44391346,0.3678775,5.0,mid
YPL026C,0.8293989,0.37844044,2.0,mid
YPL027W,0.76410836,0.25479102,2.0,mid
YPL028W,0.8913048,0.2894887,1.0,mid
YPL029W,0.7692248,0.27843228,0.0,mid
YPL030W,0.8182498,0.24998617,0.0,mid
YPL031C,0.8182534,0.18767431,1.0,mid
YPL032C,0.83058536,0.24135196,0.0,mid
YPL033C,0.9116137,0.3513599,12.0,high_c
YPL034W,0.7014126,0.22458847,0.0,mid
YPL035C,0.48484343,0.32794404,6.0,mid
YPL036W,0.6251661,0.32752034,2.0,mid
YPL037C,0.9067683,0.3013625,2.0,high_c
YPL038W,0.8165561,0.25651392,0.0,mid
YPL038W-A,0.32872945,0.35092768,5.0,low_c
YPL039W,0.64316845,0.20899758,0.0,mid
YPL040C,0.72237074,0.2420716,0.0,mid
YPL041C,0.6046088,0.19117926,1.0,mid
YPL042C,0.84633565,0.3190096,1.0,mid
YPL043W,0.7886132,0.34018916,5.0,mid
YPL044C,0.5102431,0.40645385,6.0,mid
YPL045W,0.6860641,0.17407455,0.0,mid
YPL046C,0.6484272,0.3088302,1.0,mid
YPL047W,0.70064306,0.23621899,2.0,mid
YPL048W,0.9162452,0.2265565,1.0,high_c
YPL049C,0.7735807,0.28151742,1.0,mid
YPL050C,0.719436,0.16345136,0.0,mid
YPL051W,0.8164858,0.18893227,0.0,mid
YPL052W,0.7375849,0.2109214,0.0,mid
YPL053C,0.7924903,0.20188603,0.0,mid
YPL054W,0.7930963,0.4491618,12.0,mid
YPL055C,0.6550654,0.19894995,0.0,mid
YPL056C,0.28608534,0.28588557,4.0,low_c
YPL057C,0.6809103,0.37015533,5.0,mid
YPL058C,0.7751703,2.6507733,116.0,mid
YPL059W,0.86714196,0.24594508,1.0,mid
YPL060W,0.60905486,0.19502947,0.0,mid
YPL061W,0.8926553,0.27594876,4.0,high_c
YPL062W,0.40528864,0.81460845,42.0,mid
YPL063W,0.8443396,0.09383518,0.0,mid
YPL064C,0.8370736,0.16892177,0.0,mid
YPL065W,0.82197255,0.16026923,0.0,mid
YPL066W,0.7852012,0.32690892,3.0,mid
YPL067C,0.5251001,0.24696651,4.0,mid
YPL068C,0.8122669,0.3248786,3.0,mid
YPL069C,0.7654235,0.25199512,0.0,mid
YPL070W,0.8055958,0.24227457,0.0,mid
YPL071C,0.78113455,0.19479477,0.0,mid
YPL072W,0.8242809,0.29058796,0.0,mid
YPL073C,0.49353933,0.26978096,5.0,mid
YPL074W,0.85188526,0.25120404,0.0,mid
YPL075W,0.6748177,0.3480336,0.0,mid
YPL076W,0.6951137,0.2537183,0.0,mid
YPL077C,0.8644269,0.17013511,0.0,mid
YPL078C,0.68239963,0.24308397,5.0,mid
YPL079W,0.79935646,0.45520574,16.0,mid
YPL080C,0.27734655,0.48666787,6.0,low_c
YPL081W,0.45425037,0.3399569,2.0,mid
YPL082C,0.9219994,0.3253149,0.0,high_c
YPL083C,0.75234795,0.21133822,0.0,mid
YPL084W,0.7731209,0.20522337,0.0,mid
YPL085W,0.7809078,0.24589157,1.0,mid
YPL086C,0.8510321,0.34687135,4.0,mid
YPL087W,0.7253407,0.44175068,10.0,mid
YPL088W,0.5987303,0.27016276,6.0,mid
YPL089C,0.85730773,0.33197653,0.0,mid
YPL090C,0.56727725,0.4113196,16.0,mid
YPL091W,0.875947,0.40653872,19.0,mid
YPL092W,0.6951536,0.7706936,32.0,mid
YPL093W,0.8389395,0.3715051,4.0,mid
YPL094C,0.7141545,0.20307069,0.0,mid
YPL095C,0.86779636,0.50500715,17.0,mid
YPL096C-A,0.5256166,0.22980954,1.0,mid
YPL096W,0.82252455,0.22355895,1.0,mid
YPL097W,0.7846659,0.2550744,0.0,mid
YPL098C,0.6000123,0.22443901,1.0,mid
YPL099C,0.6960046,0.1741249,0.0,mid
YPL100W,0.7875691,0.24247755,1.0,mid
YPL101W,0.85980266,0.14935054,1.0,mid
YPL102C,0.33340263,0.4603573,6.0,low_c
YPL103C,0.8117605,0.18585847,0.0,mid
YPL104W,0.76560295,0.19231014,0.0,mid
YPL105C,0.77935076,0.28438988,1.0,mid
YPL106C,0.8981086,0.28141022,2.0,high_c
YPL107W,0.7755955,0.17515375,0.0,mid
YPL108W,0.55313766,0.2643547,1.0,mid
YPL109C,0.6329487,0.3386762,5.0,mid
YPL110C,0.6085245,0.23623525,0.0,mid
YPL111W,0.88597614,0.44073448,13.0,mid
YPL112C,0.5709617,0.20948459,1.0,mid
YPL113C,0.7075894,0.36738256,8.0,mid
YPL114W,0.28488597,0.28231862,2.0,low_c
YPL115C,0.81562716,0.3155035,1.0,mid
YPL116W,0.768595,0.25436214,0.0,mid
YPL117C,0.8669158,0.17026399,0.0,mid
YPL118W,0.878115,0.18519431,1.0,mid
YPL119C,0.6639585,0.3863352,10.0,mid
YPL119C-A,0.33065984,0.45154372,11.0,low_c
YPL120W,0.73506415,0.24323986,1.0,mid
YPL121C,0.82854664,0.24013022,4.0,mid
YPL122C,0.79242367,0.15971282,0.0,mid
YPL123C,0.76016074,0.4223086,11.0,mid
YPL124W,0.73576576,0.3226681,7.0,mid
YPL125W,0.82261544,0.22518896,1.0,mid
YPL126W,0.7158483,0.37518227,4.0,mid
YPL127C,0.7416957,0.3412908,5.0,mid
YPL128C,0.7058806,0.1914341,0.0,mid
YPL129W,0.8348162,0.16967359,0.0,mid
YPL130W,0.71971196,0.18311462,2.0,mid
YPL131W,0.87768465,0.29239887,7.0,mid
YPL132W,0.80346197,0.18102749,0.0,mid
YPL133C,0.6748543,0.24664047,0.0,mid
YPL134C,0.48280832,0.2988862,5.0,mid
YPL135C-A,0.26094875,0.59970695,18.0,low_c
YPL135W,0.8384125,0.31100732,4.0,mid
YPL136W,0.40663695,0.50645995,10.0,mid
YPL137C,0.79912466,0.38836956,4.0,mid
YPL138C,0.85290664,0.17082965,1.0,mid
YPL139C,0.75353277,0.19152775,0.0,mid
YPL140C,0.77567226,0.23392168,0.0,mid
YPL141C,0.64423054,0.340397,4.0,mid
YPL142C,0.16814092,0.5543094,12.0,low_c
YPL143W,0.7547084,0.38006374,10.0,mid
YPL144W,0.75701797,0.2531997,0.0,mid
YPL145C,0.86120147,0.22026463,1.0,mid
YPL146C,0.70525014,0.4112639,5.0,mid
YPL147W,0.73945874,0.3072751,3.0,mid
YPL148C,0.663322,0.2722897,2.0,mid
YPL149W,0.6940797,0.27789137,0.0,mid
YPL150W,0.8213156,0.19211966,0.0,mid
YPL151C,0.7937008,0.21294595,0.0,mid
YPL152W,0.8037627,0.22991078,1.0,mid
YPL152W-A,0.5996047,0.59257317,26.0,mid
YPL153C,0.72555685,0.32359344,3.0,mid
YPL154C,0.91214967,0.40657952,9.0,high_c
YPL155C,0.744942,0.29385543,0.0,mid
YPL156C,0.8008142,0.61639637,24.0,mid
YPL157W,0.7588575,0.21445216,0.0,mid
YPL158C,0.7876426,0.45635152,6.0,mid
YPL159C,0.87446207,0.26637205,2.0,mid
YPL160W,0.8929495,0.28472334,2.0,high_c
YPL161C,0.8661138,0.28020364,1.0,mid
YPL162C,0.69716597,0.26808938,2.0,mid
YPL163C,0.74847287,0.3631698,7.0,mid
YPL164C,0.739374,0.30729067,0.0,mid
YPL165C,0.67209315,0.3347718,6.0,mid
YPL166W,0.73384076,0.3944615,1.0,mid
YPL167C,0.68698716,0.31720462,1.0,mid
YPL168W,0.73200095,0.24889518,0.0,mid
YPL169C,0.7137038,0.19016157,0.0,mid
YPL170W,0.8901284,0.3898798,5.0,mid
YPL171C,0.87152493,0.9625431,49.0,mid
YPL172C,0.70440716,0.25611606,0.0,mid
YPL173W,0.78937817,0.13212433,0.0,mid
YPL174C,0.7143303,0.2648387,0.0,mid
YPL175W,0.78455514,0.26911548,0.0,mid
YPL176C,0.8019032,0.16671802,0.0,mid
YPL177C,0.5583435,0.37759575,6.0,mid
YPL178W,0.86680037,0.250059,1.0,mid
YPL179W,0.9008562,0.29119703,0.0,high_c
YPL180W,0.654927,0.27225545,1.0,mid
YPL181W,0.868965,0.1974032,0.0,mid
YPL182C,0.41014647,0.43822592,12.0,mid
YPL183C,0.730769,0.3779167,2.0,mid
YPL183W-A,0.7873809,0.29813752,2.0,mid
YPL184C,0.5353791,0.25971997,0.0,mid
YPL185W,0.5211096,0.4002333,4.0,mid
YPL186C,0.65236217,0.5354538,19.0,mid
YPL187W,0.62902075,0.35463104,5.0,mid
YPL188W,0.8380807,0.3160009,4.0,mid
YPL189C-A,0.53896123,0.73861563,34.0,mid
YPL189W,0.7178781,0.28885633,4.0,mid
YPL190C,0.6354837,0.2466479,0.0,mid
YPL191C,0.8415519,0.24870251,0.0,mid
YPL192C,0.73280185,0.3954169,9.0,mid
YPL193W,0.75799763,0.22730204,0.0,mid
YPL194W,0.8266711,0.21956171,0.0,mid
YPL195W,0.74570215,0.14654854,0.0,mid
YPL196W,0.8778443,0.20264593,1.0,mid
YPL197C,0.14294837,0.3986003,6.0,low_c
YPL198W,0.8633316,0.337811,11.0,mid
YPL199C,0.6169978,0.16332336,1.0,mid
YPL200W,0.6991624,0.2072081,2.0,mid
YPL201C,0.81856436,0.3521826,4.0,mid
YPL202C,0.7414732,0.29130712,1.0,mid
YPL203W,0.50423104,0.33149573,2.0,mid
YPL204W,0.8791649,0.2034246,0.0,mid
YPL205C,0.2844186,0.49415788,10.0,low_c
YPL206C,0.68733454,0.16205555,0.0,mid
YPL207W,0.6004033,0.34842908,5.0,mid
YPL208W,0.78304386,0.28163373,1.0,mid
YPL209C,0.74213374,0.2595027,0.0,mid
YPL210C,0.59728026,0.142216,0.0,mid
YPL211W,0.6591561,0.37495402,7.0,mid
YPL212C,0.88522565,0.2625992,1.0,mid
YPL213W,0.6741924,0.19100124,0.0,mid
YPL214C,0.82794255,0.30328414,6.0,mid
YPL215W,0.75683105,0.26208538,0.0,mid
YPL216W,0.7230725,0.20391004,0.0,mid
YPL217C,0.6509007,0.36869946,5.0,mid
YPL218W,0.85564023,0.31970316,6.0,mid
YPL219W,0.8432929,0.36013725,0.0,mid
YPL220W,0.81211406,0.40011662,13.0,mid
YPL221W,0.90323293,0.2838673,0.0,high_c
YPL222C-A,0.25174218,0.53155583,17.0,low_c
YPL222W,0.71269935,0.37272424,6.0,mid
YPL223C,0.6142529,0.41830885,15.0,mid
YPL224C,0.7745173,0.31209785,4.0,mid
YPL225W,0.89989877,0.2705409,1.0,high_c
YPL226W,0.7381365,0.30354947,2.0,mid
YPL227C,0.775399,0.244781,0.0,mid
YPL228W,0.88212305,0.2554404,1.0,mid
YPL229W,0.6434308,0.3065494,1.0,mid
YPL230W,0.70784646,0.7985745,38.0,mid
YPL231W,0.8810665,0.28634498,3.0,mid
YPL232W,0.77456766,0.22719674,0.0,mid
YPL233W,0.82190853,0.19662496,0.0,mid
YPL234C,0.84300756,0.32785815,3.0,mid
YPL235W,0.85742694,0.13007618,0.0,mid
YPL236C,0.82164896,0.29180202,1.0,mid
YPL237W,0.79458004,0.24501172,1.0,mid
YPL238C,0.30642232,0.47979563,10.0,low_c
YPL239W,0.78243613,0.29502064,1.0,mid
YPL240C,0.8771874,0.5938426,23.0,mid
YPL241C,0.6379483,0.2484361,1.0,mid
YPL242C,0.6911611,0.28047204,3.0,mid
YPL243W,0.7897805,0.1765875,1.0,mid
YPL244C,0.7556537,0.33086154,5.0,mid
YPL245W,0.8618953,0.29340434,3.0,mid
YPL246C,0.7152987,0.21608342,4.0,mid
YPL247C,0.8414504,0.40610665,13.0,mid
YPL248C,0.695426,0.49155077,11.0,mid
YPL249C,0.6824794,0.18994594,0.0,mid
YPL249C-A,0.6320651,0.39776173,7.0,mid
YPL250C,0.78319186,0.5737157,25.0,mid
YPL250W-A,0.16598697,0.5089231,8.0,low_c
YPL251W,0.27829513,0.48535547,9.0,low_c
YPL252C,0.75137484,0.26545954,1.0,mid
YPL253C,0.76087844,0.28766906,3.0,mid
YPL254W,0.81064475,0.3135152,1.0,mid
YPL255W,0.7844797,0.34673628,1.0,mid
YPL256C,0.89038354,0.4924557,15.0,mid
YPL257W,0.5695985,0.35878745,5.0,mid
YPL258C,0.8578133,0.3664507,2.0,mid
YPL259C,0.7917221,0.2531559,1.0,mid
YPL260W,0.81465054,0.19726166,0.0,mid
YPL261C,0.375984,0.40177247,6.0,mid
YPL262W,0.85691726,0.2568913,1.0,mid
YPL263C,0.67063606,0.2675648,2.0,mid
YPL264C,0.59102935,0.42888358,17.0,mid
YPL265W,0.8729381,0.431131,9.0,mid
YPL266W,0.80498934,0.36787373,8.0,mid
YPL267W,0.88739264,0.37851417,11.0,mid
YPL268W,0.7076915,0.315179,1.0,mid
YPL269W,0.79546535,0.33485854,1.0,mid
YPL270W,0.5540198,0.19670552,1.0,mid
YPL271W,0.4791717,0.36698896,4.0,mid
YPL272C,0.85549724,0.6712342,21.0,mid
YPL273W,0.73514074,0.27338216,6.0,mid
YPL274W,0.8641745,0.31752473,5.0,mid
YPL277C,0.7895424,0.4642005,7.0,mid
YPL278C,0.40986553,0.5163727,16.0,mid
YPL279C,0.7344344,0.3334014,2.0,mid
YPL280W,0.55941963,0.19805762,2.0,mid
YPL281C,0.8808236,0.0007482938,0.0,mid
YPL282C,0.75806403,0.0,0.0,mid
YPL283C,0.7087577,0.000100215584,0.0,mid
YPL283W-A,0.5085232,0.0,0.0,mid
YPL283W-B,0.53096545,0.0,0.0,mid
YPR001W,0.7265627,0.30476588,1.0,mid
YPR002C-A,0.5322833,0.43997622,15.0,mid
YPR002W,0.6799646,0.47999918,9.0,mid
YPR003C,0.7572288,0.31716073,2.0,mid
YPR004C,0.8475122,0.21164308,4.0,mid
YPR005C,0.74016404,0.4008837,9.0,mid
YPR006C,0.813612,0.26551223,0.0,mid
YPR007C,0.66178167,0.3043961,4.0,mid
YPR008W,0.7757391,0.35381576,1.0,mid
YPR009W,0.8364354,0.25906068,4.0,mid
YPR010C,0.7610527,0.33142382,4.0,mid
YPR010C-A,0.5555002,0.3981656,5.0,mid
YPR011C,0.6484294,0.2696819,0.0,mid
YPR012W,0.6854672,0.5881658,15.0,mid
YPR013C,0.8019079,0.26058272,1.0,mid
YPR014C,0.55102384,0.24172805,5.0,mid
YPR015C,0.79831153,0.5056726,14.0,mid
YPR016C,0.79862577,0.44644332,5.0,mid
YPR016W-A,0.37433907,0.37060016,5.0,mid
YPR017C,0.66912484,0.2577522,1.0,mid
YPR018W,0.563255,0.33566022,1.0,mid
YPR019W,0.7639189,0.1983942,0.0,mid
YPR020W,0.71884346,0.32569224,3.0,mid
YPR021C,0.7089082,0.27959746,2.0,mid
YPR022C,0.59222764,0.3202388,1.0,mid
YPR023C,0.7218641,0.18096316,0.0,mid
YPR024W,0.8134336,0.25258708,0.0,mid
YPR025C,0.7195676,0.16138764,0.0,mid
YPR026W,0.65081507,0.44588965,14.0,mid
YPR027C,0.68483543,0.30758706,5.0,mid
YPR028W,0.85475326,0.23665008,0.0,mid
YPR029C,0.7945259,0.18385182,1.0,mid
YPR030W,0.8053679,0.42760873,7.0,mid
YPR031W,0.7723705,0.24738263,1.0,mid
YPR032W,0.77952415,0.2357926,1.0,mid
YPR033C,0.86216336,0.21943775,0.0,mid
YPR034W,0.88142353,0.21701105,0.0,mid
YPR035W,0.86939645,0.3879632,4.0,mid
YPR036W,0.87851715,0.2025772,0.0,mid
YPR036W-A,0.7084776,0.40307036,2.0,mid
YPR037C,0.7444075,0.24414547,1.0,mid
YPR038W,0.30859652,0.4089382,5.0,low_c
YPR039W,0.35560873,0.050066743,0.0,low_c
YPR040W,0.8767713,0.17365484,0.0,mid
YPR041W,0.8786038,0.31598198,1.0,mid
YPR042C,0.87513316,0.36638537,2.0,mid
YPR043W,0.64405537,0.38010952,13.0,mid
YPR044C,0.2825185,0.5077885,12.0,low_c
YPR045C,0.7978385,0.19826849,1.0,mid
YPR046W,0.8297673,0.25107467,0.0,mid
YPR047W,0.6957355,0.2367228,0.0,mid
YPR048W,0.8572261,0.34861577,3.0,mid
YPR049C,0.6864047,0.22564515,0.0,mid
YPR050C,0.29163972,0.475744,7.0,low_c
YPR051W,0.5382282,0.3292487,1.0,mid
YPR052C,0.6284122,0.35251918,5.0,mid
YPR053C,0.2716039,0.41539562,11.0,low_c
YPR054W,0.75718564,0.32675892,6.0,mid
YPR055W,0.8183197,0.268095,1.0,mid
YPR056W,0.65551454,0.1745591,0.0,mid
YPR057W,0.67703176,0.25738513,1.0,mid
YPR058W,0.59799105,0.29522386,1.0,mid
YPR059C,0.3161075,0.4287414,9.0,low_c
YPR060C,0.7278738,0.20940392,0.0,mid
YPR061C,0.5441364,0.2986586,1.0,mid
YPR062W,0.8770802,0.30561516,0.0,mid
YPR063C,0.90414953,0.21354982,0.0,high_c
YPR064W,0.5334099,0.3170308,5.0,mid
YPR065W,0.7364807,0.49527124,11.0,mid
YPR066W,0.52577186,0.18487668,0.0,mid
YPR067W,0.8288873,0.28801182,1.0,mid
YPR068C,0.7898726,0.22199844,1.0,mid
YPR069C,0.8371277,0.34217572,6.0,mid
YPR070W,0.7658625,0.24478167,0.0,mid
YPR071W,0.7238693,0.24546407,0.0,mid
YPR072W,0.83639216,0.14407122,1.0,mid
YPR073C,0.82814944,0.19727914,0.0,mid
YPR074C,0.93657434,0.22059144,1.0,high_c
YPR074W-A,0.3426352,0.36924446,6.0,low_c
YPR075C,0.7716129,0.20539366,1.0,mid
YPR076W,0.3774938,0.5267586,9.0,mid
YPR077C,0.74676013,0.045332532,1.0,mid
YPR078C,0.7340879,0.17856885,1.0,mid
YPR079W,0.866748,0.2624304,0.0,mid
YPR080W,0.89348054,0.3407038,5.0,high_c
YPR081C,0.6598429,0.23756304,0.0,mid
YPR082C,0.5549214,0.16534846,0.0,mid
YPR083W,0.7169197,0.30250615,1.0,mid
YPR084W,0.6553976,0.23567797,0.0,mid
YPR085C,0.7774565,0.23728639,0.0,mid
YPR086W,0.77703565,0.1925187,0.0,mid
YPR087W,0.4239013,0.4660897,8.0,mid
YPR088C,0.75392973,0.1624377,0.0,mid
YPR089W,0.70268,0.20179816,0.0,mid
YPR091C,0.75874823,0.19081941,0.0,mid
YPR092W,0.29790527,0.4887481,9.0,low_c
YPR093C,0.6808379,0.24987562,0.0,mid
YPR094W,0.6582217,0.3228277,2.0,mid
YPR095C,0.7957534,0.25968274,0.0,mid
YPR096C,0.5381382,0.34596342,3.0,mid
YPR097W,0.795275,0.21233535,0.0,mid
YPR098C,0.7702943,0.3114428,2.0,mid
YPR099C,0.2908347,0.48726982,9.0,low_c
YPR100W,0.73559004,0.31022644,1.0,mid
YPR101W,0.832501,0.26102495,1.0,mid
YPR102C,0.8559508,0.34766713,6.0,mid
YPR103W,0.8800482,0.16279002,1.0,mid
YPR104C,0.803891,0.3796761,2.0,mid
YPR105C,0.8254349,0.18845421,0.0,mid
YPR106W,0.6465191,0.29667687,2.0,mid
YPR107C,0.7042116,0.18736131,0.0,mid
YPR108W,0.86618745,0.18292576,2.0,mid
YPR108W-A,0.41914606,0.03539169,1.0,mid
YPR109W,0.85988736,0.19705713,0.0,mid
YPR110C,0.7478547,0.26310793,3.0,mid
YPR111W,0.79794323,0.27833626,1.0,mid
YPR112C,0.6641941,0.4357987,10.0,mid
YPR113W,0.6922769,0.18262696,0.0,mid
YPR114W,0.79629606,0.15402165,4.0,mid
YPR115W,0.6344292,0.36916608,6.0,mid
YPR116W,0.83162403,0.3417438,3.0,mid
YPR117W,0.58384746,0.38575438,8.0,mid
YPR118W,0.79089886,0.2181618,0.0,mid
YPR119W,0.78788126,0.44869813,7.0,mid
YPR120C,0.7889627,0.36459586,7.0,mid
YPR121W,0.82334995,0.4038541,2.0,mid
YPR122W,0.7760841,0.42375654,7.0,mid
YPR123C,0.52097666,0.41414723,10.0,mid
YPR124W,0.66319853,0.5223528,19.0,mid
YPR125W,0.8249285,0.21555476,0.0,mid
YPR126C,0.32994553,0.4728318,10.0,low_c
YPR127W,0.810931,0.26826993,2.0,mid
YPR128C,0.77936417,0.24450304,0.0,mid
YPR129W,0.87596345,0.18598413,1.0,mid
YPR130C,0.26265723,0.5677402,18.0,low_c
YPR131C,0.7549638,0.209441,2.0,mid
YPR132W,0.71046954,0.438113,10.0,mid
YPR133C,0.81608677,0.15968941,1.0,mid
YPR133W-A,0.45958388,0.4350385,5.0,mid
YPR134W,0.7772859,0.18781206,0.0,mid
YPR135W,0.79512435,0.17725493,0.0,mid
YPR136C,0.44617397,0.38060695,5.0,mid
YPR137W,0.8656312,0.31861106,4.0,mid
YPR138C,0.7725284,0.6425058,22.0,mid
YPR139C,0.6907562,0.14875375,0.0,mid
YPR140W,0.74078864,0.2837648,3.0,mid
YPR141C,0.77219236,0.3371746,2.0,mid
YPR142C,0.3415276,0.38157493,5.0,low_c
YPR143W,0.71790737,0.33221802,7.0,mid
YPR144C,0.80300903,0.38622788,3.0,mid
YPR145C-A,0.8779903,0.7265426,26.0,mid
YPR145W,0.9150732,0.4571936,23.0,high_c
YPR146C,0.39846772,0.48267636,14.0,mid
YPR147C,0.76590174,0.20580831,0.0,mid
YPR148C,0.70841414,0.23589388,0.0,mid
YPR149W,0.82143265,0.3517729,7.0,mid
YPR150W,0.2844637,0.33869416,5.0,low_c
YPR151C,0.72381234,0.4223199,9.0,mid
YPR152C,0.8219165,0.26247206,0.0,mid
YPR153W,0.7971297,0.3347696,1.0,mid
YPR154W,0.8358379,0.25944582,1.0,mid
YPR155C,0.6901766,0.27654022,2.0,mid
YPR156C,0.7613469,0.3463006,4.0,mid
YPR157W,0.8533585,0.5066974,16.0,mid
YPR158W,0.8649647,0.41183046,8.0,mid
YPR159C-A,0.36945474,0.7131396,36.0,mid
YPR159W,0.8025986,0.19420588,2.0,mid
YPR160C-A,0.46628153,0.4650983,14.0,mid
YPR160W,0.76843864,1.068849,52.0,mid
YPR160W-A,0.72086924,0.0,0.0,mid
YPR161C,0.73431325,0.14325194,0.0,mid
YPR162C,0.7249661,0.22335444,0.0,mid
YPR163C,0.84664017,0.22554871,1.0,mid
YPR164W,0.60387653,0.2834981,1.0,mid
YPR165W,0.8467451,0.2324887,0.0,mid
YPR166C,0.7388081,0.30689186,2.0,mid
YPR167C,0.78910697,0.36520103,11.0,mid
YPR168W,0.7820729,0.3759262,2.0,mid
YPR169W,0.816168,0.22529042,1.0,mid
YPR169W-A,0.8314986,0.0,0.0,mid
YPR170C,0.3158237,0.4299222,6.0,low_c
YPR170W-A,0.71062976,0.0,0.0,mid
YPR170W-B,0.8182592,0.46128488,9.0,mid
YPR171W,0.82992154,0.2908975,0.0,mid
YPR172W,0.84765077,0.27829924,4.0,mid
YPR173C,0.8114874,0.1385332,0.0,mid
YPR174C,0.7718093,0.23574223,1.0,mid
YPR175W,0.62739354,0.30785564,6.0,mid
YPR176C,0.8248457,0.1770487,2.0,mid
YPR177C,0.38830972,0.32895058,6.0,mid
YPR178W,0.7511388,0.18756092,1.0,mid
YPR179C,0.77013624,0.1884712,0.0,mid
YPR180W,0.6586806,0.13448873,0.0,mid
YPR181C,0.8951046,0.21071236,0.0,high_c
YPR182W,0.8362771,0.47709954,10.0,mid
YPR183W,0.8982933,0.25082442,1.0,high_c
YPR184W,0.764583,0.7088657,27.0,mid
YPR185W,0.6918159,0.26365748,1.0,mid
YPR186C,0.7666247,0.23758653,0.0,mid
YPR187W,0.81358063,0.3355941,4.0,mid
YPR188C,0.6913593,0.3042983,0.0,mid
YPR189W,0.79515934,0.18742351,0.0,mid
YPR190C,0.68818897,0.34732798,6.0,mid
YPR191W,0.7064171,0.40151227,10.0,mid
YPR192W,0.87186986,0.84338707,37.0,mid
YPR193C,0.5588836,0.34579208,5.0,mid
YPR194C,0.6390873,1.2801964,50.0,mid
YPR195C,0.57228154,0.7634663,38.0,mid
YPR196W,0.7383998,0.27458414,1.0,mid
YPR197C,0.62198406,0.38013166,4.0,mid
YPR198W,0.66035634,0.23329896,0.0,mid
YPR199C,0.5757491,0.2916504,1.0,mid
YPR200C,0.61840147,0.4718489,12.0,mid
YPR201W,0.57928663,0.40549538,14.0,mid
YPR202W,0.7936284,0.33121568,2.0,mid
YPR203W,0.50967884,0.15867856,1.0,mid
YPR204C-A,0.43666923,0.023184566,0.0,mid
YPR204W,0.6594554,0.29593208,5.0,mid
