GO_id,term,namespace,n_annotated,n_background,mean_c_ann,mean_c_all,rank_biserial,U_stat,p_two,direction,p_fdr,neg_log10_fdr,neg_log10_p
GO:0044283,small molecule biosynthetic process,biological_process,276,6011,0.8428829075724638,0.7630574372600233,0.3353467773523875,1056833.5,4.3149940144537835e-21,high_c,7.490829609091768e-18,17.1254700815397,20.36501980238017
GO:0006520,amino acid metabolic process,biological_process,200,6011,0.852016299,0.7630574372600233,0.3769549130958527,800148.5,1.108046255343959e-19,high_c,9.617841496385563e-17,16.01692238444794,18.955442109624432
GO:0019752,carboxylic acid metabolic process,biological_process,299,6011,0.837080014715719,0.7630574372600233,0.3062554453219415,1115469.0,3.872679430282801e-19,high_c,2.240990496990314e-16,15.649559985104126,18.411988451224936
GO:0002181,cytoplasmic translation,biological_process,131,6011,0.8794978607633587,0.7630574372600233,0.44720101781170474,557375.0,1.826377344818466e-18,high_c,7.057119487118486e-16,15.15137252927737,17.73840948866267
GO:0006412,translation,biological_process,260,6011,0.8514367285769232,0.7630574372600233,0.3205315463531426,987269.0,2.0325804974419604e-18,high_c,7.057119487118486e-16,15.15137252927737,17.691952245781827
GO:0044391,ribosomal subunit,cellular_component,216,6011,0.8563183071296296,0.7630574372600233,0.33471862716901546,835347.0,5.994196684634236e-17,high_c,1.734320907420839e-14,13.760870540408035,16.222269010864864
GO:0005840,ribosome,cellular_component,202,6011,0.8571389169306931,0.7630574372600233,0.34421152564559265,788661.0,8.140949463252518e-17,high_c,2.0189554668866246e-14,13.694873260401929,16.089324941228146
GO:0003735,structural constituent of ribosome,molecular_function,209,6011,0.8557423138277512,0.7630574372600233,0.33584195517467164,809933.0,1.4412574402832207e-16,high_c,3.127528645414589e-14,13.504798703860438,15.841258437708966
GO:1901605,alpha-amino acid metabolic process,biological_process,136,6011,0.8555784746323529,0.7630574372600233,0.4067647058823529,562002.5,4.583179424602373e-16,high_c,8.840443867899688e-14,13.053525929043477,15.338833140444626
GO:1901607,alpha-amino acid biosynthetic process,biological_process,93,6011,0.8657330097849464,0.7630574372600233,0.4755439028733188,406050.5,3.253507507515539e-15,high_c,5.648089033046975e-13,12.24809846594771,14.487648186788183
GO:0008652,amino acid biosynthetic process,biological_process,96,6011,0.8622486573958333,0.7630574372600233,0.4662880388841928,416308.5,4.192203088426787e-15,high_c,6.61605869228082e-13,12.179400650731715,14.377557686413963
GO:0170039,proteinogenic amino acid metabolic process,biological_process,128,6011,0.854544403046875,0.7630574372600233,0.40054633052864186,527322.5,8.204457748588724e-15,high_c,1.1869115542958354e-12,11.925581642386938,14.085950117179786
GO:0170033,L-amino acid metabolic process,biological_process,124,6011,0.8549291674193548,0.7630574372600233,0.4057094089217905,513075.5,9.691628530644433e-15,high_c,1.294205163784518e-12,11.887996871706944,14.01360324024058
GO:0006753,nucleoside phosphate metabolic process,biological_process,206,6011,0.840503481407767,0.7630574372600233,0.3138941153842938,785597.0,1.7504116986009932e-14,high_c,2.1705105062652317e-12,11.663438107635937,13.756859792798172
GO:0055086,nucleobase-containing small molecule metabolic process,biological_process,218,6011,0.8371029564678898,0.7630574372600233,0.30215682641340313,822230.0,3.3218087791943124e-14,high_c,3.844440027120884e-12,11.415166909657621,13.478625371442414
GO:0170038,proteinogenic amino acid biosynthetic process,biological_process,90,6011,0.8625754577777779,0.7630574372600233,0.46037080823434473,389108.5,6.042177084315476e-14,high_c,6.555762136482292e-12,11.18337681237537,13.218806550559918
GO:0022625,cytosolic large ribosomal subunit,cellular_component,75,6011,0.8922309757333333,0.7630574372600233,0.49603773584905664,333018.0,1.4317122474899257e-13,high_c,1.4620308597897127e-11,10.835043460418555,12.844144259880753
GO:0016053,organic acid biosynthetic process,biological_process,152,6011,0.8415292280263158,0.7630574372600233,0.3436267640427233,598295.5,4.3608088330235713e-13,high_c,3.984402175857326e-11,10.399636831407907,12.360432951295552
GO:0046394,carboxylic acid biosynthetic process,biological_process,152,6011,0.8415292280263158,0.7630574372600233,0.3436267640427233,598295.5,4.3608088330235713e-13,high_c,3.984402175857326e-11,10.399636831407907,12.360432951295552
GO:0170034,L-amino acid biosynthetic process,biological_process,86,6011,0.8607554513953488,0.7630574372600233,0.4532842704346973,370260.5,4.904489310913369e-13,high_c,4.2570967218728045e-11,10.370886482475331,12.309406207651824
GO:0015934,large ribosomal subunit,cellular_component,123,6011,0.8652773797560975,0.7630574372600233,0.370379882467303,496231.0,1.908866867778081e-12,high_c,1.577996610696547e-10,9.801893933925944,11.719224360032499
GO:0006364,rRNA processing,biological_process,276,6011,0.830187464673913,0.7630574372600233,0.24725117824697063,987112.0,3.68412998789151e-12,high_c,2.9071134813543914e-10,9.536538014887958,11.433665054906225
GO:0016491,oxidoreductase activity,molecular_function,300,6011,0.8212827188000001,0.7630574372600233,0.23002393042666203,1053700.0,1.7470799296450847e-11,high_c,1.2637211491099446e-09,8.8983487462776,10.757687225406467
GO:0072521,purine-containing compound metabolic process,biological_process,156,6011,0.8406289901923076,0.7630574372600233,0.31519411416934906,600636.0,1.7077936114401032e-11,high_c,1.2637211491099446e-09,8.8983487462776,10.76756461539679
GO:0003729,mRNA binding,molecular_function,240,6011,0.8287395862916666,0.7630574372600233,0.24981155778894482,865519.5,5.120083737185952e-11,high_c,3.5553861471019252e-09,8.449113224062685,10.290722936231122
GO:0031974,membrane-enclosed lumen,cellular_component,291,6011,0.8254820892096221,0.7630574372600233,0.22216735154879474,1017161.0,1.5248258759010713e-10,high_c,9.453920430586642e-09,8.024388057279834,9.816779746778087
GO:0070013,intracellular organelle lumen,cellular_component,291,6011,0.8254820892096221,0.7630574372600233,0.22216735154879474,1017161.0,1.5248258759010713e-10,high_c,9.453920430586642e-09,8.024388057279834,9.816779746778087
GO:0043233,organelle lumen,cellular_component,291,6011,0.8254820892096221,0.7630574372600233,0.22216735154879474,1017161.0,1.5248258759010713e-10,high_c,9.453920430586642e-09,8.024388057279834,9.816779746778087
GO:0009277,fungal-type cell wall,cellular_component,127,6011,0.8460003126771652,0.7630574372600233,0.31339626479388927,490729.5,1.432767836387942e-09,high_c,8.576844703342991e-08,7.066672453405126,8.843824176346644
GO:0016874,ligase activity,molecular_function,114,6011,0.8503091072807017,0.7630574372600233,0.33003102975345766,447062.0,1.4972449601668161e-09,high_c,8.664057502831976e-08,7.062278673986643,8.824707140107455
GO:0090407,organophosphate biosynthetic process,biological_process,246,6011,0.8250917195528454,0.7630574372600233,0.2260345933901664,869375.0,1.8211010027300593e-09,high_c,1.0198165615288332e-07,6.991477939493294,8.739665966499494
GO:0006066,alcohol metabolic process,biological_process,111,6011,0.8529961175675674,0.7630574372600233,0.3276515498549397,434739.5,3.15934507643732e-09,high_c,1.7139447039672463e-07,6.766003193585096,8.500402936105663
GO:0005618,cell wall,cellular_component,129,6011,0.8432162275968993,0.7630574372600233,0.3024692334253234,494142.5,3.96707502254551e-09,high_c,2.0869218906481835e-07,6.680493805412407,8.401529586374993
GO:1901135,carbohydrate derivative metabolic process,biological_process,291,6011,0.8175124190721651,0.7630574372600233,0.20336913945161372,1001516.0,4.598002230280979e-09,high_c,2.347685844637582e-07,6.629360018612044,8.337430822410262
GO:0030170,pyridoxal phosphate binding,molecular_function,38,6011,0.9001958960526316,0.7630574372600233,0.5490584824693576,175798.0,5.119272289155375e-09,high_c,2.4686268594371474e-07,6.607544550057619,8.290791770130804
GO:0070279,vitamin B6 binding,molecular_function,38,6011,0.9001958960526316,0.7630574372600233,0.5490584824693576,175798.0,5.119272289155375e-09,high_c,2.4686268594371474e-07,6.607544550057619,8.290791770130804
GO:0019842,vitamin binding,molecular_function,49,6011,0.8857770418367347,0.7630574372600233,0.48303199172993594,216625.0,5.476484779391985e-09,high_c,2.5695074532498614e-07,6.590150118239329,8.261498115012808
GO:0006457,protein folding,biological_process,136,6011,0.8407851577205881,0.7630574372600233,0.2915244055068835,515964.0,5.84966367730253e-09,high_c,2.672372669420314e-07,6.573102978461758,8.232869102685422
GO:0030312,external encapsulating structure,cellular_component,130,6011,0.8419502947692308,0.7630574372600233,0.29643964265627254,495583.5,7.036291634438045e-09,high_c,3.1320518659960117e-07,6.504171054746482,8.152656168560457
GO:0009259,ribonucleotide metabolic process,biological_process,82,6011,0.8470325996341462,0.7630574372600233,0.369152861709086,332826.0,8.93499617129663e-09,high_c,3.8777883383427377e-07,6.411415899743767,8.048905629256279
GO:0019693,ribose phosphate metabolic process,biological_process,89,6011,0.8453495629213482,0.7630574372600233,0.3540141692185679,356822.0,9.403743958635858e-09,high_c,3.9816828078516707e-07,6.399933340061132,8.02669920418187
GO:0005525,GTP binding,molecular_function,92,6011,0.8534701117391303,0.7630574372600233,0.3438503125527961,365895.5,1.4440260753545718e-08,high_c,5.697339242762584e-07,6.244327920112676,7.840424964466962
GO:0032561,guanyl ribonucleotide binding,molecular_function,92,6011,0.8534701117391303,0.7630574372600233,0.3438503125527961,365895.5,1.4440260753545718e-08,high_c,5.697339242762584e-07,6.244327920112676,7.840424964466962
GO:0019001,guanyl nucleotide binding,molecular_function,92,6011,0.8534701117391303,0.7630574372600233,0.3438503125527961,365895.5,1.4440260753545718e-08,high_c,5.697339242762584e-07,6.244327920112676,7.840424964466962
GO:0009150,purine ribonucleotide metabolic process,biological_process,67,6011,0.8578029368656716,0.7630574372600233,0.40161406962495727,279095.0,1.5002546598631774e-08,high_c,5.787649087827724e-07,6.237497808555079,7.823835015620209
GO:0030684,preribosome,cellular_component,164,6011,0.8318573985365854,0.7630574372600233,0.2545770814301267,601512.0,2.5658434167556425e-08,high_c,9.683269938016948e-07,6.013977961262801,7.5907698504217
GO:0009117,nucleotide metabolic process,biological_process,150,6011,0.8278232756666667,0.7630574372600233,0.2652152647443553,556157.0,2.7770889629242524e-08,high_c,1.0257503063056389e-06,5.988958344673671,7.556410207578427
GO:0046165,alcohol biosynthetic process,biological_process,70,6011,0.8632847022857143,0.7630574372600233,0.3801957342438742,286991.0,4.328534016139896e-08,high_c,1.5654864691705956e-06,5.805350681729558,7.363659165194444
GO:0035770,ribonucleoprotein granule,cellular_component,139,6011,0.8310948144604315,0.7630574372600233,0.27110981514515897,518745.0,4.466092822070131e-08,high_c,1.5822728855334178e-06,5.800718614099299,7.350072254911259
GO:0005730,nucleolus,cellular_component,278,6011,0.815180428561151,0.7630574372600233,0.1929897212528251,950678.0,5.254225157489848e-08,high_c,1.8242669746804752e-06,5.738911603975794,7.279491320480249
GO:0036464,cytoplasmic ribonucleoprotein granule,cellular_component,138,6011,0.8304985728985507,0.7630574372600233,0.268474991178002,514033.0,6.69706781973474e-08,high_c,2.27962935981559e-06,5.642135758294193,7.17411530303673
GO:0010494,cytoplasmic stress granule,cellular_component,101,6011,0.8368637993069306,0.7630574372600233,0.3108408302759209,391227.0,8.110691496219358e-08,high_c,2.70772316104554e-06,5.567395740199691,7.0909421174053655
GO:0099080,supramolecular complex,cellular_component,248,6011,0.8190071221370968,0.7630574372600233,0.20013377888980322,857630.0,9.058639772525108e-08,high_c,2.9671318198308655e-06,5.527663158990388,7.042937010230072
GO:0051082,unfolded protein binding,molecular_function,81,6011,0.8462375083950617,0.7630574372600233,0.3381966564653467,321388.0,1.6422259930045887e-07,high_c,5.279452451585122e-06,5.27741111716052,6.784567078178025
GO:0006090,pyruvate metabolic process,biological_process,39,6011,0.8773825394871795,0.7630574372600233,0.48428993422295497,172851.5,1.7806073993629294e-07,high_c,5.620244445989173e-06,5.250244794887255,6.749431826233485
GO:0009205,purine ribonucleoside triphosphate metabolic process,biological_process,45,6011,0.8748110822222224,0.7630574372600233,0.44924945059038257,194540.0,1.9955015736151916e-07,high_c,6.186054878207094e-06,5.2085862315690505,6.699947925403323
GO:1901293,nucleoside phosphate biosynthetic process,biological_process,114,6011,0.8306348581578947,0.7630574372600233,0.28341797345661934,431394.0,2.0925881519735423e-07,high_c,6.373215845308894e-06,5.195641372773986,6.679316237941968
GO:0046034,ATP metabolic process,biological_process,40,6011,0.8784400497499998,0.7630574372600233,0.47355551833863685,175972.0,2.3437462404072129e-07,high_c,7.015074954046416e-06,5.153967684299934,6.63008941157747
GO:0005759,mitochondrial matrix,cellular_component,140,6011,0.8327850150714285,0.7630574372600233,0.2543263498552206,515490.5,2.5961082159159406e-07,high_c,7.638718411576395e-06,5.116979499208157,6.585677208406486
GO:0006163,purine nucleotide metabolic process,biological_process,115,6011,0.8333038879999999,0.7630574372600233,0.27859713291251254,433470.0,2.9829761603524086e-07,high_c,8.6307443572863e-06,5.063951747005369,6.525350217462199
GO:0044183,protein folding chaperone,molecular_function,43,6011,0.8694489618604649,0.7630574372600233,0.45053463432882346,186121.0,3.427425413564986e-07,high_c,9.75411560319478e-06,5.010812101570773,6.465031987400479
GO:0009144,purine nucleoside triphosphate metabolic process,biological_process,47,6011,0.8720677861702127,0.7630574372600233,0.43062631105783633,200508.0,3.5261238337100095e-07,high_c,9.873146734388026e-06,5.005544408467431,6.45270243980965
GO:0006790,sulfur compound metabolic process,biological_process,117,6011,0.836622592991453,0.7630574372600233,0.27074469473519347,438151.5,5.104369580762924e-07,high_c,1.4065373955880058e-05,4.851848716764603,6.292057888151494
GO:0071826,protein-RNA complex organization,biological_process,193,6011,0.8187352878238342,0.7630574372600233,0.2118207385690647,680361.0,5.331326107176726e-07,high_c,1.446122206571687e-05,4.839795004830463,6.273164751687049
GO:0042026,protein refolding,biological_process,28,6011,0.8969060617857144,0.7630574372600233,0.5440295121892982,129331.0,6.557921422740834e-07,high_c,1.747535569901903e-05,4.757573975722537,6.183233791368164
GO:0022618,protein-RNA complex assembly,biological_process,184,6011,0.8194427000000001,0.7630574372600233,0.21493459980152374,651307.0,6.643856429350554e-07,high_c,1.747535569901903e-05,4.757573975722537,6.177579761021142
GO:0009141,nucleoside triphosphate metabolic process,biological_process,58,6011,0.8541682668965517,0.7630574372600233,0.37378429884671305,237166.0,9.282833347188537e-07,high_c,2.405223685181985e-05,4.618844528137202,6.032319446276849
GO:0044272,sulfur compound biosynthetic process,biological_process,60,6011,0.8597553793333333,0.7630574372600233,0.3652859463395508,243744.5,1.083345093759931e-06,high_c,2.765716298187118e-05,4.558192371027486,5.965233179161723
GO:0022627,cytosolic small ribosomal subunit,cellular_component,59,6011,0.8647377861016948,0.7630574372600233,0.3679777200656096,240195.0,1.1098037299699544e-06,high_c,2.792201848156291e-05,4.554053189783884,5.954753819887102
GO:1902652,secondary alcohol metabolic process,biological_process,42,6011,0.8748660747619048,0.7630574372600233,0.434522812308036,179816.0,1.1739304039771943e-06,high_c,2.8936277647273857e-05,4.5385573371155115,5.930357649310374
GO:0009081,branched-chain amino acid metabolic process,biological_process,16,6011,0.92608872125,0.7630574372600233,0.7022518765638033,81640.0,1.1834537517030206e-06,high_c,2.8936277647273857e-05,4.5385573371155115,5.926848709236909
GO:0003924,GTPase activity,molecular_function,85,6011,0.8449154695294119,0.7630574372600233,0.30169541998372074,327838.5,1.7263276214338135e-06,high_c,4.162367709457083e-05,4.380659556240167,5.762876780649372
GO:0051169,nuclear transport,biological_process,173,6011,0.819515002601156,0.7630574372600233,0.21267775210054918,612386.5,1.801702243463057e-06,high_c,4.170340126202489e-05,4.379828523225515,5.744316980674288
GO:0006913,nucleocytoplasmic transport,biological_process,173,6011,0.819515002601156,0.7630574372600233,0.21267775210054918,612386.5,1.801702243463057e-06,high_c,4.170340126202489e-05,4.379828523225515,5.744316980674288
GO:0180051,translation factor activity,molecular_function,50,6011,0.8535543322000001,0.7630574372600233,0.3918805569535313,207425.0,1.7608560676419552e-06,high_c,4.170340126202489e-05,4.379828523225515,5.754276141808726
GO:0006091,generation of precursor metabolites and energy,biological_process,152,6011,0.8259892157894736,0.7630574372600233,0.22629602680536465,546050.0,1.8381370696639012e-06,high_c,4.1986920433375426e-05,4.376885977894528,5.735622106454209
GO:0033750,ribosome localization,biological_process,68,6011,0.8596018889705881,0.7630574372600233,0.33283843572764793,269316.0,2.284344887391488e-06,high_c,5.1501593824826273e-05,4.288179330597325,5.641238326265316
GO:0044085,cellular component biogenesis,biological_process,168,6011,0.8237367127976191,0.7630574372600233,0.2132812563669999,595493.0,2.3543741472209585e-06,high_c,5.2399916917635695e-05,4.280669401608658,5.628124519758651
GO:0042645,mitochondrial nucleoid,cellular_component,23,6011,0.8968478930434785,0.7630574372600233,0.5653335656820888,107792.0,2.778212258151516e-06,high_c,6.0216032425952596e-05,4.220287863108889,5.55623457680487
GO:0009295,nucleoid,cellular_component,23,6011,0.8968478930434785,0.7630574372600233,0.5653335656820888,107792.0,2.778212258151516e-06,high_c,6.0216032425952596e-05,4.220287863108889,5.55623457680487
GO:0051168,nuclear export,biological_process,128,6011,0.8272975995312499,0.7630574372600233,0.24165099651538324,467496.5,2.809619024482811e-06,high_c,6.0216032425952596e-05,4.220287863108889,5.5513525650707125
GO:0006637,acyl-CoA metabolic process,biological_process,22,6011,0.9028402249999999,0.7630574372600233,0.5771490156195449,103901.0,2.872365030922952e-06,high_c,6.0810069435149324e-05,4.216024500693808,5.541760369150564
GO:0009063,amino acid catabolic process,biological_process,48,6011,0.8640807322916668,0.7630574372600233,0.3891986695734808,198811.0,3.2989599319395735e-06,high_c,6.89999330343024e-05,4.161151330753282,5.481622959217681
GO:0072522,purine-containing compound biosynthetic process,biological_process,82,6011,0.8348693675609754,0.7630574372600233,0.2983598599689825,315617.0,3.365611244559315e-06,high_c,6.955596572089252e-05,4.157665615225452,5.472936050004043
GO:0008204,ergosterol metabolic process,biological_process,32,6011,0.8821147028125,0.7630574372600233,0.471828483023917,140801.0,4.022820880191277e-06,high_c,8.216020056484773e-05,4.0853385092342895,5.39546930436047
GO:0000054,ribosomal subunit export from nucleus,biological_process,67,6011,0.8583668529850746,0.7630574372600233,0.32553584700990346,263946.0,4.4525374979141596e-06,high_c,8.987912902766256e-05,4.046341144756611,5.3513924143535165
GO:0042802,identical protein binding,molecular_function,191,6011,0.821243795602094,0.7630574372600233,0.19467713787085517,664013.5,4.539193850475664e-06,high_c,9.057517844167531e-05,4.042990801691343,5.343021269913198
GO:0015935,small ribosomal subunit,cellular_component,94,6011,0.8443689710638299,0.7630574372600233,0.27225556366617654,353813.0,5.742573763307931e-06,high_c,0.00011328531878525646,3.9458263688981208,5.240893417588425
GO:0016125,sterol metabolic process,biological_process,45,6011,0.8671967493333332,0.7630574372600233,0.3914627332662868,186783.0,5.87305074122519e-06,high_c,0.00011455748412097674,3.9409765327839055,5.2311362469794656
GO:0006694,steroid biosynthetic process,biological_process,34,6011,0.8767462332352941,0.7630574372600233,0.44923185938253507,147255.0,6.075520657980851e-06,high_c,0.00011719004291394175,3.9311092867072945,5.216416498108443
GO:0046390,ribose phosphate biosynthetic process,biological_process,58,6011,0.844233825862069,0.7630574372600233,0.3441324860835162,232047.0,6.2706491589409405e-06,high_c,0.00011962469164748872,3.9221791686798166,5.2026874971991965
GO:0009260,ribonucleotide biosynthetic process,biological_process,52,6011,0.8465968686538462,0.7630574372600233,0.36297391147198166,211171.0,6.377392356504071e-06,high_c,0.00012033862098794638,3.9195949695832435,5.195356863078161
GO:1902495,transmembrane transporter complex,cellular_component,42,6011,0.8738771890476192,0.7630574372600233,0.40255606347078965,175809.0,6.717539209852225e-06,high_c,0.00012539406525057485,3.901723017651388,5.1727897899379265
GO:0009100,glycoprotein metabolic process,biological_process,79,6011,0.8474060365822786,0.7630574372600233,0.29417789803426175,303244.0,6.841985086511229e-06,high_c,0.00012635836287429246,3.898396009541713,5.164817876782488
GO:0006696,ergosterol biosynthetic process,biological_process,28,6011,0.8837794692857145,0.7630574372600233,0.48702275494854463,124556.0,8.475607853680573e-06,high_c,0.0001532672420207237,3.814550657473507,5.071829145274411
GO:0016129,phytosteroid biosynthetic process,biological_process,28,6011,0.8837794692857145,0.7630574372600233,0.48702275494854463,124556.0,8.475607853680573e-06,high_c,0.0001532672420207237,3.814550657473507,5.071829145274411
GO:0043022,ribosome binding,molecular_function,65,6011,0.8511409489230769,0.7630574372600233,0.31902507180004647,254895.0,9.406456825997352e-06,high_c,0.0001683464850508392,3.773795946926388,5.026573933500616
GO:0030163,protein catabolic process,biological_process,278,6011,0.8101695050719424,0.7630574372600233,0.15660564170327795,921684.0,1.0034993231202079e-05,high_c,0.0001777627372384368,3.7501592709684854,4.998482916116464
GO:0016051,carbohydrate biosynthetic process,biological_process,58,6011,0.8476932500000001,0.7630574372600233,0.3348644844384461,230447.0,1.1056891425240392e-05,high_c,0.0001938865001436093,3.712452428761638,4.956366955004561
GO:0005975,carbohydrate metabolic process,biological_process,192,6011,0.8154461618749999,0.7630574372600233,0.18504038494586705,661992.0,1.2476898765007107e-05,high_c,0.00021659896256052337,3.664343627836825,4.903893348677298
GO:0008202,steroid metabolic process,biological_process,47,6011,0.8605357344680851,0.7630574372600233,0.36894416142243536,191863.0,1.2805470706133905e-05,high_c,0.00021970109755472118,3.65816777348109,4.892604453015984
GO:0016126,sterol biosynthetic process,biological_process,33,6011,0.8750094554545456,0.7630574372600233,0.4396119103379057,141999.0,1.290870504065758e-05,high_c,0.00021970109755472118,3.65816777348109,4.889117322559645
GO:0000323,lytic vacuole,cellular_component,273,6011,0.8102826515384616,0.7630574372600233,0.15485734203057322,904527.0,1.4941442657474757e-05,high_c,0.0002518285869259823,3.5988949714501,4.8256074675854
GO:1990351,transporter complex,cellular_component,60,6011,0.8566424366666666,0.7630574372600233,0.32401837226236485,236377.0,1.5252144321077034e-05,high_c,0.0002545934859749013,3.5941527123922867,4.81666909393398
GO:1902653,secondary alcohol biosynthetic process,biological_process,30,6011,0.8763145496666668,0.7630574372600233,0.4543053001170372,130473.0,1.7177208305668042e-05,high_c,0.00028399651065371165,3.546686995914751,4.765047417685286
GO:1990825,sequence-specific mRNA binding,molecular_function,22,6011,0.8932279909090909,0.7630574372600233,0.5291215713656856,100737.0,1.7842227301353307e-05,high_c,0.0002894776317303677,3.5383849890743115,4.748550932229575
GO:0032787,monocarboxylic acid metabolic process,biological_process,135,6011,0.825202451037037,0.7630574372600233,0.2156430426341931,482160.5,1.7839881909292474e-05,high_c,0.0002894776317303677,3.5383849890743115,4.7486080247531905
GO:0000324,fungal-type vacuole,cellular_component,272,6011,0.809839110367647,0.7630574372600233,0.1525514283078626,899571.0,2.0660332032771058e-05,high_c,0.0003290489578797299,3.4827394803017593,4.684862703201609
GO:0000322,storage vacuole,cellular_component,272,6011,0.809839110367647,0.7630574372600233,0.1525514283078626,899571.0,2.0660332032771058e-05,high_c,0.0003290489578797299,3.4827394803017593,4.684862703201609
GO:0008610,lipid biosynthetic process,biological_process,194,6011,0.8193323266494845,0.7630574372600233,0.17865516819701943,665055.0,2.240149916807328e-05,high_c,0.00035353638687068376,3.4515658808659477,4.649722916548196
GO:0009101,glycoprotein biosynthetic process,biological_process,73,6011,0.8454395915068493,0.7630574372600233,0.2871821608677798,278980.0,2.403905818415499e-05,high_c,0.0003759622072765141,3.424855809317515,4.6190825513713305
GO:0009067,aspartate family amino acid biosynthetic process,biological_process,31,6011,0.8658412277419355,0.7630574372600233,0.438294314381271,133315.5,2.492899508439199e-05,high_c,0.00038639942380807587,3.4129635298682413,4.603295228038533
GO:0043021,ribonucleoprotein complex binding,molecular_function,86,6011,0.8390510710465116,0.7630574372600233,0.26336178981454217,321873.0,2.6754515651665876e-05,high_c,0.00041102512540966337,3.3861316294785464,4.5726029068356
GO:0019941,modification-dependent protein catabolic process,biological_process,194,6011,0.8182573259278351,0.7630574372600233,0.17577168944916166,663428.0,3.0316251432489618e-05,high_c,0.00046165800427019275,3.335679630199231,4.5183244997032315
GO:0005576,extracellular region,cellular_component,68,6011,0.8365643636764705,0.7630574372600233,0.2930882600389979,261284.0,3.154572145335392e-05,high_c,0.0004762032386349774,3.3222076553055264,4.501059535792388
GO:1901137,carbohydrate derivative biosynthetic process,biological_process,204,6011,0.81016137372549,0.7630574372600233,0.17041974358195144,693256.0,3.421511309576382e-05,high_c,0.0005120468649503965,3.290690288520432,4.465782020133987
GO:0046434,organophosphate catabolic process,biological_process,62,6011,0.8446147035483872,0.7630574372600233,0.3047354122948287,240618.0,3.562441379297545e-05,high_c,0.000524101545293266,3.2805845597949284,4.448252273329276
GO:0090150,establishment of protein localization to membrane,biological_process,115,6011,0.8343646339130434,0.7630574372600233,0.22480384638074447,415233.0,3.54893219582544e-05,high_c,0.000524101545293266,3.2805845597949284,4.449902297992548
GO:0009152,purine ribonucleotide biosynthetic process,biological_process,38,6011,0.8545941544736844,0.7630574372600233,0.38624688290288756,157321.0,3.947291918069837e-05,high_c,0.0005756614691330055,3.2398328382935677,4.403700754597923
GO:0009070,serine family amino acid biosynthetic process,biological_process,17,6011,0.906308565882353,0.7630574372600233,0.5762036546350271,80306.0,3.979226745159025e-05,high_c,0.0005756614691330055,3.2398328382935677,4.400201313086416
GO:0009084,L-glutamine family amino acid biosynthetic process,biological_process,24,6011,0.8588587616666666,0.7630574372600233,0.4842853961360727,106637.0,4.119270619528089e-05,high_c,0.000590996181446344,3.2284153251798937,4.385179675703917
GO:0016875,"ligase activity, forming carbon-oxygen bonds",molecular_function,37,6011,0.8678268775675675,0.7630574372600233,0.38986056696133686,153606.0,4.2328690681855315e-05,high_c,0.0005929355587543395,3.2269925039344747,4.373365164987829
GO:0004812,aminoacyl-tRNA ligase activity,molecular_function,37,6011,0.8678268775675675,0.7630574372600233,0.38986056696133686,153606.0,4.2328690681855315e-05,high_c,0.0005929355587543395,3.2269925039344747,4.373365164987829
GO:0071806,protein transmembrane transport,biological_process,86,6011,0.8338426232558142,0.7630574372600233,0.25676381120596603,320192.0,4.2352539911024245e-05,high_c,0.0005929355587543395,3.2269925039344747,4.373120539612713
GO:1901606,alpha-amino acid catabolic process,biological_process,37,6011,0.8619973181081082,0.7630574372600233,0.3883947556528742,153444.0,4.523128828245221e-05,high_c,0.0006231866385582305,3.205381866732536,4.344561042455446
GO:0006487,protein N-linked glycosylation,biological_process,42,6011,0.8666774352380953,0.7630574372600233,0.36483737405164773,171081.0,4.4924821983062486e-05,high_c,0.0006231866385582305,3.205381866732536,4.3475136351299914
GO:0043632,modification-dependent macromolecule catabolic process,biological_process,199,6011,0.8159090469849246,0.7630574372600233,0.16971125413716903,676437.0,4.5605395188701284e-05,high_c,0.0006233934334455546,3.2052377767036777,4.340983776588194
GO:0031106,septin ring organization,biological_process,36,6011,0.8712093949999999,0.7630574372600233,0.39165504416550445,149672.5,4.9578234256546593e-05,high_c,0.0006724048021044132,3.1723691936263783,4.304708944818983
GO:0006338,chromatin remodeling,biological_process,287,6011,0.8075824121602788,0.7630574372600233,0.14117768086935145,937356.5,5.2976692354163126e-05,high_c,0.0007129266505955595,3.1469551502045934,4.275915160745818
GO:0010498,proteasomal protein catabolic process,biological_process,185,6011,0.8143434594054054,0.7630574372600233,0.1735760477264081,632446.0,5.687703007735318e-05,high_c,0.0007595271093406548,3.1194567205149,4.245063089048537
GO:0140694,membraneless organelle assembly,biological_process,83,6011,0.8323263520481927,0.7630574372600233,0.25589198900866617,308964.5,6.083007082281081e-05,high_c,0.0008000075980939361,3.096905888264807,4.21588167789943
GO:0030490,maturation of SSU-rRNA,biological_process,111,6011,0.8258761602702702,0.7630574372600233,0.22185982592762254,400098.0,6.055287816083849e-05,high_c,0.0008000075980939361,3.096905888264807,4.217865209421617
GO:0170035,L-amino acid catabolic process,biological_process,33,6011,0.8622412821212121,0.7630574372600233,0.40372274095927496,138459.0,6.186931254796991e-05,high_c,0.0008075573427313967,3.0928266296809115,4.208524709554299
GO:0022884,macromolecule transmembrane transporter activity,molecular_function,35,6011,0.8703923342857143,0.7630574372600233,0.39026582520558417,145394.0,6.69155149378979e-05,high_c,0.0008319235593092436,3.0799165767084564,4.174473175644462
GO:0008320,transmembrane protein transporter activity,molecular_function,35,6011,0.8703923342857143,0.7630574372600233,0.39026582520558417,145394.0,6.69155149378979e-05,high_c,0.0008319235593092436,3.0799165767084564,4.174473175644462
GO:0006458,'de novo' protein folding,biological_process,16,6011,0.901302475625,0.7630574372600233,0.5775646371976648,75660.0,6.448932636047926e-05,high_c,0.0008319235593092436,3.0799165767084564,4.190512159571491
GO:0034515,proteasome storage granule,cellular_component,20,6011,0.8857021279999998,0.7630574372600233,0.5156401268569522,90802.0,6.689011292572268e-05,high_c,0.0008319235593092436,3.0799165767084564,4.1746380708588955
GO:0016769,"transferase activity, transferring nitrogenous groups",molecular_function,22,6011,0.8757098104545453,0.7630574372600233,0.4917500265638519,98275.0,6.683359756676788e-05,high_c,0.0008319235593092436,3.0799165767084564,4.175005160732603
GO:0016829,lyase activity,molecular_function,112,6011,0.820223518125,0.7630574372600233,0.21968009105659547,402914.0,6.642175693922788e-05,high_c,0.0008319235593092436,3.0799165767084564,4.177689640949015
GO:0098803,respiratory chain complex,cellular_component,39,6011,0.8654882202564104,0.7630574372600233,0.36977690762017623,159516.0,6.70906096217132e-05,high_c,0.0008319235593092436,3.0799165767084564,4.173338261870692
GO:0009132,nucleoside diphosphate metabolic process,biological_process,31,6011,0.8595976029032256,0.7630574372600233,0.4128384939044125,130956.0,7.168923657172576e-05,high_c,0.0008826419481455031,3.054215436264304,4.144546044449397
GO:0140098,"catalytic activity, acting on RNA",molecular_function,272,6011,0.8037851865808825,0.7630574372600233,0.14199735042997852,891333.5,7.399138437336582e-05,high_c,0.000904570727268754,3.0435574705270336,4.13081884698445
GO:0006418,tRNA aminoacylation for protein translation,biological_process,37,6011,0.86568641,0.7630574372600233,0.3753110324921507,151998.0,8.094551595637464e-05,high_c,0.0009826672426592052,3.00759352096992,4.091807204345331
GO:0030427,site of polarized growth,cellular_component,277,6011,0.8073042860649821,0.7630574372600233,0.1396282104717066,905046.0,8.463137390597766e-05,high_c,0.0010202782298665083,2.9912813799845988,4.072468608729822
GO:0003743,translation initiation factor activity,molecular_function,31,6011,0.8625113364516129,0.7630574372600233,0.40795123530046395,130503.0,8.723433849223992e-05,high_c,0.0010444055973967484,2.981130809281105,4.059312527886603
GO:0019867,outer membrane,cellular_component,113,6011,0.8255281702654867,0.7630574372600233,0.21446898153566374,404706.0,9.1858636776871e-05,high_c,0.001083442852117782,2.965193991279509,4.036880003994033
GO:0009135,purine nucleoside diphosphate metabolic process,biological_process,27,6011,0.8680614077777777,0.7630574372600233,0.43544513765102,115961.0,9.236724776119339e-05,high_c,0.001083442852117782,2.965193991279509,4.034481996725025
GO:0009179,purine ribonucleoside diphosphate metabolic process,biological_process,27,6011,0.8680614077777777,0.7630574372600233,0.43544513765102,115961.0,9.236724776119339e-05,high_c,0.001083442852117782,2.965193991279509,4.034481996725025
GO:0030686,90S preribosome,cellular_component,81,6011,0.8324394586419753,0.7630574372600233,0.2524098015947369,300785.0,9.317052130356546e-05,high_c,0.0010855303690133534,2.964358022130862,4.030721474559061
GO:0034308,primary alcohol metabolic process,biological_process,29,6011,0.8744278375862071,0.7630574372600233,0.4191021339881713,123091.5,9.64690617866328e-05,high_c,0.0011164686084106303,2.9521534834171748,4.015611945201966
GO:0006511,ubiquitin-dependent protein catabolic process,biological_process,188,6011,0.8162049213297873,0.7630574372600233,0.1666155122204318,638561.0,9.852967867910942e-05,high_c,0.0011327650475955891,2.945860159963763,4.006432933511067
GO:0000470,maturation of LSU-rRNA,biological_process,58,6011,0.8440373227586208,0.7630574372600233,0.2963617301042072,223800.0,0.00010023920711030077,high_c,0.0011448372601544877,2.9412562443634473,3.998962377259148
GO:0009165,nucleotide biosynthetic process,biological_process,86,6011,0.8203930365116278,0.7630574372600233,0.2421116671572956,316459.0,0.00011310097084421353,high_c,0.0012832894469644097,2.8916753771075934,3.946533667130468
GO:0044877,protein-containing complex binding,molecular_function,223,6011,0.8100543069506726,0.7630574372600233,0.1519767200423947,743442.0,0.00011481614522241399,high_c,0.0012942910915981214,2.8879680379968495,3.9399970380008598
GO:0046364,monosaccharide biosynthetic process,biological_process,16,6011,0.8938161124999999,0.7630574372600233,0.5567556296914096,74662.0,0.00011725921649910514,high_c,0.0013048846143746571,2.8844278895179474,3.930853012003959
GO:0019319,hexose biosynthetic process,biological_process,16,6011,0.8938161124999999,0.7630574372600233,0.5567556296914096,74662.0,0.00011725921649910514,high_c,0.0013048846143746571,2.8844278895179474,3.930853012003959
GO:0072524,pyridine-containing compound metabolic process,biological_process,84,6011,0.8295901646428571,0.7630574372600233,0.2440767432331461,309693.0,0.00011953456753429647,high_c,0.0013203436314591737,2.879313024987585,3.9225064853560134
GO:0005856,cytoskeleton,cellular_component,118,6011,0.8272705466949152,0.7630574372600233,0.20645580651563034,419469.0,0.0001201695240613764,high_c,0.0013203436314591737,2.879313024987585,3.9202056588736354
GO:0043039,tRNA aminoacylation,biological_process,41,6011,0.859186423902439,0.7630574372600233,0.3452710708011604,164641.0,0.00013574394578153487,high_c,0.0014728218117296534,2.8318497927796487,3.867279530964197
GO:0043038,amino acid activation,biological_process,41,6011,0.859186423902439,0.7630574372600233,0.3452710708011604,164641.0,0.00013574394578153487,high_c,0.0014728218117296534,2.8318497927796487,3.867279530964197
GO:0006879,intracellular iron ion homeostasis,biological_process,57,6011,0.8382943698245614,0.7630574372600233,0.2930007248554709,219408.0,0.00013733643812916178,high_c,0.0014808450720013965,2.8294903755736285,3.8622142203822523
GO:0031968,organelle outer membrane,cellular_component,112,6011,0.8246267220535716,0.7630574372600233,0.20990543191339928,399685.0,0.00013825377198544992,high_c,0.001481534247942846,2.8292883046829655,3.8593230109808077
GO:0051656,establishment of organelle localization,biological_process,112,6011,0.8272066066964284,0.7630574372600233,0.20944227835226314,399532.0,0.0001430340397556919,high_c,0.0015233563988704365,2.81719847883385,3.8445605952703654
GO:0046031,ADP metabolic process,biological_process,26,6011,0.8665591042307692,0.7630574372600233,0.4303322408585566,111287.0,0.00014944436094039716,high_c,0.0015819232353203015,2.80081459497594,3.825520467768715
GO:1990204,oxidoreductase complex,cellular_component,28,6011,0.867128825,0.7630574372600233,0.41191709844559576,118265.0,0.00016580970355854684,high_c,0.0017445190628947716,2.7583242805209576,3.7803900571475246
GO:0005741,mitochondrial outer membrane,cellular_component,102,6011,0.8261788621568628,0.7630574372600233,0.21651916816819816,366609.0,0.0001733935272890343,high_c,0.0018053731546618403,2.743433019652341,3.7609671185963864
GO:0008483,transaminase activity,molecular_function,21,6011,0.8721512871428572,0.7630574372600233,0.4739009460211463,92701.0,0.00017367356960168624,high_c,0.0018053731546618403,2.743433019652341,3.760266269345231
GO:0006096,glycolytic process,biological_process,24,6011,0.8682825295833333,0.7630574372600233,0.44105283670174256,103531.0,0.0001880069320325679,high_c,0.0018975583372589412,2.7218048635694023,3.7258261375023265
GO:0009181,purine ribonucleoside diphosphate catabolic process,biological_process,24,6011,0.8682825295833333,0.7630574372600233,0.44105283670174256,103531.0,0.0001880069320325679,high_c,0.0018975583372589412,2.7218048635694023,3.7258261375023265
GO:0009137,purine nucleoside diphosphate catabolic process,biological_process,24,6011,0.8682825295833333,0.7630574372600233,0.44105283670174256,103531.0,0.0001880069320325679,high_c,0.0018975583372589412,2.7218048635694023,3.7258261375023265
GO:0070585,protein localization to mitochondrion,biological_process,53,6011,0.8455436430188679,0.7630574372600233,0.2975672474617923,204869.0,0.00018752778999433798,high_c,0.0018975583372589412,2.7218048635694023,3.726934364486208
GO:0046032,ADP catabolic process,biological_process,24,6011,0.8682825295833333,0.7630574372600233,0.44105283670174256,103531.0,0.0001880069320325679,high_c,0.0018975583372589412,2.7218048635694023,3.7258261375023265
GO:0120261,regulation of heterochromatin organization,biological_process,17,6011,0.8985008547058824,0.7630574372600233,0.5214822665803058,77518.0,0.0002004258845927024,high_c,0.0019996513543271916,2.6990457183814742,3.6980461909393476
GO:0031445,regulation of heterochromatin formation,biological_process,17,6011,0.8985008547058824,0.7630574372600233,0.5214822665803058,77518.0,0.0002004258845927024,high_c,0.0019996513543271916,2.6990457183814742,3.6980461909393476
GO:0022613,ribonucleoprotein complex biogenesis,biological_process,138,6011,0.8155733733333332,0.7630574372600233,0.18365549049074992,479661.0,0.0002213100591570992,high_c,0.0021953957868384244,2.6584871735790427,3.654998845733221
GO:0043161,proteasome-mediated ubiquitin-dependent protein catabolic process,biological_process,137,6011,0.8184655238686132,0.7630574372600233,0.18411706667263128,476452.0,0.00022468024222264407,high_c,0.0022161642073778983,2.654398063566345,3.6484351165926685
GO:0140318,protein transporter activity,molecular_function,40,6011,0.85768804175,0.7630574372600233,0.33592363088259924,159536.0,0.0002451787429769812,high_c,0.0024046909480680187,2.618940731420415,3.6105171858990817
GO:0005839,proteasome core complex,cellular_component,15,6011,0.8945250626666664,0.7630574372600233,0.5462085835001111,69533.0,0.00025307773605807147,high_c,0.002440794165537845,2.612468843499764,3.5967460592369314
GO:0034728,nucleosome organization,biological_process,61,6011,0.8369636791803278,0.7630574372600233,0.2719878771180604,230834.0,0.00025189519905691974,high_c,0.002440794165537845,2.612468843499764,3.5987801097665044
GO:0009185,ribonucleoside diphosphate metabolic process,biological_process,29,6011,0.8543345879310345,0.7630574372600233,0.3934101154036822,120863.0,0.0002519547496379473,high_c,0.002440794165537845,2.612468843499764,3.5986774502786076
GO:0032984,protein-containing complex disassembly,biological_process,88,6011,0.8286196507954545,0.7630574372600233,0.2266856476294261,319689.0,0.0002563705532036771,high_c,0.0024588910517214556,2.609260713507886,3.591131859479175
GO:0022411,cellular component disassembly,biological_process,115,6011,0.8259161772173911,0.7630574372600233,0.19858120464869322,406343.0,0.0002594998063437889,high_c,0.002475228922048448,2.60638462905976,3.5858629619151583
GO:0006006,glucose metabolic process,biological_process,30,6011,0.8487509360000001,0.7630574372600233,0.3857883297107507,124326.0,0.0002618234422264709,high_c,0.0024837458781702374,2.6048928406025738,3.581991471712618
GO:0006415,translational termination,biological_process,20,6011,0.879989099,0.7630574372600233,0.47063929227174084,88106.0,0.0002735721655190137,high_c,0.0025810939094619988,2.5881961939763967,3.562928091807333
GO:0009134,nucleoside diphosphate catabolic process,biological_process,26,6011,0.856376448076923,0.7630574372600233,0.4119915172546751,109860.0,0.000283010612311157,high_c,0.0026557103944441544,2.575819286590324,3.5481972790277836
GO:0006979,response to oxidative stress,biological_process,123,6011,0.8152810360162601,0.7630574372600233,0.19068133616118765,431160.0,0.00028910494190722663,high_c,0.0026983127911341153,2.5689077078925524,3.5389444845151092
GO:0009167,purine ribonucleoside monophosphate metabolic process,biological_process,25,6011,0.8552055247999999,0.7630574372600233,0.4187637821583696,106159.0,0.0002960951614905572,high_c,0.0027297123324044213,2.563883118172461,3.5285686893858466
GO:0051246,regulation of protein metabolic process,biological_process,225,6011,0.8036038591111112,0.7630574372600233,0.1419410838422246,743318.0,0.0002971864232859652,high_c,0.0027297123324044213,2.563883118172461,3.52697103483969
GO:0009126,purine nucleoside monophosphate metabolic process,biological_process,25,6011,0.8552055247999999,0.7630574372600233,0.4187637821583696,106159.0,0.0002960951614905572,high_c,0.0027297123324044213,2.563883118172461,3.5285686893858466
GO:0032156,septin cytoskeleton,cellular_component,31,6011,0.8719011432258064,0.7630574372600233,0.3752292588197217,127470.0,0.000307515989302447,high_c,0.0028097250391002524,2.551336178260138,3.512132298147782
GO:0000287,magnesium ion binding,molecular_function,67,6011,0.8258416946268656,0.7630574372600233,0.2557652518028968,250053.0,0.0003115552745884992,high_c,0.0028317275219143178,2.5479485382076197,3.5064648918003654
GO:0010499,proteasomal ubiquitin-independent protein catabolic process,biological_process,17,6011,0.8794276229411765,0.7630574372600233,0.5033464837386405,76594.0,0.00033174809646958355,high_c,0.002999555705579151,2.5229430682486162,3.4791915603855395
GO:1901292,nucleoside phosphate catabolic process,biological_process,43,6011,0.843866358139535,0.7630574372600233,0.3164629964461625,168918.0,0.00034214076381670075,high_c,0.0030774941242787176,2.511802767574799,3.4657951794074986
GO:0030687,"preribosome, large subunit precursor",cellular_component,58,6011,0.837650801724138,0.7630574372600233,0.2726877784020807,219713.0,0.000344558818284617,high_c,0.003083268600732449,2.510988639809757,3.462736630720004
GO:0051087,protein-folding chaperone binding,molecular_function,33,6011,0.8633097730303031,0.7630574372600233,0.3593580502245608,134083.0,0.0003633123747587878,high_c,0.0032344117055449007,2.4902046999317533,3.4397198094097083
GO:0140101,"catalytic activity, acting on a tRNA",molecular_function,113,6011,0.821311945221239,0.7630574372600233,0.19417111545236576,397942.0,0.0003986371055212507,high_c,0.0035307857917596494,2.4521286297262526,3.39942227921025
GO:0072526,pyridine-containing compound catabolic process,biological_process,28,6011,0.8587361957142857,0.7630574372600233,0.3856044507055705,116061.0,0.0004226290665687394,high_c,0.0037054750482996544,2.431156106812883,3.374040637391825
GO:0170040,proteinogenic amino acid catabolic process,biological_process,33,6011,0.8543807042424243,0.7630574372600233,0.35543457323316807,133696.0,0.000421147283540645,high_c,0.0037054750482996544,2.431156106812883,3.375565996224047
GO:0070925,organelle assembly,biological_process,115,6011,0.8179442102608695,0.7630574372600233,0.19082207539378215,403712.5,0.0004481483614051212,high_c,0.003909475152760253,2.4078815427472895,3.348578187178056
GO:0042594,response to starvation,biological_process,150,6011,0.8091553959333333,0.7630574372600233,0.16672922709435256,512865.0,0.0004791704970903049,high_c,0.004159199914743847,2.380990204476736,3.319509929653228
GO:0042273,ribosomal large subunit biogenesis,biological_process,60,6011,0.8331241955,0.7630574372600233,0.2610261580686719,225131.0,0.0004936395341003826,high_c,0.00426347378705604,2.3702364028277225,3.306590066247707
GO:0031123,RNA 3'-end processing,biological_process,69,6011,0.8392402875362319,0.7630574372600233,0.24338167503256103,254892.0,0.0004992240190373977,high_c,0.004290360876479813,2.3675061763299037,3.3017045277237527
GO:0009267,cellular response to starvation,biological_process,145,6011,0.809483724413793,0.7630574372600233,0.16801674171437986,496740.0,0.0005373116388637843,high_c,0.004594940911662708,2.3377200690229905,3.2697737519502503
GO:0000027,ribosomal large subunit assembly,biological_process,48,6011,0.8381352868749999,0.7630574372600233,0.28804013639666826,184334.0,0.0005767363165929603,high_c,0.004907912968653818,2.309103147161114,3.2390227005756884
GO:0005654,nucleoplasm,cellular_component,168,6011,0.8074601347619047,0.7630574372600233,0.15512864396143544,566951.0,0.0005962625286540349,high_c,0.005049325608504413,2.29676662268594,3.2245624824706587
GO:0009168,purine ribonucleoside monophosphate biosynthetic process,biological_process,22,6011,0.8536936736363638,0.7630574372600233,0.42265365290912116,93723.0,0.0006102471815689439,high_c,0.005117821773930852,2.290914842314817,3.214494217698372
GO:0009127,purine nucleoside monophosphate biosynthetic process,biological_process,22,6011,0.8536936736363638,0.7630574372600233,0.42265365290912116,93723.0,0.0006102471815689439,high_c,0.005117821773930852,2.290914842314817,3.214494217698372
GO:0046395,carboxylic acid catabolic process,biological_process,85,6011,0.8279425650588235,0.7630574372600233,0.21516547219630344,306045.5,0.0006467237938591696,high_c,0.0053976562795169155,2.2677947745890488,3.1892811604667606
GO:0009156,ribonucleoside monophosphate biosynthetic process,biological_process,38,6011,0.8323583239473685,0.7630574372600233,0.32001903301699763,149805.0,0.0006598965639127111,high_c,0.005471423626441587,2.261899658554008,3.180524133007227
GO:0022853,active monoatomic ion transmembrane transporter activity,molecular_function,49,6011,0.8232875869387755,0.7630574372600233,0.28201055665473174,187262.0,0.0006618657612630953,high_c,0.005471423626441587,2.261899658554008,3.1792300846605617
GO:0005732,sno(s)RNA-containing ribonucleoprotein complex,cellular_component,31,6011,0.8578107803225807,0.7630574372600233,0.35363038083935705,125468.0,0.000671034992000926,high_c,0.005520932446036055,2.2579875668416154,3.173254832384396
GO:0046983,protein dimerization activity,molecular_function,71,6011,0.8306160601408452,0.7630574372600233,0.23418693982074257,260253.0,0.0006805837373126913,high_c,0.005573081924409585,2.2539045727597866,3.1671184326715083
GO:0009055,electron transfer activity,molecular_function,33,6011,0.864628493939394,0.7630574372600233,0.34197106562446145,132368.0,0.0006916096064255787,high_c,0.005636780642041336,2.2489688656241342,3.1601389830258695
GO:0031072,heat shock protein binding,molecular_function,25,6011,0.8616173992,0.7630574372600233,0.3922084864684263,104172.0,0.0007009309038099381,high_c,0.005686056303803984,2.2451888442040864,3.1543247916953683
GO:0016614,"oxidoreductase activity, acting on CH-OH group of donors",molecular_function,88,6011,0.8178402796590909,0.7630574372600233,0.2099864933310822,315337.0,0.0007079096651729906,high_c,0.00571595897088517,2.2429108972327327,3.1500221581576002
GO:0015453,oxidoreduction-driven active transmembrane transporter activity,molecular_function,17,6011,0.889576475882353,0.7630574372600233,0.4747296315923768,75136.0,0.0007115266949822831,high_c,0.005718566400413163,2.2427128317706666,3.147808801460209
GO:0031669,cellular response to nutrient levels,biological_process,162,6011,0.8071449338271608,0.7630574372600233,0.1543558147536035,546898.0,0.0007897360223448246,high_c,0.006288907040323925,2.2014248247614723,3.1025180519973405
GO:0006644,phospholipid metabolic process,biological_process,149,6011,0.8203325474496644,0.7630574372600233,0.16079675947233807,506942.0,0.0007881505218096846,high_c,0.006288907040323925,2.2014248247614723,3.103390832575592
GO:0009191,ribonucleoside diphosphate catabolic process,biological_process,25,6011,0.8509679124,0.7630574372600233,0.388239224858002,103875.0,0.0007938955852682129,high_c,0.006293163178199166,2.2011310070936583,3.100236613094013
GO:0044282,small molecule catabolic process,biological_process,140,6011,0.8146216185,0.7630574372600233,0.16523712193104112,478877.5,0.0008187327223416137,high_c,0.006460545481750187,2.1897308117707435,3.08685785178901
GO:0006310,DNA recombination,biological_process,222,6011,0.73923811490991,0.7630574372600233,-0.1320888170948631,557701.5,0.0008228994230139821,low_c,0.0064640425264808725,2.1894957950312386,3.0846532421866013
GO:0019364,pyridine nucleotide catabolic process,biological_process,26,6011,0.8562159453846154,0.7630574372600233,0.37937150568729505,107322.0,0.00082898896879339,high_c,0.006482544368582545,2.1882545020997406,3.081451248489575
GO:0003755,peptidyl-prolyl cis-trans isomerase activity,molecular_function,16,6011,0.8843006925,0.7630574372600233,0.48188073394495423,71071.0,0.0008567685859342778,high_c,0.006639956540990653,2.177834763112361,3.0671364656186713
GO:0016859,cis-trans isomerase activity,molecular_function,16,6011,0.8843006925,0.7630574372600233,0.48188073394495423,71071.0,0.0008567685859342778,high_c,0.006639956540990653,2.177834763112361,3.0671364656186713
GO:0016054,organic acid catabolic process,biological_process,86,6011,0.8264724530232559,0.7630574372600233,0.2078795015209498,307737.5,0.0009172178301835819,high_c,0.007076845125327547,2.150160308697642,3.037527511426753
GO:0006826,iron ion transport,biological_process,40,6011,0.8409396109999999,0.7630574372600233,0.3025833193769887,155554.5,0.000955654340431451,high_c,0.007339850402975836,2.1343127915586138,3.0196991633606842
GO:0006450,regulation of translational fidelity,biological_process,34,6011,0.8426208170588235,0.7630574372600233,0.3279138658977059,134928.0,0.0009597615446287527,high_c,0.007339850402975836,2.1343127915586138,3.017836655205964
GO:0044038,cell wall macromolecule biosynthetic process,biological_process,35,6011,0.8511400254285715,0.7630574372600233,0.32270988716771853,138329.0,0.0009778334989318724,high_c,0.007412746524653845,2.130020850117868,3.0097350886184535
GO:0044036,cell wall macromolecule metabolic process,biological_process,35,6011,0.8511400254285715,0.7630574372600233,0.32270988716771853,138329.0,0.0009778334989318724,high_c,0.007412746524653845,2.130020850117868,3.0097350886184535
GO:0006413,translational initiation,biological_process,59,6011,0.8302810118644065,0.7630574372600233,0.2487413431747767,219259.0,0.0009923177041597081,high_c,0.007489841454005449,2.125527375408588,3.0033492602314684
GO:0009201,ribonucleoside triphosphate biosynthetic process,biological_process,20,6011,0.8720385399999999,0.7630574372600233,0.4253880821231848,85395.0,0.0010046634221795609,high_c,0.0075501978394100335,2.122041668312749,2.997979409261078
GO:0009154,purine ribonucleotide catabolic process,biological_process,26,6011,0.8522581580769231,0.7630574372600233,0.37241822504980404,106781.0,0.0010319867347511036,high_c,0.007665960843508961,2.1154334033821387,2.986325885132667
GO:0012501,programmed cell death,biological_process,24,6011,0.8703845295833332,0.7630574372600233,0.387019096932242,99649.0,0.0010488963668412103,high_c,0.007665960843508961,2.1154334033821387,2.9792674188916086
GO:0006915,apoptotic process,biological_process,24,6011,0.8703845295833332,0.7630574372600233,0.387019096932242,99649.0,0.0010488963668412103,high_c,0.007665960843508961,2.1154334033821387,2.9792674188916086
GO:0008219,cell death,biological_process,24,6011,0.8703845295833332,0.7630574372600233,0.387019096932242,99649.0,0.0010488963668412103,high_c,0.007665960843508961,2.1154334033821387,2.9792674188916086
GO:0019843,rRNA binding,molecular_function,67,6011,0.8306876631343284,0.7630574372600233,0.2324280347923906,245406.0,0.0010509785027391317,high_c,0.007665960843508961,2.1154334033821387,2.9784061671660997
GO:0006399,tRNA metabolic process,biological_process,202,6011,0.8082539375742573,0.7630574372600233,0.1355032903875686,666210.0,0.0010422244831495195,high_c,0.007665960843508961,2.1154334033821387,2.982038728931832
GO:0005200,structural constituent of cytoskeleton,molecular_function,21,6011,0.8652999723809524,0.7630574372600233,0.41440496064870014,88959.0,0.0010265378311161563,high_c,0.007665960843508961,2.1154334033821387,2.9886250408942256
GO:0009123,nucleoside monophosphate metabolic process,biological_process,46,6011,0.8213451567391303,0.7630574372600233,0.2793469149750356,175520.0,0.0010804729637835134,high_c,0.007815421104700746,2.1070476166824457,2.9663860958113126
GO:0043248,proteasome assembly,biological_process,31,6011,0.8468496974193548,0.7630574372600233,0.33997194950911647,124202.0,0.0010763046438607927,high_c,0.007815421104700746,2.1070476166824457,2.968064785898541
GO:0006312,mitotic recombination,biological_process,56,6011,0.7032890583928572,0.7630574372600233,-0.25309463835912194,124539.0,0.001095203025461528,low_c,0.007889097312038226,2.102972686882903,2.960505365148508
GO:0016586,RSC-type complex,cellular_component,17,6011,0.8820853476470587,0.7630574372600233,0.4574967123986733,74258.0,0.0011054511328660711,high_c,0.007930013085353304,2.1007260960503604,2.956460450910402
GO:0006099,tricarboxylic acid cycle,biological_process,28,6011,0.8529519,0.7630574372600233,0.35599675270409015,113581.0,0.0011345995250888745,high_c,0.008105616360305705,2.091213955312449,2.9451574025546097
GO:0044769,"ATPase activity, coupled to transmembrane movement of ions, rotational mechanism",molecular_function,19,6011,0.8658742063157896,0.7630574372600233,0.42918628346567345,81355.0,0.0012171731162880816,high_c,0.008554706598688703,2.0677948808926723,2.9146476484734793
GO:0042625,ATPase-coupled ion transmembrane transporter activity,molecular_function,19,6011,0.8658742063157896,0.7630574372600233,0.42918628346567345,81355.0,0.0012171731162880816,high_c,0.008554706598688703,2.0677948808926723,2.9146476484734793
GO:0016879,"ligase activity, forming carbon-nitrogen bonds",molecular_function,42,6011,0.8410044730952381,0.7630574372600233,0.28952763883238,161641.0,0.0012026459588984355,high_c,0.008554706598688703,2.0677948808926723,2.91986220368809
GO:0046961,"proton-transporting ATPase activity, rotational mechanism",molecular_function,19,6011,0.8658742063157896,0.7630574372600233,0.42918628346567345,81355.0,0.0012171731162880816,high_c,0.008554706598688703,2.0677948808926723,2.9146476484734793
GO:0051604,protein maturation,biological_process,95,6011,0.8166293532631577,0.7630574372600233,0.19300380769367642,335246.0,0.001228708880022798,high_c,0.008600962160159585,2.065452963003547,2.9105510030178037
GO:0050657,nucleic acid transport,biological_process,83,6011,0.811859598313253,0.7630574372600233,0.20502455164788702,296450.5,0.0013157595103345978,high_c,0.009111749395236146,2.040398233371752,2.8808234822106202
GO:0016616,"oxidoreductase activity, acting on the CH-OH group of donors, NAD or NADP as acceptor",molecular_function,83,6011,0.8164929042168676,0.7630574372600233,0.20503471375380067,296453.0,0.0013150303290400819,high_c,0.009111749395236146,2.040398233371752,2.8810642307614054
GO:0032161,cleavage apparatus septin structure,cellular_component,25,6011,0.8710864916,0.7630574372600233,0.37158703641830937,102629.0,0.0013226732993084729,high_c,0.009111749395236146,2.040398233371752,2.8785474134306805
GO:0000399,cellular bud neck septin structure,cellular_component,25,6011,0.8710864916,0.7630574372600233,0.37158703641830937,102629.0,0.0013226732993084729,high_c,0.009111749395236146,2.040398233371752,2.8785474134306805
GO:0046496,nicotinamide nucleotide metabolic process,biological_process,69,6011,0.8232190113043476,0.7630574372600233,0.22320108878579892,250755.0,0.0014103736798483121,high_c,0.00967750477555996,2.0142366056975813,2.8506658053622362
GO:0000447,"endonucleolytic cleavage in ITS1 to separate SSU-rRNA from 5.8S rRNA and LSU-rRNA from tricistronic rRNA transcript (SSU-rRNA, 5.8S rRNA, LSU-rRNA)",biological_process,44,6011,0.8372809515909091,0.7630574372600233,0.27839480780657255,167820.0,0.0014401730360182837,high_c,0.00984307240365252,2.006869320300049,2.8415853245205844
GO:0006164,purine nucleotide biosynthetic process,biological_process,60,6011,0.8233694271666666,0.7630574372600233,0.23839130678317377,221090.0,0.0014623636889347395,high_c,0.009955542603885129,2.001935064772556,2.8349446051790737
GO:0004553,"hydrolase activity, hydrolyzing O-glycosyl compounds",molecular_function,48,6011,0.8387404872916667,0.7630574372600233,0.26523282464084064,181070.0,0.0015256744841044753,high_c,0.010345980095333473,1.9852283614667732,2.8165381169953965
GO:0009451,RNA modification,biological_process,116,6011,0.806375456551724,0.7630574372600233,0.1713696586821094,400503.0,0.001547780770962277,high_c,0.010455048320585653,1.9806739556425583,2.810290553151737
GO:0071824,protein-DNA complex organization,biological_process,144,6011,0.811603437638889,0.7630574372600233,0.15381228339298914,487398.0,0.0015879223501217518,high_c,0.010643371427843093,1.9729207817606336,2.7991707385198548
GO:0016830,carbon-carbon lyase activity,molecular_function,37,6011,0.8366628356756758,0.7630574372600233,0.30074466833757096,143757.0,0.0015860256020890158,high_c,0.010643371427843093,1.9729207817606336,2.7996898064533187
GO:0046112,nucleobase biosynthetic process,biological_process,20,6011,0.8537316725,0.7630574372600233,0.4069938240694375,84293.0,0.00164963262883514,high_c,0.011014470167914627,1.9580363889975787,2.7826127618672336
GO:0001510,RNA methylation,biological_process,47,6011,0.8285522334042553,0.7630574372600233,0.26555075131640904,177372.0,0.0016861062226633781,high_c,0.011214867442695878,1.950205855317388,2.77311506881958
GO:0016052,carbohydrate catabolic process,biological_process,78,6011,0.8230040573076923,0.7630574372600233,0.20626050728865497,279113.0,0.0017223673564921648,high_c,0.011412327217062588,1.9426257846378703,2.763874214158598
GO:0006337,nucleosome disassembly,biological_process,23,6011,0.8661062043478261,0.7630574372600233,0.37791525079143784,94886.0,0.001731075601727259,high_c,0.011426415378701604,1.9420899923007602,2.7616839646514753
GO:0045892,negative regulation of DNA-templated transcription,biological_process,179,6011,0.8104514672625699,0.7630574372600233,0.13666076587657394,593296.0,0.0018141357175625083,high_c,0.011884300398824583,1.9250263790912752,2.7413302259949406
GO:1902679,negative regulation of RNA biosynthetic process,biological_process,179,6011,0.8104514672625699,0.7630574372600233,0.13666076587657394,593296.0,0.0018141357175625083,high_c,0.011884300398824583,1.9250263790912752,2.7413302259949406
GO:0070180,large ribosomal subunit rRNA binding,molecular_function,17,6011,0.8730257864705883,0.7630574372600233,0.43620090678914214,73173.0,0.0018685896949734348,high_c,0.012195006430352942,1.9138179663493433,2.7284860505587494
GO:0051253,negative regulation of RNA metabolic process,biological_process,189,6011,0.8088788160846561,0.7630574372600233,0.13190252626872345,622749.0,0.001996306623032525,high_c,0.012979731451627204,1.8867342929195432,2.699772752395441
GO:0006811,monoatomic ion transport,biological_process,192,6011,0.80111511578125,0.7630574372600233,0.13075073752649358,631664.5,0.0020204028192889025,high_c,0.012995445510259149,1.8862088274110906,2.694562034140702
GO:0007015,actin filament organization,biological_process,65,6011,0.827447426,0.7630574372600233,0.22229811896814922,236203.0,0.002021181041342149,high_c,0.012995445510259149,1.8862088274110906,2.6943947840925766
GO:0006812,monoatomic cation transport,biological_process,181,6011,0.8016942855801105,0.7630574372600233,0.13459719681965066,598630.5,0.0020112127183022355,high_c,0.012995445510259149,1.8862088274110906,2.696541993302203
GO:0022603,regulation of anatomical structure morphogenesis,biological_process,20,6011,0.8710076609999999,0.7630574372600233,0.398948422633951,83811.0,0.0020370632273586015,high_c,0.01304923159665879,1.8844150609813415,2.6909954909474085
GO:0034655,nucleobase-containing compound catabolic process,biological_process,209,6011,0.8008200343062201,0.7630574372600233,0.12504927355523332,682127.5,0.002097723069615892,high_c,0.013388409003136722,1.8732710288290384,2.678251845635313
GO:0032185,septin cytoskeleton organization,biological_process,43,6011,0.841208559767442,0.7630574372600233,0.27117884531454584,163107.5,0.00215018251095375,high_c,0.013623054156991641,1.8657255168847753,2.6675246749048607
GO:0070069,cytochrome complex,cellular_component,18,6011,0.8763095527777778,0.7630574372600233,0.4183955355321949,76504.0,0.002143194341638018,high_c,0.013623054156991641,1.8657255168847753,2.6689384460024184
GO:0006414,translational elongation,biological_process,49,6011,0.8387886163265307,0.7630574372600233,0.25359248026617554,183111.0,0.0022001631980745865,high_c,0.013889030224936299,1.85732807698824,2.6575451039984506
GO:0050661,NADP binding,molecular_function,21,6011,0.8549098019047618,0.7630574372600233,0.38583353207727167,87162.0,0.002237229674645441,high_c,0.014071850417335092,1.8516487900422973,2.6502894288175525
GO:0051302,regulation of cell division,biological_process,31,6011,0.8478639483870969,0.7630574372600233,0.3171215880893301,122084.0,0.0022883515282233523,high_c,0.014341437736446713,1.8434073082424214,2.640477260018446
GO:0032986,protein-DNA complex disassembly,biological_process,24,6011,0.8627337708333332,0.7630574372600233,0.35794220811758803,97560.0,0.0024385837924839515,high_c,0.01522799087680626,1.8173573920463941,2.612862316968791
GO:0008654,phospholipid biosynthetic process,biological_process,111,6011,0.818709582252252,0.7630574372600233,0.1673782256833105,382258.0,0.0024801389066012145,high_c,0.015431975418852002,1.8115784771387595,2.605523994705635
GO:0005758,mitochondrial intermembrane space,cellular_component,84,6011,0.8216324494047617,0.7630574372600233,0.19169538913928985,296653.5,0.002515674576241632,high_c,0.015597182372698118,1.806953849755241,2.599345539253495
GO:0000041,transition metal ion transport,biological_process,67,6011,0.8248160443283582,0.7630574372600233,0.21353277354814093,241643.5,0.002611232306460194,high_c,0.016132025921761196,1.792311088817357,2.5831544897527503
GO:0016903,"oxidoreductase activity, acting on the aldehyde or oxo group of donors",molecular_function,29,6011,0.8360362617241379,0.7630574372600233,0.32325712770495385,114778.0,0.0026335767372634216,high_c,0.016212373105990423,1.790153410111183,2.579454022632295
GO:0015980,energy derivation by oxidation of organic compounds,biological_process,109,6011,0.8139882534862387,0.7630574372600233,0.16738222776294154,375499.0,0.002709112796597425,high_c,0.016618444575594096,1.7794096269928361,2.567172912309019
GO:0016853,isomerase activity,molecular_function,189,6011,0.7991103607936507,0.7630574372600233,0.12734673624402237,620242.5,0.002844809304391895,high_c,0.017389397719803978,1.7597154594863798,2.5459468402798153
GO:0031970,organelle envelope lumen,cellular_component,89,6011,0.8209597239325841,0.7630574372600233,0.18305954942340308,311770.5,0.0029904963059303987,high_c,0.0182157950424392,1.7395518688904126,2.5242567297223757
GO:0000154,rRNA modification,biological_process,28,6011,0.8334924899999999,0.7630574372600233,0.3234402234903655,110854.0,0.003104811401777255,high_c,0.01884598808910949,1.7247810876970864,2.5079647754085164
GO:0048471,perinuclear region of cytoplasm,cellular_component,22,6011,0.8591101795454548,0.7630574372600233,0.36416764067456997,89870.0,0.003149204289274935,high_c,0.018860680850355718,1.7244426337505787,2.5017991657124368
GO:0043067,regulation of programmed cell death,biological_process,18,6011,0.865805363888889,0.7630574372600233,0.40237684706231347,75640.0,0.0031561065268304995,high_c,0.018860680850355718,1.7244426337505787,2.5008483466432616
GO:0098798,mitochondrial protein-containing complex,cellular_component,148,6011,0.8160515671621622,0.7630574372600233,0.14193107485790413,495440.5,0.003143384550057948,high_c,0.018860680850355718,1.7244426337505787,2.502602485749141
GO:0051156,glucose 6-phosphate metabolic process,biological_process,20,6011,0.8592981595000001,0.7630574372600233,0.3817225838758138,82779.0,0.0031615542208833607,high_c,0.018860680850355718,1.7244426337505787,2.5000993656051445
GO:0015926,glucosidase activity,molecular_function,31,6011,0.8544032912903226,0.7630574372600233,0.30715287517531564,121160.0,0.0031355234117517936,high_c,0.018860680850355718,1.7244426337505787,2.503689952166049
GO:0031506,cell wall glycoprotein biosynthetic process,biological_process,19,6011,0.8669732052631579,0.7630574372600233,0.39080177078209544,79170.0,0.0032242198752834112,high_c,0.01910322765696929,1.7188932487111563,2.49157534919752
GO:0000032,cell wall mannoprotein biosynthetic process,biological_process,19,6011,0.8669732052631579,0.7630574372600233,0.39080177078209544,79170.0,0.0032242198752834112,high_c,0.01910322765696929,1.7188932487111563,2.49157534919752
GO:0006508,proteolysis,biological_process,89,6011,0.8145065743820225,0.7630574372600233,0.18112617586679258,311261.0,0.0033102076069573896,high_c,0.019545987774415064,1.708942377207274,2.48014476763559
GO:0000479,"endonucleolytic cleavage of tricistronic rRNA transcript (SSU-rRNA, 5.8S rRNA, LSU-rRNA)",biological_process,59,6011,0.8210636454237289,0.7630574372600233,0.22155777291780576,214486.0,0.0033586490563484277,high_c,0.01976479580278261,1.7041076681503975,2.4738353730127076
GO:0043648,dicarboxylic acid metabolic process,biological_process,40,6011,0.8287864867500001,0.7630574372600233,0.26828002009713625,151458.0,0.0034029906104460334,high_c,0.019906727280094978,1.7010001332937326,2.4681392492107146
GO:0009261,ribonucleotide catabolic process,biological_process,27,6011,0.8368196003703703,0.7630574372600233,0.32604228560110915,107123.0,0.0034171686229656126,high_c,0.019906727280094978,1.7010001332937326,2.46633359005795
GO:0140097,"catalytic activity, acting on DNA",molecular_function,142,6011,0.7397638732394366,0.7630574372600233,-0.14359645691494338,356862.5,0.0034080700563564477,low_c,0.019906727280094978,1.7010001332937326,2.467491486447498
GO:0050660,flavin adenine dinucleotide binding,molecular_function,35,6011,0.8348971117142857,0.7630574372600233,0.2861015490533563,134500.5,0.0034686693964191668,high_c,0.02013916412101563,1.6959585588650172,2.4598370913810608
GO:0010608,post-transcriptional regulation of gene expression,biological_process,183,6011,0.8019794181420765,0.7630574372600233,0.1266431885264654,600796.0,0.003482811612815789,high_c,0.0201538698661607,1.6956415500116069,2.4580700161324174
GO:0005940,septin ring,cellular_component,23,6011,0.8682572965217391,0.7630574372600233,0.3522407133106793,93118.0,0.003500034193563281,high_c,0.020186243721016132,1.694944487545006,2.455927712791636
GO:0006195,purine nucleotide catabolic process,biological_process,29,6011,0.841997842413793,0.7630574372600233,0.31333079698866717,113917.0,0.003554600347038307,high_c,0.02043306689555795,1.689666443164218,2.4492092210475405
GO:0050658,RNA transport,biological_process,81,6011,0.8083594760493826,0.7630574372600233,0.1880436366664584,285326.5,0.003600219340292889,high_c,0.020559147285356762,1.6869949021740387,2.443671039405758
GO:0051236,establishment of RNA localization,biological_process,81,6011,0.8083594760493826,0.7630574372600233,0.1880436366664584,285326.5,0.003600219340292889,high_c,0.020559147285356762,1.6869949021740387,2.443671039405758
GO:0061982,meiosis I cell cycle process,biological_process,48,6011,0.6994618149999999,0.7630574372600233,-0.24170579685840465,108521.0,0.003869810463181391,low_c,0.022010893669268318,1.6573623242002737,2.412310305474687
GO:0044770,cell cycle phase transition,biological_process,94,6011,0.8183621581914894,0.7630574372600233,0.17334114829611047,326305.0,0.0038798003817949915,high_c,0.022010893669268318,1.6573623242002737,2.411190618559167
GO:0000463,"maturation of LSU-rRNA from tricistronic rRNA transcript (SSU-rRNA, 5.8S rRNA, LSU-rRNA)",biological_process,43,6011,0.8378973383720932,0.7630574372600233,0.25454361244466606,160973.0,0.0039714979214187825,high_c,0.02245772114522152,1.6486343150499538,2.4010456604132404
GO:0009124,nucleoside monophosphate biosynthetic process,biological_process,41,6011,0.8139673368292683,0.7630574372600233,0.2575887567920905,153910.0,0.004416719597124631,high_c,0.024894237729247922,1.603901167442337,2.354900171782366
GO:0009142,nucleoside triphosphate biosynthetic process,biological_process,24,6011,0.8486953154166667,0.7630574372600233,0.3357134903401815,95963.0,0.004474220214696937,high_c,0.025136719393896063,1.5996914029466627,2.349282644362301
GO:0009206,purine ribonucleoside triphosphate biosynthetic process,biological_process,16,6011,0.87477845,0.7630574372600233,0.4099666388657215,67622.0,0.004564792164390107,high_c,0.025370992096745246,1.5956625499750474,2.340578991166551
GO:0031667,response to nutrient levels,biological_process,181,6011,0.7989160972375692,0.7630574372600233,0.12365076807899689,592855.0,0.004548479612359148,high_c,0.025370992096745246,1.5956625499750474,2.3421337475861135
GO:0009145,purine nucleoside triphosphate biosynthetic process,biological_process,16,6011,0.87477845,0.7630574372600233,0.4099666388657215,67622.0,0.004564792164390107,high_c,0.025370992096745246,1.5956625499750474,2.340578991166551
GO:0015078,proton transmembrane transporter activity,molecular_function,87,6011,0.8163565701149424,0.7630574372600233,0.17681824179065098,303259.0,0.004574378183341741,high_c,0.025370992096745246,1.5956625499750474,2.339667933269072
GO:0050793,regulation of developmental process,biological_process,47,6011,0.8398402057446805,0.7630574372600233,0.23957218488234377,173731.0,0.004606424771201966,high_c,0.025467367524861822,1.594015944259477,2.336636017026735
GO:0045333,cellular respiration,biological_process,69,6011,0.8222656769565218,0.7630574372600233,0.1979253557334426,245573.5,0.004640440111194244,high_c,0.02549305073744686,1.5935781896715853,2.3334408278936545
GO:0042803,protein homodimerization activity,molecular_function,18,6011,0.8642400766666667,0.7630574372600233,0.38591319502382415,74752.0,0.0046356532882276015,high_c,0.02549305073744686,1.5935781896715853,2.333889053433282
GO:0045934,negative regulation of nucleobase-containing compound metabolic process,biological_process,225,6011,0.8023204403555555,0.7630574372600233,0.11102047086837952,723191.0,0.004659994258775015,high_c,0.02551971619316538,1.5931241597481938,2.3316146183709154
GO:0043414,macromolecule methylation,biological_process,57,6011,0.8154707394736841,0.7630574372600233,0.21680839653719453,206479.0,0.004781597782142867,high_c,0.026021485109090966,1.5846679208306298,2.320426958613922
GO:0051247,positive regulation of protein metabolic process,biological_process,93,6011,0.8174980648387098,0.7630574372600233,0.17028965757830128,322048.5,0.004771867455702798,high_c,0.026021485109090966,1.5846679208306298,2.3213116278802204
GO:0016469,proton-transporting two-sector ATPase complex,cellular_component,16,6011,0.874845756875,0.7630574372600233,0.4073811509591325,67498.0,0.004827055693603841,high_c,0.026105198392823263,1.5832730019138674,2.3163176903494684
GO:0032774,RNA biosynthetic process,biological_process,260,6011,0.7963296233076923,0.7630574372600233,0.10318606797480046,824775.0,0.004823914217485371,high_c,0.026105198392823263,1.5832730019138674,2.3166004237543047
GO:0019646,aerobic electron transport chain,biological_process,31,6011,0.8465801187096774,0.7630574372600233,0.2928255475240047,119832.0,0.0048575740640430035,high_c,0.026188660171362278,1.5818867197904412,2.3135805689350835
GO:0170041,non-proteinogenic amino acid metabolic process,biological_process,33,6011,0.8309963875757574,0.7630574372600233,0.2833115362389367,126582.0,0.00494059605896202,high_c,0.026553791821542005,1.5758734538823562,2.3062206523917266
GO:0008289,lipid binding,molecular_function,144,6011,0.809867610625,0.7630574372600233,0.13594634774539327,479851.0,0.00524992093656732,high_c,0.028129206005805145,1.550842526354675,2.2798472369885356
GO:0006612,protein targeting to membrane,biological_process,47,6011,0.8376391799999999,0.7630574372600233,0.23575495526349588,173196.0,0.005300262792167135,high_c,0.028311557560621987,1.5480362372623842,2.2757025971239826
GO:0004175,endopeptidase activity,molecular_function,54,6011,0.8262640414814814,0.7630574372600233,0.21964200225069797,196166.0,0.0053903645254022225,high_c,0.028616736440667458,1.5433798963144016,2.2683818644945886
GO:0031124,mRNA 3'-end processing,biological_process,30,6011,0.851234499,0.7630574372600233,0.2941648553753553,116106.0,0.005378648651542262,high_c,0.028616736440667458,1.5433798963144016,2.2693268241286537
GO:0070603,SWI/SNF superfamily-type complex,cellular_component,60,6011,0.826538283,0.7630574372600233,0.20817229597266573,215695.0,0.0054579946008223796,high_c,0.028887434838498937,1.5392910211515105,2.2629668982803044
GO:0018455,alcohol dehydrogenase [NAD(P)+] activity,molecular_function,22,6011,0.8587666727272727,0.7630574372600233,0.342339744076261,88432.0,0.005506697974524921,high_c,0.02905661909962086,1.5367549196938144,2.259108742584313
GO:0015399,primary active transmembrane transporter activity,molecular_function,75,6011,0.8032942050666668,0.7630574372600233,0.1856603773584906,263928.0,0.005653768660154186,high_c,0.029742249678871714,1.5266261849005305,2.247661965863116
GO:0030479,actin cortical patch,cellular_component,58,6011,0.8264492667241379,0.7630574372600233,0.21037205234103928,208955.0,0.0057570027019398584,high_c,0.03019382685972083,1.5200818396521987,2.239803566716953
GO:1902493,acetyltransferase complex,cellular_component,62,6011,0.8188222703225808,0.7630574372600233,0.2032274331820474,221898.0,0.005832445101251567,high_c,0.0304973635414841,1.5157377032393018,2.2341493403757386
GO:1902600,proton transmembrane transport,biological_process,81,6011,0.8153929027160495,0.7630574372600233,0.17779026918993202,282864.0,0.005914607099068499,high_c,0.030834107879828574,1.5109686124548813,2.2280740997890347
GO:0044772,mitotic cell cycle phase transition,biological_process,93,6011,0.8169868104301076,0.7630574372600233,0.16601074905427948,320871.0,0.00593895646995772,high_c,0.03086834859834312,1.5104866038775082,2.226289857906417
GO:0042325,regulation of phosphorylation,biological_process,24,6011,0.8569560595833333,0.7630574372600233,0.32364567674405653,95096.0,0.00613551402732566,high_c,0.03179478313861894,1.497644132844932,2.21214904664856
GO:0009166,nucleotide catabolic process,biological_process,33,6011,0.8315678975757576,0.7630574372600233,0.27481573851597263,125744.0,0.0063992718530485335,high_c,0.03306290457408409,1.4806589963457375,2.1938694397963667
GO:0051640,organelle localization,biological_process,210,6011,0.8049154930952381,0.7630574372600233,0.11045960877024497,676386.5,0.006461247118802183,high_c,0.033284050439883056,1.4777638285155696,2.189683648484704
GO:0006368,transcription elongation by RNA polymerase II,biological_process,71,6011,0.8189656528169014,0.7630574372600233,0.187608479157775,250431.0,0.006497138730053594,high_c,0.03336991963128118,1.4766448393066436,2.1872778598694618
GO:1902275,regulation of chromatin organization,biological_process,26,6011,0.8430282196153845,0.7630574372600233,0.30859199280251914,101815.0,0.006543463801112213,high_c,0.03341015634920824,1.4761214919931316,2.1841922957913495
GO:0010628,positive regulation of gene expression,biological_process,98,6011,0.808015506122449,0.7630574372600233,0.15996058494427712,336083.5,0.0065272627232849335,high_c,0.03341015634920824,1.4761214919931316,2.1852689065354274
GO:0032954,regulation of cytokinetic process,biological_process,18,6011,0.870682583888889,0.7630574372600233,0.37022822923039844,73906.0,0.006602797444716258,high_c,0.03361424153673732,1.4734766836097897,2.180272025457765
GO:0097435,supramolecular fiber organization,biological_process,80,6011,0.817016703875,0.7630574372600233,0.17645000843028158,279101.0,0.006626731471675354,high_c,0.03363744396148659,1.4731770127432369,2.178700627527575
GO:0000030,mannosyltransferase activity,molecular_function,44,6011,0.8270398063636364,0.7630574372600233,0.23711473711473707,162401.0,0.0066479644837923665,high_c,0.03364684065266341,1.4730557086028666,2.177311309400569
GO:0019900,kinase binding,molecular_function,41,6011,0.8267535107317072,0.7630574372600233,0.24543040405278416,152422.0,0.006680091266069709,high_c,0.033711158249700626,1.472226325710647,2.17521760397959
GO:0005543,phospholipid binding,molecular_function,106,6011,0.8165440413207548,0.7630574372600233,0.15325994919559704,360930.0,0.006757625470093385,high_c,0.03400358787270179,1.468475256160473,2.170205881927672
GO:0019318,hexose metabolic process,biological_process,50,6011,0.8164196850000001,0.7630574372600233,0.22150645864787788,182035.0,0.00690655170272616,high_c,0.034652525306163626,1.4602651106461433,2.1607387326938396
GO:0006417,regulation of translation,biological_process,145,6011,0.801538022413793,0.7630574372600233,0.13107445595306677,481029.0,0.006926619854433907,high_c,0.034653060712672226,1.4602584005350072,2.1594786465846068
GO:0071554,cell wall organization or biogenesis,biological_process,211,6011,0.7983644337914692,0.7630574372600233,0.10918614152639328,678711.0,0.006972010116520242,high_c,0.03468025662544166,1.459917697510681,2.1566419913919743
GO:0000028,ribosomal small subunit assembly,biological_process,25,6011,0.8472597015999999,0.7630574372600233,0.3123421316404944,98196.0,0.006953792200042265,high_c,0.03468025662544166,1.459917697510681,2.157778291467455
GO:0010629,negative regulation of gene expression,biological_process,293,6011,0.7944113519453926,0.7630574372600233,0.09321202310648258,915769.5,0.007036581020177964,high_c,0.03480200755278902,1.4583957030663202,2.152638307440969
GO:0051205,protein insertion into membrane,biological_process,49,6011,0.8375113593877551,0.7630574372600233,0.22322327119375096,178675.0,0.007036345724827304,high_c,0.03480200755278902,1.4583957030663202,2.1526528300025185
GO:0032543,mitochondrial translation,biological_process,101,6011,0.817835814851485,0.7630574372600233,0.1550183444740414,344721.0,0.007464665645040083,high_c,0.036814373749402225,1.4339825829230448,2.126989640285387
GO:0051668,localization within membrane,biological_process,194,6011,0.8077012710824742,0.7630574372600233,0.11248314130818127,627717.5,0.007602598777228508,high_c,0.03738841778263085,1.4272629130969676,2.119037928549618
GO:0006740,NADPH regeneration,biological_process,15,6011,0.8657997386666668,0.7630574372600233,0.39808761396486547,62872.0,0.0076572090441733,high_c,0.0374448307061545,1.4266081285852674,2.1159294963706463
GO:2000144,positive regulation of DNA-templated transcription initiation,biological_process,39,6011,0.8397513564102564,0.7630574372600233,0.24742816906246246,145268.0,0.007644510052198014,high_c,0.0374448307061545,1.4266081285852674,2.116650343926667
GO:0015075,monoatomic ion transmembrane transporter activity,molecular_function,156,6011,0.8000083176923076,0.7630574372600233,0.12467538154984781,513628.0,0.007775467104431653,high_c,0.03791632273397008,1.4211737887861093,2.1092735116537074
GO:0000462,"maturation of SSU-rRNA from tricistronic rRNA transcript (SSU-rRNA, 5.8S rRNA, LSU-rRNA)",biological_process,69,6011,0.8131932740579708,0.7630574372600233,0.1859667608134674,243122.0,0.00781548560265524,high_c,0.03800471430310784,1.4201625278875143,2.107044032615794
GO:1902412,regulation of mitotic cytokinesis,biological_process,16,6011,0.8619929818750001,0.7630574372600233,0.3839241034195162,66373.0,0.007905749556305769,high_c,0.038336260418287194,1.4163902534535706,2.1020569476501696
GO:0000122,negative regulation of transcription by RNA polymerase II,biological_process,155,6011,0.8073061455483872,0.7630574372600233,0.12411422527763083,510168.0,0.008256261027518728,high_c,0.039924426584324546,1.3987613127111336,2.0832165849732873
GO:0016705,"oxidoreductase activity, acting on paired donors, with incorporation or reduction of molecular oxygen",molecular_function,24,6011,0.8450645391666667,0.7630574372600233,0.3116335393352263,94233.0,0.008321584247334559,high_c,0.0401285284815911,1.3965467656098516,2.0797939856830374
GO:0061645,endocytic patch,cellular_component,59,6011,0.8240820791525423,0.7630574372600233,0.19906141789684706,210536.0,0.0084123944813623,high_c,0.040454063212312895,1.3930378512565684,2.0750803701913836
GO:0016887,ATP hydrolysis activity,molecular_function,235,6011,0.7873839071063831,0.7630574372600233,0.10115444686744857,747331.5,0.00847407214843284,high_c,0.04063809184994312,1.3910666924194055,2.071907842726713
GO:0001932,regulation of protein phosphorylation,biological_process,19,6011,0.861769485263158,0.7630574372600233,0.34716464057339613,76686.0,0.008880877260677836,high_c,0.04247163340092761,1.3719010363163942,2.0515441321207546
GO:0016877,"ligase activity, forming carbon-sulfur bonds",molecular_function,19,6011,0.847741925263158,0.7630574372600233,0.34688356405031273,76670.0,0.008936143031971482,high_c,0.042501765215075316,1.3715930321321266,2.048849888516125
GO:0006405,RNA export from nucleus,biological_process,74,6011,0.8058167936486488,0.7630574372600233,0.17663165945126535,258469.5,0.008916174632936905,high_c,0.042501765215075316,1.3715930321321266,2.0498214339807044
GO:0019901,protein kinase binding,molecular_function,40,6011,0.8250230242500001,0.7630574372600233,0.23929827499581302,147997.0,0.008991378991734583,high_c,0.04253142760122953,1.3712900396012637,2.0461736961896477
GO:0016627,"oxidoreductase activity, acting on the CH-CH group of donors",molecular_function,27,6011,0.8506541262962962,0.7630574372600233,0.2910353535353536,104295.0,0.008971035783510654,high_c,0.04253142760122953,1.3712900396012637,2.047157411014609
GO:0042546,cell wall biogenesis,biological_process,23,6011,0.8555980521739129,0.7630574372600233,0.3148470854752985,90543.0,0.009053409534588197,high_c,0.04270847541316606,1.3694859315342398,2.0431878337011953
GO:0016791,phosphatase activity,molecular_function,116,6011,0.8108407875862069,0.7630574372600233,0.14100786756748862,390122.0,0.009194963106745212,high_c,0.043258688220351456,1.3639266542751183,2.036450008956531
GO:0019953,sexual reproduction,biological_process,29,6011,0.8397455662068968,0.7630574372600233,0.2796896436435743,110999.0,0.009262764336131277,high_c,0.04345988888519972,1.361911388383794,2.033259385157272
GO:0009060,aerobic respiration,biological_process,62,6011,0.8214955625806452,0.7630574372600233,0.19114624848849626,219670.0,0.009509971333294634,high_c,0.04449948850296357,1.3516449809655204,2.021820792190948
GO:0072523,purine-containing compound catabolic process,biological_process,41,6011,0.8224866529268293,0.7630574372600233,0.23418719614331818,151046.0,0.009649902366684582,high_c,0.0450064301675107,1.3467254331853975,2.0154770806276723
GO:0005199,structural constituent of cell wall,molecular_function,41,6011,0.838188016097561,0.7630574372600233,0.23412182865547249,151038.0,0.009670160398894867,high_c,0.0450064301675107,1.3467254331853975,2.014566322217183
GO:0032465,regulation of cytokinesis,biological_process,28,6011,0.8403905342857143,0.7630574372600233,0.2822401566342734,107403.0,0.0098665142021234,high_c,0.04579750977242305,1.339158136002632,2.0058362546426247
GO:0071852,fungal-type cell wall organization or biogenesis,biological_process,203,6011,0.7992509271921181,0.7630574372600233,0.10634898017343164,652206.0,0.00989318921886433,high_c,0.045798870623862606,1.3391452313383125,2.004663684451067
GO:0051286,cell tip,cellular_component,129,6011,0.8094271533333333,0.7630574372600233,0.13238786575256523,429615.5,0.009993949251177667,high_c,0.046019883023990536,1.3370544895808911,2.0002628602155714
GO:0060187,cell pole,cellular_component,129,6011,0.8094271533333333,0.7630574372600233,0.13238786575256523,429615.5,0.009993949251177667,high_c,0.046019883023990536,1.3370544895808911,2.0002628602155714
GO:0016973,poly(A)+ mRNA export from nucleus,biological_process,34,6011,0.836617805,0.7630574372600233,0.2556269621785472,127583.0,0.010049241972552976,high_c,0.04615207424431737,1.3358087754047543,1.997866696408002
GO:0000096,sulfur amino acid metabolic process,biological_process,30,6011,0.8371443390000001,0.7630574372600233,0.27096360697765154,114024.5,0.010350402984507534,high_c,0.047409761427717884,1.324132230103662,1.9850427409760627
GO:0060261,positive regulation of transcription initiation by RNA polymerase II,biological_process,38,6011,0.8381998842105263,0.7630574372600233,0.24064430287169447,140797.0,0.010437622485782014,high_c,0.04768345430346731,1.3216322907972902,1.981398415020953
GO:0000920,septum digestion after cytokinesis,biological_process,27,6011,0.840967342222222,0.7630574372600233,0.28466032877797587,103780.0,0.01059091423481273,high_c,0.04824442281121782,1.3165528850623733,1.9750665488635464
GO:0033698,Rpd3L complex,cellular_component,16,6011,0.86736986625,0.7630574372600233,0.3693286071726438,65673.0,0.010615996263758759,high_c,0.04824442281121782,1.3165528850623733,1.9740392429911378
GO:0010638,positive regulation of organelle organization,biological_process,88,6011,0.80592274125,0.7630574372600233,0.15798581799763634,301785.0,0.010838484217792165,high_c,0.049126915410149345,1.3086805035713935,1.965031450443244
GO:0016831,carboxy-lyase activity,molecular_function,24,6011,0.8335142925,0.7630574372600233,0.3003591114080508,93423.0,0.010982093739199807,high_c,0.049519259042210044,1.3052258622974495,1.959314853629422
GO:1904949,ATPase complex,cellular_component,72,6011,0.8177924216666668,0.7630574372600233,0.17415015621784447,251038.0,0.010963707172489052,high_c,0.049519259042210044,1.3052258622974495,1.9600425724640298
GO:0036503,ERAD pathway,biological_process,55,6011,0.8205896294545455,0.7630574372600233,0.1986201843824409,196322.0,0.011105128363396444,high_c,0.04994430787268452,1.301514000938454,1.954476417107172
GO:0005935,cellular bud neck,cellular_component,197,6011,0.7994957981218275,0.7630574372600233,0.10595289856970491,633356.0,0.011309877734533826,high_c,0.05073371510891659,1.2947033341693668,1.9465420899909285
GO:0000144,cellular bud neck septin ring,cellular_component,15,6011,0.8711876986666667,0.7630574372600233,0.37762953079830996,61952.0,0.011413787429379315,high_c,0.051067873653099206,1.2918522247751771,1.9425702200214432
GO:0032200,telomere organization,biological_process,82,6011,0.7274953906097562,0.7630574372600233,-0.1621134646158403,203681.0,0.011569639909969016,low_c,0.05163212052366636,1.287080038175409,1.9366801576901744
GO:0016485,protein processing,biological_process,41,6011,0.8301930726829266,0.7630574372600233,0.2279691138619928,150285.0,0.011755243448923765,high_c,0.05232590417264527,1.2812832584733111,1.9297683722872851
GO:0007096,regulation of exit from mitosis,biological_process,44,6011,0.8297082836363638,0.7630574372600233,0.2198378963084846,160133.0,0.011861736104524801,high_c,0.05266489482725078,1.278478778772051,1.9258517422166572
GO:0016765,"transferase activity, transferring alkyl or aryl (other than methyl) groups",molecular_function,50,6011,0.8278169665999998,0.7630574372600233,0.20577084381815136,179690.0,0.012093137143591991,high_c,0.05355532163590739,1.2711973681135633,1.9174610219335793
GO:0005996,monosaccharide metabolic process,biological_process,58,6011,0.8111058436206896,0.7630574372600233,0.1909671738966734,205605.0,0.012189821581432886,high_c,0.05384613299075697,1.2688454805011684,1.914002650966215
GO:0043332,mating projection tip,cellular_component,119,6011,0.8099517917647059,0.7630574372600233,0.13351532058852045,397381.0,0.012511921547111813,high_c,0.05512866955783276,1.2586224883961863,1.9026759874110852
GO:0032153,cell division site,cellular_component,33,6011,0.833489957878788,0.7630574372600233,0.2515232620619037,123446.5,0.012578404004242602,high_c,0.055281289497126976,1.2574218351173048,1.9003744603313175
GO:0050821,protein stabilization,biological_process,32,6011,0.8345014415625,0.7630574372600233,0.2542858337514635,119990.0,0.01297029814642271,high_c,0.05685969086411572,1.2451955058199289,1.8870500407348896
GO:0009112,nucleobase metabolic process,biological_process,30,6011,0.822265624,0.7630574372600233,0.26244217800813696,113260.0,0.01301841728100122,high_c,0.05692688261918921,1.244682597996865,1.8854418120742231
GO:0006739,NADP+ metabolic process,biological_process,22,6011,0.8448519554545456,0.7630574372600233,0.30490748189863237,85966.0,0.013425591387298237,high_c,0.05855986595062749,1.2323999260919019,1.872066574858687
GO:0000307,cyclin-dependent protein kinase holoenzyme complex,cellular_component,39,6011,0.8350497546153847,0.7630574372600233,0.2291033369399076,143134.0,0.01351782227178189,high_c,0.05881438462108612,1.2305164426730966,1.8690932678268215
GO:0051248,negative regulation of protein metabolic process,biological_process,63,6011,0.8070284517460317,0.7630574372600233,0.18021263650046437,221127.0,0.013729826446906665,high_c,0.05944803194902321,1.2258625183005796,1.8623349524666049
GO:0051130,positive regulation of cellular component organization,biological_process,142,6011,0.7988016188028169,0.7630574372600233,0.12083782298493628,467052.0,0.013731947472095801,high_c,0.05944803194902321,1.2258625183005796,1.8622678665208703
GO:0051015,actin filament binding,molecular_function,36,6011,0.8351763772222222,0.7630574372600233,0.23772198977219894,133117.0,0.0137850107767683,high_c,0.05952930026982529,1.225269222281771,1.860592890037774
GO:0034220,monoatomic ion transmembrane transport,biological_process,154,6011,0.7968502352597403,0.7630574372600233,0.11603830692101136,503321.0,0.013825575581248742,high_c,0.05955632558076381,1.2250721045603,1.8593167792596637
GO:0071944,cell periphery,cellular_component,285,6011,0.793029407263158,0.7630574372600233,0.0861842871236771,886277.5,0.013918026399279694,high_c,0.05970249916809109,1.2240074887668806,1.8564223440839538
GO:0000723,telomere maintenance,biological_process,80,6011,0.726934471125,0.7630574372600233,-0.1598170628899005,199325.0,0.013928290416518945,low_c,0.05970249916809109,1.2240074887668806,1.856102186392685
GO:0016620,"oxidoreductase activity, acting on the aldehyde or oxo group of donors, NAD or NADP as acceptor",molecular_function,24,6011,0.8291985216666667,0.7630574372600233,0.2901286119926507,92688.0,0.014024311279208496,high_c,0.059966020642132876,1.2220947700800835,1.8531184573433626
GO:0022904,respiratory electron transport chain,biological_process,34,6011,0.8369994900000001,0.7630574372600233,0.2438366680116919,126385.0,0.014072739816475313,high_c,0.06002524894693156,1.2216660300871873,1.8516213417024403
GO:0007346,regulation of mitotic cell cycle,biological_process,176,6011,0.7988051809090909,0.7630574372600233,0.108206746124484,569042.0,0.014305271325031952,high_c,0.06086752701043007,1.2156143428591428,1.844503900609736
GO:0032259,methylation,biological_process,60,6011,0.8065360536666666,0.7630574372600233,0.18228308967680507,211073.0,0.01496982028559874,high_c,0.06353938390171006,1.1969570005473487,1.82478341338048
GO:1902911,protein kinase complex,cellular_component,63,6011,0.8203756747619048,0.7630574372600233,0.17723444455118975,220569.0,0.0153704635298039,high_c,0.06508079192131602,1.1865471710860525,1.81331303520679
GO:0009308,amine metabolic process,biological_process,15,6011,0.8542999459999998,0.7630574372600233,0.3598398932621747,61152.0,0.015926711589435868,high_c,0.06727194968189944,1.1721659853717514,1.7978738843361552
GO:0051028,mRNA transport,biological_process,62,6011,0.8059708208064517,0.7630574372600233,0.17754407083868795,217161.5,0.01601290661950102,high_c,0.06730848884129242,1.1719301597813192,1.7955298289653914
GO:0030150,protein import into mitochondrial matrix,biological_process,28,6011,0.8467511739285714,0.7630574372600233,0.2635085122131755,105834.0,0.015987141626354007,high_c,0.06730848884129242,1.1719301597813192,1.7962291777089952
GO:0000011,vacuole inheritance,biological_process,19,6011,0.8512211589473683,0.7630574372600233,0.3191799592439042,75093.0,0.016142483178267147,high_c,0.06768925313398978,1.1694802777712066,1.7920296574907808
GO:1903046,meiotic cell cycle process,biological_process,258,6011,0.7491406346511628,0.7630574372600233,-0.08831792512703185,676593.0,0.016236607591055573,low_c,0.06791988139294572,1.1680030811627222,1.7895047052911026
GO:0045121,membrane raft,cellular_component,30,6011,0.8359418969999999,0.7630574372600233,0.25313492726968745,112425.0,0.016611452054403616,high_c,0.06901646506743071,1.16104728846707,1.7795924029699182
GO:0098857,membrane microdomain,cellular_component,30,6011,0.8359418969999999,0.7630574372600233,0.25313492726968745,112425.0,0.016611452054403616,high_c,0.06901646506743071,1.16104728846707,1.7795924029699182
GO:0042578,phosphoric ester hydrolase activity,molecular_function,135,6011,0.8080636855555555,0.7630574372600233,0.12038171595693714,444377.0,0.016618019814623294,high_c,0.06901646506743071,1.16104728846707,1.779420727532508
GO:0034976,response to endoplasmic reticulum stress,biological_process,82,6011,0.8084477568292683,0.7630574372600233,0.15366388442093215,280443.0,0.01669315642898444,high_c,0.06916305384419327,1.160125839018689,1.7774615368928666
GO:0022900,electron transport chain,biological_process,35,6011,0.8355385160000001,0.7630574372600233,0.23406961178045504,129059.0,0.016790702255742862,high_c,0.06940156932373716,1.158630709070597,1.7749311395131695
GO:0034599,cellular response to oxidative stress,biological_process,101,6011,0.8029730275247526,0.7630574372600233,0.13850329195356093,339792.0,0.016832596942465215,high_c,0.06940947337795633,1.1585812506547684,1.7738488756595732
GO:0006334,nucleosome assembly,biological_process,39,6011,0.8265981225641027,0.7630574372600233,0.22151235681041448,142250.0,0.016940706271099806,high_c,0.06968973006310251,1.1568312176774342,1.7710684875562335
GO:0000139,Golgi membrane,cellular_component,176,6011,0.8025019347727274,0.7630574372600233,0.10544909246708722,567626.0,0.01698285431539656,high_c,0.06969795529912158,1.156779962437629,1.7699893159030597
GO:0000793,condensed chromosome,cellular_component,32,6011,0.7050548984375,0.7630574372600233,-0.2438325806991135,72338.0,0.01719811371639041,low_c,0.0702492362627147,1.1533583929700946,1.764519183760256
GO:0000921,septin ring assembly,biological_process,18,6011,0.8551444166666666,0.7630574372600233,0.3248048649350168,71456.0,0.017173315234235178,high_c,0.0702492362627147,1.1533583929700946,1.7651458580741917
GO:0008324,monoatomic cation transmembrane transporter activity,molecular_function,149,6011,0.7974051969127517,0.7630574372600233,0.1140619025048144,486532.0,0.01725439814222969,high_c,0.07031369759368719,1.1529600631752905,1.7631001849130448
GO:0098655,monoatomic cation transmembrane transport,biological_process,145,6011,0.7967325836551724,0.7630574372600233,0.11547080193282144,474393.0,0.017364967596102118,high_c,0.07059855678415287,1.1512041769522339,1.7603260227676831
GO:0006354,DNA-templated transcription elongation,biological_process,85,6011,0.8058907158823528,0.7630574372600233,0.14969327589287484,289556.0,0.01763376740430862,high_c,0.07152387900439197,1.1455489401780221,1.7536548920053232
GO:0000932,P-body,cellular_component,57,6011,0.8090330347368422,0.7630574372600233,0.18215676914826529,200599.0,0.017766322233735556,high_c,0.07189355570574575,1.1433100365554285,1.7504024652111776
GO:0070726,cell wall assembly,biological_process,53,6011,0.734834477735849,0.7630574372600233,-0.18874891536351945,128086.0,0.01782272454271003,low_c,0.07195406931661538,1.1429446397846867,1.7490259050455734
GO:0044087,regulation of cellular component biogenesis,biological_process,174,6011,0.7989893374712642,0.7630574372600233,0.10488776512891396,561083.0,0.018213608845428872,high_c,0.07336154282056734,1.1345315438672974,1.739603994547039
GO:0006493,protein O-linked glycosylation,biological_process,25,6011,0.8402172535999999,0.7630574372600233,0.27235549615770127,95204.0,0.01859739436624568,high_c,0.07404834087110666,1.1304846678462894,1.7305478994181767
GO:0030476,ascospore wall assembly,biological_process,51,6011,0.7330728592156862,0.7630574372600233,-0.19116989077510194,122926.0,0.01855503571972425,low_c,0.07404834087110666,1.1304846678462894,1.731538205267545
GO:0072528,pyrimidine-containing compound biosynthetic process,biological_process,34,6011,0.8194006126470588,0.7630574372600233,0.23392612859097128,125378.0,0.018492743273715,high_c,0.07404834087110666,1.1304846678462894,1.7329986594051767
GO:0098797,plasma membrane protein complex,cellular_component,15,6011,0.8638523106666667,0.7630574372600233,0.35154547476095166,60779.0,0.018521503550828735,high_c,0.07404834087110666,1.1304846678462894,1.732323760779177
GO:0042244,spore wall assembly,biological_process,51,6011,0.7330728592156862,0.7630574372600233,-0.19116989077510194,122926.0,0.01855503571972425,low_c,0.07404834087110666,1.1304846678462894,1.731538205267545
GO:0003724,RNA helicase activity,molecular_function,44,6011,0.8184885527272726,0.7630574372600233,0.2055433673080731,158256.5,0.018641909096070688,high_c,0.07405573041368127,1.1304413302453882,1.7295096141154394
GO:0061951,establishment of protein localization to plasma membrane,biological_process,17,6011,0.8623638035294118,0.7630574372600233,0.3291330546232507,67718.0,0.01893090098229982,high_c,0.07503206416728878,1.12475310574053,1.7228287160769036
GO:0000118,histone deacetylase complex,cellular_component,56,6011,0.8228833053571429,0.7630574372600233,0.18185198512654432,197062.0,0.018984657930805143,high_c,0.07507372703389005,1.1245120230563104,1.7215972236546622
GO:0043189,H4/H2A histone acetyltransferase complex,cellular_component,17,6011,0.8536925547058823,0.7630574372600233,0.32766099432766094,67643.0,0.01947082105924521,high_c,0.07664704163004463,1.1155046030867322,1.7106157344593667
GO:0035267,NuA4 histone acetyltransferase complex,cellular_component,17,6011,0.8536925547058823,0.7630574372600233,0.32766099432766094,67643.0,0.01947082105924521,high_c,0.07664704163004463,1.1155046030867322,1.7106157344593667
GO:0006406,mRNA export from nucleus,biological_process,61,6011,0.8046414621311476,0.7630574372600233,0.1734371125499381,212949.5,0.0195932384731854,high_c,0.07695443889015803,1.1137663241118914,1.7078937756032726
GO:0044843,cell cycle G1/S phase transition,biological_process,61,6011,0.8176746898360656,0.7630574372600233,0.17310924369747904,212890.0,0.01982544893440999,high_c,0.07769069830730416,1.1096309749652378,1.7027769695826411
GO:0071940,fungal-type cell wall assembly,biological_process,52,6011,0.7346676484615382,0.7630574372600233,-0.1870861140872888,125948.0,0.020000311007929518,low_c,0.07819941421118387,1.1067965002112936,1.6989632509371468
GO:0010181,FMN binding,molecular_function,20,6011,0.833180877,0.7630574372600233,0.30063428476047394,77921.0,0.020095073228170796,high_c,0.07839336432383034,1.1057206970031712,1.6969104068627126
GO:0005506,iron ion binding,molecular_function,26,6011,0.8367743369230768,0.7630574372600233,0.26349206349206344,98306.0,0.020243121949285743,high_c,0.07878515184120466,1.103555623640462,1.6937225085915701
GO:0099023,vesicle tethering complex,cellular_component,43,6011,0.7341738744186047,0.7630574372600233,-0.20510942078683214,101994.0,0.020286268936070554,low_c,0.07878515184120466,1.103555623640462,1.6927978213489987
GO:0046982,protein heterodimerization activity,molecular_function,34,6011,0.8256607205882354,0.7630574372600233,0.23029456052121366,125009.0,0.020393334086544347,high_c,0.07902416958535934,1.1022400591883639,1.690511766030693
GO:0065008,regulation of biological quality,biological_process,245,6011,0.790737261510204,0.7630574372600233,0.086686204138263,767564.5,0.021361302079454584,high_c,0.08259069133615402,1.083068898553187,1.670372278390337
GO:0006766,vitamin metabolic process,biological_process,44,6011,0.8322640738636365,0.7630574372600233,0.20046620046620056,157590.0,0.021761690780751717,high_c,0.08339579513330017,1.0788558462020923,1.6623073650297335
GO:0000026,"alpha-1,2-mannosyltransferase activity",molecular_function,15,6011,0.8654121926666668,0.7630574372600233,0.34258394485212373,60376.0,0.021733789369442844,high_c,0.08339579513330017,1.0788558462020923,1.6628645461708083
GO:0005984,disaccharide metabolic process,biological_process,21,6011,0.8401196076190477,0.7630574372600233,0.28989585817632557,81128.0,0.021635880286982368,high_c,0.08339579513330017,1.0788558462020923,1.6648254302086571
GO:0008186,"ATP-dependent activity, acting on RNA",molecular_function,45,6011,0.8176784948888888,0.7630574372600233,0.19837225760792632,160863.5,0.021675905481236456,high_c,0.08339579513330017,1.0788558462020923,1.664022751416195
GO:0010563,negative regulation of phosphorus metabolic process,biological_process,25,6011,0.8447331376,0.7630574372600233,0.26521884396926154,94670.0,0.021915291106485716,high_c,0.08379943912083525,1.0767588881422945,1.6592527561256636
GO:0061695,"transferase complex, transferring phosphorus-containing groups",cellular_component,132,6011,0.8059891212121213,0.7630574372600233,0.11640817083919663,433182.0,0.021980685521293463,high_c,0.08386476937355043,1.0764204429852005,1.6579587671685612
GO:0005216,monoatomic ion channel activity,molecular_function,25,6011,0.8417109363999999,0.7630574372600233,0.2644437019712662,94612.0,0.022304945879027163,high_c,0.08472950994746423,1.0719653054275038,1.6515988261981267
GO:0006366,transcription by RNA polymerase II,biological_process,63,6011,0.8177743493650794,0.7630574372600233,0.16716836925310363,218683.0,0.022261082330451782,high_c,0.08472950994746423,1.0719653054275038,1.6524537241560393
GO:0003006,developmental process involved in reproduction,biological_process,141,6011,0.7471845431205674,0.7630574372600233,-0.1121727258448415,367414.0,0.022630271381017232,low_c,0.0857776225271745,1.0666259951409878,1.6453102379775917
GO:0006650,glycerophospholipid metabolic process,biological_process,109,6011,0.8111489741284401,0.7630574372600233,0.12715328966389872,362559.0,0.022716402286234342,high_c,0.08591650189303446,1.065923413668254,1.643660448971466
GO:0160215,deacylase activity,molecular_function,35,6011,0.8294938854285714,0.7630574372600233,0.2224899598393575,127848.0,0.023028669342073118,high_c,0.08690819560399768,1.060939266845209,1.6377311560041081
GO:0007131,reciprocal meiotic recombination,biological_process,52,6011,0.7226027473076923,0.7630574372600233,-0.18146436547174927,126819.0,0.02404330122928723,low_c,0.09034452583126111,1.0440981571406893,1.619005902425037
GO:0140527,reciprocal homologous recombination,biological_process,52,6011,0.7226027473076923,0.7630574372600233,-0.18146436547174927,126819.0,0.02404330122928723,low_c,0.09034452583126111,1.0440981571406893,1.619005902425037
GO:0008233,peptidase activity,molecular_function,111,6011,0.7998333784684684,0.7630574372600233,0.12470453504351808,368284.5,0.024176043272390212,high_c,0.09064710825241773,1.0426460458437035,1.6166147756662232
GO:0009311,oligosaccharide metabolic process,biological_process,24,6011,0.8381102383333333,0.7630574372600233,0.2659790657535772,90953.0,0.02431273835063107,high_c,0.09076755650902266,1.042069355740359,1.6141661236908782
GO:0006568,L-tryptophan metabolic process,biological_process,15,6011,0.8490543059999999,0.7630574372600233,0.33620191238603514,60089.0,0.024307524706164558,high_c,0.09076755650902266,1.042069355740359,1.6142592641590177
GO:2000142,regulation of DNA-templated transcription initiation,biological_process,46,6011,0.828197443478261,0.7630574372600233,0.19181457050184036,163511.0,0.02480389823746477,high_c,0.09240250502197177,1.0343162549436098,1.6054800590940828
GO:0048585,negative regulation of response to stimulus,biological_process,61,6011,0.8135541193442622,0.7630574372600233,0.16668411626945856,211724.0,0.024886056560576048,high_c,0.09251005179691653,1.033811075879786,1.604043916154147
GO:0061919,process utilizing autophagic mechanism,biological_process,195,6011,0.7943440413333334,0.7630574372600233,0.09410468028074637,620423.0,0.02517816087605763,high_c,0.0933959129932394,1.0296721280881005,1.5989759958544494
GO:0006279,premeiotic DNA replication,biological_process,15,6011,0.695488932,0.7630574372600233,-0.3329997776295308,29995.0,0.02569560887742932,low_c,0.09511210450152942,1.021764208786101,1.590141086911491
GO:0043408,regulation of MAPK cascade,biological_process,21,6011,0.8492390633333334,0.7630574372600233,0.2806264408935528,80545.0,0.02619819347483561,high_c,0.09656064516414993,1.0151998411885221,1.581728654900099
GO:0051031,tRNA transport,biological_process,25,6011,0.8236043396000001,0.7630574372600233,0.2573204143000334,94079.0,0.026176816541065365,high_c,0.09656064516414993,1.0151998411885221,1.5820831707231657
GO:0015035,protein-disulfide reductase activity,molecular_function,18,6011,0.8457844288888889,0.7630574372600233,0.3028718690323897,70273.0,0.02627945981275694,high_c,0.09665496236217383,1.0147758439511532,1.5803835661575385
GO:0048646,anatomical structure formation involved in morphogenesis,biological_process,129,6011,0.7483663429457365,0.7630574372600233,-0.1139015627759371,336176.0,0.026669350158818734,low_c,0.09767508834537832,1.010216187291374,1.573987566457762
GO:0035825,homologous recombination,biological_process,62,6011,0.7265952541935483,0.7630574372600233,-0.16338338240636807,154288.0,0.026656610713229955,low_c,0.09767508834537832,1.010216187291374,1.5741950703052874
GO:0051204,protein insertion into mitochondrial membrane,biological_process,36,6011,0.8329393958333333,0.7630574372600233,0.21325894932589495,130486.0,0.027148671411219877,high_c,0.09911840819346748,1.0038456811915613,1.5662514188520824
GO:0006555,L-methionine metabolic process,biological_process,15,6011,0.8509001593333333,0.7630574372600233,0.329742050255726,59798.5,0.027177628053047534,high_c,0.09911840819346748,1.0038456811915613,1.5657884493115413
GO:0033260,nuclear DNA replication,biological_process,17,6011,0.7033560152941176,0.7630574372600233,-0.30940744666234865,35185.0,0.027367838454133972,low_c,0.0991930875617661,1.0035185913375548,1.5627595023528555
GO:1990145,maintenance of translational fidelity,biological_process,16,6011,0.8470247043750001,0.7630574372600233,0.3188907422852376,63254.0,0.027374067028357693,high_c,0.0991930875617661,1.0035185913375548,1.56266067366199
GO:0044786,cell cycle DNA replication,biological_process,17,6011,0.7033560152941176,0.7630574372600233,-0.30940744666234865,35185.0,0.027367838454133972,low_c,0.0991930875617661,1.0035185913375548,1.5627595023528555
GO:0016628,"oxidoreductase activity, acting on the CH-CH group of donors, NAD or NADP as acceptor",molecular_function,17,6011,0.8587070835294117,0.7630574372600233,0.3092896818387014,66707.0,0.02742666015532703,high_c,0.0991930875617661,1.0035185913375548,1.5618270748024405
GO:0098739,import across plasma membrane,biological_process,23,6011,0.8418227134782608,0.7630574372600233,0.2658214980686009,87167.0,0.0275519766104528,high_c,0.09943915051090657,1.0024425944428552,1.5598472389094966
GO:1902554,serine/threonine protein kinase complex,cellular_component,55,6011,0.8171038010909092,0.7630574372600233,0.1722449477990109,192002.0,0.027654095786370646,high_c,0.09960064374510257,1.001737854608005,1.5582405372096284
GO:0006278,RNA-templated DNA biosynthetic process,biological_process,18,6011,0.6763846566666667,0.7630574372600233,-0.29951610211913904,37782.0,0.02798931131331029,low_c,0.10059926385073843,0.9974051972794145,1.5530077873683754
GO:0031167,rRNA methylation,biological_process,17,6011,0.821284564117647,0.7630574372600233,0.307621346837033,66622.0,0.02827175739807989,high_c,0.1014044852129477,0.9939428353364703,1.548647194532531
GO:0070822,Sin3-type complex,cellular_component,21,6011,0.8493710195238096,0.7630574372600233,0.27644486843151284,80282.0,0.028514682358085356,high_c,0.10206492489409522,0.9911234796768612,1.5449314619150707
GO:0000910,cytokinesis,biological_process,20,6011,0.844294737,0.7630574372600233,0.2828910031714238,76858.0,0.0287155719105285,high_c,0.10257249554871907,0.9889690781402346,1.5418825297184142
GO:0031126,sno(s)RNA 3'-end processing,biological_process,28,6011,0.8381320174999999,0.7630574372600233,0.23835390749982088,103727.0,0.029315335585470927,high_c,0.10437514718823634,0.981402899072473,1.5329051298918042
GO:0070210,Rpd3L-Expanded complex,cellular_component,26,6011,0.8398249284615383,0.7630574372600233,0.2472720262193946,97044.0,0.029340479163513445,high_c,0.10437514718823634,0.981402899072473,1.5325327979102354
GO:0110156,mRNA methylguanosine-cap decapping,biological_process,21,6011,0.8479724261904762,0.7630574372600233,0.2748708164400986,80183.0,0.029431285109928977,high_c,0.10448407147410368,0.9809499124062473,1.5311907741231001
GO:1901136,carbohydrate derivative catabolic process,biological_process,50,6011,0.807595048,0.7630574372600233,0.17807079349102506,175562.0,0.029885702603699466,high_c,0.10588077493882096,0.9751828887682891,1.5245365295802484
GO:0031334,positive regulation of protein-containing complex assembly,biological_process,37,6011,0.817094697027027,0.7630574372600233,0.20648938191623167,133340.0,0.030115581572410833,high_c,0.10647790144542812,0.9727405168839796,1.5212087456014842
GO:0006369,termination of RNA polymerase II transcription,biological_process,34,6011,0.8396706697058823,0.7630574372600233,0.215010481354998,123456.0,0.030378516569297857,high_c,0.10712260583132559,0.9701188713545175,1.5174334372374767
GO:0008175,tRNA methyltransferase activity,molecular_function,19,6011,0.8446571700000001,0.7630574372600233,0.2871899374604736,73272.0,0.030421339098412162,high_c,0.10712260583132559,0.9701188713545175,1.5168216729177606
GO:0060341,regulation of cellular localization,biological_process,37,6011,0.8210692727027027,0.7630574372600233,0.20530858947330333,133209.5,0.031070717663191503,high_c,0.10766220731197694,0.9679367204372508,1.507648715410478
GO:0015931,nucleobase-containing compound transport,biological_process,135,6011,0.7931676574814814,0.7630574372600233,0.10843103143988109,439637.0,0.03098349004440398,high_c,0.10766220731197694,0.9679367204372508,1.5088696639926664
GO:0009110,vitamin biosynthetic process,biological_process,43,6011,0.8303891523255813,0.7630574372600233,0.1907849616559636,152792.0,0.030856954303381732,high_c,0.10766220731197694,0.9679367204372508,1.5106469426446099
GO:0002183,cytoplasmic translational initiation,biological_process,16,6011,0.8515389325,0.7630574372600233,0.31194745621351117,62921.0,0.030919634500880377,high_c,0.10766220731197694,0.9679367204372508,1.5097656484920368
GO:0009628,response to abiotic stimulus,biological_process,190,6011,0.7978531247368422,0.7630574372600233,0.09193663595511703,603835.5,0.03078910236306133,high_c,0.10766220731197694,0.9679367204372508,1.5116029724950453
GO:0000082,G1/S transition of mitotic cell cycle,biological_process,60,6011,0.815531443,0.7630574372600233,0.16183834649638706,207423.0,0.030756537016127346,high_c,0.10766220731197694,0.9679367204372508,1.5120625648215607
GO:0008094,"ATP-dependent activity, acting on DNA",molecular_function,85,6011,0.7381672138823528,0.7630574372600233,-0.13604454944313193,217591.5,0.0310187883269342,low_c,0.10766220731197694,0.9679367204372508,1.5083751708423372
GO:0042364,water-soluble vitamin biosynthetic process,biological_process,43,6011,0.8303891523255813,0.7630574372600233,0.1907849616559636,152792.0,0.030856954303381732,high_c,0.10766220731197694,0.9679367204372508,1.5106469426446099
GO:0044839,cell cycle G2/M phase transition,biological_process,42,6011,0.8261325502380954,0.7630574372600233,0.19240680021380308,149467.0,0.03139902371717794,high_c,0.1082263778462337,0.9656668764114831,1.503083855138056
GO:0000086,G2/M transition of mitotic cell cycle,biological_process,42,6011,0.8261325502380954,0.7630574372600233,0.19240680021380308,149467.0,0.03139902371717794,high_c,0.1082263778462337,0.9656668764114831,1.503083855138056
GO:0051174,regulation of phosphorus metabolic process,biological_process,70,6011,0.817427692142857,0.7630574372600233,0.1493687931324692,238994.0,0.03142056131019688,high_c,0.1082263778462337,0.9656668764114831,1.502786060806431
GO:0006873,intracellular monoatomic ion homeostasis,biological_process,167,6011,0.7881536102994012,0.7630574372600233,0.0972941181292446,535451.0,0.03178759545975588,high_c,0.1084150603499729,0.9649103841022814,1.4977423226059956
GO:0000217,DNA secondary structure binding,molecular_function,27,6011,0.7128365733333334,0.7630574372600233,-0.2392676767676768,61455.0,0.03168730538204693,low_c,0.1084150603499729,0.9649103841022814,1.4991146906760453
GO:0030001,metal ion transport,biological_process,100,6011,0.7992653785,0.7630574372600233,0.1251649467095246,332542.5,0.031586548512773774,high_c,0.1084150603499729,0.9649103841022814,1.5004978272050158
GO:0019725,cellular homeostasis,biological_process,228,6011,0.7865966809649123,0.7630574372600233,0.08375274170208513,714477.0,0.03169176383121329,high_c,0.1084150603499729,0.9649103841022814,1.499053589120026
GO:0046915,transition metal ion transmembrane transporter activity,molecular_function,31,6011,0.832821105483871,0.7630574372600233,0.22328190743338006,113386.0,0.031756466631780916,high_c,0.1084150603499729,0.9649103841022814,1.498167825126738
GO:0008033,tRNA processing,biological_process,127,6011,0.7994453466141733,0.7630574372600233,0.11111140849066192,415149.0,0.03190727418195945,high_c,0.10860985878408157,0.9641307509792839,1.4961102957218206
GO:0040029,epigenetic regulation of gene expression,biological_process,144,6011,0.7984001838888889,0.7630574372600233,0.10441523208908587,466531.5,0.03204294077182542,high_c,0.10885820974537952,0.9631388122575645,1.4942676329633249
GO:0060260,regulation of transcription initiation by RNA polymerase II,biological_process,45,6011,0.8266305577777779,0.7630574372600233,0.18484001936901695,159047.0,0.03240556513515691,high_c,0.1098751192863914,0.959100640424261,1.4893804002889035
GO:0070193,synaptonemal complex organization,biological_process,19,6011,0.7027435384210525,0.7630574372600233,-0.2828683859180662,40822.0,0.0330078271201093,low_c,0.11110488696469324,0.9542668381327398,1.4813830640006855
GO:0030488,tRNA methylation,biological_process,22,6011,0.8378715859090909,0.7630574372600233,0.26276962309688967,83190.0,0.03312197617864718,high_c,0.11110488696469324,0.9542668381327398,1.4798837595116068
GO:0000472,"endonucleolytic cleavage to generate mature 5'-end of SSU-rRNA from (SSU-rRNA, 5.8S rRNA, LSU-rRNA)",biological_process,34,6011,0.8246349029411765,0.7630574372600233,0.21154622129929446,123104.0,0.033152264658819756,high_c,0.11110488696469324,0.9542668381327398,1.4794867992279799
GO:1901681,sulfur compound binding,molecular_function,19,6011,0.8494129257894736,0.7630574372600233,0.28302649146230063,73035.0,0.03290998314545129,high_c,0.11110488696469324,0.9542668381327398,1.4826723401255406
GO:0006400,tRNA modification,biological_process,81,6011,0.8049557975308641,0.7630574372600233,0.1376928361751295,273234.0,0.03303164144210114,high_c,0.11110488696469324,0.9542668381327398,1.481069844366888
GO:0006367,transcription initiation at RNA polymerase II promoter,biological_process,40,6011,0.828089312,0.7630574372600233,0.19513481828839385,142723.0,0.033151161832114716,high_c,0.11110488696469324,0.9542668381327398,1.4795012464919568
GO:0007264,small GTPase-mediated signal transduction,biological_process,48,6011,0.8156769322916667,0.7630574372600233,0.1779131030242047,168573.5,0.03348683144305172,high_c,0.11179449881757267,0.9515795666817367,1.4751259438874107
GO:0036211,protein modification process,biological_process,273,6011,0.7924027456776557,0.7630574372600233,0.07606637582238829,842815.0,0.03344681469207916,high_c,0.11179449881757267,0.9515795666817367,1.4756452359686043
GO:0061024,membrane organization,biological_process,204,6011,0.7979773543137254,0.7630574372600233,0.087413095081325,644090.0,0.03356395529468085,high_c,0.11183690286289051,0.9514148684955764,1.4741268660365252
GO:0044273,sulfur compound catabolic process,biological_process,17,6011,0.8535704976470587,0.7630574372600233,0.2973954346503367,66101.0,0.03395746036195371,high_c,0.11293132411561618,0.9471855797427802,1.4690647975809912
GO:0043144,sno(s)RNA processing,biological_process,43,6011,0.8241815806976743,0.7630574372600233,0.1871492923498972,152325.5,0.03419449705449618,high_c,0.11347905263343053,0.9450842985176277,1.4660437796503063
GO:0045936,negative regulation of phosphate metabolic process,biological_process,24,6011,0.8418141183333333,0.7630574372600233,0.25002783809364737,89807.0,0.03425289376723364,high_c,0.11347905263343053,0.9450842985176277,1.4653027323743741
GO:0045229,external encapsulating structure organization,biological_process,187,6011,0.7930578713368985,0.7630574372600233,0.09072177822177818,593946.0,0.034438492255606586,high_c,0.11366011892724912,0.9443918938709029,1.462955870557637
GO:0071555,cell wall organization,biological_process,187,6011,0.7930578713368985,0.7630574372600233,0.09072177822177818,593946.0,0.034438492255606586,high_c,0.11366011892724912,0.9443918938709029,1.462955870557637
GO:0009408,response to heat,biological_process,79,6011,0.8053248522784809,0.7630574372600233,0.13816289252882874,266687.5,0.034621397578382805,high_c,0.11404695672879042,0.9429162991074304,1.4606554047353568
GO:0017148,negative regulation of translation,biological_process,39,6011,0.8077499656410256,0.7630574372600233,0.1957940474350388,139255.0,0.034795265822373064,high_c,0.11440261641598416,0.9415640430077629,1.4584798413144238
GO:0065004,protein-DNA complex assembly,biological_process,120,6011,0.8017674335,0.7630574372600233,0.1120947207604821,393081.0,0.03526437382696056,high_c,0.1157258090049216,0.9365697745101964,1.4526638233154838
GO:0006878,intracellular copper ion homeostasis,biological_process,18,6011,0.8424334877777777,0.7630574372600233,0.2868531805625081,69409.0,0.03533222094346399,high_c,0.11572968973179903,0.9365552112072894,1.4518290624469734
GO:0030003,intracellular monoatomic cation homeostasis,biological_process,155,6011,0.7889958929677419,0.7630574372600233,0.0986845584346907,498627.0,0.03571073085591749,high_c,0.1166916057804613,0.9329603838376147,1.447201261444183
GO:0045017,glycerolipid biosynthetic process,biological_process,85,6011,0.8087347202352939,0.7630574372600233,0.13243731512179635,285210.0,0.035760330803689754,high_c,0.1166916057804613,0.9329603838376147,1.4465984723830396
GO:0045132,meiotic chromosome segregation,biological_process,24,6011,0.8354015441666668,0.7630574372600233,0.24697956683926292,89588.0,0.036503837014647086,high_c,0.11889429841918826,0.924838971491115,1.4376614833050159
GO:0000794,condensed nuclear chromosome,cellular_component,29,6011,0.7171778568965518,0.7630574372600233,-0.22421286849052902,67291.0,0.03697496415042266,low_c,0.11993704957249751,0.9210466389244858,1.4320922384069634
GO:0099081,supramolecular polymer,cellular_component,62,6011,0.8122091938709677,0.7630574372600233,0.15372060362543993,212768.0,0.03703125493713057,high_c,0.11993704957249751,0.9210466389244858,1.431431570072189
GO:0099512,supramolecular fiber,cellular_component,62,6011,0.8122091938709677,0.7630574372600233,0.15372060362543993,212768.0,0.03703125493713057,high_c,0.11993704957249751,0.9210466389244858,1.431431570072189
GO:0016835,carbon-oxygen lyase activity,molecular_function,45,6011,0.8055683946666667,0.7630574372600233,0.18002756360114724,158401.0,0.037190150254003344,high_c,0.12022737586769053,0.919996631879171,1.4295720670200884
GO:0140677,molecular function activator activity,molecular_function,172,6011,0.8020788090697675,0.7630574372600233,0.09278129816749447,548744.5,0.037799842219920964,high_c,0.12182232164100906,0.9142731281454539,1.4225100129448036
GO:0000722,telomere maintenance via recombination,biological_process,39,6011,0.727698184102564,0.7630574372600233,-0.1926425884898758,94020.0,0.03782386599337781,low_c,0.12182232164100906,0.9142731281454539,1.4222340837991883
GO:0046474,glycerophospholipid biosynthetic process,biological_process,82,6011,0.809032705121951,0.7630574372600233,0.13299244309697267,275418.0,0.038319173793334056,high_c,0.12318904760227394,0.9094279023772455,1.41658386339475
GO:0032386,regulation of intracellular transport,biological_process,33,6011,0.8235937772727273,0.7630574372600233,0.20856777882539013,119209.5,0.038518269979638524,high_c,0.1236002156832763,0.9079807713995087,1.4143332271334124
GO:0006401,RNA catabolic process,biological_process,155,6011,0.7967112852903225,0.7630574372600233,0.09708157059756739,497899.5,0.0388199130831826,high_c,0.1238811932213327,0.9069946201787898,1.4109454413210831
GO:0050801,monoatomic ion homeostasis,biological_process,172,6011,0.7873235081976745,0.7630574372600233,0.09229439574313858,548500.0,0.03881728213723818,high_c,0.1238811932213327,0.9069946201787898,1.4109748758029197
GO:0016860,intramolecular oxidoreductase activity,molecular_function,19,6011,0.8388213010526315,0.7630574372600233,0.274313119246715,72539.0,0.038686616945913015,high_c,0.1238811932213327,0.9069946201787898,1.4124392466540707
GO:0015079,potassium ion transmembrane transporter activity,molecular_function,15,6011,0.6504856493333333,0.7630574372600233,-0.3054258394485212,31235.0,0.04075084598297214,low_c,0.1298045295897975,0.8867101523620657,1.3898633709258965
GO:0007130,synaptonemal complex assembly,biological_process,17,6011,0.6987594370588235,0.7630574372600233,-0.2864236785805413,36356.0,0.04111783285175448,low_c,0.13073362240045014,0.8836127051116484,1.3859697832473843
GO:0006353,DNA-templated transcription termination,biological_process,68,6011,0.8098599839705882,0.7630574372600233,0.1435994892656709,231078.0,0.04143285721614935,high_c,0.13135619725672826,0.8815494328062748,1.3826551166553418
GO:0065002,intracellular protein transmembrane transport,biological_process,41,6011,0.8072742856097563,0.7630574372600233,0.18441802508477356,144955.0,0.04154064072231787,high_c,0.13135619725672826,0.8815494328062748,1.381526809196656
GO:1902562,H4 histone acetyltransferase complex,cellular_component,18,6011,0.8418038772222223,0.7630574372600233,0.27787974859558373,68925.0,0.041480625223108906,high_c,0.13135619725672826,0.8815494328062748,1.382154706263233
GO:0000993,RNA polymerase II complex binding,molecular_function,32,6011,0.8269955712499999,0.7630574372600233,0.20829152032112397,115590.0,0.04183357858668375,high_c,0.1320419862299691,0.8792879514560287,1.378474982802258
GO:0009072,aromatic amino acid metabolic process,biological_process,34,6011,0.8027147164705882,0.7630574372600233,0.2019309313151394,122127.0,0.042011336365222925,high_c,0.13236239551729037,0.8782353815051874,1.3766335034938755
GO:0016836,hydro-lyase activity,molecular_function,37,6011,0.8120229432432432,0.7630574372600233,0.19320659796053175,131872.0,0.04245146237326067,high_c,0.1329283735299882,0.876382309107693,1.3721073445319614
GO:0000315,organellar large ribosomal subunit,cellular_component,45,6011,0.8238183873333331,0.7630574372600233,0.17525980556486753,157761.0,0.04251062143909757,high_c,0.1329283735299882,0.876382309107693,1.3715025462773318
GO:0055080,monoatomic cation homeostasis,biological_process,159,6011,0.7880263534591195,0.7630574372600233,0.09419345963536618,509056.0,0.042393791377824154,high_c,0.1329283735299882,0.876382309107693,1.3726977417040813
GO:0033157,regulation of intracellular protein transport,biological_process,17,6011,0.840480281764706,0.7630574372600233,0.2843235392254999,65435.0,0.04262516873192296,high_c,0.1329283735299882,0.876382309107693,1.370333888839375
GO:0005762,mitochondrial large ribosomal subunit,cellular_component,45,6011,0.8238183873333331,0.7630574372600233,0.17525980556486753,157761.0,0.04251062143909757,high_c,0.1329283735299882,0.876382309107693,1.3715025462773318
GO:0008173,RNA methyltransferase activity,molecular_function,36,6011,0.8042090308333333,0.7630574372600233,0.19566713156671312,128594.0,0.04265040556232917,high_c,0.1329283735299882,0.876382309107693,1.3700768347744372
GO:0015036,disulfide oxidoreductase activity,molecular_function,30,6011,0.8199745299999999,0.7630574372600233,0.2140110349439892,108915.0,0.04286808251160585,high_c,0.1333673678138849,0.8749504201347109,1.3678659420376054
GO:0034243,regulation of transcription elongation by RNA polymerase II,biological_process,71,6011,0.8101960977464788,0.7630574372600233,0.13937022810262256,240259.0,0.04319799539546551,high_c,0.1339137857259431,0.8731747123343166,1.3645364061685894
GO:0042393,histone binding,molecular_function,41,6011,0.8260315656097562,0.7630574372600233,0.18299628222412867,144781.0,0.043137088301137196,high_c,0.1339137857259431,0.8731747123343166,1.3651491725720313
GO:0003779,actin binding,molecular_function,51,6011,0.8179242592156862,0.7630574372600233,0.16402158178707715,176908.0,0.043383255021328344,high_c,0.13424836134942247,0.8720910066432809,1.3626778662275927
GO:0045047,protein targeting to ER,biological_process,24,6011,0.8205136079166665,0.7630574372600233,0.23818272924670114,88956.0,0.04371826225253656,high_c,0.13504431186904534,0.8695237037824232,1.3593371090538353
GO:0000329,fungal-type vacuole membrane,cellular_component,218,6011,0.7940695834862385,0.7630574372600233,0.08019802450600766,682077.0,0.04409183190786404,high_c,0.13571528402846095,0.8673712400673037,1.3556418569244344
GO:0098852,lytic vacuole membrane,cellular_component,218,6011,0.7940695834862385,0.7630574372600233,0.08019802450600766,682077.0,0.04409183190786404,high_c,0.13571528402846095,0.8673712400673037,1.3556418569244344
GO:0031011,Ino80 complex,cellular_component,16,6011,0.84408946625,0.7630574372600233,0.2908256880733946,61908.0,0.04422240532627782,high_c,0.13587627548038633,0.8668563661329267,1.3543576391539613
GO:0030515,snoRNA binding,molecular_function,27,6011,0.8127751585185184,0.7630574372600233,0.2234848484848484,98838.0,0.04479026990441151,high_c,0.13721040873726928,0.8626129419405274,1.3488163205058952
GO:0016779,nucleotidyltransferase activity,molecular_function,80,6011,0.8060112973750002,0.7630574372600233,0.13039538020569896,268175.0,0.04481468995047908,high_c,0.13721040873726928,0.8626129419405274,1.348579603888094
GO:0032126,eisosome,cellular_component,20,6011,0.832748445,0.7630574372600233,0.2593223168085461,75446.0,0.04494955568631126,high_c,0.13738103639337385,0.8620732116586273,1.3472745967880815
GO:0015630,microtubule cytoskeleton,cellular_component,16,6011,0.85165093875,0.7630574372600233,0.28928273561301077,61834.0,0.045359873621130344,high_c,0.13839145976499523,0.8588907096724414,1.3433281641178434
GO:0000785,chromatin,cellular_component,176,6011,0.789756203409091,0.7630574372600233,0.08836955675001956,558856.0,0.04545264021340837,high_c,0.13843119896574899,0.8587660196214153,1.342440884789397
GO:0007010,cytoskeleton organization,biological_process,193,6011,0.7985896734715026,0.7630574372600233,0.08442176058934492,608834.5,0.045681259214074885,high_c,0.13888382836363222,0.8573483205785533,1.3402619331731782
GO:0006446,regulation of translational initiation,biological_process,35,6011,0.8172057142857143,0.7630574372600233,0.19500860585197932,124974.0,0.046348790227106106,high_c,0.1392582531047068,0.856179057040266,1.3339615971084582
GO:0005261,monoatomic cation channel activity,molecular_function,21,6011,0.8389826404761906,0.7630574372600233,0.25156212735511563,78717.0,0.0462622333048828,high_c,0.1392582531047068,0.856179057040266,1.3347734055348022
GO:0016651,"oxidoreductase activity, acting on NAD(P)H",molecular_function,31,6011,0.8190236587096774,0.7630574372600233,0.20733088790592302,111907.5,0.04614696968405502,high_c,0.1392582531047068,0.856179057040266,1.3358568123564365
GO:0070273,phosphatidylinositol-4-phosphate binding,molecular_function,20,6011,0.8407474269999999,0.7630574372600233,0.25753630445668496,75339.0,0.04644615699747997,high_c,0.1392582531047068,0.856179057040266,1.333050214153303
GO:0007163,establishment or maintenance of cell polarity,biological_process,102,6011,0.8033921483333333,0.7630574372600233,0.11502062324337414,336021.5,0.04607556604936336,high_c,0.1392582531047068,0.856179057040266,1.3365293206643973
GO:0042430,indole-containing compound metabolic process,biological_process,16,6011,0.839257380625,0.7630574372600233,0.28790658882402,61768.0,0.046395082388105816,high_c,0.1392582531047068,0.856179057040266,1.333528049722949
GO:0000395,mRNA 5'-splice site recognition,biological_process,19,6011,0.8345631284210525,0.7630574372600233,0.2642646335464831,71967.0,0.04639666793857739,high_c,0.1392582531047068,0.856179057040266,1.333513207976388
GO:0031505,fungal-type cell wall organization,biological_process,181,6011,0.7936080861325967,0.7630574372600233,0.08694597386351788,573489.0,0.046029579772205446,high_c,0.1392582531047068,0.856179057040266,1.3369629899864384
GO:0016757,glycosyltransferase activity,molecular_function,100,6011,0.7990962884000001,0.7630574372600233,0.11571646083572995,329750.0,0.046885623590457975,high_c,0.14032491981952644,0.8528651972604167,1.3289603033928927
GO:0008237,metallopeptidase activity,molecular_function,40,6011,0.81446430425,0.7630574372600233,0.18191257745771217,141144.0,0.04704441436345875,high_c,0.14032491981952644,0.8528651972604167,1.3274919334510014
GO:0110154,RNA decapping,biological_process,25,6011,0.8382652075999999,0.7630574372600233,0.2298696959572335,92025.0,0.046993041356270054,high_c,0.14032491981952644,0.8528651972604167,1.3279664468369627
GO:0016074,sno(s)RNA metabolic process,biological_process,54,6011,0.8132137435185184,0.7630574372600233,0.1564825695260479,186007.5,0.04742026215864849,high_c,0.14120338783432895,0.8501548833118059,1.324036049393265
GO:0009073,aromatic amino acid family biosynthetic process,biological_process,22,6011,0.8031176568181819,0.7630574372600233,0.2439016985685878,81947.0,0.04797256642825455,high_c,0.1426033823963183,0.8458701733717023,1.319007047099776
GO:0040007,growth,biological_process,99,6011,0.8053884754545455,0.7630574372600233,0.11561316821803969,326477.5,0.048180601194707975,high_c,0.14297696354532144,0.8447339304445707,1.3171277852028633
GO:0031984,organelle subcompartment,cellular_component,109,6011,0.8064486390825689,0.7630574372600233,0.11007619870732666,357066.0,0.04858660913020813,high_c,0.14344617933680498,0.8433110146193776,1.3134834093837124
GO:0120544,polypeptide conformation or assembly isomerase activity,molecular_function,24,6011,0.8359849566666666,0.7630574372600233,0.23292132954735267,88578.0,0.04858329707221979,high_c,0.14344617933680498,0.8433110146193776,1.3135130154328454
GO:0004520,DNA endonuclease activity,molecular_function,27,6011,0.7151549322222223,0.7630574372600233,-0.2197217270746683,63034.0,0.04851497398526745,low_c,0.14344617933680498,0.8433110146193776,1.314124197160882
GO:0000271,polysaccharide biosynthetic process,biological_process,35,6011,0.8176304357142857,0.7630574372600233,0.192407726142666,124702.0,0.049341155937154935,high_c,0.1450677470062003,0.8384291337665496,1.306790680317558
GO:0006720,isoprenoid metabolic process,biological_process,18,6011,0.8385081483333333,0.7630574372600233,0.2678680683019077,68385.0,0.04938654290360851,high_c,0.1450677470062003,0.8384291337665496,1.3063913737257673
GO:0005774,vacuolar membrane,cellular_component,285,6011,0.7926345824210527,0.7630574372600233,0.06889595627209832,872171.0,0.049295682579926926,high_c,0.1450677470062003,0.8384291337665496,1.3071911154858737
GO:0005685,U1 snRNP,cellular_component,18,6011,0.8413968277777778,0.7630574372600233,0.2674601850306839,68363.0,0.049733762253574995,high_c,0.14584089741926723,0.8361206719515676,1.303348686069121
GO:0055070,copper ion homeostasis,biological_process,20,6011,0.828893058,0.7630574372600233,0.25317976965448175,75078.0,0.050273512623737575,high_c,0.14680526057504825,0.8332583817647637,1.2986607694404948
GO:0072527,pyrimidine-containing compound metabolic process,biological_process,41,6011,0.8047124775609754,0.7630574372600233,0.17721943048576216,144074.0,0.050167150423305565,high_c,0.14680526057504825,0.8332583817647637,1.299580566912872
GO:0141188,nucleic acid catabolic process,biological_process,159,6011,0.7949382501886793,0.7630574372600233,0.09083493467803305,507493.5,0.05031631914870605,high_c,0.14680526057504825,0.8332583817647637,1.2982911368766874
GO:0045039,protein insertion into mitochondrial inner membrane,biological_process,23,6011,0.8420308060869565,0.7630574372600233,0.23561615985594386,85087.0,0.05079540598431941,high_c,0.1479544040080176,0.8298721031095376,1.2941755642097743
GO:0033043,regulation of organelle organization,biological_process,277,6011,0.7877388188086643,0.7630574372600233,0.06934379639341737,849229.0,0.05091487327940255,high_c,0.1480539698710935,0.8295799430872796,1.2931553327983836
GO:0032506,cytokinetic process,biological_process,32,6011,0.827095379375,0.7630574372600233,0.19954214751630706,114753.0,0.051214091205684376,high_c,0.14867502062385965,0.8277619925843411,1.2906105294364034
GO:0042138,meiotic DNA double-strand break formation,biological_process,18,6011,0.6877297272222223,0.7630574372600233,-0.2647162430242691,39659.0,0.05212319517526004,low_c,0.15106154728589555,0.8208460712455976,1.2829689696967594
GO:1902115,regulation of organelle assembly,biological_process,34,6011,0.8208387852941176,0.7630574372600233,0.19194165871133473,121112.0,0.053258964491714904,high_c,0.15398650488745372,0.812517338317573,1.2736072817556212
GO:0035966,response to topologically incorrect protein,biological_process,21,6011,0.8242502804761904,0.7630574372600233,0.2439144606089514,78236.0,0.05330984414594452,high_c,0.15398650488745372,0.812517338317573,1.2731925871553065
GO:0048308,organelle inheritance,biological_process,59,6011,0.8016207113559323,0.7630574372600233,0.1456738655002734,201162.0,0.05381386876619436,high_c,0.1551841796978628,0.8091525551147162,1.2691057846973648
GO:0044089,positive regulation of cellular component biogenesis,biological_process,70,6011,0.8053099717142858,0.7630574372600233,0.13364272488998963,235724.0,0.05420900310233961,high_c,0.15606439367439728,0.8066961705738493,1.265928579274171
GO:0055029,nuclear DNA-directed RNA polymerase complex,cellular_component,16,6011,0.84867999125,0.7630574372600233,0.27808590492076735,61297.0,0.054374935628798624,high_c,0.15628292756886492,0.806088461952661,1.2646012441720023
GO:0005657,replication fork,cellular_component,43,6011,0.7375501525581395,0.7630574372600233,-0.1695554585697363,106556.0,0.05502539100630357,low_c,0.15789103931726114,0.8016425165116136,1.2594368626996177
GO:0009266,response to temperature stimulus,biological_process,81,6011,0.8014688812345678,0.7630574372600233,0.12340890637686597,269803.5,0.05606143537165748,high_c,0.16033385799867775,0.7949747571885056,1.2513357869537212
GO:0098771,inorganic ion homeostasis,biological_process,121,6011,0.7896613144628098,0.7630574372600233,0.10131473712273209,392448.0,0.05605696180553531,high_c,0.16033385799867775,0.7949747571885056,1.2513704439793518
GO:0000747,conjugation with cellular fusion,biological_process,26,6011,0.8276667176923078,0.7630574372600233,0.21650279545016393,94650.0,0.056424076855699494,high_c,0.16057737282212184,0.7943156517772574,1.2485355376069633
GO:0007005,mitochondrion organization,biological_process,112,6011,0.8017559432142857,0.7630574372600233,0.10511769549318295,365069.0,0.05631143730933346,high_c,0.16057737282212184,0.7943156517772574,1.2494033874601649
GO:0016071,mRNA metabolic process,biological_process,282,6011,0.7878887743262412,0.7630574372600233,0.06719390831021466,862067.5,0.056412433828897456,high_c,0.16057737282212184,0.7943156517772574,1.2486251628936733
GO:0034389,lipid droplet organization,biological_process,18,6011,0.8343472466666667,0.7630574372600233,0.2594693809444353,67932.0,0.056959764595200156,high_c,0.16103460463317434,0.7930807886490415,1.2444318142310464
GO:0009225,nucleotide-sugar metabolic process,biological_process,15,6011,0.8354318933333331,0.7630574372600233,0.28412274849899943,57747.0,0.056996068854526995,high_c,0.16103460463317434,0.7930807886490415,1.244155097549656
GO:0045727,positive regulation of translation,biological_process,56,6011,0.8129524851785713,0.7630574372600233,0.1475560753268561,191343.5,0.05698594679707465,high_c,0.16103460463317434,0.7930807886490415,1.2442322317130323
GO:0051287,NAD binding,molecular_function,29,6011,0.8170676110344828,0.7630574372600233,0.20453313964883146,104480.0,0.05704854945242063,high_c,0.16103460463317434,0.7930807886490415,1.243755393714098
GO:0032784,regulation of DNA-templated transcription elongation,biological_process,80,6011,0.8080143344999999,0.7630574372600233,0.12376074860900355,266601.0,0.056870975056020553,high_c,0.16103460463317434,0.7930807886490415,1.2451093256810288
GO:0030447,filamentous growth,biological_process,82,6011,0.8061888568292684,0.7630574372600233,0.12203555076535744,272754.5,0.057333137614672604,high_c,0.16157520600498643,0.7916252816886143,1.241594290364662
GO:0042254,ribosome biogenesis,biological_process,53,6011,0.8034253445283019,0.7630574372600233,0.15050637481236584,181650.0,0.05886087120840905,high_c,0.16561178673873275,0.7809087573251239,1.2301733141323552
GO:0006914,autophagy,biological_process,186,6011,0.7909218462365591,0.7630574372600233,0.08115925977202454,585691.0,0.059150498410221984,high_c,0.16588895838472595,0.7801825197753376,1.2280415915956928
GO:0061640,cytoskeleton-dependent cytokinesis,biological_process,19,6011,0.838344902105263,0.7630574372600233,0.2503864802192397,71177.0,0.05913836379883283,high_c,0.16588895838472595,0.7801825197753376,1.2281306954163977
GO:0032968,positive regulation of transcription elongation by RNA polymerase II,biological_process,68,6011,0.808597616764706,0.7630574372600233,0.13281567043778653,228899.0,0.059290271992616335,high_c,0.16601276157932573,0.7798585259933459,1.2270165573355651
GO:0008235,metalloexopeptidase activity,molecular_function,17,6011,0.8407545141176471,0.7630574372600233,0.2632632632632632,64362.0,0.06049217008704737,high_c,0.168562451478514,0.773239161216703,1.2183008353980065
GO:0004536,DNA nuclease activity,molecular_function,37,6011,0.7324753775675676,0.7630574372600233,-0.17877469032474058,90761.0,0.06044976849233014,low_c,0.168562451478514,0.773239161216703,1.2186053580405305
GO:0046470,phosphatidylcholine metabolic process,biological_process,17,6011,0.8398855852941176,0.7630574372600233,0.2632828907338711,64363.0,0.06047299711871738,high_c,0.168562451478514,0.773239161216703,1.2184385066732917
GO:0016866,intramolecular transferase activity,molecular_function,20,6011,0.8150386995,0.7630574372600233,0.242013019529294,74409.0,0.06130581772379501,high_c,0.17055592879568612,0.7681331792264023,1.2124983103844515
GO:0031248,protein acetyltransferase complex,cellular_component,57,6011,0.8069687012280701,0.7630574372600233,0.14368639098586233,194071.0,0.061508869417309604,high_c,0.17084703569351917,0.7673925520897761,1.211062255586174
GO:0034399,nuclear periphery,cellular_component,57,6011,0.8096189101754386,0.7630574372600233,0.1436156733789462,194059.0,0.061636818902249924,high_c,0.17092894187588797,0.7671843958350827,1.210159783465126
GO:0032502,developmental process,biological_process,182,6011,0.7580408965384615,0.7630574372600233,-0.08117710047715199,487379.5,0.06180075814018935,low_c,0.17100756001339196,0.7669846896106318,1.209006197175243
GO:0009272,fungal-type cell wall biogenesis,biological_process,20,6011,0.8427556835000001,0.7630574372600233,0.24149557669838084,74378.0,0.06186218184816253,high_c,0.17100756001339196,0.7669846896106318,1.2085747667139088
GO:0000055,ribosomal large subunit export from nucleus,biological_process,32,6011,0.829581544375,0.7630574372600233,0.19090776049506597,113927.0,0.062137313443647264,high_c,0.17149503360599627,0.7657484523485659,1.20664752774377
GO:0140534,endoplasmic reticulum protein-containing complex,cellular_component,75,6011,0.8038209132,0.7630574372600233,0.124937106918239,250411.0,0.06258334266324679,high_c,0.1724518775609467,0.7633320729120171,1.2035412442989084
GO:1901981,phosphatidylinositol phosphate binding,molecular_function,70,6011,0.8122128787142857,0.7630574372600233,0.1291557457859427,234791.0,0.06281124035095716,high_c,0.17280556774843364,0.7624422687815086,1.2019626303778475
GO:0006356,regulation of transcription by RNA polymerase I,biological_process,47,6011,0.8006539534042552,0.7630574372600233,0.15698445995119648,162156.0,0.06336970578273225,high_c,0.17378968661314392,0.7599759999236074,1.1981183092426393
GO:0051273,beta-glucan metabolic process,biological_process,24,6011,0.8318613075,0.7630574372600233,0.21901620177050285,87579.0,0.06366949348269559,high_c,0.17378968661314392,0.7599759999236074,1.1960686051156666
GO:0016311,dephosphorylation,biological_process,22,6011,0.8358679613636362,0.7630574372600233,0.22888932740326973,80958.0,0.06347012275879976,high_c,0.17378968661314392,0.7599759999236074,1.197430661707821
GO:0051274,beta-glucan biosynthetic process,biological_process,24,6011,0.8318613075,0.7630574372600233,0.21901620177050285,87579.0,0.06366949348269559,high_c,0.17378968661314392,0.7599759999236074,1.1960686051156666
GO:0043934,sporulation,biological_process,79,6011,0.7439149930379748,0.7630574372600233,-0.12137559002022924,205874.0,0.06344685458470514,low_c,0.17378968661314392,0.7599759999236074,1.1975899034410862
GO:0022626,cytosolic ribosome,cellular_component,31,6011,0.820191598064516,0.7630574372600233,0.19254504261516892,110537.0,0.06404923437997125,high_c,0.17455175962893263,0.7580757687731267,1.1934860572782493
GO:0032040,small-subunit processome,cellular_component,61,6011,0.7995949042622951,0.7630574372600233,0.1373191899710704,206395.0,0.06460536287651819,high_c,0.17567857782883792,0.7552811929608081,1.18973142982212
GO:0030435,sporulation resulting in formation of a cellular spore,biological_process,69,6011,0.7394565565217392,0.7630574372600233,-0.129171361811521,178519.0,0.06466509863630612,low_c,0.17567857782883792,0.7552811929608081,1.189330055642881
GO:0009968,negative regulation of signal transduction,biological_process,56,6011,0.8086910182142858,0.7630574372600233,0.14267722202231026,190530.0,0.06569751659652316,high_c,0.17712668295459377,0.7517160103116189,1.1824510467082643
GO:0000480,"endonucleolytic cleavage in 5'-ETS of tricistronic rRNA transcript (SSU-rRNA, 5.8S rRNA, LSU-rRNA)",biological_process,33,6011,0.815300306060606,0.7630574372600233,0.18549834240700758,116934.0,0.06570828561218801,high_c,0.17712668295459377,0.7517160103116189,1.18237986379228
GO:0000123,histone acetyltransferase complex,cellular_component,49,6011,0.8069546442857144,0.7630574372600233,0.15264703667444834,168366.0,0.06532995790606583,high_c,0.17712668295459377,0.7517160103116189,1.184887621638279
GO:0010648,negative regulation of cell communication,biological_process,56,6011,0.8086910182142858,0.7630574372600233,0.14267722202231026,190530.0,0.06569751659652316,high_c,0.17712668295459377,0.7517160103116189,1.1824510467082643
GO:0023057,negative regulation of signaling,biological_process,56,6011,0.8086910182142858,0.7630574372600233,0.14267722202231026,190530.0,0.06569751659652316,high_c,0.17712668295459377,0.7517160103116189,1.1824510467082643
GO:0004722,protein serine/threonine phosphatase activity,molecular_function,28,6011,0.8269835650000001,0.7630574372600233,0.2004488909051838,100552.0,0.06685410261956941,high_c,0.17993600332956977,0.7448819301344239,1.1748719363396294
GO:0034963,box C/D sno(s)RNA processing,biological_process,16,6011,0.83016908875,0.7630574372600233,0.2645954962468724,60650.0,0.06717436997949673,high_c,0.18023911326801595,0.7441509579007086,1.1727963980724814
GO:0033967,box C/D sno(s)RNA metabolic process,biological_process,16,6011,0.83016908875,0.7630574372600233,0.2645954962468724,60650.0,0.06717436997949673,high_c,0.18023911326801595,0.7441509579007086,1.1727963980724814
GO:0034504,protein localization to nucleus,biological_process,71,6011,0.8011807092957746,0.7630574372600233,0.1260753070612226,237455.5,0.06741115462289102,high_c,0.18059531547120186,0.7432935192018789,1.1712682341717586
GO:0030117,membrane coat,cellular_component,36,6011,0.8129161041666668,0.7630574372600233,0.17643886564388667,126526.0,0.06756346976026584,high_c,0.18072447381174345,0.7429830310490464,1.1702880550891503
GO:0043596,nuclear replication fork,cellular_component,31,6011,0.7246458396774194,0.7630574372600233,-0.18953500917035282,75122.0,0.06832056280148568,low_c,0.18246845695904484,0.7388122005369357,1.1654485647345534
GO:0008047,enzyme activator activity,molecular_function,142,6011,0.8028588261971831,0.7630574372600233,0.08928387157156603,453903.5,0.06864854856652473,high_c,0.18299023908320913,0.7375720754354624,1.1633686406007562
GO:0071897,DNA biosynthetic process,biological_process,46,6011,0.730114202826087,0.7630574372600233,-0.15555960494187104,115853.0,0.06872674878009928,low_c,0.18299023908320913,0.7375720754354624,1.1628742005440154
GO:0007035,vacuolar acidification,biological_process,26,6011,0.8189528253846153,0.7630574372600233,0.20623353254932209,93851.0,0.06917822536446919,high_c,0.1836290508145543,0.7360586106598016,1.1600305831760074
GO:0051452,intracellular pH reduction,biological_process,26,6011,0.8189528253846153,0.7630574372600233,0.20623353254932209,93851.0,0.06917822536446919,high_c,0.1836290508145543,0.7360586106598016,1.1600305831760074
GO:0006376,mRNA splice site recognition,biological_process,22,6011,0.8276367995454545,0.7630574372600233,0.2235765570212056,80608.0,0.06986185817543725,high_c,0.18516058899627338,0.7324514463952512,1.1557598672439413
GO:0072330,monocarboxylic acid biosynthetic process,biological_process,42,6011,0.8120943176190477,0.7630574372600233,0.1619877302571222,145654.0,0.07002500693482946,high_c,0.18531007932753651,0.7321009580298274,1.1547468394946403
GO:0000967,rRNA 5'-end processing,biological_process,37,6011,0.8118668094594593,0.7630574372600233,0.17194328576986773,129522.0,0.07095688956616389,high_c,0.1874903505127253,0.7270210790131463,1.1490054302938386
GO:0098657,import into cell,biological_process,144,6011,0.7948492814583333,0.7630574372600233,0.08785722402136242,459537.0,0.07124724616016563,high_c,0.18768622053724968,0.7265676110457215,1.1472319172921848
GO:0030010,establishment of cell polarity,biological_process,67,6011,0.8050018695522387,0.7630574372600233,0.12798808782467197,224609.5,0.07119716336239938,high_c,0.18768622053724968,0.7265676110457215,1.1475373091805339
GO:0048856,anatomical structure development,biological_process,52,6011,0.734674426923077,0.7630574372600233,-0.1443453341422799,132570.0,0.07267471262120717,low_c,0.19008807625500457,0.7210451244763045,1.1386166768918409
GO:0005667,transcription regulator complex,cellular_component,103,6011,0.805221294368932,0.7630574372600233,0.10303948570639787,335613.0,0.07257318850812844,high_c,0.19008807625500457,0.7210451244763045,1.1392237957407583
GO:0048468,cell development,biological_process,52,6011,0.734674426923077,0.7630574372600233,-0.1443453341422799,132570.0,0.07267471262120717,low_c,0.19008807625500457,0.7210451244763045,1.1386166768918409
GO:0035556,intracellular signal transduction,biological_process,281,6011,0.7868071177224198,0.7630574372600233,0.06329613136827472,856022.5,0.07279201971441604,high_c,0.19008807625500457,0.7210451244763045,1.137916230356825
GO:0030437,ascospore formation,biological_process,52,6011,0.734674426923077,0.7630574372600233,-0.1443453341422799,132570.0,0.07267471262120717,low_c,0.19008807625500457,0.7210451244763045,1.1386166768918409
GO:0000290,deadenylation-dependent decapping of nuclear-transcribed mRNA,biological_process,18,6011,0.8425589299999999,0.7630574372600233,0.24452602109868926,67126.0,0.07281599695252192,high_c,0.19008807625500457,0.7210451244763045,1.137773200013673
GO:0016538,cyclin-dependent protein serine/threonine kinase regulator activity,molecular_function,32,6011,0.8197526609375,0.7630574372600233,0.1834650443217929,113215.0,0.07303824531968972,high_c,0.19009654254120142,0.7210257819716565,1.1364496688955805
GO:0019914,cyclin-dependent protein kinase regulator activity,molecular_function,32,6011,0.8197526609375,0.7630574372600233,0.1834650443217929,113215.0,0.07303824531968972,high_c,0.19009654254120142,0.7210257819716565,1.1364496688955805
GO:0055082,intracellular chemical homeostasis,biological_process,202,6011,0.7843930944554456,0.7630574372600233,0.07404181630075568,630150.0,0.07319142531172178,high_c,0.1902100514089057,0.7207665370511682,1.1355397954160957
GO:0140993,histone modifying activity,molecular_function,60,6011,0.8030890183333335,0.7630574372600233,0.13392146978098918,202439.0,0.07384553611728062,high_c,0.19162309521614224,0.7175521491172429,1.1316757521898928
GO:1901987,regulation of cell cycle phase transition,biological_process,182,6011,0.7926535653846154,0.7630574372600233,0.07733594249291631,571461.0,0.07518335857488505,high_c,0.1937982253525663,0.7126502041847198,1.12387827747882
GO:0030120,vesicle coat,cellular_component,23,6011,0.8181402439130437,0.7630574372600233,0.2148354680375244,83656.0,0.07492361253474769,high_c,0.1937982253525663,0.7126502041847198,1.1253812907457768
GO:0072599,establishment of protein localization to endoplasmic reticulum,biological_process,27,6011,0.8150858603703703,0.7630574372600233,0.198133293721529,96790.0,0.07524193772328899,high_c,0.1937982253525663,0.7126502041847198,1.123540028489873
GO:0003712,transcription coregulator activity,molecular_function,96,6011,0.8013302605208334,0.7630574372600233,0.10576570865032409,313949.0,0.07502111561397859,high_c,0.1937982253525663,0.7126502041847198,1.1248164818889437
GO:0032786,"positive regulation of DNA-templated transcription, elongation",biological_process,76,6011,0.8064204146052633,0.7630574372600233,0.11870261162594775,252301.0,0.0749415678637599,high_c,0.1937982253525663,0.7126502041847198,1.1252772252073064
GO:1901678,iron coordination entity transport,biological_process,21,6011,0.8213227147619048,0.7630574372600233,0.22396851896017167,76981.5,0.0760009040549224,high_c,0.1954630658360671,0.7089352936080642,1.1191812416175124
GO:1903829,positive regulation of protein localization,biological_process,29,6011,0.8184842706896552,0.7630574372600233,0.19032960951820987,103248.0,0.0765959773642781,high_c,0.1967020957165485,0.7061910129668652,1.1157940378657023
GO:0051383,kinetochore organization,biological_process,16,6011,0.843900178125,0.7630574372600233,0.2556088407005839,60219.0,0.0770053646002993,high_c,0.19746131897506586,0.7045179663715132,1.113479018526842
GO:0005849,mRNA cleavage factor complex,cellular_component,20,6011,0.8444786305,0.7630574372600233,0.22859288933400101,73605.0,0.07714232445161161,high_c,0.19752075995279902,0.7043872521431948,1.1127072791166044
GO:0051049,regulation of transport,biological_process,118,6011,0.8001925569491527,0.7630574372600233,0.09473894623612611,380626.5,0.0776063839255847,high_c,0.1982572109185321,0.7027710077673543,1.1101025520714807
GO:0071805,potassium ion transmembrane transport,biological_process,16,6011,0.665987844375,0.7630574372600233,-0.255045871559633,35728.0,0.07765835450725912,low_c,0.1982572109185321,0.7027710077673543,1.109811815901591
GO:0006081,aldehyde metabolic process,biological_process,41,6011,0.7980627241463415,0.7630574372600233,0.15887567920905332,141829.0,0.07912156798204763,high_c,0.2016960969410201,0.6953025058198488,1.1017051147475367
GO:0034293,sexual sporulation,biological_process,56,6011,0.7353445778571428,0.7630574372600233,-0.13582223821518535,144093.0,0.07976463055322293,low_c,0.2026680673489927,0.6932146739345771,1.098189641991548
GO:0020037,heme binding,molecular_function,26,6011,0.8154646530769232,0.7630574372600233,0.1985990617569564,93257.0,0.08012180195554813,high_c,0.2026680673489927,0.6932146739345771,1.0962492918977957
GO:0046906,tetrapyrrole binding,molecular_function,26,6011,0.8154646530769232,0.7630574372600233,0.1985990617569564,93257.0,0.08012180195554813,high_c,0.2026680673489927,0.6932146739345771,1.0962492918977957
GO:0043935,sexual sporulation resulting in formation of a cellular spore,biological_process,56,6011,0.7353445778571428,0.7630574372600233,-0.13582223821518535,144093.0,0.07976463055322293,low_c,0.2026680673489927,0.6932146739345771,1.098189641991548
GO:0043175,RNA polymerase core enzyme binding,molecular_function,37,6011,0.8176926659459458,0.7630574372600233,0.16652340321573655,128923.0,0.08032006355766531,high_c,0.2026680673489927,0.6932146739345771,1.095175956539539
GO:0006900,vesicle budding from membrane,biological_process,20,6011,0.8380773180000001,0.7630574372600233,0.22630612585544974,73468.0,0.08014748925980392,high_c,0.2026680673489927,0.6932146739345771,1.0961100780221469
GO:0070063,RNA polymerase binding,molecular_function,37,6011,0.8176926659459458,0.7630574372600233,0.16652340321573655,128923.0,0.08032006355766531,high_c,0.2026680673489927,0.6932146739345771,1.095175956539539
GO:0006997,nucleus organization,biological_process,55,6011,0.8149470649090906,0.7630574372600233,0.1362903718175712,186113.0,0.0814262576369943,high_c,0.2039551698501634,0.6904652817225087,1.0892355249879722
GO:0007006,mitochondrial membrane organization,biological_process,54,6011,0.8128645275925926,0.7630574372600233,0.13757235496365938,182966.0,0.081343575605027,high_c,0.2039551698501634,0.6904652817225087,1.0896767413068593
GO:0036260,RNA capping,biological_process,15,6011,0.8379882233333332,0.7630574372600233,0.26041805648209926,56681.0,0.08106553110386058,high_c,0.2039551698501634,0.6904652817225087,1.0911637676565638
GO:0051536,iron-sulfur cluster binding,molecular_function,38,6011,0.8019279042105263,0.7630574372600233,0.16367513459691407,132062.0,0.08153507366129804,high_c,0.2039551698501634,0.6904652817225087,1.0886555321081268
GO:0046486,glycerolipid metabolic process,biological_process,123,6011,0.8024829275609756,0.7630574372600233,0.09176994962884422,395343.0,0.08106453550431758,high_c,0.2039551698501634,0.6904652817225087,1.0911691014406886
GO:0051540,metal cluster binding,molecular_function,38,6011,0.8019279042105263,0.7630574372600233,0.16367513459691407,132062.0,0.08153507366129804,high_c,0.2039551698501634,0.6904652817225087,1.0886555321081268
GO:1901990,regulation of mitotic cell cycle phase transition,biological_process,124,6011,0.7958591812096774,0.7630574372600233,0.09120697874485617,398284.0,0.08173152527736677,high_c,0.20415241421799815,0.6900454799322393,1.0876103961825985
GO:0018193,peptidyl-amino acid modification,biological_process,54,6011,0.8067264801851851,0.7630574372600233,0.13706874576439798,182885.0,0.08246442920443746,high_c,0.2053920360099045,0.6874163999987537,1.0837333427412175
GO:0019829,ATPase-coupled monoatomic cation transmembrane transporter activity,molecular_function,32,6011,0.7880716146875,0.7630574372600233,0.1777680214082622,112670.0,0.08240026117398624,high_c,0.2053920360099045,0.6874163999987537,1.0840714117708297
GO:0019899,enzyme binding,molecular_function,181,6011,0.7913068361325967,0.7630574372600233,0.07540346654283892,567399.0,0.08358440730817955,high_c,0.20788328235959844,0.6821804345304983,1.0778747327478104
GO:0016482,cytosolic transport,biological_process,78,6011,0.8037565256410257,0.7630574372600233,0.11358027892664668,257668.0,0.08435492468440439,high_c,0.20949949821477257,0.6788170129020599,1.0738895579968515
GO:0001100,negative regulation of exit from mitosis,biological_process,25,6011,0.82293825,0.7630574372600233,0.19962579351820908,89762.0,0.08452566846552217,high_c,0.20958558174330424,0.6786385975695284,1.073011385960127
GO:0051666,actin cortical patch localization,biological_process,15,6011,0.8454252966666668,0.7630574372600233,0.25741605514787635,56546.0,0.08463104424081583,high_c,0.20958558174330424,0.6786385975695284,1.0724703004433427
GO:0016798,"hydrolase activity, acting on glycosyl bonds",molecular_function,57,6011,0.8017181712280702,0.7630574372600233,0.13171743601529862,192040.0,0.08651733230001912,high_c,0.21364735259293482,0.6703024843651714,1.0628968801858205
GO:0006221,pyrimidine nucleotide biosynthetic process,biological_process,20,6011,0.8013907935000001,0.7630574372600233,0.22168252378567854,73191.0,0.08651416622091587,high_c,0.21364735259293482,0.6703024843651714,1.062912773369382
GO:0042592,homeostatic process,biological_process,266,6011,0.782393672593985,0.7630574372600233,0.06178501082994692,811294.0,0.08798140338508088,high_c,0.2149026687215805,0.667758191284454,1.0556091149036468
GO:0031137,regulation of conjugation with cellular fusion,biological_process,35,6011,0.8118991002857143,0.7630574372600233,0.16692484222604698,122037.0,0.08813980422221505,high_c,0.2149026687215805,0.667758191284454,1.0548279184880707
GO:0006298,mismatch repair,biological_process,23,6011,0.7062039069565217,0.7630574372600233,-0.2058609973570329,54686.0,0.08790887389163814,low_c,0.2149026687215805,0.667758191284454,1.0559672832009566
GO:0042440,pigment metabolic process,biological_process,17,6011,0.8200948011764706,0.7630574372600233,0.23919998429802347,63136.0,0.08808249700724298,high_c,0.2149026687215805,0.667758191284454,1.0551103822618306
GO:0046854,phosphatidylinositol phosphate biosynthetic process,biological_process,20,6011,0.832649437,0.7630574372600233,0.22093139709564347,73146.0,0.08758602330034816,high_c,0.2149026687215805,0.667758191284454,1.0575651916381317
GO:0006778,porphyrin-containing compound metabolic process,biological_process,17,6011,0.8200948011764706,0.7630574372600233,0.23919998429802347,63136.0,0.08808249700724298,high_c,0.2149026687215805,0.667758191284454,1.0551103822618306
GO:0042168,heme metabolic process,biological_process,17,6011,0.8200948011764706,0.7630574372600233,0.23919998429802347,63136.0,0.08808249700724298,high_c,0.2149026687215805,0.667758191284454,1.0551103822618306
GO:0033013,tetrapyrrole metabolic process,biological_process,17,6011,0.8200948011764706,0.7630574372600233,0.23919998429802347,63136.0,0.08808249700724298,high_c,0.2149026687215805,0.667758191284454,1.0551103822618306
GO:1900180,regulation of protein localization to nucleus,biological_process,21,6011,0.8341012914285713,0.7630574372600233,0.21566102233881868,76459.0,0.08753276369923522,high_c,0.2149026687215805,0.667758191284454,1.057829359200975
GO:0016236,macroautophagy,biological_process,152,6011,0.7902913654605263,0.7630574372600233,0.08078664402942848,481257.0,0.08856545052463455,high_c,0.21533560519715067,0.6668841547460271,1.0527356638103258
GO:0070566,adenylyltransferase activity,molecular_function,18,6011,0.8150200838888888,0.7630574372600233,0.2321597419211303,66459.0,0.08852077535454711,high_c,0.21533560519715067,0.6668841547460271,1.052954790737475
GO:0098827,endoplasmic reticulum subcompartment,cellular_component,35,6011,0.8200405705714285,0.7630574372600233,0.16611206731688655,121952.0,0.08969865598824067,high_c,0.21748165753573437,0.6625773656837544,1.0472140642163719
GO:0071782,endoplasmic reticulum tubular network,cellular_component,35,6011,0.8200405705714285,0.7630574372600233,0.16611206731688655,121952.0,0.08969865598824067,high_c,0.21748165753573437,0.6625773656837544,1.0472140642163719
GO:1905369,endopeptidase complex,cellular_component,23,6011,0.8049876047826087,0.7630574372600233,0.2037553367604774,82893.0,0.09120465760974994,high_c,0.22082466612346707,0.6559524175234372,1.0399829826961102
GO:0008299,isoprenoid biosynthetic process,biological_process,17,6011,0.8325559141176472,0.7630574372600233,0.23674655047204074,63011.0,0.09139094646252563,high_c,0.2209675251517333,0.6556715484132365,1.0390968250114092
GO:0015850,organic hydroxy compound transport,biological_process,48,6011,0.8203839110416666,0.7630574372600233,0.14086170272234333,163271.0,0.09229843021858489,high_c,0.2228512863135791,0.6519848547917284,1.0348056852493188
GO:0010833,telomere maintenance via telomere lengthening,biological_process,16,6011,0.6813969156249999,0.7630574372600233,-0.24291075896580483,36310.0,0.09286359407339095,low_c,0.22390444348806485,0.6499372875589862,1.0321545119681907
GO:0019213,deacetylase activity,molecular_function,18,6011,0.8431408150000002,0.7630574372600233,0.22874835456180365,66275.0,0.09330339038963412,high_c,0.22465282346242,0.648488118773857,1.030102574894901
GO:0034605,cellular response to heat,biological_process,60,6011,0.7982538423333333,0.7630574372600233,0.12551671987901192,200938.5,0.09385946675175184,high_c,0.22543712063212368,0.646974571172112,1.0275219174943906
GO:0030846,"termination of RNA polymerase II transcription, poly(A)-coupled",biological_process,18,6011,0.8450660761111111,0.7630574372600233,0.22834047129057966,66253.0,0.09388884689920819,high_c,0.22543712063212368,0.646974571172112,1.0273859947180541
GO:0006488,dolichol-linked oligosaccharide biosynthetic process,biological_process,17,6011,0.842272574117647,0.7630574372600233,0.23415572435180287,62879.0,0.09499235584568508,high_c,0.22777172617142166,0.642500186884763,1.0223113415280891
GO:0070592,cell wall polysaccharide biosynthetic process,biological_process,16,6011,0.832338124375,0.7630574372600233,0.23984570475396172,59463.0,0.09706006412632917,high_c,0.2320885279935364,0.6343463259475113,1.0129594260878907
GO:0010383,cell wall polysaccharide metabolic process,biological_process,16,6011,0.832338124375,0.7630574372600233,0.23984570475396172,59463.0,0.09706006412632917,high_c,0.2320885279935364,0.6343463259475113,1.0129594260878907
GO:0043650,dicarboxylic acid biosynthetic process,biological_process,21,6011,0.8190192614285715,0.7630574372600233,0.2092058192225137,76053.0,0.09743545260625741,high_c,0.2326120649270755,0.633367763402213,1.011282993123495
GO:0061629,RNA polymerase II-specific DNA-binding transcription factor binding,molecular_function,41,6011,0.8113329763414634,0.7630574372600233,0.1498631368223231,140726.0,0.09768098809437675,high_c,0.2326120649270755,0.633367763402213,1.0101899559247116
GO:0099513,polymeric cytoskeletal fiber,cellular_component,54,6011,0.8114096307407407,0.7630574372600233,0.13074565248478298,181868.0,0.0976303979422243,high_c,0.2326120649270755,0.633367763402213,1.010414940497866
GO:0045185,maintenance of protein location,biological_process,38,6011,0.80968081,0.7630574372600233,0.15528650858688664,131110.0,0.09841783734966675,high_c,0.2340457063548239,0.6306993217380407,1.0069261824580578
GO:0005847,mRNA cleavage and polyadenylation specificity factor complex,cellular_component,16,6011,0.8491231225,0.7630574372600233,0.23871976647205995,59409.0,0.09863918773952327,high_c,0.23425120371520164,0.63031816878372,1.0059505126663326
GO:0006409,tRNA export from nucleus,biological_process,20,6011,0.8158311065000001,0.7630574372600233,0.213470205307962,72699.0,0.09882474696072906,high_c,0.23437125781943394,0.6300956492059439,1.005134288988025
GO:0140612,DNA damage sensor activity,molecular_function,16,6011,0.6987538281250001,0.7630574372600233,-0.2383653044203503,36528.0,0.0991405428867077,low_c,0.23479943035651374,0.6293029610586771,1.0037487072580222
GO:2000765,regulation of cytoplasmic translation,biological_process,18,6011,0.8165117794444445,0.7630574372600233,0.22457682110610522,66050.0,0.0994310782529305,high_c,0.23516669188976477,0.6286241900484947,1.002477850972897
GO:0005794,Golgi apparatus,cellular_component,183,6011,0.7897602173770493,0.7630574372600233,0.07122765169841472,571245.0,0.10035021461808942,high_c,0.23701764976463024,0.6252193125975739,0.9984816943538521
GO:0000956,nuclear-transcribed mRNA catabolic process,biological_process,115,6011,0.7955572904347827,0.7630574372600233,0.08925579611822321,369279.5,0.10064102090564395,high_c,0.23738153844048626,0.624553059876765,0.9972249663797392
GO:0016741,"transferase activity, transferring one-carbon groups",molecular_function,105,6011,0.7851975651428571,0.7630574372600233,0.09316433651008649,338952.0,0.10124805226263114,high_c,0.2384893062794134,0.6225310896970847,0.9946133226785063
GO:0141124,intracellular signaling cassette,biological_process,96,6011,0.7991107943749999,0.7630574372600233,0.0969058185404339,311433.5,0.10284901148731464,high_c,0.24162880907981538,0.616851286613444,0.9877998780836726
GO:0044732,mitotic spindle pole body,cellular_component,16,6011,0.721030329375,0.7630574372600233,-0.23577981651376145,36652.0,0.10285926838132693,low_c,0.24162880907981538,0.616851286613444,0.9877565690590914
GO:0006144,purine nucleobase metabolic process,biological_process,16,6011,0.81260164125,0.7630574372600233,0.23555045871559632,59257.0,0.10319444244200662,high_c,0.2417966937441612,0.6165496418478005,0.9863436910979657
GO:0097035,regulation of membrane lipid distribution,biological_process,24,6011,0.7086180508333332,0.7630574372600233,-0.19244474138411005,58018.0,0.10320930303250199,low_c,0.2417966937441612,0.6165496418478005,0.9862811547089454
GO:1901988,negative regulation of cell cycle phase transition,biological_process,115,6011,0.7961076815652175,0.7630574372600233,0.0884254616246829,368998.0,0.10384745418261494,high_c,0.24231072642610152,0.615627360420657,0.9836041457152513
GO:0010927,cellular component assembly involved in morphogenesis,biological_process,71,6011,0.7552593845070422,0.7630574372600233,-0.11214966567079243,187221.0,0.10375716014847738,low_c,0.24231072642610152,0.615627360420657,0.9839819234768271
GO:0072593,reactive oxygen species metabolic process,biological_process,19,6011,0.812865377368421,0.7630574372600233,0.21584920244536576,69211.0,0.10376966952743352,high_c,0.24231072642610152,0.615627360420657,0.98392956635011
GO:0098876,vesicle-mediated transport to the plasma membrane,biological_process,56,6011,0.8137972732142856,0.7630574372600233,0.1258306345208109,187721.0,0.10455461275044307,high_c,0.24350614303058496,0.6134900781839135,0.9806568021779931
GO:0008238,exopeptidase activity,molecular_function,29,6011,0.8106147551724138,0.7630574372600233,0.17441981115761074,101868.0,0.10464031261567765,high_c,0.24350614303058496,0.6134900781839135,0.9803009715517178
GO:0015918,sterol transport,biological_process,28,6011,0.8267162689285714,0.7630574372600233,0.17727609178386383,98611.0,0.10506392103482834,high_c,0.2439768262567889,0.6126514224594416,0.9785463951566234
GO:0005801,cis-Golgi network,cellular_component,17,6011,0.8365991105882353,0.7630574372600233,0.22726648216844292,62528.0,0.10512365555304039,high_c,0.2439768262567889,0.6126514224594416,0.9782995454354533
GO:0045937,positive regulation of phosphate metabolic process,biological_process,22,6011,0.8339321259090909,0.7630574372600233,0.1993958621108396,79015.0,0.10593516694797096,high_c,0.24553197572987662,0.6098919415094292,0.9749598446504358
GO:0000097,sulfur amino acid biosynthetic process,biological_process,16,6011,0.8262829887500001,0.7630574372600233,0.23318390325271054,59143.5,0.10670375509313768,high_c,0.24698362512224936,0.6073318392698429,0.9718202967186159
GO:0045454,cell redox homeostasis,biological_process,22,6011,0.8108791863636363,0.7630574372600233,0.1988190470407869,78977.0,0.10694900887088901,high_c,0.24722167696386593,0.60691345197703,0.9708232358133346
GO:0016758,hexosyltransferase activity,molecular_function,79,6011,0.7981019297468356,0.7630574372600233,0.10492757581706602,258900.0,0.10859872246246137,high_c,0.2507013061101502,0.6008434034372626,0.9641752836860935
GO:0010564,regulation of cell cycle process,biological_process,272,6011,0.7855047530147058,0.7630574372600233,0.05731552945276386,825239.0,0.10967936475371498,high_c,0.252524372960808,0.5976966986084863,0.9598750735791853
GO:0006360,transcription by RNA polymerase I,biological_process,40,6011,0.7963686424999998,0.7630574372600233,0.14656673923965835,136923.0,0.1095922825385125,high_c,0.252524372960808,0.5976966986084863,0.9602200276851056
GO:0042277,peptide binding,molecular_function,41,6011,0.8005334814634147,0.7630574372600233,0.14449074641500181,140068.5,0.11030417495756858,high_c,0.2533589944949963,0.5962636732157985,0.957408049420914
GO:0042176,regulation of protein catabolic process,biological_process,21,6011,0.8158792938095238,0.7630574372600233,0.2014627553859607,75566.0,0.11047325007430049,high_c,0.2533589944949963,0.5962636732157985,0.9567428690514276
GO:0140657,ATP-dependent activity,molecular_function,261,6011,0.7771707541762451,0.7630574372600233,0.058323504914209456,794139.5,0.1104796997884287,high_c,0.2533589944949963,0.5962636732157985,0.9567175145561989
GO:0031399,regulation of protein modification process,biological_process,54,6011,0.8100171881481479,0.7630574372600233,0.1253178644482993,180995.0,0.11235784162857433,high_c,0.25732613861108844,0.5895160968911192,0.9493966120995387
GO:0010562,positive regulation of phosphorus metabolic process,biological_process,25,6011,0.8302293003999999,0.7630574372600233,0.18353491480120288,88558.0,0.11274825558704606,high_c,0.25788006811477204,0.5885822237491832,0.9478901686941761
GO:0046488,phosphatidylinositol metabolic process,biological_process,22,6011,0.8298617990909093,0.7630574372600233,0.19535815662047096,78749.0,0.1131944352903704,high_c,0.2583152814766054,0.5878499009708772,0.9461749228128389
GO:0007186,G protein-coupled receptor signaling pathway,biological_process,19,6011,0.8294599389473685,0.7630574372600233,0.21013983557023397,68886.0,0.11323613433392667,high_c,0.2583152814766054,0.5878499009708772,0.9460149650407774
GO:0016722,"oxidoreductase activity, acting on metal ions",molecular_function,15,6011,0.8215837106666667,0.7630574372600233,0.23546808983766954,55559.0,0.11470577055464569,high_c,0.26132443265467836,0.5828199838009911,0.9404147333018636
GO:0070897,transcription preinitiation complex assembly,biological_process,47,6011,0.81291148,0.7630574372600233,0.13225452002796922,158690.0,0.11779139646036106,high_c,0.2680024433226564,0.5718612465805016,0.9288864294660943
GO:0042147,"retrograde transport, endosome to Golgi",biological_process,54,6011,0.8110278785185185,0.7630574372600233,0.12317286230329705,180650.0,0.1186399703611562,high_c,0.2695798279410565,0.5693126082110807,0.9257689704758639
GO:0140718,facultative heterochromatin formation,biological_process,27,6011,0.8082000818518518,0.7630574372600233,0.17335115864527628,94788.0,0.11959696376396016,high_c,0.27010841967158694,0.5684618780120381,0.9222798457430577
GO:0000183,rDNA heterochromatin formation,biological_process,27,6011,0.8082000818518518,0.7630574372600233,0.17335115864527628,94788.0,0.11959696376396016,high_c,0.27010841967158694,0.5684618780120381,0.9222798457430577
GO:0065009,regulation of molecular function,biological_process,22,6011,0.8127848145454547,0.7630574372600233,0.19193521456002682,78523.5,0.11965056147894605,high_c,0.27010841967158694,0.5684618780120381,0.9220852590510802
GO:0046889,positive regulation of lipid biosynthetic process,biological_process,16,6011,0.83146434625,0.7630574372600233,0.2251668056713929,58759.0,0.1192991365483529,high_c,0.27010841967158694,0.5684618780120381,0.9233626996124977
GO:0006986,response to unfolded protein,biological_process,16,6011,0.817481680625,0.7630574372600233,0.2250625521267724,58754.0,0.11947028508542036,high_c,0.27010841967158694,0.5684618780120381,0.922740099972598
GO:0050790,regulation of catalytic activity,biological_process,18,6011,0.8323804633333333,0.7630574372600233,0.21168214769082438,65354.5,0.12042032310500607,high_c,0.2714930920912864,0.5662412161849042,0.9193002118528955
GO:0051170,import into nucleus,biological_process,69,6011,0.793078938405797,0.7630574372600233,0.10852004156117845,227245.5,0.12061905958473741,high_c,0.27158844025824147,0.5660887190708356,0.9185840618603517
GO:0008757,S-adenosylmethionine-dependent methyltransferase activity,molecular_function,82,6011,0.78816953,0.7630574372600233,0.09960549428398657,267302.0,0.12080642643157574,high_c,0.27165797446271434,0.5659775418199501,0.917909962324687
GO:0007129,homologous chromosome pairing at meiosis,biological_process,18,6011,0.7319326183333332,0.7630574372600233,-0.21119083375048664,42546.0,0.12128389463960888,low_c,0.27237883712077754,0.5648266386047349,0.9161968655268832
GO:0051495,positive regulation of cytoskeleton organization,biological_process,38,6011,0.8062491842105262,0.7630574372600233,0.14526773991734743,129973.0,0.12211684877689596,high_c,0.2738951543626504,0.5624156510325574,0.913224411190138
GO:1901991,negative regulation of mitotic cell cycle phase transition,biological_process,70,6011,0.8002204824285715,0.7630574372600233,0.10719215139346439,230224.0,0.12255742638012539,high_c,0.27423758141610105,0.5618730299139595,0.9116603674948062
GO:0031369,translation initiation factor binding,molecular_function,23,6011,0.8188873647826086,0.7630574372600233,0.1862565711132409,81688.0,0.12258546266065345,high_c,0.27423758141610105,0.5618730299139595,0.9115610294962442
GO:0016514,SWI/SNF complex,cellular_component,15,6011,0.8295603126666666,0.7630574372600233,0.22946408716922395,55289.0,0.1242522358812365,high_c,0.2776085990860059,0.5565670854874943,0.9056957875270533
GO:0031461,cullin-RING ubiquitin ligase complex,cellular_component,47,6011,0.7388543268085106,0.7630574372600233,-0.1297929420494599,121963.0,0.12478413402744205,low_c,0.278198670818583,0.555644949317135,0.9038406305379544
GO:0045053,protein retention in Golgi apparatus,biological_process,15,6011,0.8447050173333335,0.7630574372600233,0.22910829441850122,55273.0,0.12483684594912221,high_c,0.278198670818583,0.555644949317135,0.9036572124850437
GO:0008134,transcription factor binding,molecular_function,72,6011,0.8048358875,0.7630574372600233,0.10482497988812178,236216.0,0.12572238323995064,high_c,0.2798128939801978,0.5531322767797643,0.9005873949297569
GO:0016050,vesicle organization,biological_process,90,6011,0.8000416715555555,0.7630574372600233,0.09364409165118515,291396.0,0.12675876618840531,high_c,0.28149260790265423,0.5505330053925249,0.897021996684128
GO:0045930,negative regulation of mitotic cell cycle,biological_process,95,6011,0.7953723941052632,0.7630574372600233,0.09117469129212474,306631.0,0.12680139365200208,high_c,0.28149260790265423,0.5505330053925249,0.89687597317315
GO:0031965,nuclear membrane,cellular_component,93,6011,0.80241864172043,0.7630574372600233,0.09195020113595476,300490.5,0.12756198610099923,high_c,0.28281942256875436,0.548490768762027,0.8942787275445567
GO:0000966,RNA 5'-end processing,biological_process,69,6011,0.7965786282608696,0.7630574372600233,0.10620539612388358,226771.0,0.1287441439077304,high_c,0.28507631865283156,0.5450388581221872,0.8902725162782218
GO:1903008,organelle disassembly,biological_process,34,6011,0.8256462555882352,0.7630574372600233,0.15055752935271483,116907.0,0.12950054236161085,high_c,0.28638591278949865,0.5430483486136745,0.887728412708895
GO:0032879,regulation of localization,biological_process,170,6011,0.7931788204705881,0.7630574372600233,0.06798090576754579,530236.5,0.1302258687312092,high_c,0.2876235472231287,0.5411755619245937,0.8853027367256588
GO:0005775,vacuolar lumen,cellular_component,22,6011,0.8015421427272726,0.7630574372600233,0.18625055025121817,78149.0,0.1310056698006424,high_c,0.2889781992044666,0.5391349196044505,0.882709908085859
GO:0000056,ribosomal small subunit export from nucleus,biological_process,15,6011,0.8446025306666666,0.7630574372600233,0.22483878140982871,55081.0,0.1320205693987215,high_c,0.290847345781955,0.536334895137095,0.8793583984880128
GO:0051094,positive regulation of developmental process,biological_process,17,6011,0.8297161152941177,0.7630574372600233,0.211093446387564,61704.0,0.13227772369481253,high_c,0.29104452260354186,0.5360405696326348,0.8785132872636875
GO:0000049,tRNA binding,molecular_function,45,6011,0.8030211426666666,0.7630574372600233,0.12971281707453342,151647.0,0.1332762348729497,high_c,0.2928703085309376,0.5333246552723,0.8752472848223317
GO:0008017,microtubule binding,molecular_function,40,6011,0.7511057925,0.7630574372600233,-0.13718807569921287,103037.0,0.13422649325207006,low_c,0.2945855781107378,0.5307885185261053,0.8721617558689019
GO:0009250,glucan biosynthetic process,biological_process,33,6011,0.8093717930303032,0.7630574372600233,0.15078520230745052,113510.0,0.1346549155903414,high_c,0.2951526937687281,0.5299532487512549,0.8707777880022346
GO:0032541,cortical endoplasmic reticulum,cellular_component,31,6011,0.816198946451613,0.7630574372600233,0.15487107562843883,107045.0,0.1363582258684128,high_c,0.2985093065669163,0.5250421244084764,0.8653186579313457
GO:0031985,Golgi cisterna,cellular_component,21,6011,0.820416679047619,0.7630574372600233,0.18786867000556473,74711.0,0.13665399824363872,high_c,0.2987800263865955,0.5246484387174958,0.8643776571308727
GO:0005811,lipid droplet,cellular_component,66,6011,0.7992888431818181,0.7630574372600233,0.10629253000993955,217038.0,0.1369421114681514,high_c,0.29903334026252937,0.5242803879804956,0.8634629801644984
GO:0031647,regulation of protein stability,biological_process,47,6011,0.8067947017021277,0.7630574372600233,0.12561896199894407,157760.0,0.13737602521430847,high_c,0.29960399468849186,0.5234524003864457,0.8620890534892498
GO:0005938,cell cortex,cellular_component,66,6011,0.8007727872727272,0.7630574372600233,0.1061115783571629,217002.5,0.13761182968208843,high_c,0.29974170179185133,0.52325283130132,0.8613442307456808
GO:0000400,four-way junction DNA binding,molecular_function,15,6011,0.7278273299999999,0.7630574372600233,-0.2208138759172782,35040.0,0.1390821579216459,low_c,0.30218601520898286,0.5197256381376438,0.8567285796641255
GO:0060090,molecular adaptor activity,molecular_function,260,6011,0.7867608671153846,0.7630574372600233,0.05416917459170989,788128.5,0.13896908003202318,high_c,0.30218601520898286,0.5197256381376438,0.8570818174814228
GO:0062197,cellular response to chemical stress,biological_process,145,6011,0.790020563586207,0.7630574372600233,0.07176834358136319,455807.0,0.13926429874332127,high_c,0.30220352827300717,0.519700469512041,0.8561602033605704
GO:0016301,kinase activity,molecular_function,217,6011,0.7872598687557605,0.7630574372600233,0.05889295934615335,665672.0,0.14017990523905824,high_c,0.3036177277762652,0.5176728742435026,0.8533142379333564
GO:0017004,cytochrome complex assembly,biological_process,43,6011,0.8130877520930232,0.7630574372600233,0.13033075628156365,145035.0,0.1402657935924912,high_c,0.3036177277762652,0.5176728742435026,0.8530482267998122
GO:0015807,L-amino acid transport,biological_process,29,6011,0.720594647586207,0.7630574372600233,-0.1579796861849918,73036.0,0.14161546935518302,low_c,0.3061574779584031,0.514055128368023,0.8488893039298151
GO:0005496,steroid binding,molecular_function,17,6011,0.8356538152941178,0.7630574372600233,0.2056173820879703,61425.0,0.14261233358608585,high_c,0.3075465976465156,0.5120890731647567,0.8458429136373613
GO:0032934,sterol binding,molecular_function,17,6011,0.8356538152941178,0.7630574372600233,0.2056173820879703,61425.0,0.14261233358608585,high_c,0.3075465976465156,0.5120890731647567,0.8458429136373613
GO:0098799,outer mitochondrial membrane protein complex,cellular_component,18,6011,0.8288625655555556,0.7630574372600233,0.1995105400745314,64698.0,0.14327305682413333,high_c,0.3082057331433649,0.5111592869369723,0.8438354730553751
GO:0003684,damaged DNA binding,molecular_function,23,6011,0.7333655308695652,0.7630574372600233,-0.1766140977607389,56700.0,0.14317332588688664,low_c,0.3082057331433649,0.5111592869369723,0.8441378863521426
GO:0051447,negative regulation of meiotic cell cycle,biological_process,30,6011,0.8084392876666666,0.7630574372600233,0.1544557766259822,103572.0,0.1438890408318817,high_c,0.3087656055428265,0.5103710831902113,0.8419722824184122
GO:0032266,phosphatidylinositol-3-phosphate binding,molecular_function,35,6011,0.8161058402857143,0.7630574372600233,0.14307707018550397,119543.0,0.1438347526339516,high_c,0.3087656055428265,0.5103710831902113,0.8421361692126832
GO:1902936,phosphatidylinositol bisphosphate binding,molecular_function,30,6011,0.8160988583333334,0.7630574372600233,0.1541548236080923,103545.0,0.14467164679675132,high_c,0.3100617022705683,0.5085518729749045,0.8396165749367278
GO:0090068,positive regulation of cell cycle process,biological_process,87,6011,0.8002771111494252,0.7630574372600233,0.09051821152219297,281020.0,0.14661472948024573,high_c,0.31383868110691315,0.5032935299779132,0.8338223966072302
GO:0042162,telomeric repeat DNA binding,molecular_function,31,6011,0.7195477322580646,0.7630574372600233,-0.1508576977020175,78707.0,0.1468104568416569,low_c,0.31387063186836994,0.5032493183050307,0.8332430099043285
GO:0033047,regulation of mitotic sister chromatid segregation,biological_process,31,6011,0.8042246570967743,0.7630574372600233,0.15050167224080258,106640.0,0.14776648204232404,high_c,0.31475167217849637,0.5020319539414194,0.830424066041916
GO:0000228,nuclear chromosome,cellular_component,44,6011,0.7396386890909091,0.7630574372600233,-0.1264987735575971,114668.0,0.14765418769956837,low_c,0.31475167217849637,0.5020319539414194,0.8307542312656235
GO:0005788,endoplasmic reticulum lumen,cellular_component,17,6011,0.832160734117647,0.7630574372600233,0.20314432079137967,61299.0,0.14747803362676373,high_c,0.31475167217849637,0.5020319539414194,0.8312726616188034
GO:0045786,negative regulation of cell cycle,biological_process,148,6011,0.7889206002702703,0.7630574372600233,0.06941377673084981,463978.0,0.14863310066448077,high_c,0.3162096357273757,0.5000249001233931,0.827884462210005
GO:0004857,enzyme inhibitor activity,molecular_function,56,6011,0.7895270335714287,0.7630574372600233,0.11143097037303584,185320.0,0.15060190390769768,high_c,0.31965193709729744,0.49532265938867104,0.8221695377543051
GO:0000725,recombinational repair,biological_process,129,6011,0.7602836613178294,0.7630574372600233,-0.07386877321166396,351364.0,0.15061940354008602,low_c,0.31965193709729744,0.49532265938867104,0.8221190765578211
GO:0006904,vesicle docking involved in exocytosis,biological_process,15,6011,0.7429711526666665,0.7630574372600233,-0.21423171002890817,35336.0,0.15125235886752808,low_c,0.32060329059099973,0.4940320244703971,0.8202978435504518
GO:0005934,cellular bud tip,cellular_component,103,6011,0.8004426728155339,0.7630574372600233,0.08227613044021265,329295.5,0.15166081807822984,high_c,0.32107704900464273,0.4933907372453125,0.819126605702069
GO:0030276,clathrin binding,molecular_function,15,6011,0.8327485213333333,0.7630574372600233,0.2139203913720258,54590.0,0.15184746109028407,high_c,0.32108062418116096,0.49338590142539307,0.8185924651464254
GO:0016667,"oxidoreductase activity, acting on a sulfur group of donors",molecular_function,40,6011,0.79655163775,0.7630574372600233,0.13101658013733042,135066.0,0.1526404643301323,high_c,0.3223647762495252,0.4916524182198802,0.8163303215203029
GO:0048583,regulation of response to stimulus,biological_process,221,6011,0.789676624479638,0.7630574372600233,0.05656968247641814,675988.0,0.15287934893173769,high_c,0.32247697417435794,0.4915012898535933,0.8156511754817964
GO:0006402,mRNA catabolic process,biological_process,121,6011,0.7906661852066116,0.7630574372600233,0.07561352060503168,383289.5,0.1538936025149796,high_c,0.32382944723152074,0.4896836614854564,0.8127794337760045
GO:0005546,"phosphatidylinositol-4,5-bisphosphate binding",molecular_function,17,6011,0.8290881276470589,0.7630574372600233,0.2000039254941215,61139.0,0.15383834070572,high_c,0.32382944723152074,0.4896836614854564,0.8129354130274805
GO:0000278,mitotic cell cycle,biological_process,40,6011,0.8091472342500001,0.7630574372600233,0.1304806565064478,135002.0,0.15432606010485223,high_c,0.32434629581358776,0.48899105755155886,0.8115607310716498
GO:0051537,"2 iron, 2 sulfur cluster binding",molecular_function,17,6011,0.8188614505882353,0.7630574372600233,0.19961137608196422,61119.0,0.15464782203622174,high_c,0.3244977093441769,0.4887883645729961,0.8106561919512079
GO:0032507,maintenance of protein location in cell,biological_process,35,6011,0.8078448557142857,0.7630574372600233,0.13928093325683677,119146.0,0.1547719489268309,high_c,0.3244977093441769,0.4887883645729961,0.8103077486285891
GO:0062014,negative regulation of small molecule metabolic process,biological_process,20,6011,0.8318386899999999,0.7630574372600233,0.1830078451009849,70874.0,0.15705964962724822,high_c,0.3288969261193039,0.48294018542784295,0.8039353757180425
GO:0019904,protein domain specific binding,molecular_function,17,6011,0.8326762229411765,0.7630574372600233,0.19813931578637467,61044.0,0.15771221020838766,high_c,0.329865538459953,0.48166305347083377,0.802134681935233
GO:2000243,positive regulation of reproductive process,biological_process,43,6011,0.8030143625581395,0.7630574372600233,0.12459473782654773,144299.0,0.15857152940733898,high_c,0.33094506162390674,0.4802440950879047,0.7997747850588978
GO:0006352,DNA-templated transcription initiation,biological_process,76,6011,0.7986669911842106,0.7630574372600233,0.09396976012060487,246723.0,0.15860961478749447,high_c,0.33094506162390674,0.4802440950879047,0.7996704896376539
GO:0098813,nuclear chromosome segregation,biological_process,46,6011,0.8084527297826088,0.7630574372600233,0.12021575130289008,153688.0,0.15953365933484032,high_c,0.3320748592389482,0.4787640027728719,0.7971476729756063
GO:0140297,DNA-binding transcription factor binding,molecular_function,47,6011,0.8060312878723404,0.7630574372600233,0.11897626896128544,156829.0,0.15940614563031907,high_c,0.3320748592389482,0.4787640027728719,0.7974949391388706
GO:0007531,mating type determination,biological_process,16,6011,0.7200073606249999,0.7630574372600233,-0.20277314428690574,38235.0,0.1606783412143531,low_c,0.33365741668435045,0.47669921701645296,0.7940426604179096
GO:0007530,sex determination,biological_process,16,6011,0.7200073606249999,0.7630574372600233,-0.20277314428690574,38235.0,0.1606783412143531,low_c,0.33365741668435045,0.47669921701645296,0.7940426604179096
GO:0090734,site of DNA damage,cellular_component,24,6011,0.727806245,0.7630574372600233,-0.16552530482712546,59952.0,0.16105069697296914,low_c,0.3340310752031953,0.47621312851331654,0.7930373913605298
GO:0098791,Golgi apparatus subcompartment,cellular_component,75,6011,0.8022586731999999,0.7630574372600233,0.09383198562443851,243487.0,0.16195644146129107,high_c,0.335184994867528,0.4747154315456247,0.7906017742023603
GO:0005048,signal sequence binding,molecular_function,40,6011,0.7970501010000001,0.7630574372600233,0.12805643945737732,134712.5,0.16212783419597976,high_c,0.335184994867528,0.4747154315456247,0.7901424188343649
GO:0043254,regulation of protein-containing complex assembly,biological_process,95,6011,0.7954244829473683,0.7630574372600233,0.08346678054161782,304465.0,0.16218628783912648,high_c,0.335184994867528,0.4747154315456247,0.7899858663242161
GO:0070887,cellular response to chemical stimulus,biological_process,255,6011,0.785285634745098,0.7630574372600233,0.05152407036476858,771703.0,0.16319813483046652,high_c,0.33619391782957025,0.4734101477583833,0.7872848090470171
GO:1902475,L-alpha-amino acid transmembrane transport,biological_process,25,6011,0.7147708456,0.7630574372600233,-0.16147009689274971,62743.0,0.16292922657652809,low_c,0.33619391782957025,0.4734101477583833,0.7880010040745465
GO:0010948,negative regulation of cell cycle process,biological_process,144,6011,0.7887852997916667,0.7630574372600233,0.06787256405886022,451095.0,0.16344911673280949,high_c,0.33619391782957025,0.4734101477583833,0.7866174219732014
GO:0030674,protein-macromolecule adaptor activity,molecular_function,218,6011,0.7866513013761467,0.7630574372600233,0.05552968863085317,666500.5,0.1633297945104354,high_c,0.33619391782957025,0.4734101477583833,0.7869345843313932
GO:0006893,Golgi to plasma membrane transport,biological_process,35,6011,0.8123837434285713,0.7630574372600233,0.13618282654427238,118822.0,0.16415703226373413,high_c,0.3372504236802869,0.4720474960611134,0.7847405079518941
GO:0000280,nuclear division,biological_process,18,6011,0.8159071283333333,0.7630574372600233,0.18803418803418803,64079.0,0.16773747934692773,high_c,0.3437925196532073,0.4637035770633858,0.775369887573152
GO:0006302,double-strand break repair,biological_process,177,6011,0.7636380703954803,0.7630574372600233,-0.06078917857329624,484923.0,0.1676245511587644,low_c,0.3437925196532073,0.4637035770633858,0.7756623720309209
GO:0042790,nucleolar large rRNA transcription by RNA polymerase I,biological_process,35,6011,0.7894276288571429,0.7630574372600233,0.13471026965002864,118668.0,0.16876541458829586,high_c,0.3454914619401906,0.46156268078784046,0.7727165493715997
GO:0010467,gene expression,biological_process,32,6011,0.8079871353125,0.7630574372600233,0.14061716006021063,109116.0,0.16946539849457898,high_c,0.34651582071447484,0.46027693221481747,0.770918962811338
GO:0044182,filamentous growth of a population of unicellular organisms,biological_process,75,6011,0.7994127858666666,0.7630574372600233,0.09189353099730457,243055.5,0.17080264362810849,high_c,0.3484293646749663,0.4578852509694973,0.7675054117253826
GO:0070783,growth of unicellular organism as a thread of attached cells,biological_process,75,6011,0.7994127858666666,0.7630574372600233,0.09189353099730457,243055.5,0.17080264362810849,high_c,0.3484293646749663,0.4578852509694973,0.7675054117253826
GO:0031967,organelle envelope,cellular_component,124,6011,0.8000116061290321,0.7630574372600233,0.07170939796270615,391167.5,0.17112410144242463,high_c,0.34867539918315626,0.4575786932202432,0.7666888192940162
GO:0070651,nonfunctional rRNA decay,biological_process,21,6011,0.815268563809524,0.7630574372600233,0.17262103505843074,73752.0,0.17144833956196737,high_c,0.3489265152163838,0.4572660268986418,0.7658667165715919
GO:0008023,transcription elongation factor complex,cellular_component,22,6011,0.8095068504545455,0.7630574372600233,0.16800497882481524,76947.0,0.17313349444965997,high_c,0.3515318670931108,0.45403529916371776,0.7616189052760183
GO:0018205,peptidyl-lysine modification,biological_process,32,6011,0.8174233262499999,0.7630574372600233,0.1394463957183476,109004.0,0.1730451786654017,high_c,0.3515318670931108,0.45403529916371776,0.7618404963882337
GO:0000460,maturation of 5.8S rRNA,biological_process,32,6011,0.8103758884375,0.7630574372600233,0.13930005017561475,108990.0,0.17349659669756745,high_c,0.35185758395674893,0.45363308372974814,0.760709039893068
GO:0015291,secondary active transmembrane transporter activity,molecular_function,75,6011,0.7592588370666665,0.7630574372600233,-0.0911792452830189,202303.5,0.1741519861787162,low_c,0.3527746184437005,0.4525026691932207,0.7590715681104957
GO:0006825,copper ion transport,biological_process,19,6011,0.8121507789473684,0.7630574372600233,0.17985384020799655,67162.0,0.17524556190308105,high_c,0.3545761019391011,0.45029053874561636,0.7563529717373841
GO:0006289,nucleotide-excision repair,biological_process,60,6011,0.7961686288333333,0.7630574372600233,0.10149554696689633,196650.0,0.17549962130134766,high_c,0.35467676668118686,0.4501672593223307,0.7557238163315615
GO:0045005,DNA-templated DNA replication maintenance of fidelity,biological_process,26,6011,0.732764266923077,0.7630574372600233,-0.15358910095752198,65855.0,0.17594186058771155,low_c,0.35481698174724713,0.44999560275623035,0.7546308196705471
GO:0051050,positive regulation of transport,biological_process,59,6011,0.7964336861016948,0.7630574372600233,0.10223027155093867,193534.0,0.17597777723754593,high_c,0.35481698174724713,0.44999560275623035,0.7545421721430488
GO:0042579,microbody,cellular_component,115,6011,0.7595724433043478,0.7630574372600233,-0.07349271429414195,314104.5,0.1764373829671354,low_c,0.35491923155382044,0.44987046745597237,0.7534093925812358
GO:0005777,peroxisome,cellular_component,115,6011,0.7595724433043478,0.7630574372600233,-0.07349271429414195,314104.5,0.1764373829671354,low_c,0.35491923155382044,0.44987046745597237,0.7534093925812358
GO:0006783,heme biosynthetic process,biological_process,16,6011,0.8109550825,0.7630574372600233,0.1950166805671394,57313.0,0.17729474556864455,high_c,0.35499847555613256,0.44977351189978226,0.751304135264045
GO:0046148,pigment biosynthetic process,biological_process,16,6011,0.8109550825,0.7630574372600233,0.1950166805671394,57313.0,0.17729474556864455,high_c,0.35499847555613256,0.44977351189978226,0.751304135264045
GO:0006779,porphyrin-containing compound biosynthetic process,biological_process,16,6011,0.8109550825,0.7630574372600233,0.1950166805671394,57313.0,0.17729474556864455,high_c,0.35499847555613256,0.44977351189978226,0.751304135264045
GO:0033014,tetrapyrrole biosynthetic process,biological_process,16,6011,0.8109550825,0.7630574372600233,0.1950166805671394,57313.0,0.17729474556864455,high_c,0.35499847555613256,0.44977351189978226,0.751304135264045
GO:0031507,heterochromatin formation,biological_process,129,6011,0.7907017450387598,0.7630574372600233,0.06906499661297505,405591.5,0.17898947272103516,high_c,0.35594888978258793,0.448612357305004,0.7471725113307812
GO:0070828,heterochromatin organization,biological_process,129,6011,0.7907017450387598,0.7630574372600233,0.06906499661297505,405591.5,0.17898947272103516,high_c,0.35594888978258793,0.448612357305004,0.7471725113307812
GO:0045814,"negative regulation of gene expression, epigenetic",biological_process,129,6011,0.7907017450387598,0.7630574372600233,0.06906499661297505,405591.5,0.17898947272103516,high_c,0.35594888978258793,0.448612357305004,0.7471725113307812
GO:0006633,fatty acid biosynthetic process,biological_process,23,6011,0.8201917204347824,0.7630574372600233,0.16203421335424473,80020.0,0.1792046829896209,high_c,0.35594888978258793,0.448612357305004,0.746650645511074
GO:0045834,positive regulation of lipid metabolic process,biological_process,20,6011,0.8108052420000001,0.7630574372600233,0.1739943248205642,70334.0,0.1785174663049427,high_c,0.35594888978258793,0.448612357305004,0.7483192857212176
GO:0042274,ribosomal small subunit biogenesis,biological_process,39,6011,0.811830878205128,0.7630574372600233,0.12464148934343178,130969.0,0.17905673106040987,high_c,0.35594888978258793,0.448612357305004,0.7470093484446091
GO:0048878,chemical homeostasis,biological_process,240,6011,0.7800836613750001,0.7630574372600233,0.05116819730838107,727955.0,0.178571226900201,high_c,0.35594888978258793,0.448612357305004,0.7481885174808046
GO:0000423,mitophagy,biological_process,19,6011,0.8051823689473685,0.7630574372600233,0.17792143911179825,67052.0,0.17992856476113206,high_c,0.3564773512724915,0.44796805776118614,0.7448998842733566
GO:0030695,GTPase regulator activity,molecular_function,104,6011,0.7916250384615384,0.7630574372600233,0.07656333424489858,330681.5,0.18008677250344185,high_c,0.3564773512724915,0.44796805776118614,0.7445181852356187
GO:0006220,pyrimidine nucleotide metabolic process,biological_process,21,6011,0.783963474761905,0.7630574372600233,0.16923443834963026,73539.0,0.18000691152256476,high_c,0.3564773512724915,0.44796805776118614,0.7447108194606635
GO:0002098,tRNA wobble uridine modification,biological_process,29,6011,0.8018948996551724,0.7630574372600233,0.1438914444482875,99220.0,0.18066067154071985,high_c,0.3572060658253869,0.4470811748335298,0.7431363797679004
GO:0080134,regulation of response to stress,biological_process,98,6011,0.7927881128571428,0.7630574372600233,0.07867134677310794,312531.0,0.18097772749727992,high_c,0.3574258645452536,0.44681402367467227,0.7423748694413734
GO:0006397,mRNA processing,biological_process,163,6011,0.7884267525153374,0.7630574372600233,0.06123849168715845,505799.0,0.18169085099723115,high_c,0.358210378517219,0.44586183538407864,0.7406669409443302
GO:0043937,regulation of sporulation,biological_process,17,6011,0.834141392352941,0.7630574372600233,0.1872656970696187,60490.0,0.18178764024980987,high_c,0.358210378517219,0.44586183538407864,0.7404356478125038
GO:1901073,glucosamine-containing compound biosynthetic process,biological_process,20,6011,0.720810302,0.7630574372600233,-0.17220831246870305,49593.0,0.18301679127408865,low_c,0.3587788999496678,0.4451731060540379,0.7375090631485652
GO:0140678,molecular function inhibitor activity,molecular_function,64,6011,0.7874949196875001,0.7630574372600233,0.09674520766773154,208715.0,0.182453631286277,high_c,0.3587788999496678,0.4451731060540379,0.7388474886605354
GO:0006515,protein quality control for misfolded or incompletely synthesized proteins,biological_process,34,6011,0.8180354994117646,0.7630574372600233,0.1322028560462163,115042.0,0.183109507693206,high_c,0.3587788999496678,0.4451731060540379,0.7372891050074603
GO:0006023,aminoglycan biosynthetic process,biological_process,20,6011,0.720810302,0.7630574372600233,-0.17220831246870305,49593.0,0.18301679127408865,low_c,0.3587788999496678,0.4451731060540379,0.7375090631485652
GO:0006031,chitin biosynthetic process,biological_process,20,6011,0.720810302,0.7630574372600233,-0.17220831246870305,49593.0,0.18301679127408865,low_c,0.3587788999496678,0.4451731060540379,0.7375090631485652
GO:0044232,organelle membrane contact site,cellular_component,71,6011,0.8000076388732393,0.7630574372600233,0.09168207900602265,230203.0,0.18352319717409915,high_c,0.35918407023025495,0.4446829324849863,0.736309033493733
GO:0000281,mitotic cytokinesis,biological_process,16,6011,0.825327275625,0.7630574372600233,0.19201417848206837,57169.0,0.18405955550935804,high_c,0.35982814004982605,0.44390487603638623,0.7350416310982583
GO:0009894,regulation of catabolic process,biological_process,170,6011,0.7903310247058823,0.7630574372600233,0.05950431533681777,526028.0,0.18532858633707106,high_c,0.361901491429871,0.44140962711996184,0.7320575869902212
GO:0032880,regulation of protein localization,biological_process,81,6011,0.7954610474074074,0.7630574372600233,0.08541211250598546,260678.0,0.18606839732842695,high_c,0.3627231644504006,0.44042470835189723,0.7303273830828668
GO:0007088,regulation of mitotic nuclear division,biological_process,39,6011,0.7975124464102564,0.7630574372600233,0.12263211225033066,130735.0,0.1861672462703381,high_c,0.3627231644504006,0.44042470835189723,0.7300967251554955
GO:0072348,sulfur compound transport,biological_process,28,6011,0.7366330867857142,0.7630574372600233,-0.14446885222415895,71661.0,0.18655905690540675,low_c,0.3630790614212849,0.4399987958995527,0.7291836623639028
GO:0030688,"preribosome, small subunit precursor",cellular_component,22,6011,0.809713689090909,0.7630574372600233,0.1627225671306487,76599.0,0.18704487364491507,high_c,0.3636169100196781,0.439355928097299,0.7280541900492257
GO:0048278,vesicle docking,biological_process,31,6011,0.7562561470967744,0.7630574372600233,-0.13685402956090198,80005.0,0.1881057394724307,low_c,0.3652702055079862,0.4373857510325089,0.7255979530770643
GO:0051493,regulation of cytoskeleton organization,biological_process,95,6011,0.795216090631579,0.7630574372600233,0.07853813031564716,303080.0,0.1884366454877443,high_c,0.36550392912483143,0.4371079500657345,0.7248346355902956
GO:0080135,regulation of cellular response to stress,biological_process,91,6011,0.7928489873626375,0.7630574372600233,0.0800601425601426,290925.0,0.18931106423115096,high_c,0.366790186947855,0.4355822918989791,0.722824003077327
GO:0017025,TBP-class protein binding,molecular_function,15,6011,0.8339819893333335,0.7630574372600233,0.19548587947520568,53761.0,0.1903520025026615,high_c,0.3679856084015817,0.43416916587538734,0.7204425500485561
GO:0051783,regulation of nuclear division,biological_process,73,6011,0.7935436279452055,0.7630574372600233,0.08907108615510961,236042.0,0.1902092315225361,high_c,0.3679856084015817,0.43416916587538734,0.7207684090494716
GO:0046822,regulation of nucleocytoplasmic transport,biological_process,21,6011,0.8165038676190475,0.7630574372600233,0.16499721758486374,73272.5,0.19115720650967583,high_c,0.3691311573979947,0.4328192955929509,0.7186093247001952
GO:0042626,ATPase-coupled transmembrane transporter activity,molecular_function,58,6011,0.7780045739655173,0.7630574372600233,0.09928926012384376,189778.0,0.1924945951692193,high_c,0.37130068579307185,0.4302742486303674,0.7155814600315156
GO:0019320,hexose catabolic process,biological_process,17,6011,0.8118933447058824,0.7630574372600233,0.18257473159433935,60251.0,0.19297755811777084,high_c,0.37181913528573823,0.42966826347439363,0.7144931933358037
GO:0005933,cellular bud,cellular_component,67,6011,0.7992686262686568,0.7630574372600233,0.09221640786645513,217486.5,0.19362049700423767,high_c,0.372644326828555,0.42870548612246834,0.7130486694209998
GO:0007117,budding cell bud growth,biological_process,25,6011,0.8163934999999999,0.7630574372600233,0.1502572669562312,86068.0,0.19415282918074317,high_c,0.373154115258468,0.4281117644839205,0.7118562765645843
GO:0009218,pyrimidine ribonucleotide metabolic process,biological_process,15,6011,0.7940140553333336,0.7630574372600233,0.1937513898154326,53683.0,0.1943152766092483,high_c,0.373154115258468,0.4281117644839205,0.7114930548490304
GO:0061013,regulation of mRNA catabolic process,biological_process,52,6011,0.7998203484615385,0.7630574372600233,0.10419275304323139,171077.0,0.19512090962367468,high_c,0.3742871813333693,0.4267950464402486,0.7096961880755184
GO:0043328,protein transport to vacuole involved in ubiquitin-dependent protein catabolic process via the multivesicular body sorting pathway,biological_process,27,6011,0.7474266399999999,0.7630574372600233,-0.14416221033868093,69138.0,0.1955343925544113,low_c,0.374666341583287,0.42635532030684936,0.7087768434705094
GO:0005635,nuclear envelope,cellular_component,111,6011,0.8005470791891891,0.7630574372600233,0.07155443579172394,350880.5,0.19583870143539084,high_c,0.3748357063857095,0.4261590454585764,0.7081014792389543
GO:0019207,kinase regulator activity,molecular_function,70,6011,0.7940217137142858,0.7630574372600233,0.0897299636905764,226593.0,0.19615805027645072,high_c,0.3750334529514521,0.42592999151432837,0.7073938638337164
GO:0051985,negative regulation of chromosome segregation,biological_process,23,6011,0.8046584691304348,0.7630574372600233,0.15532514303970268,79558.0,0.1978889078203886,high_c,0.3762706943879459,0.42449960512211987,0.703578548428294
GO:1905819,negative regulation of chromosome separation,biological_process,23,6011,0.8046584691304348,0.7630574372600233,0.15532514303970268,79558.0,0.1978889078203886,high_c,0.3762706943879459,0.42449960512211987,0.703578548428294
GO:0006874,intracellular calcium ion homeostasis,biological_process,23,6011,0.6926674869565216,0.7630574372600233,-0.15541227382300837,58160.0,0.19763745289480728,low_c,0.3762706943879459,0.42449960512211987,0.7041307518320955
GO:1902100,negative regulation of metaphase/anaphase transition of cell cycle,biological_process,23,6011,0.8046584691304348,0.7630574372600233,0.15532514303970268,79558.0,0.1978889078203886,high_c,0.3762706943879459,0.42449960512211987,0.703578548428294
GO:0051129,negative regulation of cellular component organization,biological_process,119,6011,0.7865936336974789,0.7630574372600233,0.06887276295446898,374719.0,0.19766478175048496,high_c,0.3762706943879459,0.42449960512211987,0.7040707027344875
GO:0031400,negative regulation of protein modification process,biological_process,16,6011,0.8235930412500001,0.7630574372600233,0.18546705587989987,56855.0,0.19946989114960567,high_c,0.37886185014848517,0.4215191242160311,0.7001226493226728
GO:1901700,response to oxygen-containing compound,biological_process,65,6011,0.7987745416923077,0.7630574372600233,0.0922921679732982,211080.0,0.19996182433524778,high_c,0.37896695092357,0.42139866247878605,0.6990529096514088
GO:0009896,positive regulation of catabolic process,biological_process,91,6011,0.7960186364835166,0.7630574372600233,0.07818904068904065,290421.0,0.19986310832457954,high_c,0.37896695092357,0.42139866247878605,0.69926736260858
GO:0019395,fatty acid oxidation,biological_process,17,6011,0.7513523352941176,0.7630574372600233,-0.1795128461795128,41803.0,0.2005494982178112,low_c,0.3792526458672334,0.4210713806624422,0.6977784203016729
GO:0034440,lipid oxidation,biological_process,17,6011,0.7513523352941176,0.7630574372600233,-0.1795128461795128,41803.0,0.2005494982178112,low_c,0.3792526458672334,0.4210713806624422,0.6977784203016729
GO:0007007,inner mitochondrial membrane organization,biological_process,38,6011,0.8086806636842105,0.7630574372600233,0.12006661555949139,127113.0,0.20133796298257356,high_c,0.37950347854261424,0.42078423899132356,0.6960743296349478
GO:0005096,GTPase activator activity,molecular_function,47,6011,0.8051046706382977,0.7630574372600233,0.10804186823066053,155296.5,0.20133681827813033,high_c,0.37950347854261424,0.42078423899132356,0.6960767988177535
GO:0012505,endomembrane system,cellular_component,56,6011,0.8086288505357143,0.7630574372600233,0.0990764063811922,183260.0,0.20123667950370905,high_c,0.37950347854261424,0.42078423899132356,0.6962928573426803
GO:0022616,DNA strand elongation,biological_process,27,6011,0.7521124359259259,0.7630574372600233,-0.14205783323430388,69308.0,0.20213791643005719,low_c,0.38059807258414236,0.4195334153873873,0.6943522151742311
GO:0016810,"hydrolase activity, acting on carbon-nitrogen (but not peptide) bonds",molecular_function,63,6011,0.7976760684126986,0.7630574372600233,0.09305515526093866,204797.0,0.20321936159448017,high_c,0.38221973101627044,0.41768689747381677,0.6920349172883778
GO:0007121,bipolar cellular bud site selection,biological_process,16,6011,0.6950155675,0.7630574372600233,-0.1835279399499583,39158.0,0.20421013446121639,low_c,0.38325274964829364,0.41651472061501615,0.6899227087164567
GO:0090575,RNA polymerase II transcription regulator complex,cellular_component,74,6011,0.8003832505405406,0.7630574372600233,0.08576995388516351,238510.0,0.20411540537705197,high_c,0.38325274964829364,0.41651472061501615,0.6901242161670204
GO:0007059,chromosome segregation,biological_process,93,6011,0.798929520752688,0.7630574372600233,0.07640985947737367,296214.0,0.20542389267662886,high_c,0.38511433875445755,0.4144103112240384,0.6873490453825771
GO:0001671,ATPase activator activity,molecular_function,23,6011,0.8146120595652174,0.7630574372600233,0.15215939124626066,79340.0,0.20718446735985885,high_c,0.38729491167510954,0.4119582087870608,0.6836428068069241
GO:0004601,peroxidase activity,molecular_function,15,6011,0.815249296,0.7630574372600233,0.18816989103847015,53432.0,0.20747941696880867,high_c,0.38729491167510954,0.4119582087870608,0.6830249810735988
GO:0004177,aminopeptidase activity,molecular_function,15,6011,0.811823466,0.7630574372600233,0.1882810762730709,53437.0,0.207211018761996,high_c,0.38729491167510954,0.4119582087870608,0.6835871540412116
GO:0016684,"oxidoreductase activity, acting on peroxide as acceptor",molecular_function,15,6011,0.815249296,0.7630574372600233,0.18816989103847015,53432.0,0.20747941696880867,high_c,0.38729491167510954,0.4119582087870608,0.6830249810735988
GO:0006890,"retrograde vesicle-mediated transport, Golgi to endoplasmic reticulum",biological_process,36,6011,0.7917994372222222,0.7630574372600233,0.12150627615062759,120618.0,0.2081060293574134,high_c,0.3880473329371318,0.41111529713865547,0.681715336997786
GO:0006885,regulation of pH,biological_process,33,6011,0.7984549324242424,0.7630574372600233,0.12653466751827414,111118.0,0.2093377090733045,high_c,0.3899251748404041,0.4090187244393081,0.6791525329257998
GO:0008092,cytoskeletal protein binding,molecular_function,112,6011,0.7963902436607143,0.7630574372600233,0.0689826362821786,353132.0,0.2103857593501951,high_c,0.3914573185765688,0.4073155830751711,0.6769836601691442
GO:0048284,organelle fusion,biological_process,93,6011,0.7963838913978495,0.7630574372600233,0.07552318968555927,295970.0,0.2107320269815477,high_c,0.39168179747319787,0.40706661083822937,0.6762694554486091
GO:0008374,O-acyltransferase activity,molecular_function,25,6011,0.818065938,0.7630574372600233,0.14409622452388904,85607.0,0.21307631136191774,high_c,0.3948536678281276,0.4035638234350944,0.6714648300448519
GO:0043495,protein-membrane adaptor activity,molecular_function,27,6011,0.8109420377777778,0.7630574372600233,0.138715587244999,91990.0,0.21295752822376612,high_c,0.3948536678281276,0.4035638234350944,0.6717070026517477
GO:0008408,3'-5' exonuclease activity,molecular_function,27,6011,0.7470625348148149,0.7630574372600233,-0.13866607248960194,69582.0,0.21312090250861493,low_c,0.3948536678281276,0.4035638234350944,0.6713739533877893
GO:0071705,nitrogen compound transport,biological_process,247,6011,0.7790300070445344,0.7630574372600233,0.04664861052968727,745061.0,0.21373848741589718,high_c,0.3955757080533022,0.4027703858876174,0.670117268349026
GO:0019674,NAD+ metabolic process,biological_process,24,6011,0.7429938625,0.7630574372600233,-0.14645621067869274,61322.0,0.21494702701836443,low_c,0.39729955620811047,0.4008819200603592,0.6676685573320321
GO:0061025,membrane fusion,biological_process,50,6011,0.8013774728,0.7630574372600233,0.10164737460157691,164173.0,0.2151276398822718,high_c,0.39729955620811047,0.4008819200603592,0.6673037873011337
GO:0005637,nuclear inner membrane,cellular_component,19,6011,0.82259404,0.7630574372600233,0.16421895861148195,66272.0,0.21582888668999756,high_c,0.39740219314712644,0.4007697404746516,0.6658904294840116
GO:0015629,actin cytoskeleton,cellular_component,27,6011,0.8057537248148147,0.7630574372600233,0.13788621509209742,91923.0,0.21570599092864484,high_c,0.39740219314712644,0.4007697404746516,0.6661377928153012
GO:0032231,regulation of actin filament bundle assembly,biological_process,15,6011,0.8113197566666667,0.7630574372600233,0.18474538581276412,53278.0,0.2158699701254264,high_c,0.39740219314712644,0.4007697404746516,0.6658077685777962
GO:1905368,peptidase complex,cellular_component,48,6011,0.7928520250000001,0.7630574372600233,0.10315696796914309,157875.0,0.21765526568559312,high_c,0.400264344523506,0.3976530950469558,0.6622308215893599
GO:1903338,regulation of cell wall organization or biogenesis,biological_process,29,6011,0.7965278013793102,0.7630574372600233,0.13232801853837373,98217.0,0.2182717864382554,high_c,0.4009733558273136,0.39688448474045884,0.661002397071669
GO:0090174,organelle membrane fusion,biological_process,45,6011,0.8029445355555556,0.7630574372600233,0.10630610496517301,148505.0,0.2185519246732659,high_c,0.40106357424184946,0.3967867801129154,0.6604453645515957
GO:0031201,SNARE complex,cellular_component,26,6011,0.8159429399999999,0.7630574372600233,0.1394383394383394,88654.0,0.2191989280313722,high_c,0.4018261236140044,0.39596183221542397,0.6591615740526237
GO:0046365,monosaccharide catabolic process,biological_process,23,6011,0.8077525265217392,0.7630574372600233,0.14788998286427923,79046.0,0.2202168188661746,high_c,0.40326624214312146,0.394408131735461,0.6571495152378679
GO:0051651,maintenance of location in cell,biological_process,36,6011,0.8025747080555556,0.7630574372600233,0.11823337982333793,120266.0,0.2206195541634477,high_c,0.4035003902197373,0.39415604094142326,0.6563559973857414
GO:0003682,chromatin binding,molecular_function,148,6011,0.78538113,0.7630574372600233,0.05884129054860754,459391.0,0.220809545339142,high_c,0.4035003902197373,0.39415604094142326,0.6559821564930486
GO:0060589,nucleoside-triphosphatase regulator activity,molecular_function,112,6011,0.7895681662500001,0.7630574372600233,0.06735554452328474,352594.5,0.22134407028165892,high_c,0.40405184648681375,0.3935629042001872,0.6549321081032463
GO:0009303,rRNA transcription,biological_process,48,6011,0.7916066408333333,0.7630574372600233,0.10222762591536694,157742.0,0.22182852099883632,high_c,0.4045108324096427,0.3930698439089584,0.6539826163649571
GO:0034511,U3 snoRNA binding,molecular_function,16,6011,0.788092425625,0.7630574372600233,0.1760633861551293,56404.0,0.22322208477656003,high_c,0.40551207498348885,0.3919962092194826,0.6512628401013292
GO:0000425,pexophagy,biological_process,33,6011,0.8056338281818182,0.7630574372600233,0.12280381601224688,110750.0,0.22308254222626167,high_c,0.40551207498348885,0.3919962092194826,0.6515344149759481
GO:0030242,autophagy of peroxisome,biological_process,33,6011,0.8056338281818182,0.7630574372600233,0.12280381601224688,110750.0,0.22308254222626167,high_c,0.40551207498348885,0.3919962092194826,0.6515344149759481
GO:0000075,cell cycle checkpoint signaling,biological_process,107,6011,0.7904252511214954,0.7630574372600233,0.0685896461768356,337529.0,0.22331194912685215,high_c,0.40551207498348885,0.3919962092194826,0.6510880377838556
GO:0031145,anaphase-promoting complex-dependent catabolic process,biological_process,17,6011,0.7125910694117648,0.7630574372600233,-0.17036644487624875,42269.0,0.22445493934039373,low_c,0.40716172904380726,0.39023305003819847,0.648870833101828
GO:0006271,DNA strand elongation involved in DNA replication,biological_process,24,6011,0.7557612641666666,0.7630574372600233,-0.14338010133066093,61543.0,0.22473650874539675,low_c,0.4072469511294455,0.39014215837025557,0.6483263701321843
GO:0031139,positive regulation of conjugation with cellular fusion,biological_process,26,6011,0.8024897573076922,0.7630574372600233,0.13756185335132698,88508.0,0.22546430704320009,high_c,0.40813976749426,0.3891910872608134,0.6469222009306229
GO:0016310,phosphorylation,biological_process,19,6011,0.7968885789473684,0.7630574372600233,0.16060009837678302,66066.0,0.22611797774491815,high_c,0.4088966764220603,0.38838641944670466,0.6456649072476093
GO:0006906,vesicle fusion,biological_process,39,6011,0.8067512466666665,0.7630574372600233,0.11212152437872458,129511.0,0.2267811326539041,high_c,0.40966914285866546,0.3875667467886083,0.6443930799605361
GO:1901976,regulation of cell cycle checkpoint,biological_process,26,6011,0.8096894861538461,0.7630574372600233,0.13676498939656834,88446.0,0.22816326954995192,high_c,0.41092921783432607,0.386232978492085,0.6417542684002457
GO:0031401,positive regulation of protein modification process,biological_process,27,6011,0.8135227566666666,0.7630574372600233,0.13432115270350575,91635.0,0.22781116668138246,high_c,0.41092921783432607,0.386232978492085,0.642424991805444
GO:0006284,base-excision repair,biological_process,20,6011,0.7432920359999999,0.7630574372600233,-0.15585044233016188,50573.0,0.2281888052950981,low_c,0.41092921783432607,0.386232978492085,0.6417056654297273
GO:1905039,carboxylic acid transmembrane transport,biological_process,53,6011,0.7473095796226413,0.7630574372600233,-0.09591669991829599,142743.0,0.22859737088355836,low_c,0.41123837912316824,0.3859063612705171,0.6409287687671976
GO:0140359,ABC-type transporter activity,molecular_function,22,6011,0.7332165636363634,0.7630574372600233,-0.14808967956404928,56123.0,0.2298593732728298,low_c,0.4130806128381289,0.3839651873400432,0.638537781765023
GO:0042149,cellular response to glucose starvation,biological_process,33,6011,0.8010072393939395,0.7630574372600233,0.12082687024139016,110555.0,0.23062221493651403,high_c,0.41402292154062914,0.3829756143789899,0.6370988611364614
GO:0015631,tubulin binding,molecular_function,49,6011,0.7602468859183673,0.7630574372600233,-0.09907646386296887,131597.0,0.2316218928395125,low_c,0.41535059389863177,0.3815851642123131,0.635220393605934
GO:0070201,regulation of establishment of protein localization,biological_process,29,6011,0.8047211127586207,0.7630574372600233,0.12851197269970838,97886.0,0.23184027965885612,high_c,0.41535059389863177,0.3815851642123131,0.6348111080020208
GO:1904951,positive regulation of establishment of protein localization,biological_process,19,6011,0.8067632531578947,0.7630574372600233,0.1580352751036469,65920.0,0.2336191554828655,high_c,0.41767544172837745,0.3791610594138294,0.6314915503462976
GO:0051222,positive regulation of protein transport,biological_process,19,6011,0.8067632531578947,0.7630574372600233,0.1580352751036469,65920.0,0.2336191554828655,high_c,0.41767544172837745,0.3791610594138294,0.6314915503462976
GO:0019751,polyol metabolic process,biological_process,37,6011,0.8083901932432431,0.7630574372600233,0.1130393868927515,123012.0,0.23517770079833744,high_c,0.4200293092447673,0.3767204038898196,0.6286038598040181
GO:0000724,double-strand break repair via homologous recombination,biological_process,116,6011,0.7639537268965517,0.7630574372600233,-0.06422742827059758,319950.0,0.23546270346343512,low_c,0.42010611840958206,0.3766409933675786,0.6280778739396997
GO:0043244,regulation of protein-containing complex disassembly,biological_process,34,6011,0.8054994614705883,0.7630574372600233,0.11758308811227347,113556.5,0.23640527975105408,high_c,0.42135479019284383,0.37535206441630425,0.6263428283781618
GO:0043467,regulation of generation of precursor metabolites and energy,biological_process,30,6011,0.8052169623333335,0.7630574372600233,0.12439391406119382,100875.0,0.23919347023294024,high_c,0.4258870403327018,0.3707055752294404,0.6212506803713767
GO:0007094,mitotic spindle assembly checkpoint signaling,biological_process,22,6011,0.8010752313636363,0.7630574372600233,0.14415822948132173,75376.0,0.24246685696230663,high_c,0.4264665285578159,0.3701150489819864,0.6153476171528228
GO:0045839,negative regulation of mitotic nuclear division,biological_process,22,6011,0.8010752313636363,0.7630574372600233,0.14415822948132173,75376.0,0.24246685696230663,high_c,0.4264665285578159,0.3701150489819864,0.6153476171528228
GO:2000816,negative regulation of mitotic sister chromatid separation,biological_process,22,6011,0.8010752313636363,0.7630574372600233,0.14415822948132173,75376.0,0.24246685696230663,high_c,0.4264665285578159,0.3701150489819864,0.6153476171528228
GO:0045841,negative regulation of mitotic metaphase/anaphase transition,biological_process,22,6011,0.8010752313636363,0.7630574372600233,0.14415822948132173,75376.0,0.24246685696230663,high_c,0.4264665285578159,0.3701150489819864,0.6153476171528228
GO:0033046,negative regulation of sister chromatid segregation,biological_process,22,6011,0.8010752313636363,0.7630574372600233,0.14415822948132173,75376.0,0.24246685696230663,high_c,0.4264665285578159,0.3701150489819864,0.6153476171528228
GO:1903311,regulation of mRNA metabolic process,biological_process,61,6011,0.7967072844262294,0.7630574372600233,0.08697616751618686,197259.0,0.24181105147009518,high_c,0.4264665285578159,0.3701150489819864,0.6165238544975798
GO:0071173,spindle assembly checkpoint signaling,biological_process,22,6011,0.8010752313636363,0.7630574372600233,0.14415822948132173,75376.0,0.24246685696230663,high_c,0.4264665285578159,0.3701150489819864,0.6153476171528228
GO:0033048,negative regulation of mitotic sister chromatid segregation,biological_process,22,6011,0.8010752313636363,0.7630574372600233,0.14415822948132173,75376.0,0.24246685696230663,high_c,0.4264665285578159,0.3701150489819864,0.6153476171528228
GO:0006575,modified amino acid metabolic process,biological_process,54,6011,0.7952656837037039,0.7630574372600233,0.09274802753063627,175756.5,0.23997947517332885,high_c,0.4264665285578159,0.3701150489819864,0.6198259007889875
GO:0022413,reproductive process in single-celled organism,biological_process,98,6011,0.7520980164285713,0.7630574372600233,-0.06892285072324211,269767.5,0.2412047866116046,low_c,0.4264665285578159,0.3701150489819864,0.6176140780477226
GO:0006351,DNA-templated transcription,biological_process,179,6011,0.7837025887150838,0.7630574372600233,0.05129089362484773,548736.0,0.24174870434986606,high_c,0.4264665285578159,0.3701150489819864,0.6166358448363217
GO:0031032,actomyosin structure organization,biological_process,15,6011,0.8171440586666667,0.7630574372600233,0.1746275294640871,52823.0,0.24208035394858318,high_c,0.4264665285578159,0.3701150489819864,0.6160404543332638
GO:0032107,regulation of response to nutrient levels,biological_process,25,6011,0.8191443843999999,0.7630574372600233,0.13516872702973615,84939.0,0.2428052325299611,high_c,0.4266294369149924,0.3699491820589177,0.6147419583117626
GO:0002182,cytoplasmic translational elongation,biological_process,24,6011,0.8158419895833333,0.7630574372600233,0.13725572072824455,81705.0,0.24516623962990491,high_c,0.4302381640496871,0.3662910683766103,0.610539334120576
GO:0045787,positive regulation of cell cycle,biological_process,89,6011,0.7933247514606742,0.7630574372600233,0.07163537978742385,282407.0,0.24535471336934922,high_c,0.4302381640496871,0.3662910683766103,0.6102055946195335
GO:0009410,response to xenobiotic stimulus,biological_process,20,6011,0.734289862,0.7630574372600233,-0.15007511266900353,50919.0,0.2458940280456341,low_c,0.43031454907985967,0.3662139700264803,0.6092520187127748
GO:0008194,UDP-glycosyltransferase activity,molecular_function,24,6011,0.7385980579166667,0.7630574372600233,-0.13707477311953675,61996.0,0.24578904604711949,low_c,0.43031454907985967,0.3662139700264803,0.6094374759951148
GO:0016773,"phosphotransferase activity, alcohol group as acceptor",molecular_function,202,6011,0.7865783494554456,0.7630574372600233,0.04791642875769764,614822.0,0.24627040487703356,high_c,0.4305391972472611,0.36598730327361306,0.608587775618705
GO:0055074,calcium ion homeostasis,biological_process,24,6011,0.6999119770833334,0.7630574372600233,-0.13679639218306328,62016.0,0.24674937454288137,low_c,0.43062405139406545,0.3659017174386366,0.6077439395009581
GO:0048285,organelle fission,biological_process,33,6011,0.7937976493939394,0.7630574372600233,0.11673104413151258,110151.0,0.2468150524983267,high_c,0.43062405139406545,0.3659017174386366,0.6076283575333842
GO:0031261,DNA replication preinitiation complex,cellular_component,22,6011,0.7317058027272728,0.7630574372600233,-0.14230634951957377,56504.0,0.24857104119150342,low_c,0.4332523368558734,0.36325908613078217,0.6045494685475565
GO:0032956,regulation of actin cytoskeleton organization,biological_process,63,6011,0.7932708341269842,0.7630574372600233,0.08425401095206064,203148.0,0.2492870152924439,high_c,0.4336295175828483,0.3628811626158219,0.6033003421689238
GO:0032970,regulation of actin filament-based process,biological_process,63,6011,0.7932708341269842,0.7630574372600233,0.08425401095206064,203148.0,0.2492870152924439,high_c,0.4336295175828483,0.3628811626158219,0.6033003421689238
GO:0043487,regulation of RNA stability,biological_process,47,6011,0.8004070376595745,0.7630574372600233,0.0973643278108367,153800.0,0.24953869374200843,high_c,0.4336328051412679,0.3628778700284624,0.6028621026429531
GO:0051453,regulation of intracellular pH,biological_process,32,6011,0.7957607909375,0.7630574372600233,0.11770362936945977,106924.0,0.2501295447211277,high_c,0.4342248896358777,0.3622852865432392,0.6018350073837123
GO:0044042,glucan metabolic process,biological_process,54,6011,0.7981776211111111,0.7630574372600233,0.09059991668687317,175411.0,0.2510418642207819,high_c,0.43537330298429305,0.3611382053410426,0.600253848702197
GO:0045833,negative regulation of lipid metabolic process,biological_process,17,6011,0.8228384652941177,0.7630574372600233,0.1606704743959646,59135.0,0.2519492154291566,high_c,0.4354958503491875,0.36101597884009695,0.598686989700824
GO:0006892,post-Golgi vesicle-mediated transport,biological_process,87,6011,0.7921116125287354,0.7630574372600233,0.07141415787717209,276097.0,0.2521159732724271,high_c,0.4354958503491875,0.36101597884009695,0.5983996379240624
GO:0051055,negative regulation of lipid biosynthetic process,biological_process,17,6011,0.8228384652941177,0.7630574372600233,0.1606704743959646,59135.0,0.2519492154291566,high_c,0.4354958503491875,0.36101597884009695,0.598686989700824
GO:0006606,protein import into nucleus,biological_process,63,6011,0.7903790544444443,0.7630574372600233,0.08382969865821255,203068.5,0.25167903109170264,high_c,0.4354958503491875,0.36101597884009695,0.5991529666547402
GO:0010570,regulation of filamentous growth,biological_process,51,6011,0.7988119705882353,0.7630574372600233,0.09259113041189626,166052.0,0.2541676912473467,high_c,0.43860349105903973,0.35792791588320394,0.5948796560037685
GO:0006605,protein targeting,biological_process,149,6011,0.7864604486577181,0.7630574372600233,0.054552240685658226,460543.0,0.2547611993443868,high_c,0.43919110433153474,0.35734646495790157,0.5938667152447566
GO:0009251,glucan catabolic process,biological_process,15,6011,0.8273559013333334,0.7630574372600233,0.16989103847009113,52610.0,0.2550905367872325,high_c,0.4393225911335671,0.35721646358561354,0.5933056523165802
GO:0007093,mitotic cell cycle checkpoint signaling,biological_process,82,6011,0.791276258902439,0.7630574372600233,0.07287043017166561,260803.0,0.2563840720354347,high_c,0.4411127344435229,0.35545040443260695,0.5911089590361696
GO:0023051,regulation of signaling,biological_process,156,6011,0.7880050491025641,0.7630574372600233,0.05301626924171754,480902.0,0.25771042346295503,high_c,0.4429557377541484,0.35363966838080696,0.5888680154386374
GO:0008301,"DNA binding, bending",molecular_function,22,6011,0.7297901313636364,0.7630574372600233,-0.1392097633540278,56708.0,0.25901658935506044,low_c,0.44476043434261614,0.3518738543193306,0.5866724195688027
GO:0006109,regulation of carbohydrate metabolic process,biological_process,54,6011,0.798954921111111,0.7630574372600233,0.08891500195848012,175140.0,0.2599643832078449,high_c,0.4459468075581212,0.35071694075351806,0.5850861490902108
GO:0005507,copper ion binding,molecular_function,20,6011,0.8031280544999999,0.7630574372600233,0.14490068435987324,68591.0,0.2625563987066837,high_c,0.44994857665824567,0.3468371176684265,0.5807773931486192
GO:0016180,snRNA processing,biological_process,27,6011,0.8122042777777777,0.7630574372600233,0.12448009506833047,90840.0,0.26371506424575675,high_c,0.45015668783739793,0.34663629329398105,0.5788650612117096
GO:0043130,ubiquitin binding,molecular_function,48,6011,0.8098507454166667,0.7630574372600233,0.09365392140421491,156515.0,0.26304797969880955,high_c,0.45015668783739793,0.34663629329398105,0.5799650293886931
GO:0051054,positive regulation of DNA metabolic process,biological_process,36,6011,0.7922402244444445,0.7630574372600233,0.10792189679218978,119157.0,0.26354455998119797,high_c,0.45015668783739793,0.34663629329398105,0.5791459439511326
GO:0043488,regulation of mRNA stability,biological_process,46,6011,0.7994042145652176,0.7630574372600233,0.09555741827326059,150305.0,0.2635215623995727,high_c,0.45015668783739793,0.34663629329398105,0.5791838432672874
GO:0003678,DNA helicase activity,molecular_function,43,6011,0.7464086439534885,0.7630574372600233,-0.09870082299395222,115647.5,0.26404905744483065,low_c,0.4502840508096523,0.34651343559986814,0.5783153784396013
GO:1990822,basic amino acid transmembrane transport,biological_process,18,6011,0.7192256238888889,0.7630574372600233,-0.1518623579361107,45746.0,0.2652264002968967,low_c,0.4518479204272941,0.34500771216393744,0.5763832489979841
GO:0016073,snRNA metabolic process,biological_process,31,6011,0.8049683941935483,0.7630574372600233,0.11575142949617012,103419.0,0.2656054764841542,high_c,0.4520501050749919,0.3448134254727228,0.5757629745512783
GO:0051784,negative regulation of nuclear division,biological_process,45,6011,0.7911420193333336,0.7630574372600233,0.09601817707751326,147124.0,0.2664344858604114,high_c,0.4530169122954693,0.34388558434589983,0.5744095630994627
GO:0072666,establishment of protein localization to vacuole,biological_process,124,6011,0.7614381183870969,0.7630574372600233,-0.05802561137991313,343815.0,0.2681056484677322,low_c,0.4554123343835451,0.34159521113376684,0.571694036175546
GO:0031577,spindle checkpoint signaling,biological_process,38,6011,0.7949950349999999,0.7630574372600233,0.10379162371020478,125266.0,0.26935717624560385,high_c,0.4566445878538753,0.3404216852385097,0.5696714494391709
GO:0046349,amino sugar biosynthetic process,biological_process,23,6011,0.7324456852173913,0.7630574372600233,-0.13329557666056746,59683.0,0.26917529145327046,low_c,0.4566445878538753,0.3404216852385097,0.5699648080364474
GO:0016592,mediator complex,cellular_component,27,6011,0.8162507381481481,0.7630574372600233,0.12290800158447213,90713.0,0.2697938081873045,high_c,0.456938586354303,0.3401421662315143,0.5689680216802143
GO:2001251,negative regulation of chromosome organization,biological_process,31,6011,0.7825716777419355,0.7630574372600233,0.11462940986082648,103315.0,0.27026685959457386,high_c,0.4572936337779534,0.33980484461614846,0.5682072046808241
GO:0003727,single-stranded RNA binding,molecular_function,26,6011,0.80768564,0.7630574372600233,0.12478632478632479,87514.0,0.27152874748079125,high_c,0.45898140762088957,0.33820490646969487,0.5661841837128897
GO:0042180,ketone metabolic process,biological_process,33,6011,0.8037330475757576,0.7630574372600233,0.11028315946348743,109515.0,0.2738909208171686,high_c,0.4625239674500045,0.33486575771070365,0.5624223638919198
GO:0071470,cellular response to osmotic stress,biological_process,49,6011,0.7534121312244898,0.7630574372600233,-0.0905120182927247,132848.0,0.2744879143863712,low_c,0.46308165148176916,0.3343424265597373,0.5614767726377775
GO:1902532,negative regulation of intracellular signal transduction,biological_process,48,6011,0.7966598091666666,0.7630574372600233,0.09136201017384993,156187.0,0.2749098416831772,high_c,0.4633431894776657,0.3340972161413168,0.5608097122766177
GO:0051223,regulation of protein transport,biological_process,26,6011,0.8022546707692307,0.7630574372600233,0.12362958678748148,87424.0,0.27599703133794384,high_c,0.46386381490497985,0.3336095046099878,0.5590955892408815
GO:0070071,proton-transporting two-sector ATPase complex assembly,biological_process,21,6011,0.7308101252380952,0.7630574372600233,-0.13749900628030842,54247.0,0.27602034608113146,low_c,0.46386381490497985,0.3336095046099878,0.5590589039308403
GO:0097346,INO80-type complex,cellular_component,27,6011,0.8044508307407408,0.7630574372600233,0.1213482867894633,90587.0,0.27591899380204277,high_c,0.46386381490497985,0.3336095046099878,0.5592184023860169
GO:0008168,methyltransferase activity,molecular_function,94,6011,0.7799199390425532,0.7630574372600233,0.06519261126433396,296229.0,0.2774541806750017,high_c,0.46506214233487103,0.3324890121209012,0.5568087268584484
GO:0000288,"nuclear-transcribed mRNA catabolic process, deadenylation-dependent decay",biological_process,16,6011,0.821559674375,0.7630574372600233,0.15696413678065047,55488.0,0.27753708494177787,high_c,0.46506214233487103,0.3324890121209012,0.5566789775521601
GO:0004222,metalloendopeptidase activity,molecular_function,18,6011,0.8141705133333335,0.7630574372600233,0.14815432819771224,61928.0,0.27707313845690607,high_c,0.46506214233487103,0.3324890121209012,0.557405575933426
GO:1902410,mitotic cytokinetic process,biological_process,21,6011,0.8076930638095237,0.7630574372600233,0.13681532713252254,71500.0,0.27841522521367956,high_c,0.4660837328553015,0.33153605444665324,0.5553070188980853
GO:0140352,export from cell,biological_process,63,6011,0.7983727055555556,0.7630574372600233,0.07917827521055498,202197.0,0.2789524976959864,high_c,0.46644172942578693,0.33120260308467164,0.55446974563297
GO:0035861,site of double-strand break,cellular_component,22,6011,0.7347012377272727,0.7630574372600233,-0.13347197134139865,57086.0,0.2791664498118621,low_c,0.46644172942578693,0.33120260308467164,0.5541367763679673
GO:0010646,regulation of cell communication,biological_process,155,6011,0.7873761945806452,0.7630574372600233,0.05063017803631231,476818.0,0.28125667389438846,high_c,0.4681319135960291,0.3296317510404444,0.5508971634543867
GO:0071010,prespliceosome,cellular_component,30,6011,0.8086172033333334,0.7630574372600233,0.11398316892381422,99941.0,0.28081288358296785,high_c,0.4681319135960291,0.3296317510404444,0.5515829708277247
GO:0009966,regulation of signal transduction,biological_process,155,6011,0.7873761945806452,0.7630574372600233,0.05063017803631231,476818.0,0.28125667389438846,high_c,0.4681319135960291,0.3296317510404444,0.5508971634543867
GO:0071004,U2-type prespliceosome,cellular_component,30,6011,0.8086172033333334,0.7630574372600233,0.11398316892381422,99941.0,0.28081288358296785,high_c,0.4681319135960291,0.3296317510404444,0.5515829708277247
GO:0005798,Golgi-associated vesicle,cellular_component,17,6011,0.8294101023529412,0.7630574372600233,0.15091562150385673,58638.0,0.2818966139535405,high_c,0.46874762626757305,0.32906091852076824,0.549910140694998
GO:0030880,RNA polymerase complex,cellular_component,37,6011,0.7992231883783785,0.7630574372600233,0.10227200752811738,121822.0,0.28280284143052736,high_c,0.46890709906723543,0.32891319216541903,0.5485162313270499
GO:0000428,DNA-directed RNA polymerase complex,cellular_component,37,6011,0.7992231883783785,0.7630574372600233,0.10227200752811738,121822.0,0.28280284143052736,high_c,0.46890709906723543,0.32891319216541903,0.5485162313270499
GO:0016075,rRNA catabolic process,biological_process,28,6011,0.8087879192857141,0.7630574372600233,0.11758315226475013,93611.0,0.28237002396262934,high_c,0.46890709906723543,0.32891319216541903,0.5491814093150097
GO:0099116,tRNA 5'-end processing,biological_process,16,6011,0.730363103125,0.7630574372600233,-0.15512927439532942,40520.0,0.2831928790237035,low_c,0.46910576143621113,0.32872923312705005,0.5479176713198153
GO:0009268,response to pH,biological_process,22,6011,0.7397155822727274,0.7630574372600233,-0.1321817271057545,57171.0,0.28384050646390013,low_c,0.46973033290879945,0.3281513942779713,0.5469256269248866
GO:1990778,protein localization to cell periphery,biological_process,38,6011,0.8082526102631579,0.7630574372600233,0.10037272991620183,124878.0,0.28544883366548046,high_c,0.470151020154909,0.32776261720265665,0.544471727166602
GO:0000175,3'-5'-RNA exonuclease activity,molecular_function,15,6011,0.728539126,0.7630574372600233,-0.1595063375583723,37797.0,0.2852942252035673,low_c,0.470151020154909,0.32776261720265665,0.5447070190460683
GO:0016746,acyltransferase activity,molecular_function,242,6011,0.7841814647933883,0.7630574372600233,0.040532971181106214,726343.0,0.28470128471515976,high_c,0.470151020154909,0.32776261720265665,0.5456105730938393
GO:0031163,metallo-sulfur cluster assembly,biological_process,30,6011,0.7912269236666666,0.7630574372600233,0.11300228501365428,99853.0,0.28497343016586696,high_c,0.470151020154909,0.32776261720265665,0.5451956300625939
GO:0016226,iron-sulfur cluster assembly,biological_process,30,6011,0.7912269236666666,0.7630574372600233,0.11300228501365428,99853.0,0.28497343016586696,high_c,0.470151020154909,0.32776261720265665,0.5451956300625939
GO:0000314,organellar small ribosomal subunit,cellular_component,34,6011,0.8092972720588235,0.7630574372600233,0.10586660630455969,112366.0,0.28640829926657585,high_c,0.47083788591550724,0.3271285989678157,0.5430144016104953
GO:0005763,mitochondrial small ribosomal subunit,cellular_component,34,6011,0.8092972720588235,0.7630574372600233,0.10586660630455969,112366.0,0.28640829926657585,high_c,0.47083788591550724,0.3271285989678157,0.5430144016104953
GO:0031297,replication fork processing,biological_process,18,6011,0.7312223438888888,0.7630574372600233,-0.14505812336614943,46113.0,0.2872374655327171,low_c,0.471754248027244,0.3262841804338638,0.5417589139669107
GO:0005351,carbohydrate:proton symporter activity,molecular_function,25,6011,0.7529665527999999,0.7630574372600233,-0.12298028733711996,65623.0,0.2879283148848941,low_c,0.47199580230422683,0.3260618637477291,0.5407156244807172
GO:0005402,carbohydrate:monoatomic cation symporter activity,molecular_function,25,6011,0.7529665527999999,0.7630574372600233,-0.12298028733711996,65623.0,0.2879283148848941,low_c,0.47199580230422683,0.3260618637477291,0.5407156244807172
GO:0005874,microtubule,cellular_component,44,6011,0.8031274288636364,0.7630574372600233,0.092775416304828,143453.0,0.2882955617795805,high_c,0.4721519766503318,0.3259181878129682,0.540162043388671
GO:0015802,basic amino acid transport,biological_process,19,6011,0.7248216542105265,0.7630574372600233,-0.14022205045323588,48942.0,0.2905916024054198,low_c,0.47546373400170483,0.32288260327671525,0.5367169402158477
GO:0000328,fungal-type vacuole lumen,cellular_component,16,6011,0.793556325625,0.7630574372600233,0.15262718932443708,55280.0,0.2910303707373997,high_c,0.47573326139371547,0.322636483360922,0.5360616874559448
GO:0005976,polysaccharide metabolic process,biological_process,60,6011,0.7935321313333333,0.7630574372600233,0.07897272167142777,192629.0,0.29183532272506707,high_c,0.47615236865668836,0.32225405089708337,0.534862143778527
GO:0032272,negative regulation of protein polymerization,biological_process,15,6011,0.7376512246666667,0.7630574372600233,-0.15743829219479655,37890.0,0.2915866220321295,low_c,0.47615236865668836,0.32225405089708337,0.5352324052885754
GO:0016747,"acyltransferase activity, transferring groups other than amino-acyl groups",molecular_function,110,6011,0.7855980093636361,0.7630574372600233,0.05848007271494815,343535.0,0.29258726925775946,high_c,0.4769309853816624,0.32154446128780556,0.5337445743535222
GO:0032511,late endosome to vacuole transport via multivesicular body sorting pathway,biological_process,50,6011,0.7542985944,0.7630574372600233,-0.08618017111222953,136182.0,0.29327700426514647,low_c,0.4771592121877172,0.32133668712843355,0.5327219885444368
GO:0008170,N-methyltransferase activity,molecular_function,44,6011,0.7913388415909091,0.7630574372600233,0.09185368008897421,143332.0,0.29311261790618937,high_c,0.4771592121877172,0.32133668712843355,0.5329654856588675
GO:0007584,response to nutrient,biological_process,19,6011,0.8003822005263158,0.7630574372600233,0.139045042512824,64839.0,0.294660136700838,high_c,0.47896067164106254,0.31970014585576817,0.5306786140037036
GO:0019216,regulation of lipid metabolic process,biological_process,53,6011,0.7894014358490566,0.7630574372600233,0.08314174061195656,171014.0,0.2966617893582387,high_c,0.4817632051692258,0.31716637246175866,0.5277383880934537
GO:0007124,pseudohyphal growth,biological_process,53,6011,0.799595665283019,0.7630574372600233,0.08297073223254614,170987.0,0.2976564597963458,high_c,0.48292674224902465,0.31611874471434803,0.5262846878696116
GO:0019887,protein kinase regulator activity,molecular_function,67,6011,0.7903465376119402,0.7630574372600233,0.07368775235531633,213797.0,0.2989238949409163,high_c,0.4839388307149002,0.3152095291858202,0.5244393675762898
GO:0051503,adenine nucleotide transport,biological_process,33,6011,0.7528784566666666,0.7630574372600233,-0.10473250402992795,88306.5,0.29877026022386666,low_c,0.4839388307149002,0.3152095291858202,0.5246626346460325
GO:0016407,acetyltransferase activity,molecular_function,54,6011,0.7840942537037037,0.7630574372600233,0.08195773413164709,174021.0,0.29911656990615665,high_c,0.4839388307149002,0.3152095291858202,0.5241595280603422
GO:1905818,regulation of chromosome separation,biological_process,34,6011,0.791580570882353,0.7630574372600233,0.10303221171352939,112078.0,0.2995068987228027,high_c,0.48411915845696973,0.31504773031613115,0.5235931697930675
GO:0032509,endosome transport via multivesicular body sorting pathway,biological_process,55,6011,0.7547222805454548,0.7630574372600233,-0.08098785029611089,150525.0,0.3004763904628166,low_c,0.4847834701147301,0.3144521969282964,0.522189646438399
GO:0071985,multivesicular body sorting pathway,biological_process,55,6011,0.7547222805454548,0.7630574372600233,-0.08098785029611089,150525.0,0.3004763904628166,low_c,0.4847834701147301,0.3144521969282964,0.522189646438399
GO:0010965,regulation of mitotic sister chromatid separation,biological_process,33,6011,0.7905386548484848,0.7630574372600233,0.1039772093636262,108893.0,0.3022687608407937,high_c,0.4867704720033561,0.31267577439215766,0.5196067343819109
GO:0070192,chromosome organization involved in meiotic cell cycle,biological_process,38,6011,0.7484569594736842,0.7630574372600233,-0.09696264770414231,102483.0,0.30213419811056297,low_c,0.4867704720033561,0.31267577439215766,0.519800114812331
GO:0007052,mitotic spindle organization,biological_process,26,6011,0.8088766084615385,0.7630574372600233,0.11694621168305375,86904.0,0.30279295445379295,high_c,0.48716271448728876,0.31232595828995874,0.5188542344475211
GO:0098800,inner mitochondrial membrane protein complex,cellular_component,35,6011,0.8039069448571428,0.7630574372600233,0.10037292025243838,115077.0,0.30518226389880954,high_c,0.4905522316003087,0.3093147442715616,0.515440709625085
GO:0016788,"hydrolase activity, acting on ester bonds",molecular_function,276,6011,0.7839945753260871,0.7630574372600233,0.03637213651238902,820216.0,0.3066887168836495,high_c,0.4925176803977942,0.3075781745848936,0.5133022014720563
GO:0000781,"chromosome, telomeric region",cellular_component,122,6011,0.7580886182786886,0.7630574372600233,-0.0537707145024483,339913.0,0.3086349335980295,low_c,0.4948115817044593,0.305560143700411,0.5105549188100871
GO:0004721,phosphoprotein phosphatase activity,molecular_function,50,6011,0.7967722543999999,0.7630574372600233,0.08347592685790972,161465.0,0.3086871791393603,high_c,0.4948115817044593,0.305560143700411,0.5104814079155637
GO:1902099,regulation of metaphase/anaphase transition of cell cycle,biological_process,38,6011,0.7857945278947369,0.7630574372600233,0.09534131662657397,124307.0,0.3102905069686067,high_c,0.49653636516093635,0.3040489392926967,0.5082315110230403
GO:2000242,negative regulation of reproductive process,biological_process,38,6011,0.7955409981578946,0.7630574372600233,0.09533250504463076,124306.0,0.31033522822558524,high_c,0.49653636516093635,0.3040489392926967,0.5081689219486215
GO:0071035,nuclear polyadenylation-dependent rRNA catabolic process,biological_process,19,6011,0.7514326747368422,0.7630574372600233,-0.13421403977232804,49284.0,0.3117577027687126,low_c,0.498353012897316,0.30246291177702667,0.5061828073646717
GO:0030071,regulation of mitotic metaphase/anaphase transition,biological_process,37,6011,0.7847088718918918,0.7630574372600233,0.09597444783249931,121126.0,0.31349988990541355,high_c,0.4988412546982566,0.30203763709622056,0.5037626073483518
GO:0051276,chromosome organization,biological_process,258,6011,0.7631927417441859,0.7630574372600233,-0.03704504693877275,714644.5,0.3133765763286189,low_c,0.4988412546982566,0.30203763709622056,0.5039334684654013
GO:0015867,ATP transport,biological_process,31,6011,0.751297683548387,0.7630574372600233,-0.10490344157945841,82966.5,0.3130205206236867,low_c,0.4988412546982566,0.30203763709622056,0.504427190563759
GO:0015868,purine ribonucleotide transport,biological_process,31,6011,0.751297683548387,0.7630574372600233,-0.10490344157945841,82966.5,0.3130205206236867,low_c,0.4988412546982566,0.30203763709622056,0.504427190563759
GO:0016645,"oxidoreductase activity, acting on the CH-NH group of donors",molecular_function,16,6011,0.80857297875,0.7630574372600233,0.1459653878231859,54960.5,0.3126031249788681,high_c,0.4988412546982566,0.30203763709622056,0.5050066848123695
GO:0000226,microtubule cytoskeleton organization,biological_process,69,6011,0.7951212023188405,0.7630574372600233,0.07041009956146138,219433.0,0.31389861195328006,high_c,0.49901830618213755,0.30188352225624976,0.5032106047280045
GO:0010507,negative regulation of autophagy,biological_process,23,6011,0.7433741669565217,0.7630574372600233,-0.12128605036159279,60510.0,0.3147021317361345,low_c,0.49943058827902914,0.3015248622370195,0.5021003152434227
GO:0071174,mitotic spindle checkpoint signaling,biological_process,37,6011,0.7926032872972972,0.7630574372600233,0.09573014594775553,121099.0,0.31473333155371996,high_c,0.49943058827902914,0.3015248622370195,0.5020572610800806
GO:0022804,active transmembrane transporter activity,molecular_function,150,6011,0.7812765210666667,0.7630574372600233,0.047845077631803345,460606.5,0.31629696031147303,high_c,0.500679413369202,0.30044026528965156,0.4999049817368136
GO:0030136,clathrin-coated vesicle,cellular_component,16,6011,0.83032946125,0.7630574372600233,0.14482902418682242,54906.0,0.3163855509596858,high_c,0.500679413369202,0.30044026528965156,0.49978335855541356
GO:0043543,protein acylation,biological_process,22,6011,0.8110131154545456,0.7630574372600233,0.12368129449445187,74027.0,0.31595437805177584,high_c,0.500679413369202,0.30044026528965156,0.5003756224156619
GO:0140102,"catalytic activity, acting on a rRNA",molecular_function,17,6011,0.7891569576470588,0.7630574372600233,0.14025790496378732,58095.0,0.31727604131299425,high_c,0.5011748932842202,0.30001069342655456,0.49856272184353706
GO:0006887,exocytosis,biological_process,34,6011,0.80935893,0.7630574372600233,0.09934159375645857,111703.0,0.31715245543844217,high_c,0.5011748932842202,0.30001069342655456,0.4987319218851899
GO:0003713,transcription coactivator activity,molecular_function,50,6011,0.7865598026,0.7630574372600233,0.08190572051669176,161231.0,0.31787641420710777,high_c,0.501211130847901,0.29997929280130203,0.4977416946700233
GO:0051020,GTPase binding,molecular_function,45,6011,0.7430886304444444,0.7630574372600233,-0.08634856781018363,122644.0,0.317605325847812,low_c,0.501211130847901,0.29997929280130203,0.4981122236034957
GO:0051539,"4 iron, 4 sulfur cluster binding",molecular_function,17,6011,0.80356444,0.7630574372600233,0.13919802155096273,58041.0,0.3209471065803714,high_c,0.5055936270630896,0.29619840891233484,0.49356653523704175
GO:1902850,microtubule cytoskeleton organization involved in mitosis,biological_process,42,6011,0.8016323426190475,0.7630574372600233,0.08820174073985432,136405.0,0.323902296711706,high_c,0.5097863890222317,0.29261176410301976,0.48958597250330227
GO:0006261,DNA-templated DNA replication,biological_process,50,6011,0.7606930712,0.7630574372600233,-0.08061734608287197,137011.0,0.32554883260852174,low_c,0.5119137440293422,0.2908032102114786,0.4873838576587716
GO:0062125,regulation of mitochondrial gene expression,biological_process,21,6011,0.8169605747619046,0.7630574372600233,0.12393671993004207,70690.0,0.3261724196856538,high_c,0.5124301543658778,0.2903653217661885,0.4865527645855321
GO:0034198,cellular response to amino acid starvation,biological_process,22,6011,0.8011012722727273,0.7630574372600233,0.12072132242444478,73832.0,0.32767618419211586,high_c,0.5133987867847591,0.28954516194682517,0.48455512239488735
GO:0017069,snRNA binding,molecular_function,23,6011,0.7890290543478262,0.7630574372600233,0.11817112485841252,76999.5,0.3272926685591879,high_c,0.5133987867847591,0.28954516194682517,0.4850637228922709
GO:1990928,response to amino acid starvation,biological_process,22,6011,0.8011012722727273,0.7630574372600233,0.12072132242444478,73832.0,0.32767618419211586,high_c,0.5133987867847591,0.28954516194682517,0.48455512239488735
GO:0038023,signaling receptor activity,molecular_function,20,6011,0.8040414284999999,0.7630574372600233,0.1264730428976799,67487.0,0.3281341867171106,high_c,0.5136527936347196,0.28933034551957715,0.4839485202108902
GO:0045332,phospholipid translocation,biological_process,16,6011,0.70778383375,0.7630574372600233,-0.14084653878231856,41205.0,0.3298774762818414,low_c,0.5159164854281773,0.28742059459984287,0.4816473366536586
GO:0060627,regulation of vesicle-mediated transport,biological_process,54,6011,0.7935660953703704,0.7630574372600233,0.07603255429342393,173068.0,0.33541692932976186,high_c,0.5223044620463423,0.28207626396996227,0.47441502125005847
GO:0007008,outer mitochondrial membrane organization,biological_process,17,6011,0.8107234652941178,0.7630574372600233,0.13537066478242954,57846.0,0.33443381302236097,high_c,0.5223044620463423,0.28207626396996227,0.4756898195504644
GO:0030135,coated vesicle,cellular_component,45,6011,0.8059895186666667,0.7630574372600233,0.08328677319626032,145415.0,0.33506973861528955,high_c,0.5223044620463423,0.28207626396996227,0.47486479313113794
GO:0006303,double-strand break repair via nonhomologous end joining,biological_process,34,6011,0.8025598788235293,0.7630574372600233,0.09565097579938775,111328.0,0.3354662875470459,high_c,0.5223044620463423,0.28207626396996227,0.47435111742625585
GO:0071013,catalytic step 2 spliceosome,cellular_component,34,6011,0.7480826832352941,0.7630574372600233,-0.09571002568670095,91884.0,0.3351680078834729,low_c,0.5223044620463423,0.28207626396996227,0.4747374418996042
GO:0140030,modification-dependent protein binding,molecular_function,16,6011,0.8233878000000001,0.7630574372600233,0.13905337781484572,54629.0,0.336072263190233,high_c,0.522311055414722,0.2820707816399439,0.47356732936480794
GO:0031593,polyubiquitin modification-dependent protein binding,molecular_function,16,6011,0.8233878000000001,0.7630574372600233,0.13905337781484572,54629.0,0.336072263190233,high_c,0.522311055414722,0.2820707816399439,0.47356732936480794
GO:0080025,"phosphatidylinositol-3,5-bisphosphate binding",molecular_function,15,6011,0.811667834,0.7630574372600233,0.14342895263509003,51420.0,0.33665524393297186,high_c,0.5227491086472622,0.2817066990361738,0.47281461632624244
GO:0030261,chromosome condensation,biological_process,24,6011,0.7868305883333333,0.7630574372600233,0.11306441734869987,79967.0,0.33840189842937896,high_c,0.5249916851415567,0.2798475749287784,0.47056720924090145
GO:0120009,intermembrane lipid transfer,biological_process,15,6011,0.8125751033333334,0.7630574372600233,0.1426284189459639,51384.0,0.33935926493557467,high_c,0.5260068606501407,0.27900859135373746,0.4693402895240289
GO:0001217,DNA-binding transcription repressor activity,molecular_function,23,6011,0.7459308313043478,0.7630574372600233,-0.11488193778862077,60951.0,0.3409376606280583,low_c,0.5273325541110451,0.2779154173004636,0.4673250231196838
GO:0036267,invasive filamentous growth,biological_process,47,6011,0.7911841910638301,0.7630574372600233,0.0804935998972558,151435.5,0.34112584001538226,high_c,0.5273325541110451,0.2779154173004636,0.4670853818794789
GO:0001227,"DNA-binding transcription repressor activity, RNA polymerase II-specific",molecular_function,23,6011,0.7459308313043478,0.7630574372600233,-0.11488193778862077,60951.0,0.3409376606280583,low_c,0.5273325541110451,0.2779154173004636,0.4673250231196838
GO:0034204,lipid translocation,biological_process,18,6011,0.7168752355555555,0.7630574372600233,-0.12926191668057174,46965.0,0.3429731649269494,low_c,0.5297165607768543,0.2759564493004316,0.46473985890786246
GO:0005802,trans-Golgi network,cellular_component,49,6011,0.8013102673469387,0.7630574372600233,0.0784697642894796,157531.0,0.34344033636969196,high_c,0.5299665990558091,0.2757515007819573,0.46414869917504914
GO:0004659,prenyltransferase activity,molecular_function,17,6011,0.8247258570588236,0.7630574372600233,0.13262281889732863,57706.0,0.34433861870338767,high_c,0.5308808544130382,0.2750029366906769,0.4630142670158226
GO:0015144,carbohydrate transmembrane transporter activity,molecular_function,29,6011,0.7595498279310345,0.7630574372600233,-0.10124626753824695,77957.0,0.34621847371953174,low_c,0.5323607354978804,0.27379398359826745,0.46064976251377265
GO:0008535,respiratory chain complex IV assembly,biological_process,28,6011,0.8065678578571429,0.7630574372600233,0.1030300136099902,92392.0,0.3462177922980183,high_c,0.5323607354978804,0.27379398359826745,0.4606506172858799
GO:0033617,mitochondrial respiratory chain complex IV assembly,biological_process,28,6011,0.8065678578571429,0.7630574372600233,0.1030300136099902,92392.0,0.3462177922980183,high_c,0.5323607354978804,0.27379398359826745,0.4606506172858799
GO:0031333,negative regulation of protein-containing complex assembly,biological_process,25,6011,0.7581139460000001,0.7630574372600233,-0.1084263280988974,66712.0,0.3488052855118372,low_c,0.5357178114629598,0.2710639140313153,0.4574169427439629
GO:0006813,potassium ion transport,biological_process,19,6011,0.7033583810526315,0.7630574372600233,-0.12388447754901277,49872.0,0.35046688978633056,low_c,0.5357178114629598,0.2710639140313153,0.455353005549883
GO:0032940,secretion by cell,biological_process,48,6011,0.8009698983333333,0.7630574372600233,0.07815557046229538,154297.0,0.3503063209826289,high_c,0.5357178114629598,0.2710639140313153,0.4555520261333248
GO:0008649,rRNA methyltransferase activity,molecular_function,15,6011,0.7861080026666668,0.7630574372600233,0.13942628418945957,51240.0,0.35031418122583335,high_c,0.5357178114629598,0.2710639140313153,0.455542281456315
GO:0046903,secretion,biological_process,48,6011,0.8009698983333333,0.7630574372600233,0.07815557046229538,154297.0,0.3503063209826289,high_c,0.5357178114629598,0.2710639140313153,0.4555520261333248
GO:0099111,microtubule-based transport,biological_process,32,6011,0.7457472078125,0.7630574372600233,-0.09554273289847803,86524.0,0.3505618858421212,low_c,0.5357178114629598,0.2710639140313153,0.45523530349678826
GO:0010970,transport along microtubule,biological_process,32,6011,0.7457472078125,0.7630574372600233,-0.09554273289847803,86524.0,0.3505618858421212,low_c,0.5357178114629598,0.2710639140313153,0.45523530349678826
GO:0048193,Golgi vesicle transport,biological_process,207,6011,0.7848150670048311,0.7630574372600233,0.037953169062149295,623513.0,0.3527529258705483,high_c,0.5385919782860791,0.26874011919787383,0.4525293753506122
GO:0000741,karyogamy,biological_process,17,6011,0.8220303347058824,0.7630574372600233,0.13007124771830658,57576.0,0.35370180286911135,high_c,0.5395661948864475,0.267955267736564,0.4513627265179847
GO:0140299,molecular sensor activity,molecular_function,27,6011,0.7465718303703703,0.7630574372600233,-0.10311447811447816,72454.0,0.3545441446947456,low_c,0.5403763258912014,0.26730368585287717,0.45032968261425
GO:0016049,cell growth,biological_process,54,6011,0.7975065825925927,0.7630574372600233,0.07295494252015988,172573.0,0.35534666883320254,high_c,0.5411244009600348,0.2667028819547543,0.44934775145875483
GO:0006869,lipid transport,biological_process,84,6011,0.787544041190476,0.7630574372600233,0.058585809893385354,263518.0,0.3558033039420231,high_c,0.5413449041571885,0.26652594701047877,0.4487900234327372
GO:0007120,axial cellular bud site selection,biological_process,15,6011,0.7058702753333334,0.7630574372600233,-0.1373804758728041,38792.0,0.35742926331461045,low_c,0.5433425578933133,0.26492627704915894,0.44680989397980286
GO:0110053,regulation of actin filament organization,biological_process,43,6011,0.7911047646511628,0.7630574372600233,0.08123947877049686,138736.0,0.357951060769901,high_c,0.5436587341980029,0.26467363037926667,0.44617634623446406
GO:0070550,rDNA chromatin condensation,biological_process,16,6011,0.7915015218749999,0.7630574372600233,0.13279816513761467,54329.0,0.35826358981711715,high_c,0.5436587341980029,0.26467363037926667,0.4457973267627343
GO:0051235,maintenance of location,biological_process,43,6011,0.782774048372093,0.7630574372600233,0.08077576532202757,138676.5,0.3607016836650673,high_c,0.546880456631054,0.26210759633453234,0.44285183049909865
GO:0051125,regulation of actin nucleation,biological_process,17,6011,0.7974603076470589,0.7630574372600233,0.12755893148050013,57448.0,0.3630766150557182,high_c,0.5493053452595036,0.2601861748628357,0.4400017221124868
GO:0022803,passive transmembrane transporter activity,molecular_function,40,6011,0.79696071575,0.7630574372600233,0.08328588176184892,129366.0,0.3632503089619298,high_c,0.5493053452595036,0.2601861748628357,0.43979400764135407
GO:0015267,channel activity,molecular_function,40,6011,0.79696071575,0.7630574372600233,0.08328588176184892,129366.0,0.3632503089619298,high_c,0.5493053452595036,0.2601861748628357,0.43979400764135407
GO:0006260,DNA replication,biological_process,78,6011,0.7645229376923077,0.7630574372600233,-0.05965330809423175,217584.0,0.3646860524736324,low_c,0.550996507479744,0.2588511539378378,0.4380808460900258
GO:0033108,mitochondrial respiratory chain complex assembly,biological_process,57,6011,0.7969323592982456,0.7630574372600233,0.06949772819687783,181482.0,0.3658003091550883,high_c,0.5521994232115072,0.25790405132984234,0.4367559318167037
GO:0140296,general transcription initiation factor binding,molecular_function,31,6011,0.8043412683870967,0.7630574372600233,0.09363469629949295,101369.0,0.3678424801832726,high_c,0.554799778973207,0.25586372061738233,0.43433811782806364
GO:1990816,vacuole-mitochondrion membrane contact site,cellular_component,15,6011,0.8228902560000002,0.7630574372600233,0.13433400044474086,51011.0,0.3681918513032718,high_c,0.5548446648111804,0.25582858563001354,0.4339258273832934
GO:0034062,5'-3' RNA polymerase activity,molecular_function,33,6011,0.7949877084848485,0.7630574372600233,0.09031093808611379,107545.0,0.3702593379520417,high_c,0.5574763319035076,0.25377356620249336,0.4314939797482674
GO:0015297,antiporter activity,molecular_function,25,6011,0.7512491995999998,0.7630574372600233,-0.10356832609421984,67075.5,0.3708252020024386,low_c,0.5578444979863375,0.25348684600554283,0.43083075802630333
GO:0046173,polyol biosynthetic process,biological_process,19,6011,0.8048007263157896,0.7630574372600233,0.11835078350080819,63661.0,0.3724062597197966,high_c,0.558394199408352,0.25305910180686697,0.4289830276398952
GO:0019903,protein phosphatase binding,molecular_function,16,6011,0.7483392525,0.7630574372600233,-0.12894078398665554,41776.0,0.37239726681354324,low_c,0.558394199408352,0.25305910180686697,0.4289935151561949
GO:0003730,mRNA 3'-UTR binding,molecular_function,19,6011,0.7385519352631579,0.7630574372600233,-0.11833321621811543,50188.0,0.37247723670211497,low_c,0.558394199408352,0.25305910180686697,0.42890026325592273
GO:0001228,"DNA-binding transcription activator activity, RNA polymerase II-specific",molecular_function,54,6011,0.800297282962963,0.7630574372600233,0.07048663570402702,172176.0,0.371859385285474,high_c,0.558394199408352,0.25305910180686697,0.4296212529656445
GO:1901264,carbohydrate derivative transport,biological_process,49,6011,0.7558440618367348,0.7630574372600233,-0.07369462377369596,135304.5,0.3736080579592296,low_c,0.5591237832907091,0.25249203388650066,0.4275837655000553
GO:0061572,actin filament bundle organization,biological_process,18,6011,0.8053566172222222,0.7630574372600233,0.12130819289170702,60480.0,0.3734917775073966,high_c,0.5591237832907091,0.25249203388650066,0.4277189548190585
GO:0009062,fatty acid catabolic process,biological_process,26,6011,0.7644265507692308,0.7630574372600233,-0.10068761647709012,69971.0,0.374974860888838,low_c,0.5606859246365399,0.25128034621898165,0.4259978473208809
GO:0030832,regulation of actin filament length,biological_process,18,6011,0.8092803066666666,0.7630574372600233,0.11975082040157958,60396.0,0.3796585640836483,high_c,0.5662261746127264,0.24701005862487244,0.4206067991514759
GO:0030833,regulation of actin filament polymerization,biological_process,18,6011,0.8092803066666666,0.7630574372600233,0.11975082040157958,60396.0,0.3796585640836483,high_c,0.5662261746127264,0.24701005862487244,0.4206067991514759
GO:0008064,regulation of actin polymerization or depolymerization,biological_process,18,6011,0.8092803066666666,0.7630574372600233,0.11975082040157958,60396.0,0.3796585640836483,high_c,0.5662261746127264,0.24701005862487244,0.4206067991514759
GO:0045324,late endosome to vacuole transport,biological_process,63,6011,0.7612519122222222,0.7630574372600233,-0.06414854666367775,175343.0,0.38040321457014203,low_c,0.566777110735829,0.24658769703052025,0.4197558217446771
GO:0002097,tRNA wobble base modification,biological_process,34,6011,0.7853628076470587,0.7630574372600233,0.08705921719532728,110455.0,0.3806809395840879,high_c,0.566777110735829,0.24658769703052025,0.41943886744799813
GO:0005816,spindle pole body,cellular_component,67,6011,0.7679945252238807,0.7630574372600233,-0.062011610855547294,186776.0,0.3820394116800355,low_c,0.5683122696457084,0.24541296760140024,0.4178918323965032
GO:0031113,regulation of microtubule polymerization,biological_process,19,6011,0.7550309510526315,0.7630574372600233,-0.11569812381420841,50338.0,0.3832185606105114,low_c,0.5690910361162086,0.24481825501006607,0.4165534646886991
GO:0072665,protein localization to vacuole,biological_process,134,6011,0.7664669849253731,0.7630574372600233,-0.044001533933192616,376433.0,0.38307672789057523,low_c,0.5690910361162086,0.24481825501006607,0.4167142308300269
GO:0098869,cellular oxidant detoxification,biological_process,31,6011,0.7812817596774193,0.7630574372600233,0.09044125579889961,101073.0,0.3844054892976325,high_c,0.5703657516416154,0.2438465601541087,0.4152104192484201
GO:0004519,endonuclease activity,molecular_function,69,6011,0.7617298489855072,0.7630574372600233,-0.06047834379679906,192601.0,0.38702973986166167,low_c,0.5737691105037102,0.2412628361856816,0.4122556619537915
GO:0000282,cellular bud site selection,biological_process,43,6011,0.7875250062790695,0.7630574372600233,0.07567491738886467,138022.0,0.3918281278333361,high_c,0.5803870562446002,0.23628228173435145,0.40690439089275265
GO:0007017,microtubule-based process,biological_process,109,6011,0.7891719156880733,0.7630574372600233,0.047752433477689094,337019.0,0.3922467712671649,high_c,0.5805118456264264,0.23618891384495358,0.4064406225698974
GO:0000812,Swr1 complex,cellular_component,15,6011,0.8010165626666665,0.7630574372600233,0.12706248610184567,50684.0,0.3946851368754003,high_c,0.5836229962654983,0.23386760410818191,0.40374922803705937
GO:0008643,carbohydrate transport,biological_process,36,6011,0.7542399988888888,0.7630574372600233,-0.08175732217573217,98757.0,0.39700610233355504,low_c,0.5865553988519587,0.23169096346406226,0.4012028176967803
GO:0005628,prospore membrane,cellular_component,76,6011,0.7703418031578948,0.7630574372600233,-0.05603245687935088,212893.0,0.4005705452030174,low_c,0.591318423871121,0.22817858935720897,0.3973209884575625
GO:0005680,anaphase-promoting complex,cellular_component,16,6011,0.736778233125,0.7630574372600233,-0.12120517097581318,42147.0,0.401764633295597,low_c,0.5920741964356167,0.2276238657712628,0.3960282961606531
GO:0000742,karyogamy involved in conjugation with cellular fusion,biological_process,15,6011,0.823045116,0.7630574372600233,0.1251723371136313,50599.0,0.4017561270058023,high_c,0.5920741964356167,0.2276238657712628,0.3960374912801869
GO:0004402,histone acetyltransferase activity,molecular_function,20,6011,0.7816504445000001,0.7630574372600233,0.10812885995660149,66388.0,0.40313581778712093,high_c,0.5935909920936743,0.22651269821705847,0.39454861396244245
GO:0072329,monocarboxylic acid catabolic process,biological_process,42,6011,0.8002937864285713,0.7630574372600233,0.07469146143966054,134711.5,0.403514326067932,high_c,0.5936448051304491,0.22647332827050456,0.39414104180485227
GO:0048869,cellular developmental process,biological_process,64,6011,0.7575128078125,0.7630574372600233,-0.060429628384059186,178804.0,0.4049787115085396,low_c,0.5942882867107563,0.22600282950456205,0.39256780571710476
GO:0072686,mitotic spindle,cellular_component,21,6011,0.7639697371428572,0.7630574372600233,-0.10515939263852447,56281.0,0.40479666119557267,low_c,0.5942882867107563,0.22600282950456205,0.39276307825896606
GO:0009116,nucleoside metabolic process,biological_process,16,6011,0.73660950375,0.7630574372600233,-0.12053794829024189,42179.0,0.4043611608788087,low_c,0.5942882867107563,0.22600282950456205,0.39323056531165357
GO:1900101,regulation of endoplasmic reticulum unfolded protein response,biological_process,17,6011,0.732456454117647,0.7630574372600233,-0.11619462599854757,45029.0,0.4073973094728608,low_c,0.5948206301470869,0.2256139772656402,0.38998184348742165
GO:0009895,negative regulation of catabolic process,biological_process,38,6011,0.7532651257894737,0.7630574372600233,-0.07795606545243072,104640.0,0.40676949288040676,low_c,0.5948206301470869,0.2256139772656402,0.390651625981634
GO:0000750,pheromone-dependent signal transduction involved in conjugation with cellular fusion,biological_process,24,6011,0.7932792279166666,0.7630574372600233,0.09797617059183783,78883.0,0.4067841439347972,high_c,0.5948206301470869,0.2256139772656402,0.39063598381180376
GO:0032005,signal transduction involved in positive regulation of conjugation with cellular fusion,biological_process,24,6011,0.7932792279166666,0.7630574372600233,0.09797617059183783,78883.0,0.4067841439347972,high_c,0.5948206301470869,0.2256139772656402,0.39063598381180376
GO:0006891,intra-Golgi vesicle-mediated transport,biological_process,38,6011,0.7612223044736842,0.7630574372600233,-0.07787676121494091,104649.0,0.4072470022988497,low_c,0.5948206301470869,0.2256139772656402,0.3901421038024106
GO:1903293,phosphatase complex,cellular_component,29,6011,0.7963008848275863,0.7630574372600233,0.08934850528597282,94489.0,0.40583137838053496,high_c,0.5948206301470869,0.2256139772656402,0.3916543768919416
GO:1990837,sequence-specific double-stranded DNA binding,molecular_function,223,6011,0.7846211547982064,0.7630574372600233,0.032598758526222404,666400.0,0.40807184833798626,high_c,0.5953048140460035,0.2252606054288254,0.38926336487676777
GO:0006631,fatty acid metabolic process,biological_process,60,6011,0.7976172858333334,0.7630574372600233,0.06116058925670753,189449.0,0.4143030823058982,high_c,0.6038876161906291,0.2190438762953416,0.3826818356530372
GO:0030258,lipid modification,biological_process,30,6011,0.7705111816666667,0.7630574372600233,-0.08613944156495568,81987.0,0.4150561826914926,low_c,0.6041817060750206,0.21883242879950043,0.38189311248930896
GO:0030662,coated vesicle membrane,cellular_component,38,6011,0.7829255542105265,0.7630574372600233,0.07656383550538837,122176.0,0.4152009074582371,high_c,0.6041817060750206,0.21883242879950043,0.38174170596963164
GO:2000241,regulation of reproductive process,biological_process,120,6011,0.7850383429166666,0.7630574372600233,0.04328071068862105,368758.0,0.416297566575322,high_c,0.6052701637979557,0.21805073368247865,0.38059612772960155
GO:0005686,U2 snRNP,cellular_component,17,6011,0.7462852435294117,0.7630574372600233,-0.11389821193742766,45146.0,0.4167300198316193,low_c,0.6053918949185699,0.21796339774301282,0.38014521329932943
GO:0043101,purine-containing compound salvage,biological_process,16,6011,0.7190500375,0.7630574372600233,-0.11665971643035866,42365.0,0.4196511788047581,low_c,0.6091257913085787,0.2152930114231243,0.3771115526112054
GO:0000466,"maturation of 5.8S rRNA from tricistronic rRNA transcript (SSU-rRNA, 5.8S rRNA, LSU-rRNA)",biological_process,19,6011,0.8021591768421051,0.7630574372600233,0.10670367507553924,62998.0,0.42128853446618064,high_c,0.6109915587579696,0.21396478977407107,0.3754203602081335
GO:0140223,general transcription initiation factor activity,molecular_function,34,6011,0.797144444117647,0.7630574372600233,0.07948114832347519,109685.0,0.423519225049797,high_c,0.6137140022424438,0.2120339679214532,0.37312687070863376
GO:0032889,"regulation of vacuole fusion, non-autophagic",biological_process,15,6011,0.7974694633333334,0.7630574372600233,0.11927951967978645,50334.0,0.424283796721428,high_c,0.6143091502155121,0.211613015758885,0.3723435535005094
GO:0000819,sister chromatid segregation,biological_process,32,6011,0.79345061625,0.7630574372600233,0.08167126609800968,103477.0,0.424892871251789,high_c,0.6146783537442547,0.2113520805426374,0.3717205553354857
GO:0004518,nuclease activity,molecular_function,97,6011,0.7669546965979381,0.7630574372600233,-0.04704545216836509,273335.0,0.4260680901498497,low_c,0.61535291555752,0.21087573736359036,0.3705209905373427
GO:0032258,cytoplasm to vacuole targeting by the Cvt pathway,biological_process,49,6011,0.7923622902040816,0.7630574372600233,0.06597566903312813,155706.0,0.4257194640802874,high_c,0.61535291555752,0.21087573736359036,0.3708764932350776
GO:0015748,organophosphate ester transport,biological_process,94,6011,0.7620277972340425,0.7630574372600233,-0.0476826597722394,264838.5,0.4269937794864146,low_c,0.6156654494920396,0.2106552178816082,0.36957845180027554
GO:0016237,microautophagy,biological_process,59,6011,0.79414834,0.7630574372600233,0.06005102970657927,186128.0,0.4266759595738132,high_c,0.6156654494920396,0.2106552178816082,0.3699018261319248
GO:0031903,microbody membrane,cellular_component,43,6011,0.7859710613953487,0.7630574372600233,0.07008697549722553,137305.0,0.4277355224707349,high_c,0.6157121616991673,0.21062226803158912,0.3688246810679297
GO:0005778,peroxisomal membrane,cellular_component,43,6011,0.7859710613953487,0.7630574372600233,0.07008697549722553,137305.0,0.4277355224707349,high_c,0.6157121616991673,0.21062226803158912,0.3688246810679297
GO:0019005,SCF ubiquitin ligase complex,cellular_component,22,6011,0.7476277645454545,0.7630574372600233,-0.09763354027838922,59447.0,0.428594873362508,low_c,0.6164380282993488,0.21011057733335597,0.3679530280764799
GO:0032790,ribosome disassembly,biological_process,22,6011,0.8181298681818183,0.7630574372600233,0.09726923602361914,72287.0,0.43031983970117427,high_c,0.6184066570540054,0.20872584395024413,0.3662086305056042
GO:1902904,negative regulation of supramolecular fiber organization,biological_process,29,6011,0.7575723265517241,0.7630574372600233,-0.08456403693840142,79404.0,0.43143597631296715,low_c,0.6184746943677216,0.20867806534980474,0.3650836430472255
GO:0032120,ascospore-type prospore membrane formation,biological_process,16,6011,0.75077284625,0.7630574372600233,-0.11378231859883237,42503.0,0.4312118729262706,low_c,0.6184746943677216,0.20867806534980474,0.3653092898543055
GO:0071467,cellular response to pH,biological_process,15,6011,0.7438617606666666,0.7630574372600233,-0.11758950411385372,39682.0,0.4308783280623031,low_c,0.6184746943677216,0.20867806534980474,0.3656453491226981
GO:0045931,positive regulation of mitotic cell cycle,biological_process,47,6011,0.7937824082978723,0.7630574372600233,0.06625569016938515,149440.0,0.43330211776456184,high_c,0.6201257019285074,0.20752026837179524,0.36320918834569543
GO:0098687,chromosomal region,cellular_component,164,6011,0.7657508212195122,0.7630574372600233,-0.03583242605129999,462274.0,0.4331596696997019,low_c,0.6201257019285074,0.20752026837179524,0.36335198612392144
GO:0000131,incipient cellular bud site,cellular_component,70,6011,0.783560113,0.7630574372600233,0.05427417221727948,219220.5,0.4343234041205476,high_c,0.6210753126468457,0.20685573334394042,0.36218676744517475
GO:0019210,kinase inhibitor activity,molecular_function,19,6011,0.7740113989473684,0.7630574372600233,0.10350642962546552,62816.0,0.43533831908968046,high_c,0.6220142567404817,0.20619966104428786,0.36117310395042995
GO:0033045,regulation of sister chromatid segregation,biological_process,43,6011,0.7785893567441861,0.7630574372600233,0.06884001496352643,137145.0,0.4360022305893778,high_c,0.622450552880888,0.2058951429694457,0.3605112888732026
GO:0070129,regulation of mitochondrial translation,biological_process,19,6011,0.8134442384210526,0.7630574372600233,0.10317265125430408,62797.0,0.4368204795912616,high_c,0.6231062880611588,0.2054378660514753,0.3596970086618835
GO:0015605,organophosphate ester transmembrane transporter activity,molecular_function,30,6011,0.7508474706666666,0.7630574372600233,-0.08185364766204095,82371.5,0.43865022765292994,low_c,0.6252026233214174,0.2039792083693804,0.35788164091299696
GO:0001216,DNA-binding transcription activator activity,molecular_function,57,6011,0.7987407480701754,0.7630574372600233,0.059320285934857386,179755.0,0.4401593328608311,high_c,0.6268388858461056,0.2028440699817537,0.35639008520384485
GO:0120543,macromolecular conformation isomerase activity,molecular_function,123,6011,0.7797229840650405,0.7630574372600233,0.04051923161894666,376784.5,0.44114919866245195,high_c,0.6277336138344398,0.20222461515691806,0.3554145053226429
GO:0097747,RNA polymerase activity,molecular_function,34,6011,0.7924563817647058,0.7630574372600233,0.07633182100010827,109365.0,0.44212085022290415,high_c,0.628600979514301,0.20162494658072888,0.3544590034763195
GO:0005643,nuclear pore,cellular_component,46,6011,0.7972029330434781,0.7630574372600233,0.06539232479317758,146166.5,0.44419138546791004,high_c,0.6310280238725793,0.19995135336605419,0.3524298682999919
GO:0061014,positive regulation of mRNA catabolic process,biological_process,36,6011,0.7985876152777777,0.7630574372600233,0.07362157136215708,115468.0,0.4456472987130129,high_c,0.6315458861761554,0.1995950894647474,0.3510087216046692
GO:0001676,long-chain fatty acid metabolic process,biological_process,15,6011,0.8005267113333333,0.7630574372600233,0.11403157660662666,50098.0,0.4449542449135051,high_c,0.6315458861761554,0.1995950894647474,0.3516846456555524
GO:0016209,antioxidant activity,molecular_function,30,6011,0.7779665516666666,0.7630574372600233,0.08063311597837597,96949.0,0.44550786589215596,high_c,0.6315458861761554,0.1995950894647474,0.3511446236508978
GO:0120569,phospholipase activity,molecular_function,19,6011,0.8037403173684211,0.7630574372600233,0.10104701004848571,62676.0,0.4463274370264291,high_c,0.6319938260015341,0.19928716435458027,0.3503464150126571
GO:0045182,translation regulator activity,molecular_function,19,6011,0.781131557368421,0.7630574372600233,0.10060782798116796,62651.0,0.4483062657672766,high_c,0.6342784656658453,0.19772003304720223,0.3484251911606711
GO:0015865,purine nucleotide transport,biological_process,34,6011,0.7588959705882353,0.7630574372600233,-0.0751065358383608,93977.5,0.4494824967386295,low_c,0.6354247673764339,0.196935861392275,0.34728721542759927
GO:0007018,microtubule-based movement,biological_process,36,6011,0.7541057122222221,0.7630574372600233,-0.07284053928405387,99716.0,0.4504890457857613,low_c,0.6358121816943754,0.19667115557826598,0.3463157649793412
GO:0051017,actin filament bundle assembly,biological_process,16,6011,0.8001417975,0.7630574372600233,0.10909090909090913,53192.0,0.4504515001735496,high_c,0.6358121816943754,0.19667115557826598,0.34635196237835003
GO:0070461,SAGA-type complex,cellular_component,21,6011,0.7953837780952381,0.7630574372600233,0.0945703156053741,68843.0,0.45374211611935267,high_c,0.639883276671971,0.19389923995434746,0.3431909078635043
GO:0072344,rescue of stalled cytosolic ribosome,biological_process,19,6011,0.8165851263157895,0.7630574372600233,0.0991848780830582,62570.0,0.4547517816010772,high_c,0.640016032891922,0.19380914647036948,0.3422255908065324
GO:0001403,invasive growth in response to glucose limitation,biological_process,43,6011,0.7881042986046513,0.7630574372600233,0.0659914894943574,136779.5,0.45522815329786737,high_c,0.640016032891922,0.19380914647036948,0.3417708871142521
GO:0019985,translesion synthesis,biological_process,20,6011,0.7590067825,0.7630574372600233,-0.09656150893006177,54125.0,0.45531094505848135,low_c,0.640016032891922,0.19380914647036948,0.34169190971515806
GO:0090592,DNA synthesis involved in DNA replication,biological_process,20,6011,0.7590067825,0.7630574372600233,-0.09656150893006177,54125.0,0.45531094505848135,low_c,0.640016032891922,0.19380914647036948,0.34169190971515806
GO:0062012,regulation of small molecule metabolic process,biological_process,70,6011,0.7873933359999998,0.7630574372600233,0.05168922980739166,218683.0,0.4565272918807416,high_c,0.6406882608770957,0.19335323337196975,0.34053325458332223
GO:0031491,nucleosome binding,molecular_function,31,6011,0.7941392616129029,0.7630574372600233,0.07743014348904942,99867.0,0.45647276418223093,high_c,0.6406882608770957,0.19335323337196975,0.34058512988923256
GO:0140566,histone reader activity,molecular_function,21,6011,0.7932914304761906,0.7630574372600233,0.09380713888226411,68795.0,0.4573941838024669,high_c,0.6413863514386773,0.19288028600086776,0.3397093621572417
GO:0003899,DNA-directed RNA polymerase activity,molecular_function,31,6011,0.7904291777419356,0.7630574372600233,0.07712806127953398,99839.0,0.458231507630219,high_c,0.642041886397143,0.19243663791596363,0.3389150523803732
GO:0006897,endocytosis,biological_process,113,6011,0.7833956873451329,0.7630574372600233,0.04049070181282399,346730.0,0.4602814645226726,high_c,0.6443751229396809,0.1908612345137934,0.3369765137386651
GO:0060089,molecular transducer activity,molecular_function,23,6011,0.7936108095652175,0.7630574372600233,0.08893148616072732,74986.0,0.4610103126100713,high_c,0.6443751229396809,0.1908612345137934,0.33628935951370503
GO:0000972,transcription-dependent tethering of RNA polymerase II gene DNA at nuclear periphery,biological_process,21,6011,0.7580649376190477,0.7630574372600233,-0.09308371094681611,57040.5,0.46087122496092103,low_c,0.6443751229396809,0.1908612345137934,0.33642040671776197
GO:0016042,lipid catabolic process,biological_process,52,6011,0.7635165501923075,0.7630574372600233,-0.059018678921347156,145790.0,0.46304228166082384,low_c,0.6466946105898553,0.1893007583521557,0.334379350550984
GO:0007031,peroxisome organization,biological_process,56,6011,0.7831425478571429,0.7630574372600233,0.05678901283435289,176209.0,0.4638430715670997,high_c,0.6472922606434768,0.1888995855974339,0.3336289260831071
GO:0030174,regulation of DNA-templated DNA replication initiation,biological_process,28,6011,0.7894872457142857,0.7630574372600233,0.07998853895561231,90462.0,0.4646067913234687,high_c,0.6478372608333668,0.18853407684305615,0.3329144462517741
GO:0051301,cell division,biological_process,37,6011,0.7326932224324323,0.7630574372600233,-0.06923696377998356,102867.0,0.4671645922243496,low_c,0.6478498696324541,0.18852562429037048,0.3305300811018126
GO:0006972,hyperosmotic response,biological_process,32,6011,0.7589414384375,0.7630574372600233,-0.07437489546746945,88549.0,0.4674291361727516,low_c,0.6478498696324541,0.18852562429037048,0.33028422030350113
GO:0008028,monocarboxylic acid transmembrane transporter activity,molecular_function,20,6011,0.756139324,0.7630574372600233,-0.09425805374728757,54263.0,0.46613689813676373,low_c,0.6478498696324541,0.18852562429037048,0.33148651812955127
GO:0031509,subtelomeric heterochromatin formation,biological_process,71,6011,0.7864168123943662,0.7630574372600233,0.05012566984397959,221440.0,0.46714517373628606,high_c,0.6478498696324541,0.18852562429037048,0.330548133663225
GO:0045807,positive regulation of endocytosis,biological_process,23,6011,0.755108525652174,0.7630574372600233,-0.08775522058609975,62819.0,0.46696076211139304,low_c,0.6478498696324541,0.18852562429037048,0.330719610899493
GO:0007030,Golgi organization,biological_process,38,6011,0.8003909657894736,0.7630574372600233,0.06834262955228354,121243.0,0.4670531767695818,high_c,0.6478498696324541,0.18852562429037048,0.3306336696205493
GO:0007034,vacuolar transport,biological_process,170,6011,0.769644023117647,0.7630574372600233,-0.032633412892635216,480283.0,0.46760131719439224,low_c,0.6478498696324541,0.18852562429037048,0.3301242741366936
GO:0043565,sequence-specific DNA binding,molecular_function,296,6011,0.7679238702027027,0.7630574372600233,-0.025051429382138002,824631.0,0.46672030027973566,low_c,0.6478498696324541,0.18852562429037048,0.3309433088047254
GO:0070646,protein modification by small protein removal,biological_process,31,6011,0.7567994700000001,0.7630574372600233,-0.07536411694896972,85704.5,0.4685768616266547,low_c,0.6486837574034071,0.18796697636973614,0.3292191607155116
GO:0008361,regulation of cell size,biological_process,26,6011,0.7530007034615385,0.7630574372600233,-0.08176852387378708,71443.0,0.47122952204092583,low_c,0.6518362153490416,0.18586151424626338,0.32676750926967946
GO:0090033,positive regulation of filamentous growth,biological_process,24,6011,0.7969851929166666,0.7630574372600233,0.08472523801570064,77931.0,0.47315061166280636,high_c,0.6539041705926679,0.18448589270359794,0.32500059414073046
GO:0000184,"nuclear-transcribed mRNA catabolic process, nonsense-mediated decay",biological_process,24,6011,0.7778664254166667,0.7630574372600233,0.08466260230499412,77926.5,0.47347784702476015,high_c,0.6539041705926679,0.18448589270359794,0.32470033585811325
GO:2000001,regulation of DNA damage checkpoint,biological_process,16,6011,0.7975414875,0.7630574372600233,0.10350291909924936,52924.0,0.47398976494381295,high_c,0.6540908044057705,0.18436195639303654,0.3242310361242595
GO:1990748,cellular detoxification,biological_process,43,6011,0.7788431709302325,0.7630574372600233,0.06311179001184608,136410.0,0.47514051258839296,high_c,0.6551580062378476,0.18365394739485355,0.32317793812746404
GO:0015711,organic anion transport,biological_process,125,6011,0.7620987175199999,0.7630574372600233,-0.03721236833163444,354185.5,0.475847590485589,low_c,0.6556122357801448,0.18335294972903846,0.32253212545194865
GO:0000302,response to reactive oxygen species,biological_process,17,6011,0.7941853917647058,0.7630574372600233,0.09955053092307997,56021.0,0.47782944435709096,high_c,0.6577528622220069,0.181937253398825,0.3207270920750288
GO:0005694,chromosome,cellular_component,110,6011,0.763500325090909,0.7630574372600233,-0.0394108856742309,311764.0,0.4781590507627723,low_c,0.6577528622220069,0.181937253398825,0.3204276193311826
GO:1902531,regulation of intracellular signal transduction,biological_process,134,6011,0.7829893171641791,0.7630574372600233,0.03573759583907932,407831.0,0.47868399607777545,high_c,0.6579536161449075,0.18180472183035387,0.31995109211549627
GO:1901701,cellular response to oxygen-containing compound,biological_process,40,6011,0.7903334639999999,0.7630574372600233,0.06454530229442312,127128.0,0.4810607130065264,high_c,0.660697308369723,0.17999746247056475,0.3178001093646716
GO:1901505,carbohydrate derivative transmembrane transporter activity,molecular_function,29,6011,0.7481076144827586,0.7630574372600233,-0.07531214332653136,80206.5,0.48351745502139043,low_c,0.6635464837289595,0.17812864790148644,0.31558784323012284
GO:0016755,aminoacyltransferase activity,molecular_function,116,6011,0.7688107680172416,0.7630574372600233,-0.037881313796028215,328958.0,0.48409612515107114,low_c,0.663815855657393,0.17795237840787048,0.3150683935670073
GO:0003714,transcription corepressor activity,molecular_function,29,6011,0.7967919355172414,0.7630574372600233,0.07504121560082555,93248.0,0.4850923375785151,high_c,0.6646569045274682,0.17740247939144804,0.3141755853484798
GO:0001046,core promoter sequence-specific DNA binding,molecular_function,17,6011,0.8083662594117647,0.7630574372600233,0.09758778386229361,55921.0,0.48655275817921473,high_c,0.6661321673494612,0.17643959386895286,0.31287006116371213
GO:0000776,kinetochore,cellular_component,59,6011,0.797684066779661,0.7630574372600233,0.052351011481684084,184776.0,0.4883327565124279,high_c,0.6680422894448975,0.17519604427410893,0.3112841430198773
GO:0016298,lipase activity,molecular_function,40,6011,0.748224248,0.7630574372600233,-0.06306313850276335,111889.0,0.49119038877627963,low_c,0.6714224526894658,0.17300413982900026,0.30875013971351656
GO:0032993,protein-DNA complex,cellular_component,54,6011,0.7777870337037036,0.7630574372600233,0.0541846194020108,169554.0,0.49242537623419214,high_c,0.6725810016857258,0.1722554043118742,0.3076595745983391
GO:0098562,cytoplasmic side of membrane,cellular_component,29,6011,0.7953494458620688,0.7630574372600233,0.07348482228294073,93113.0,0.4941931155493069,high_c,0.674464818076727,0.1710406993851661,0.3061033089132441
GO:0032456,endocytic recycling,biological_process,22,6011,0.8110495604545456,0.7630574372600233,0.0840176687563563,71414.0,0.4957485278052901,high_c,0.674995642564693,0.17069903074855625,0.30473856681905537
GO:0000407,phagophore assembly site,cellular_component,41,6011,0.7577369731707317,0.7630574372600233,-0.06164154103852593,114841.0,0.4957446517531279,low_c,0.674995642564693,0.17069903074855625,0.30474196240079077
GO:0000182,rDNA binding,molecular_function,18,6011,0.7686019288888889,0.7630574372600233,-0.0929417653929584,48924.0,0.49534543411767173,low_c,0.674995642564693,0.17069903074855625,0.30509183579374627
GO:0006623,protein targeting to vacuole,biological_process,103,6011,0.7640041486407767,0.7630574372600233,-0.038943410613221485,292413.0,0.4973994643849652,low_c,0.6767127509187301,0.16959564027215107,0.30329468672748067
GO:1901682,sulfur compound transmembrane transporter activity,molecular_function,24,6011,0.7534393295833333,0.7630574372600233,-0.07993708590835702,66101.0,0.49852144522762853,low_c,0.6777080884222108,0.16895733103966906,0.30231615461672684
GO:0015293,symporter activity,molecular_function,37,6011,0.7680042397297296,0.7630574372600233,-0.06393470805924772,103453.0,0.5019566574281937,low_c,0.6813109908485881,0.16665460500395754,0.2993337813657767
GO:0015294,solute:monoatomic cation symporter activity,molecular_function,37,6011,0.7680042397297296,0.7630574372600233,-0.06393470805924772,103453.0,0.5019566574281937,low_c,0.6813109908485881,0.16665460500395754,0.2993337813657767
GO:1902806,regulation of cell cycle G1/S phase transition,biological_process,26,6011,0.8024466949999999,0.7630574372600233,0.07610050767945498,83726.0,0.5025174721250041,high_c,0.6815393215695368,0.16650908238539666,0.2988488335780014
GO:0040020,regulation of meiotic nuclear division,biological_process,35,6011,0.7925146131428571,0.7630574372600233,0.06541403710078408,111421.0,0.5039831563964767,high_c,0.682460810845775,0.16592228219501998,0.29758397785269447
GO:0000070,mitotic sister chromatid segregation,biological_process,24,6011,0.7913985166666665,0.7630574372600233,0.07893491453705259,77515.0,0.5039217047803901,high_c,0.682460810845775,0.16592228219501998,0.297636935426036
GO:0004521,RNA endonuclease activity,molecular_function,39,6011,0.7976275953846155,0.7630574372600233,0.06179263915365718,123650.0,0.5053369131900005,high_c,0.6832281006992531,0.1654342797200332,0.2964189768276719
GO:0007155,cell adhesion,biological_process,16,6011,0.74253626625,0.7630574372600233,-0.09633027522935778,43340.0,0.5051686650413962,low_c,0.6832281006992531,0.1654342797200332,0.29656359600598925
GO:0006999,nuclear pore organization,biological_process,21,6011,0.8077809395238097,0.7630574372600233,0.08356785118053889,68151.0,0.5079574184266796,high_c,0.6858758285851904,0.16375450213793302,0.2941726926716413
GO:0000976,transcription cis-regulatory region binding,molecular_function,171,6011,0.7856863822807019,0.7630574372600233,0.02964832171753584,514124.0,0.5080854352307344,high_c,0.6858758285851904,0.16375450213793302,0.29406325439020287
GO:0060258,negative regulation of filamentous growth,biological_process,17,6011,0.7920617205882352,0.7630574372600233,0.09224911185695506,55649.0,0.5107093931731927,high_c,0.6862163363379742,0.16353894717027762,0.29182615435168546
GO:0045926,negative regulation of growth,biological_process,17,6011,0.7920617205882352,0.7630574372600233,0.09224911185695506,55649.0,0.5107093931731927,high_c,0.6862163363379742,0.16353894717027762,0.29182615435168546
GO:0004532,RNA exonuclease activity,molecular_function,20,6011,0.753910648,0.7630574372600233,-0.085311300283759,54799.0,0.5095113096918531,low_c,0.6862163363379742,0.16353894717027762,0.2928461714568675
GO:0016896,"RNA exonuclease activity, producing 5'-phosphomonoesters",molecular_function,20,6011,0.753910648,0.7630574372600233,-0.085311300283759,54799.0,0.5095113096918531,low_c,0.6862163363379742,0.16353894717027762,0.2928461714568675
GO:0140110,transcription regulator activity,molecular_function,269,6011,0.7803052121561339,0.7630574372600233,0.023723972192117193,790621.0,0.5101402886638984,high_c,0.6862163363379742,0.16353894717027762,0.2923103764227988
GO:0001067,transcription regulatory region nucleic acid binding,molecular_function,173,6011,0.785583555895954,0.7630574372600233,0.029343329630267645,519805.0,0.5100754643151102,high_c,0.6862163363379742,0.16353894717027762,0.29236556642927997
GO:0019787,ubiquitin-like protein transferase activity,molecular_function,114,6011,0.7692814890350879,0.7630574372600233,-0.035828506317514996,324086.0,0.5117016928461923,low_c,0.6870178954222659,0.16303195030301199,0.290983146263091
GO:0031267,small GTPase binding,molecular_function,43,6011,0.7508712739534884,0.7630574372600233,-0.05788234927364544,120885.0,0.5124916533265527,low_c,0.6875467621135204,0.1626977588253703,0.2903132033331618
GO:1900428,regulation of filamentous growth of a population of unicellular organisms,biological_process,46,6011,0.7899026869565217,0.7630574372600233,0.05587667189037493,144861.0,0.5132478746801813,high_c,0.6880295833550538,0.1623928879103602,0.28967284033356266
GO:0006301,DNA damage tolerance,biological_process,35,6011,0.7608309582857143,0.7630574372600233,-0.06379804934021804,97908.0,0.514577691352692,low_c,0.6892799939724331,0.16160432651591886,0.2885490458218174
GO:0051646,mitochondrion localization,biological_process,32,6011,0.7848703581250001,0.7630574372600233,0.06632589061715999,102009.0,0.5169711817048913,high_c,0.6919521753582817,0.15992392099952074,0.28653366575591377
GO:0000132,establishment of mitotic spindle orientation,biological_process,17,6011,0.7527397752941177,0.7630574372600233,-0.08997232526644294,46365.0,0.5211989534067037,low_c,0.6960010639338752,0.15739009650975694,0.28299646504339326
GO:0044380,protein localization to cytoskeleton,biological_process,24,6011,0.80570616375,0.7630574372600233,0.07578920995490224,77289.0,0.5210710118131114,high_c,0.6960010639338752,0.15739009650975694,0.2831030868021243
GO:0051294,establishment of spindle orientation,biological_process,17,6011,0.7527397752941177,0.7630574372600233,-0.08997232526644294,46365.0,0.5211989534067037,low_c,0.6960010639338752,0.15739009650975694,0.28299646504339326
GO:0035091,phosphatidylinositol binding,molecular_function,32,6011,0.7679666278125,0.7630574372600233,-0.06552099013212909,89396.0,0.5220708079735841,low_c,0.696629456296804,0.15699816577113326,0.2822705900500201
GO:0030865,cortical cytoskeleton organization,biological_process,38,6011,0.7913076639473684,0.7630574372600233,0.05990113405059616,120285.0,0.5238354272185597,high_c,0.6984472362914129,0.1558663967838876,0.28080513339218754
GO:0140006,histone H3 reader activity,molecular_function,18,6011,0.7907272783333332,0.7630574372600233,0.08673081558114104,58615.0,0.5246051379445846,high_c,0.698936699517881,0.1555621551483632,0.2801674602762516
GO:1903313,positive regulation of mRNA metabolic process,biological_process,39,6011,0.7938445799999998,0.7630574372600233,0.05882150892197768,123304.0,0.5260250422416742,high_c,0.7002910071560939,0.15472145064409987,0.2789935800886716
GO:0061733,protein-lysine-acetyltransferase activity,molecular_function,23,6011,0.7805587343478261,0.7630574372600233,0.0757747378815603,74080.0,0.5299289711187596,high_c,0.7006016387002744,0.15452885120665877,0.27578233703770316
GO:0106354,tRNA surveillance,biological_process,16,6011,0.7580043562500001,0.7630574372600233,-0.09084653878231863,43603.0,0.529715313512002,low_c,0.7006016387002744,0.15452885120665877,0.2759574718866988
GO:0071038,TRAMP-dependent tRNA surveillance pathway,biological_process,16,6011,0.7580043562500001,0.7630574372600233,-0.09084653878231863,43603.0,0.529715313512002,low_c,0.7006016387002744,0.15452885120665877,0.2759574718866988
GO:0070847,core mediator complex,cellular_component,20,6011,0.8039814455000001,0.7630574372600233,0.08185611750959776,64814.0,0.5268107838556262,high_c,0.7006016387002744,0.15452885120665877,0.2783453435791655
GO:0006521,regulation of amino acid metabolic process,biological_process,18,6011,0.7524787888888889,0.7630574372600233,-0.0856184066596214,49319.0,0.5299376217558985,low_c,0.7006016387002744,0.15452885120665877,0.27577524760965677
GO:0051300,spindle pole body organization,biological_process,21,6011,0.8050515152380953,0.7630574372600233,0.07933858017330464,67885.0,0.5296671365676535,high_c,0.7006016387002744,0.15452885120665877,0.2759969722221977
GO:0030705,cytoskeleton-dependent intracellular transport,biological_process,38,6011,0.7574774136842105,0.7630574372600233,-0.059337192806224515,106753.0,0.5277511047836534,low_c,0.7006016387002744,0.15452885120665877,0.2775708488759343
GO:0031023,microtubule organizing center organization,biological_process,21,6011,0.8050515152380953,0.7630574372600233,0.07933858017330464,67885.0,0.5296671365676535,high_c,0.7006016387002744,0.15452885120665877,0.2759969722221977
GO:0005815,microtubule organizing center,cellular_component,76,6011,0.7728137289473684,0.7630574372600233,-0.04211413115771734,216032.0,0.5275236012566538,low_c,0.7006016387002744,0.15452885120665877,0.2777581053833719
GO:0031396,regulation of protein ubiquitination,biological_process,18,6011,0.804978063888889,0.7630574372600233,0.08554424606485345,58551.0,0.5302940974954842,high_c,0.7006016387002744,0.15452885120665877,0.2754832068233699
GO:0072525,pyridine-containing compound biosynthetic process,biological_process,31,6011,0.7920939138709677,0.7630574372600233,0.06516344805264862,98730.0,0.5308644289030111,high_c,0.7008217859890702,0.15439240600125967,0.2750163740159561
GO:0000978,RNA polymerase II cis-regulatory region sequence-specific DNA binding,molecular_function,107,6011,0.7857929447663552,0.7630574372600233,0.03499607425980811,326918.0,0.5343885739237002,high_c,0.7028019426754119,0.15316704670428186,0.2721428363389051
GO:0048280,vesicle fusion with Golgi apparatus,biological_process,16,6011,0.80493336625,0.7630574372600233,0.08988740617180979,52271.0,0.5340701061297595,high_c,0.7028019426754119,0.15316704670428186,0.27240173041174154
GO:0006383,transcription by RNA polymerase III,biological_process,30,6011,0.8028895576666668,0.7630574372600233,0.06570807557264668,95610.0,0.5341394216453501,high_c,0.7028019426754119,0.15316704670428186,0.2723453681622187
GO:0032446,protein modification by small protein conjugation,biological_process,144,6011,0.78343247625,0.7630574372600233,0.030290655833948854,435219.5,0.533996720322006,high_c,0.7028019426754119,0.15316704670428186,0.27246141029434473
GO:0072384,organelle transport along microtubule,biological_process,25,6011,0.7461845556,0.7630574372600233,-0.07198128967591044,69439.0,0.5339621887223149,low_c,0.7028019426754119,0.15316704670428186,0.2724894954258518
GO:0031160,spore wall,cellular_component,18,6011,0.7937588322222223,0.7630574372600233,0.08452453788679382,58496.0,0.5352079565914338,high_c,0.7033467166106958,0.1528305355903917,0.2714774388163376
GO:0005881,cytoplasmic microtubule,cellular_component,16,6011,0.806672493125,0.7630574372600233,0.08890742285237696,52224.0,0.5385381639664613,high_c,0.7066861789749121,0.15077340232278344,0.26878351462644845
GO:0032182,ubiquitin-like protein binding,molecular_function,55,6011,0.7996186465454548,0.7630574372600233,0.04810427987056598,171669.0,0.5385632573639452,high_c,0.7066861789749121,0.15077340232278344,0.2687632789757556
GO:0005656,nuclear pre-replicative complex,cellular_component,16,6011,0.74377015625,0.7630574372600233,-0.08809424520433695,43735.0,0.5422598803641896,low_c,0.7104627564620628,0.1484586835168851,0.2657925260845316
GO:0036387,pre-replicative complex,cellular_component,16,6011,0.74377015625,0.7630574372600233,-0.08809424520433695,43735.0,0.5422598803641896,low_c,0.7104627564620628,0.1484586835168851,0.2657925260845316
GO:0031125,rRNA 3'-end processing,biological_process,23,6011,0.8022895004347825,0.7630574372600233,0.0731753361796057,73901.0,0.5441394118456033,high_c,0.7118508055493349,0.14761101916678718,0.2642898171428248
GO:0016197,endosomal transport,biological_process,126,6011,0.7691999445238096,0.7630574372600233,-0.03154913622203337,359058.0,0.5439530595106694,low_c,0.7118508055493349,0.14761101916678718,0.2644385761751191
GO:0010906,regulation of glucose metabolic process,biological_process,22,6011,0.8002708045454544,0.7630574372600233,0.0745912961641797,70793.0,0.545337973249095,high_c,0.712345162949909,0.1473095203498703,0.2633342602476114
GO:0051123,RNA polymerase II preinitiation complex assembly,biological_process,41,6011,0.7967463024390243,0.7630574372600233,0.05476978387874332,129088.0,0.5450091319909507,high_c,0.712345162949909,0.1473095203498703,0.2635962207691333
GO:0140719,constitutive heterochromatin formation,biological_process,89,6011,0.7833515971910113,0.7630574372600233,0.03687829422947764,273247.5,0.5498145351621888,high_c,0.7171134733595491,0.14441211775663454,0.25978378312243255
GO:1900429,negative regulation of filamentous growth of a population of unicellular organisms,biological_process,15,6011,0.7874541599999998,0.7630574372600233,0.08937069157215927,48989.0,0.5494102767482778,high_c,0.7171134733595491,0.14441211775663454,0.26010322133823244
GO:0140056,organelle localization by membrane tethering,biological_process,47,6011,0.7746046395744681,0.7630574372600233,-0.05045164604649177,133083.0,0.5507467030559359,low_c,0.7172515202588933,0.14432852256701287,0.25904809399362677
GO:0022406,membrane docking,biological_process,47,6011,0.7746046395744681,0.7630574372600233,-0.05045164604649177,133083.0,0.5507467030559359,low_c,0.7172515202588933,0.14432852256701287,0.25904809399362677
GO:0034315,regulation of Arp2/3 complex-mediated actin nucleation,biological_process,15,6011,0.7861146753333335,0.7630574372600233,0.08868134311763387,48958.0,0.5524947804598634,high_c,0.7173754217489327,0.14425350692080985,0.2576718204992986
GO:0006995,cellular response to nitrogen starvation,biological_process,50,6011,0.7726048696,0.7630574372600233,0.048770340546888,156293.0,0.5520223462496507,high_c,0.7173754217489327,0.14425350692080985,0.25804334137137663
GO:0046873,metal ion transmembrane transporter activity,molecular_function,58,6011,0.7800114917241379,0.7630574372600233,0.04526839553514028,180452.0,0.5524078633714483,high_c,0.7173754217489327,0.14425350692080985,0.25774014798891115
GO:0043562,cellular response to nitrogen levels,biological_process,50,6011,0.7726048696,0.7630574372600233,0.048770340546888,156293.0,0.5520223462496507,high_c,0.7173754217489327,0.14425350692080985,0.25804334137137663
GO:1904669,ATP export,biological_process,17,6011,0.7597705188235293,0.7630574372600233,-0.08322047537733812,46709.0,0.5529451150342028,low_c,0.7174235573238984,0.14422436692990712,0.2573179743385759
GO:1902555,endoribonuclease complex,cellular_component,21,6011,0.7967176647619048,0.7630574372600233,0.07469592177438589,67593.0,0.5540302367653771,high_c,0.718294616149884,0.14369738873189586,0.25646653256036
GO:0031490,chromatin DNA binding,molecular_function,18,6011,0.7950611255555556,0.7630574372600233,0.08035300443109561,58271.0,0.5555461773811949,high_c,0.7197225103983241,0.14283491389039454,0.25527983636606
GO:0050779,RNA destabilization,biological_process,32,6011,0.7939664662499999,0.7630574372600233,0.05981351396554602,101386.0,0.5589588602468473,high_c,0.7230645166829559,0.14082295029975866,0.25262015530725845
GO:0061157,mRNA destabilization,biological_process,32,6011,0.7939664662499999,0.7630574372600233,0.05981351396554602,101386.0,0.5589588602468473,high_c,0.7230645166829559,0.14082295029975866,0.25262015530725845
GO:0015295,solute:proton symporter activity,molecular_function,34,6011,0.7678094738235294,0.7630574372600233,-0.05791809780629664,95724.0,0.5597658095854856,low_c,0.7235692073271802,0.14051992353201584,0.2519936317037736
GO:0034219,carbohydrate transmembrane transport,biological_process,35,6011,0.7666259382857142,0.7630574372600233,-0.0565978198508319,98661.0,0.5631512209432971,low_c,0.7274036603850921,0.13822451785231682,0.2493749699749835
GO:0000149,SNARE binding,molecular_function,33,6011,0.794289546060606,0.7630574372600233,0.05789916562750297,104348.0,0.5656918588684219,high_c,0.7297065296620924,0.13685176751528166,0.24742007134614244
GO:0005875,microtubule associated complex,cellular_component,20,6011,0.7603444680000001,0.7630574372600233,-0.07427808379235523,55460.0,0.5657747632057467,low_c,0.7297065296620924,0.13685176751528166,0.24735642846779674
GO:0051321,meiotic cell cycle,biological_process,53,6011,0.7698960156603775,0.7630574372600233,-0.045633902727900355,150682.0,0.5667856660398305,low_c,0.7304676438345551,0.13639901643786187,0.24658114155534935
GO:0071474,cellular hyperosmotic response,biological_process,23,6011,0.7605048539130436,0.7630574372600233,-0.06883331881153609,64122.0,0.568291232496013,low_c,0.7318646733034707,0.13556921548649525,0.24542904412766733
GO:0097525,spliceosomal snRNP complex,cellular_component,53,6011,0.7800687815094338,0.7630574372600233,0.045402724733512034,165055.5,0.5687523850845759,high_c,0.731915597114028,0.13553899793215546,0.2450767691007243
GO:0016078,tRNA decay,biological_process,18,6011,0.7634688722222223,0.7630574372600233,-0.07751636168122067,49756.0,0.5695884154922923,low_c,0.732448510588607,0.13522289978369434,0.24443885212916133
GO:0030866,cortical actin cytoskeleton organization,biological_process,37,6011,0.7893353116216215,0.7630574372600233,0.05402690940019372,116490.0,0.5704699267127078,high_c,0.732496888145903,0.13519421597580997,0.24376724521066595
GO:0031134,sister chromatid biorientation,biological_process,21,6011,0.805388300952381,0.7630574372600233,0.07164321488194614,67401.0,0.5703432783766524,high_c,0.732496888145903,0.13519421597580997,0.24386367234434858
GO:0034061,DNA polymerase activity,molecular_function,15,6011,0.7758178693333334,0.7630574372600233,-0.08443406715588175,41173.0,0.5716845900898511,low_c,0.7325887926709382,0.13513972956773196,0.24284351415120187
GO:0010639,negative regulation of organelle organization,biological_process,89,6011,0.7776437264044942,0.7630574372600233,0.034865233048355204,272717.0,0.5718074965835952,high_c,0.7325887926709382,0.13513972956773196,0.24275015519778054
GO:0005509,calcium ion binding,molecular_function,27,6011,0.7863404955555556,0.7630574372600233,0.06310655575361457,85882.0,0.5710000476865202,high_c,0.7325887926709382,0.13513972956773196,0.24336385548446415
GO:0019359,nicotinamide nucleotide biosynthetic process,biological_process,17,6011,0.754323651764706,0.7630574372600233,-0.07913796149090269,46917.0,0.572589835969053,low_c,0.7330501144854543,0.13486633408939952,0.2421563653988281
GO:0000977,RNA polymerase II transcription regulatory region sequence-specific DNA binding,molecular_function,124,6011,0.783558602983871,0.7630574372600233,0.02947719688542816,375753.0,0.5737291086535918,high_c,0.7338519964396067,0.13439151993524223,0.24129311524405275
GO:0006282,regulation of DNA repair,biological_process,34,6011,0.7853494205882354,0.7630574372600233,0.055821826806680575,107281.0,0.574061642376144,high_c,0.7338519964396067,0.13439151993524223,0.24104147083123242
GO:0006862,nucleotide transport,biological_process,39,6011,0.7644526533333332,0.7630574372600233,-0.05174146014735437,110428.5,0.5770094907457094,low_c,0.7370776129025398,0.1324867793314497,0.23881704343942853
GO:0006895,Golgi to endosome transport,biological_process,32,6011,0.7854728040624999,0.7630574372600233,0.05699113564141167,101116.0,0.5776564962275045,high_c,0.7373615275374615,0.13231952582139264,0.2383303382916482
GO:0000272,polysaccharide catabolic process,biological_process,18,6011,0.8027957711111111,0.7630574372600233,0.07547694532510141,58008.0,0.579787682342525,high_c,0.7395381458828973,0.13103941988320042,0.23673101552033882
GO:0016579,protein deubiquitination,biological_process,23,6011,0.7613315139130437,0.7630574372600233,-0.06635735238593132,64292.5,0.5822891517525182,low_c,0.7409580992592101,0.13020635042151552,0.23486130087240803
GO:0000981,"DNA-binding transcription factor activity, RNA polymerase II-specific",molecular_function,162,6011,0.7694050948765432,0.7630574372600233,-0.025269698946110863,461797.0,0.5826938813970687,low_c,0.7409580992592101,0.13020635042151552,0.2345595422143658
GO:0032881,regulation of polysaccharide metabolic process,biological_process,20,6011,0.785067774,0.7630574372600233,0.071106659989985,64170.0,0.5824822918225137,high_c,0.7409580992592101,0.13020635042151552,0.23471727318720864
GO:0016251,RNA polymerase II general transcription initiation factor activity,molecular_function,21,6011,0.7968167509523809,0.7630574372600233,0.06948088083313464,67265.0,0.5820351438714189,high_c,0.7409580992592101,0.13020635042151552,0.23505079141775875
GO:0006639,acylglycerol metabolic process,biological_process,16,6011,0.7583568193749999,0.7630574372600233,-0.07935779816513766,44154.0,0.5830350020668669,low_c,0.7409580992592101,0.13020635042151552,0.23430537191647488
GO:0006749,glutathione metabolic process,biological_process,20,6011,0.7826262855,0.7630574372600233,0.07038891670839598,64127.0,0.5862951895598433,high_c,0.7439390979976493,0.12846261618282862,0.231883669103939
GO:0140115,export across plasma membrane,biological_process,15,6011,0.7900616886666666,0.7630574372600233,0.08116522125861692,48620.0,0.5866662587320173,high_c,0.7439390979976493,0.12846261618282862,0.23160888888931172
GO:0031573,mitotic intra-S DNA damage checkpoint signaling,biological_process,21,6011,0.7559982847619049,0.7630574372600233,-0.06876540265521902,58570.0,0.5859282831243695,low_c,0.7439390979976493,0.12846261618282862,0.23215553782047277
GO:0090329,regulation of DNA-templated DNA replication,biological_process,47,6011,0.7793989178723402,0.7630574372600233,0.04564265022760683,146551.0,0.5893581858222783,high_c,0.7462443510346337,0.12711894339861823,0.22962068000770328
GO:0051445,regulation of meiotic cell cycle,biological_process,59,6011,0.785064048135593,0.7630574372600233,0.04073264078731542,182736.0,0.5897737613015653,high_c,0.7462443510346337,0.12711894339861823,0.22931455286835847
GO:0016814,"hydrolase activity, acting on carbon-nitrogen (but not peptide) bonds, in cyclic amidines",molecular_function,17,6011,0.7832453788235294,0.7630574372600233,0.07568352666391887,54805.0,0.5894668542493452,high_c,0.7462443510346337,0.12711894339861823,0.22954061028274547
GO:0004549,tRNA-specific ribonuclease activity,molecular_function,15,6011,0.7610594246666665,0.7630574372600233,-0.08036468756949078,41356.0,0.5903627861052946,low_c,0.7464455911717344,0.12700184274812334,0.2288810263518413
GO:0001558,regulation of cell growth,biological_process,42,6011,0.7634078171428571,0.7630574372600233,-0.04769084715474392,119371.0,0.5937802829006538,low_c,0.7502202118744795,0.12481123958904115,0.2263742277059826
GO:0071025,RNA surveillance,biological_process,36,6011,0.7875694694444444,0.7630574372600233,0.05120874012087406,113057.5,0.5957732508633827,high_c,0.7521908098173327,0.12367197704231193,0.22491899971650356
GO:0003774,cytoskeletal motor activity,molecular_function,17,6011,0.8032700764705882,0.7630574372600233,0.07419183889772119,54729.0,0.5968248968609086,high_c,0.7524241255995187,0.12353728775381512,0.2241530683373645
GO:0015175,neutral L-amino acid transmembrane transporter activity,molecular_function,15,6011,0.7827393186666668,0.7630574372600233,0.07905270180120083,48525.0,0.5964440587937082,high_c,0.7524241255995187,0.12353728775381512,0.22443028308583474
GO:0016776,"phosphotransferase activity, phosphate group as acceptor",molecular_function,17,6011,0.799344614117647,0.7630574372600233,0.07407407407407418,54723.0,0.5974075710337641,high_c,0.7526121504460193,0.12342877455048516,0.22372927781935129
GO:0016567,protein ubiquitination,biological_process,117,6011,0.7806646086324789,0.7630574372600233,0.028374502246236277,354582.5,0.598661409904145,high_c,0.7536448205899896,0.1228332811864135,0.22281873585103684
GO:0008234,cysteine-type peptidase activity,molecular_function,31,6011,0.7868266506451612,0.7630574372600233,0.054272305534577514,97720.5,0.601714531806603,high_c,0.7563913303521091,0.12125345761892933,0.22060949988077114
GO:0016895,"DNA exonuclease activity, producing 5'-phosphomonoesters",molecular_function,17,6011,0.7796478552941176,0.7630574372600233,-0.07321046536732811,47219.0,0.6016883935626538,low_c,0.7563913303521091,0.12125345761892933,0.2206283658729941
GO:0016278,lysine N-methyltransferase activity,molecular_function,24,6011,0.7971638233333334,0.7630574372600233,0.06127164411781072,76246.0,0.6039238564714602,high_c,0.7580707265614279,0.12029027362595694,0.21901781435711945
GO:0016279,protein-lysine N-methyltransferase activity,molecular_function,24,6011,0.7971638233333334,0.7630574372600233,0.06127164411781072,76246.0,0.6039238564714602,high_c,0.7580707265614279,0.12029027362595694,0.21901781435711945
GO:0012506,vesicle membrane,cellular_component,161,6011,0.780463762484472,0.7630574372600233,0.02380102988798649,482133.5,0.6058803932247269,high_c,0.759977140634484,0.11919947067395813,0.2176131013936922
GO:0006267,pre-replicative complex assembly involved in nuclear cell cycle DNA replication,biological_process,19,6011,0.7532247336842105,0.7630574372600233,-0.06766917293233088,53072.0,0.6100694290998705,low_c,0.7633037745166509,0.11730259003855187,0.2146207371873872
GO:1902299,pre-replicative complex assembly involved in cell cycle DNA replication,biological_process,19,6011,0.7532247336842105,0.7630574372600233,-0.06766917293233088,53072.0,0.6100694290998705,low_c,0.7633037745166509,0.11730259003855187,0.2146207371873872
GO:0019902,phosphatase binding,molecular_function,17,6011,0.7600741647058823,0.7630574372600233,-0.0714832479538362,47307.0,0.6102912667218383,low_c,0.7633037745166509,0.11730259003855187,0.2144628447601889
GO:0007051,spindle organization,biological_process,37,6011,0.7946803975675675,0.7630574372600233,0.04857988219220233,115888.0,0.6099441297950745,high_c,0.7633037745166509,0.11730259003855187,0.21470994405964497
GO:0048029,monosaccharide binding,molecular_function,17,6011,0.7841813947058823,0.7630574372600233,0.07122809083593395,54578.0,0.611566761375455,high_c,0.764348378508128,0.11670865139999143,0.21355612650284891
GO:0008236,serine-type peptidase activity,molecular_function,18,6011,0.788702323888889,0.7630574372600233,0.06904351372898021,57661.0,0.6125100653039547,high_c,0.7649511242698914,0.11636631273918191,0.21288677019600227
GO:0003700,DNA-binding transcription factor activity,molecular_function,179,6011,0.7704508255865923,0.7630574372600233,-0.022166279666796962,510394.0,0.6129303075227067,low_c,0.7649511242698914,0.11636631273918191,0.21258890358760862
GO:0034762,regulation of transmembrane transport,biological_process,19,6011,0.8060161189473685,0.7630574372600233,0.06691377977654422,60733.0,0.6140640994405742,high_c,0.7653501697581062,0.11613981713578088,0.2117862924087685
GO:0060237,regulation of fungal-type cell wall organization,biological_process,21,6011,0.7748938942857142,0.7630574372600233,0.06364575880435641,66898.0,0.6141317894429965,high_c,0.7653501697581062,0.11613981713578088,0.2117384215522905
GO:1900430,positive regulation of filamentous growth of a population of unicellular organisms,biological_process,23,6011,0.7917676317391305,0.7630574372600233,0.060396154628096665,73021.0,0.6166346623979808,high_c,0.7671387797335371,0.11512606262150177,0.20997206627012663
GO:1902533,positive regulation of intracellular signal transduction,biological_process,41,6011,0.7863248658536586,0.7630574372600233,0.045332352821015665,127933.0,0.6164022749910711,high_c,0.7671387797335371,0.11512606262150177,0.21013576707521903
GO:0030659,cytoplasmic vesicle membrane,cellular_component,160,6011,0.78011311975,0.7630574372600233,0.023146684327465472,478914.5,0.6168927053617613,high_c,0.7671387797335371,0.11512606262150177,0.2097903651748326
GO:0000045,autophagosome assembly,biological_process,28,6011,0.763613322142857,0.7630574372600233,-0.0543683293140087,79208.0,0.6191635717979496,low_c,0.7688612021754223,0.11415205365747497,0.20819460308828544
GO:1905037,autophagosome organization,biological_process,28,6011,0.763613322142857,0.7630574372600233,-0.0543683293140087,79208.0,0.6191635717979496,low_c,0.7688612021754223,0.11415205365747497,0.20819460308828544
GO:1902930,regulation of alcohol biosynthetic process,biological_process,16,6011,0.782102005625,0.7630574372600233,0.07128857381150966,51379.0,0.6219201631882983,high_c,0.7717322396675382,0.11253335640775705,0.20626536275640253
GO:0042054,histone methyltransferase activity,molecular_function,18,6011,0.7940811822222222,0.7630574372600233,0.06707825796762901,57555.0,0.6226663372943151,high_c,0.7721062582449506,0.11232292739242024,0.20574461255465526
GO:0019236,response to pheromone,biological_process,42,6011,0.790697346904762,0.7630574372600233,0.0438296276795187,130843.0,0.624007135886949,high_c,0.7732165509634144,0.1116988583228046,0.2048104438775031
GO:0032365,intracellular lipid transport,biological_process,20,6011,0.7957057335,0.7630574372600233,0.06257719913203141,63659.0,0.6285213863817823,high_c,0.7778473056143571,0.10910564830279694,0.201679940206225
GO:1905354,exoribonuclease complex,cellular_component,18,6011,0.7750128494444444,0.7630574372600233,-0.06592876874872533,50381.0,0.6286404203784235,low_c,0.7778473056143571,0.10910564830279694,0.20159769811491007
GO:0070786,positive regulation of growth of unicellular organism as a thread of attached cells,biological_process,17,6011,0.79541507,0.7630574372600233,0.067518498891048,54389.0,0.6302420547979359,high_c,0.7792736518014365,0.10831000754201955,0.20049262058870618
GO:1902903,regulation of supramolecular fiber organization,biological_process,65,6011,0.7818236518461538,0.7630574372600233,0.034572692695800766,199926.0,0.6311647232074856,high_c,0.7798590458990713,0.10798388592496537,0.19985728252433982
GO:0030029,actin filament-based process,biological_process,98,6011,0.7857351850000001,0.7630574372600233,0.02814276395489701,297891.0,0.6322737598029582,high_c,0.7800436857500224,0.10788107429811834,0.19909484160802166
GO:0005977,glycogen metabolic process,biological_process,27,6011,0.7604522311111112,0.7630574372600233,-0.05326549811843928,76481.0,0.6324962883567942,low_c,0.7800436857500224,0.10788107429811834,0.1989420186911053
GO:0043162,ubiquitin-dependent protein catabolic process via the multivesicular body sorting pathway,biological_process,21,6011,0.7611168876190476,0.7630574372600233,-0.060338659670880035,59100.0,0.6326621598709858,low_c,0.7800436857500224,0.10788107429811834,0.19882814033249807
GO:0004529,DNA exonuclease activity,molecular_function,18,6011,0.7823279333333333,0.7630574372600233,-0.06464949848897783,50450.0,0.6353176899990385,low_c,0.7822067445661921,0.10667844366993791,0.19700905185503112
GO:0019200,carbohydrate kinase activity,molecular_function,17,6011,0.7774295005882352,0.7630574372600233,0.06655675283126272,54340.0,0.6351232705575873,high_c,0.7822067445661921,0.10667844366993791,0.1971419746651066
GO:0007033,vacuole organization,biological_process,85,6011,0.7778798107058823,0.7630574372600233,0.02976315737229762,259351.0,0.637043553587274,high_c,0.782966695530138,0.10625671080936247,0.19583087467248408
GO:0015174,basic amino acid transmembrane transporter activity,molecular_function,16,6011,0.746914181875,0.7630574372600233,-0.06822351959966644,44688.0,0.6369799411090249,low_c,0.782966695530138,0.10625671080936247,0.19587424365024902
GO:0003690,double-stranded DNA binding,molecular_function,276,6011,0.7804607782971014,0.7630574372600233,0.016777226033888093,804708.0,0.6372879843226296,high_c,0.782966695530138,0.10625671080936247,0.19566426980127696
GO:0004860,protein kinase inhibitor activity,molecular_function,18,6011,0.7646357522222222,0.7630574372600233,0.0639820531360662,57388.0,0.6388133370779201,high_c,0.7835275856130415,0.10594570874404859,0.19462602528421166
GO:0015849,organic acid transport,biological_process,80,6011,0.762239480625,0.7630574372600233,-0.03054291013319843,229994.0,0.638399331058437,low_c,0.7835275856130415,0.10594570874404859,0.1949075767290402
GO:0007049,cell cycle,biological_process,89,6011,0.785441955730337,0.7630574372600233,0.028919018400251906,271150.0,0.6390985375737712,high_c,0.7835275856130415,0.10594570874404859,0.19443217623077141
GO:0140463,chromatin-protein adaptor activity,molecular_function,23,6011,0.7798918765217391,0.7630574372600233,0.05609770265168024,72725.0,0.6419376957781764,high_c,0.7858983355930284,0.10463363099191221,0.19250712098533757
GO:0005669,transcription factor TFIID complex,cellular_component,16,6011,0.7741756325,0.7630574372600233,0.0672643869891576,51186.0,0.6417238874757442,high_c,0.7858983355930284,0.10463363099191221,0.19265179426683396
GO:0000963,mitochondrial RNA processing,biological_process,22,6011,0.7640751522727274,0.7630574372600233,-0.056846643088085735,62134.0,0.6448857576858941,low_c,0.7874272187395789,0.103789577170763,0.19051721435856003
GO:0003688,DNA replication origin binding,molecular_function,39,6011,0.7803843466666667,0.7630574372600233,0.04278084050354636,121436.0,0.6446857688254355,high_c,0.7874272187395789,0.103789577170763,0.19065191655607294
GO:0023056,positive regulation of signaling,biological_process,44,6011,0.7845282761363636,0.7630574372600233,0.04041927571339343,136580.0,0.6436530403838466,high_c,0.7874272187395789,0.103789577170763,0.19134817495696055
GO:0040001,establishment of mitotic spindle localization,biological_process,19,6011,0.7621508552631578,0.7630574372600233,-0.061134143770641525,53444.0,0.64500086696295,low_c,0.7874272187395789,0.103789577170763,0.19043970161748858
GO:0019208,phosphatase regulator activity,molecular_function,41,6011,0.789986367804878,0.7630574372600233,0.0407566286718144,127373.0,0.6524320858856079,high_c,0.7959396353460402,0.0991198682299358,0.18546468898612453
GO:0004842,ubiquitin-protein transferase activity,molecular_function,96,6011,0.769980738125,0.7630574372600233,-0.02669061707523246,276342.0,0.6532468413982453,low_c,0.796373958333816,0.0988829499716464,0.18492268151128197
GO:0120013,lipid transfer activity,molecular_function,28,6011,0.7963967214285715,0.7630574372600233,0.04891239464196184,87859.0,0.6547650173143404,high_c,0.7976646105668035,0.09817967556377921,0.1839145320597233
GO:0098754,detoxification,biological_process,46,6011,0.7744752195652174,0.7630574372600233,0.03795327818069172,142402.0,0.6569983066134768,high_c,0.7998240254424935,0.09700555449058605,0.1824357498152124
GO:0045943,positive regulation of transcription by RNA polymerase I,biological_process,33,6011,0.7732649003030303,0.7630574372600233,0.04435455255127385,103012.0,0.6599209958721421,high_c,0.8028190951885344,0.09538230629368734,0.18050805401951345
GO:0061630,ubiquitin protein ligase activity,molecular_function,69,6011,0.7705075508695652,0.7630574372600233,-0.03069771072054006,198706.0,0.66062566571062,low_c,0.8031135543933028,0.09522304431063602,0.18004455771095357
GO:0052689,carboxylic ester hydrolase activity,molecular_function,59,6011,0.7547336498305085,0.7630574372600233,-0.03269660105704397,169843.0,0.6651701091180041,low_c,0.8032688477876724,0.09513907543203118,0.1770672749918758
GO:0005484,SNAP receptor activity,molecular_function,23,6011,0.7992483734782607,0.7630574372600233,0.05220586099735702,72457.0,0.6652125205393822,high_c,0.8032688477876724,0.09513907543203118,0.17703958514405338
GO:0006386,termination of RNA polymerase III transcription,biological_process,17,6011,0.8014614217647058,0.7630574372600233,0.060590001766472446,54036.0,0.6657552636884763,high_c,0.8032688477876724,0.09513907543203118,0.17668539119495769
GO:0051880,G-quadruplex DNA binding,molecular_function,17,6011,0.7934853170588234,0.7630574372600233,0.06139472806139468,54077.0,0.6615898285908368,high_c,0.8032688477876724,0.09513907543203118,0.1794111803310077
GO:0043570,maintenance of DNA repeat elements,biological_process,26,6011,0.7628593826923077,0.7630574372600233,-0.04894286999550157,73997.0,0.6663059566902352,low_c,0.8032688477876724,0.09513907543203118,0.17632630417725462
GO:0031578,mitotic spindle orientation checkpoint signaling,biological_process,16,6011,0.7887486025,0.7630574372600233,0.06290658882402012,50977.0,0.6634601748981441,high_c,0.8032688477876724,0.09513907543203118,0.1781851411357469
GO:0006760,folic acid-containing compound metabolic process,biological_process,17,6011,0.7852843799999999,0.7630574372600233,0.060796090207854814,54046.5,0.6646875166948021,high_c,0.8032688477876724,0.09513907543203118,0.17738247750910316
GO:0000922,spindle pole,cellular_component,25,6011,0.7730295628,0.7630574372600233,-0.05014366855997332,71073.0,0.6648265231322443,low_c,0.8032688477876724,0.09513907543203118,0.17729166277959788
GO:2000220,regulation of pseudohyphal growth,biological_process,26,6011,0.786032053076923,0.7630574372600233,0.04959835486151265,81664.0,0.6621117469430695,high_c,0.8032688477876724,0.09513907543203118,0.17906870695737998
GO:0006888,endoplasmic reticulum to Golgi vesicle-mediated transport,biological_process,94,6011,0.7821991242553192,0.7630574372600233,0.026206494809402514,285387.0,0.6624297093614049,high_c,0.8032688477876724,0.09513907543203118,0.1788601980794873
GO:0044804,nucleophagy,biological_process,50,6011,0.7860378134000001,0.7630574372600233,0.035551082033215886,154323.0,0.6646381985963313,high_c,0.8032688477876724,0.09513907543203118,0.17741470223444664
GO:0070507,regulation of microtubule cytoskeleton organization,biological_process,31,6011,0.7916341464516128,0.7630574372600233,0.044859208113064986,96848.0,0.666176238997827,high_c,0.8032688477876724,0.09513907543203118,0.17641086167209902
GO:0010508,positive regulation of autophagy,biological_process,36,6011,0.7894511058333333,0.7630574372600233,0.041534170153417094,112017.0,0.6670084681891814,high_c,0.8035577382209707,0.09498291231710593,0.17586865234358967
GO:0004620,glycerophospholipase activity,molecular_function,18,6011,0.7955839644444445,0.7630574372600233,0.05854978956931234,57095.0,0.6675572807212273,high_c,0.8036611923245843,0.09492700263916744,0.17551146309623028
GO:1903241,U2-type prespliceosome assembly,biological_process,22,6011,0.745068784090909,0.7630574372600233,-0.05284688595758891,62397.5,0.6683260304420648,low_c,0.8040290983003635,0.0947282335866192,0.17501162333359807
GO:0015695,organic cation transport,biological_process,44,6011,0.7654769029545456,0.7630574372600233,0.03734936087877272,136177.0,0.669045101491905,high_c,0.8043367702146447,0.09456207709343004,0.17454460470028274
GO:0140186,protein N-acyltransferase activity,molecular_function,31,6011,0.7728740148387097,0.7630574372600233,0.04415794584097532,96783.0,0.6710866638541206,high_c,0.8056752755537714,0.09383996371765158,0.17322139159961267
GO:0034212,protein N-acetyltransferase activity,molecular_function,31,6011,0.7728740148387097,0.7630574372600233,0.04415794584097532,96783.0,0.6710866638541206,high_c,0.8056752755537714,0.09383996371765158,0.17322139159961267
GO:0019205,nucleobase-containing compound kinase activity,molecular_function,16,6011,0.785049004375,0.7630574372600233,0.06103002502085064,50887.0,0.672909655115439,high_c,0.8066686324531976,0.09330483039724426,0.17204324026138418
GO:0005681,spliceosomal complex,cellular_component,83,6011,0.7645897013253012,0.7630574372600233,-0.026909256459034525,239392.0,0.6733080924105318,low_c,0.8066686324531976,0.09330483039724426,0.17178616576654285
GO:0012507,ER to Golgi transport vesicle membrane,cellular_component,16,6011,0.746000591875,0.7630574372600233,-0.06109257714762306,45030.0,0.6725938284738929,low_c,0.8066686324531976,0.09330483039724426,0.17224712196344363
GO:0034087,establishment of mitotic sister chromatid cohesion,biological_process,20,6011,0.7607327075000001,0.7630574372600233,-0.054147888499415764,56666.0,0.6754865370920369,low_c,0.8087204333736386,0.09220158373579272,0.17038330234129093
GO:0015761,mannose transmembrane transport,biological_process,16,6011,0.7741623400000001,0.7630574372600233,-0.060216847372810633,45072.0,0.6770206348540986,low_c,0.8098815370857572,0.09157850155649283,0.16939809428871308
GO:0062013,positive regulation of small molecule metabolic process,biological_process,29,6011,0.7638701227586207,0.7630574372600233,-0.044720368000553345,82860.0,0.6773893962261057,low_c,0.8098815370857572,0.09157850155649283,0.16916160603289096
GO:0004672,protein kinase activity,molecular_function,138,6011,0.7797557580434783,0.7630574372600233,0.020383133820455646,413497.0,0.6818880067300215,high_c,0.8141386380215387,0.08930163368457164,0.16628694800202573
GO:0005666,RNA polymerase III complex,cellular_component,16,6011,0.799807854375,0.7630574372600233,0.05927856547122601,50803.0,0.6817760507896871,high_c,0.8141386380215387,0.08930163368457164,0.16635825859636844
GO:0045835,negative regulation of meiotic nuclear division,biological_process,23,6011,0.7816406860869565,0.7630574372600233,0.04925793616217944,72254.0,0.6830611930743271,high_c,0.8149788530426336,0.08885366012633614,0.16554038764488316
GO:0061659,ubiquitin-like protein ligase activity,molecular_function,77,6011,0.7711992759740259,0.7630574372600233,-0.02662622177283447,222376.0,0.6876717176747803,low_c,0.8199162787660842,0.08623049094089097,0.1626188368043457
GO:0045927,positive regulation of growth,biological_process,27,6011,0.788824715925926,0.7630574372600233,0.04427857001386415,84361.0,0.6909822134733533,high_c,0.8202967088192491,0.08602903091459815,0.16053313162694935
GO:0007118,budding cell apical bud growth,biological_process,16,6011,0.79675211875,0.7630574372600233,0.05763135946622189,50724.0,0.690155002238642,high_c,0.8202967088192491,0.08602903091459815,0.16105335990473965
GO:1902808,positive regulation of cell cycle G1/S phase transition,biological_process,17,6011,0.7986805970588235,0.7630574372600233,0.0554279769966044,53773.0,0.6927159994982829,high_c,0.8202967088192491,0.08602903091459815,0.15944478144996216
GO:1900087,positive regulation of G1/S transition of mitotic cell cycle,biological_process,17,6011,0.7986805970588235,0.7630574372600233,0.0554279769966044,53773.0,0.6927159994982829,high_c,0.8202967088192491,0.08602903091459815,0.15944478144996216
GO:0015749,monosaccharide transmembrane transport,biological_process,24,6011,0.7950018666666666,0.7630574372600233,0.04674015923389563,75202.0,0.6923123335699573,high_c,0.8202967088192491,0.08602903091459815,0.15969793134730698
GO:0007089,traversing start control point of mitotic cell cycle,biological_process,17,6011,0.7986805970588235,0.7630574372600233,0.0554279769966044,53773.0,0.6927159994982829,high_c,0.8202967088192491,0.08602903091459815,0.15944478144996216
GO:0008645,hexose transmembrane transport,biological_process,24,6011,0.7950018666666666,0.7630574372600233,0.04674015923389563,75202.0,0.6923123335699573,high_c,0.8202967088192491,0.08602903091459815,0.15969793134730698
GO:1902905,positive regulation of supramolecular fiber organization,biological_process,29,6011,0.7800219075862068,0.7630574372600233,0.043025628609967725,90471.0,0.6889648981690112,high_c,0.8202967088192491,0.08602903091459815,0.16180290424598912
GO:0000152,nuclear ubiquitin ligase complex,cellular_component,23,6011,0.7631268617391305,0.7630574372600233,-0.047820278237634684,65569.0,0.6918311986251733,low_c,0.8202967088192491,0.08602903091459815,0.1599998570582266
GO:2000045,regulation of G1/S transition of mitotic cell cycle,biological_process,24,6011,0.79611124875,0.7630574372600233,0.04708813540448742,75227.0,0.690139665873595,high_c,0.8202967088192491,0.08602903091459815,0.16106301074070464
GO:2000217,regulation of invasive growth in response to glucose limitation,biological_process,20,6011,0.8032912750000001,0.7630574372600233,0.05094308128859959,62962.0,0.693692453955979,high_c,0.8208930470808313,0.085713422768959,0.1588330297661494
GO:0044396,actin cortical patch organization,biological_process,23,6011,0.783466677826087,0.7630574372600233,0.04710871017397111,72106.0,0.6961873376890056,high_c,0.8232842086022574,0.0844502147022576,0.15727387996267897
GO:0048311,mitochondrion distribution,biological_process,27,6011,0.7753067440740742,0.7630574372600233,0.0434120617944147,84291.0,0.6967272720459381,high_c,0.8233618408929535,0.0844092644622201,0.15693718951243674
GO:0034497,protein localization to phagophore assembly site,biological_process,18,6011,0.7960137677777778,0.7630574372600233,0.052691102582642646,56779.0,0.6991126246385633,high_c,0.824496954057436,0.08381094443242935,0.15545285527142236
GO:0046943,carboxylic acid transmembrane transporter activity,molecular_function,66,6011,0.764036671060606,0.7630574372600233,-0.027652470882075564,190760.0,0.6988340509285558,low_c,0.824496954057436,0.08381094443242935,0.1556259420261255
GO:1905348,endonuclease complex,cellular_component,23,6011,0.7887817086956523,0.7630574372600233,0.046702099851877676,72078.0,0.6986810784093238,high_c,0.824496954057436,0.08381094443242935,0.15572101809343375
GO:0019888,protein phosphatase regulator activity,molecular_function,40,6011,0.7882047030000001,0.7630574372600233,0.03522023111706574,123626.0,0.7006414199450923,high_c,0.8251787686734602,0.08345195467680586,0.15450419199424628
GO:0072657,protein localization to membrane,biological_process,57,6011,0.7924431110526315,0.7630574372600233,0.029551119990099517,174703.5,0.7005899981443147,high_c,0.8251787686734602,0.08345195467680586,0.15453606710644974
GO:0031501,mannosyltransferase complex,cellular_component,18,6011,0.76581973,0.7630574372600233,0.051986576932347095,56741.0,0.7029438466196889,high_c,0.8267686434497155,0.08261600305950363,0.153079366412954
GO:0034708,methyltransferase complex,cellular_component,20,6011,0.7751616045,0.7630574372600233,0.0493406776831915,62866.0,0.7028629641807627,high_c,0.8267686434497155,0.08261600305950363,0.1531293402737682
GO:0072659,protein localization to plasma membrane,biological_process,27,6011,0.7933677862962963,0.7630574372600233,0.04233511586452754,84204.0,0.7038918433968262,high_c,0.8273231145138052,0.08232484178459933,0.15249406731312296
GO:0019954,asexual reproduction,biological_process,31,6011,0.7478924212903226,0.7630574372600233,-0.03889308447513218,89085.0,0.70838949914604,low_c,0.8285374518965468,0.08168785564007058,0.14972788522438393
GO:0000209,protein polyubiquitination,biological_process,45,6011,0.7793480975555557,0.7630574372600233,0.032443103512496796,138590.0,0.7073133271651848,high_c,0.8285374518965468,0.08168785564007058,0.15038815888380339
GO:0030100,regulation of endocytosis,biological_process,31,6011,0.7710056877419357,0.7630574372600233,-0.039281475887366524,89049.0,0.7056122747364884,low_c,0.8285374518965468,0.08168785564007058,0.15143387288196788
GO:0046890,regulation of lipid biosynthetic process,biological_process,38,6011,0.7807182263157897,0.7630574372600233,0.03531682042877149,117495.0,0.707059259335532,high_c,0.8285374518965468,0.08168785564007058,0.15054418602783498
GO:0031110,regulation of microtubule polymerization or depolymerization,biological_process,22,6011,0.7709617427272726,0.7630574372600233,-0.0460996675723675,62842.0,0.708600103421942,low_c,0.8285374518965468,0.08168785564007058,0.14959878861648052
GO:0051494,negative regulation of cytoskeleton organization,biological_process,30,6011,0.7715843516666667,0.7630574372600233,-0.03973694476954803,86150.0,0.7069526916926552,low_c,0.8285374518965468,0.08168785564007058,0.1506096476235518
GO:0004888,transmembrane signaling receptor activity,molecular_function,16,6011,0.7839989949999999,0.7630574372600233,0.05400333611342778,50550.0,0.7087431544161129,high_c,0.8285374518965468,0.08168785564007058,0.14951112282731252
GO:0007114,cell budding,biological_process,31,6011,0.7478924212903226,0.7630574372600233,-0.03889308447513218,89085.0,0.70838949914604,low_c,0.8285374518965468,0.08168785564007058,0.14972788522438393
GO:0051056,regulation of small GTPase mediated signal transduction,biological_process,31,6011,0.7597195738709677,0.7630574372600233,-0.0387636206710541,89097.0,0.7093161051395677,low_c,0.8286492318454168,0.08162926789551342,0.14916017931143002
GO:0000109,nucleotide-excision repair complex,cellular_component,18,6011,0.7910208138888889,0.7630574372600233,0.05065168622652361,56669.0,0.7102236633040893,high_c,0.8291514993247472,0.08136610960720343,0.14860486192572236
GO:0030663,COPI-coated vesicle membrane,cellular_component,17,6011,0.7493867758823529,0.7630574372600233,-0.05199316964022849,48300.0,0.7108764415795574,low_c,0.8293558485094836,0.08125908840663117,0.14820587803724436
GO:0030950,establishment or maintenance of actin cytoskeleton polarity,biological_process,21,6011,0.7687235309523809,0.7630574372600233,-0.04649018204944744,59971.0,0.7126751850677828,low_c,0.8305852871779601,0.08061576616379744,0.1471083628190878
GO:0005768,endosome,cellular_component,147,6011,0.772138018367347,0.7630574372600233,-0.01768197046895159,423383.0,0.7138440371368182,low_c,0.8305852871779601,0.08061576616379744,0.14639666386762054
GO:0031929,TOR signaling,biological_process,26,6011,0.7641232673076925,0.7630574372600233,-0.04165542060278904,74564.0,0.7136137563391252,low_c,0.8305852871779601,0.08061576616379744,0.14653678665240766
GO:0071444,cellular response to pheromone,biological_process,41,6011,0.7881674324390244,0.7630574372600233,0.03320668382563219,126449.0,0.7136592039931484,high_c,0.8305852871779601,0.08061576616379744,0.14650912878189096
GO:0004386,helicase activity,molecular_function,92,6011,0.7617780723913042,0.7630574372600233,-0.022185372088410982,266233.5,0.7146046359447555,low_c,0.8309133610181484,0.08044425755564177,0.14593417067108944
GO:0071709,membrane assembly,biological_process,22,6011,0.7713986295454544,0.7630574372600233,-0.04479424399277465,62928.0,0.716491455014103,low_c,0.8325496425063472,0.07958986133660033,0.1447889846976934
GO:0006970,response to osmotic stress,biological_process,88,6011,0.7803659353409091,0.7630574372600233,0.022477859806915967,266470.0,0.7169951233142773,high_c,0.8325776147649401,0.0795752700223313,0.14448379820235596
GO:0009967,positive regulation of signal transduction,biological_process,43,6011,0.7821806197674418,0.7630574372600233,0.03173514558264223,132384.0,0.7195378872411615,high_c,0.8344140095194765,0.07861841286780764,0.14294633336522838
GO:0010647,positive regulation of cell communication,biological_process,43,6011,0.7821806197674418,0.7630574372600233,0.03173514558264223,132384.0,0.7195378872411615,high_c,0.8344140095194765,0.07861841286780764,0.14294633336522838
GO:0017171,serine hydrolase activity,molecular_function,21,6011,0.7814319057142857,0.7630574372600233,0.045202321329199435,65738.0,0.7202967191777241,high_c,0.8347363848414746,0.07845065587519706,0.14248856335222249
GO:0046942,carboxylic acid transport,biological_process,79,6011,0.7639789310126581,0.7630574372600233,-0.02321244142475487,228875.0,0.7226399243153055,low_c,0.836893201208386,0.07732996026867138,0.14107804826086504
GO:0048584,positive regulation of response to stimulus,biological_process,73,6011,0.7766926142465753,0.7630574372600233,0.02408448949648645,221957.0,0.7232012539386194,high_c,0.836984917891629,0.07728236773607743,0.14074082952086933
GO:0000387,spliceosomal snRNP assembly,biological_process,18,6011,0.7483278161111112,0.7630574372600233,-0.047815043476648666,51358.0,0.7257806363871789,low_c,0.8384781760179942,0.07650823676487786,0.13919462282928777
GO:0006497,protein lipidation,biological_process,16,6011,0.779809534375,0.7630574372600233,0.05058381984987492,50386.0,0.7264234889003821,high_c,0.8384781760179942,0.07650823676487786,0.1388101213497275
GO:0000018,regulation of DNA recombination,biological_process,34,6011,0.7837478711764705,0.7630574372600233,0.03479022527532005,105144.0,0.7261208893479743,high_c,0.8384781760179942,0.07650823676487786,0.13899106909866546
GO:0051983,regulation of chromosome segregation,biological_process,51,6011,0.7732970117647059,0.7630574372600233,0.02849059086721928,156310.0,0.7257074405990179,high_c,0.8384781760179942,0.07650823676487786,0.1392384241218066
GO:0071230,cellular response to amino acid stimulus,biological_process,17,6011,0.7727447388235295,0.7630574372600233,-0.04881351940175471,48462.0,0.7278356540258435,low_c,0.8392332246250038,0.07611733107560843,0.13796667371898605
GO:0008287,protein serine/threonine phosphatase complex,cellular_component,27,6011,0.7859592003703704,0.7630574372600233,0.038732917409388,83913.0,0.7280444909477279,high_c,0.8392332246250038,0.07611733107560843,0.13784208005139978
GO:0015578,mannose transmembrane transporter activity,molecular_function,15,6011,0.7749068226666667,0.7630574372600233,-0.05072270402490553,42689.0,0.7340593530290698,low_c,0.8444844511984527,0.07340834232847084,0.1342688233933541
GO:0005353,fructose transmembrane transporter activity,molecular_function,15,6011,0.7749068226666667,0.7630574372600233,-0.05072270402490553,42689.0,0.7340593530290698,low_c,0.8444844511984527,0.07340834232847084,0.1342688233933541
GO:0097576,vacuole fusion,biological_process,35,6011,0.7794270342857142,0.7630574372600233,0.033314209217823576,108064.0,0.7336331623409018,high_c,0.8444844511984527,0.07340834232847084,0.13452104552758726
GO:0033044,regulation of chromosome organization,biological_process,81,6011,0.767726598888889,0.7630574372600233,0.021660108675285672,245367.0,0.73739510727739,high_c,0.8477602028036749,0.07172697477939875,0.13229974832670244
GO:0016811,"hydrolase activity, acting on carbon-nitrogen (but not peptide) bonds, in linear amides",molecular_function,33,6011,0.7875094642424242,0.7630574372600233,0.033638492654886054,101955.0,0.7386054064192044,high_c,0.8485896661441024,0.07130226123770289,0.1315875177391506
GO:0000973,post-transcriptional tethering of RNA polymerase II gene DNA at nuclear periphery,biological_process,17,6011,0.7681917111764706,0.7630574372600233,-0.04670356631140948,48569.5,0.7391640801988058,low_c,0.8486698698578881,0.07126121621234012,0.1312591458876255
GO:0016763,pentosyltransferase activity,molecular_function,17,6011,0.7773390082352941,0.7630574372600233,0.04608530098726171,53297.0,0.7424944524258084,high_c,0.8513674830985491,0.06988294116915897,0.12930678684557814
GO:0004527,exonuclease activity,molecular_function,42,6011,0.7782097497619047,0.7630574372600233,-0.02942185418312071,121661.0,0.7421317333631108,low_c,0.8513674830985491,0.06988294116915897,0.12951899769306668
GO:0034398,telomere tethering at nuclear periphery,biological_process,20,6011,0.7720821705,0.7630574372600233,-0.04220497412785851,57381.5,0.7442107593031091,low_c,0.8527721967988102,0.06916696752680492,0.12830405552895421
GO:0019363,pyridine nucleotide biosynthetic process,biological_process,18,6011,0.7626873794444444,0.7630574372600233,-0.04432949552255405,51546.0,0.7450518329884186,low_c,0.8531728113904318,0.06896299294512236,0.1278135124895607
GO:0007097,nuclear migration,biological_process,25,6011,0.7668452108,0.7630574372600233,-0.03699298362846637,72057.0,0.7492583870641766,low_c,0.8562952995019161,0.06737643996278281,0.12536838694046956
GO:0051647,nucleus localization,biological_process,25,6011,0.7668452108,0.7630574372600233,-0.03699298362846637,72057.0,0.7492583870641766,low_c,0.8562952995019161,0.06737643996278281,0.12536838694046956
GO:0030968,endoplasmic reticulum unfolded protein response,biological_process,19,6011,0.7802261263157894,0.7630574372600233,0.042495256833672945,59343.0,0.7487925796714885,high_c,0.8562952995019161,0.06737643996278281,0.12563846798749123
GO:0042144,"vacuole fusion, non-autophagic",biological_process,32,6011,0.77708932625,0.7630574372600233,0.032122846629871304,98737.0,0.7536560274179855,high_c,0.8607545155247519,0.06512069030514915,0.1228268232008497
GO:0070784,regulation of growth of unicellular organism as a thread of attached cells,biological_process,38,6011,0.7847603168421053,0.7630574372600233,0.02892842351987457,116770.0,0.7582187724084857,high_c,0.8653963109146161,0.0627849604809973,0.12020546726847198
GO:0034085,establishment of sister chromatid cohesion,biological_process,23,6011,0.7657670617391305,0.7630574372600233,-0.036798234149458375,66328.0,0.7603675469922992,low_c,0.8661404603534327,0.06241167356009703,0.11897642739698844
GO:0006112,energy reserve metabolic process,biological_process,29,6011,0.7671764475862068,0.7630574372600233,-0.03279954806949581,83894.0,0.760277864671057,low_c,0.8661404603534327,0.06241167356009703,0.11902765372100352
GO:0006363,termination of RNA polymerase I transcription,biological_process,17,6011,0.7398567111764707,0.7630574372600233,-0.04290565074878805,48763.0,0.7596970672985612,low_c,0.8661404603534327,0.06241167356009703,0.11935955012396347
GO:0005769,early endosome,cellular_component,15,6011,0.7876183993333333,0.7630574372600233,0.04507449410718256,46997.0,0.7627345539951802,high_c,0.8676980247284619,0.061631391196926746,0.1176265784185382
GO:0036452,ESCRT complex,cellular_component,17,6011,0.7661990147058823,0.7630574372600233,-0.04241496398359146,48788.0,0.762362656641663,low_c,0.8676980247284619,0.061631391196926746,0.11783838520769477
GO:0031570,DNA integrity checkpoint signaling,biological_process,59,6011,0.7863133808474576,0.7630574372600233,0.022684299252779372,179567.0,0.7639883469085743,high_c,0.8683896476585093,0.0612853625455574,0.11691326565454536
GO:0040008,regulation of growth,biological_process,67,6011,0.7815776931343282,0.7630574372600233,0.021268154516783433,203359.0,0.7643429617639415,high_c,0.8683896476585093,0.0612853625455574,0.11671172914635934
GO:0045912,negative regulation of carbohydrate metabolic process,biological_process,18,6011,0.7884648661111111,0.7630574372600233,0.04075124682499953,56135.0,0.7650028428790443,high_c,0.8685709190569135,0.06119471550399733,0.11633695093215027
GO:0008380,RNA splicing,biological_process,124,6011,0.7667679584677419,0.7630574372600233,-0.015460528118270478,359351.0,0.7679560864376918,low_c,0.871199948239983,0.059882159054726845,0.11466361325371638
GO:0050000,chromosome localization,biological_process,39,6011,0.7784473946153846,0.7630574372600233,-0.027328387174334945,113271.5,0.7683220741678652,low_c,0.871199948239983,0.059882159054726845,0.1144566891969389
GO:0005684,U2-type spliceosomal complex,cellular_component,59,6011,0.7638777864406779,0.7630574372600233,-0.022183114634590884,171689.0,0.7690535903791055,low_c,0.8714602042415973,0.05975244042190834,0.1140433959657963
GO:0000001,mitochondrion inheritance,biological_process,24,6011,0.7697686704166667,0.7630574372600233,0.03457491231000498,74328.0,0.7697451178880844,high_c,0.8715002315588022,0.05973249316133551,0.11365305693075829
GO:0006040,amino sugar metabolic process,biological_process,31,6011,0.7593755903225807,0.7630574372600233,-0.030391628007336302,89873.0,0.7700929465502319,low_c,0.8715002315588022,0.05973249316133551,0.11345685438884646
GO:0071028,nuclear mRNA surveillance,biological_process,27,6011,0.7652652440740739,0.7630574372600233,-0.03239502871855815,78167.0,0.7711890234104641,low_c,0.8721720811990656,0.05939781949158729,0.1128391605188551
GO:0030658,transport vesicle membrane,cellular_component,23,6011,0.7608328939130437,0.7630574372600233,-0.03470709535012051,66472.0,0.7736050432527692,low_c,0.8743348665929735,0.05832220253691405,0.11148070768189394
GO:0030474,spindle pole body duplication,biological_process,16,6011,0.797686134375,0.7630574372600233,0.04132610508757306,49942.0,0.7750018671330898,high_c,0.875343683372182,0.05782139785022489,0.1106972511909528
GO:0055088,lipid homeostasis,biological_process,46,6011,0.7673848797826087,0.7630574372600233,-0.023805532271584218,133929.0,0.7806179895397467,low_c,0.8811136734986998,0.05496805913779302,0.1075614445128539
GO:0061709,reticulophagy,biological_process,26,6011,0.7790704476923077,0.7630574372600233,0.03146327356853673,80253.0,0.7816305286746644,high_c,0.8816832994017006,0.05468738541434561,0.10699848642333995
GO:0006362,transcription elongation by RNA polymerase I,biological_process,17,6011,0.7510292676470588,0.7630574372600233,-0.03870537203870539,48977.0,0.7826037016105803,low_c,0.8822078090882907,0.05442910227179966,0.10645810227580974
GO:0001101,response to acid chemical,biological_process,30,6011,0.7879218543333335,0.7630574372600233,0.029014100206208537,92318.0,0.7837091464073782,high_c,0.882880647737319,0.054098002574775705,0.10584508469682949
GO:0015804,neutral amino acid transport,biological_process,22,6011,0.7742496913636365,0.7630574372600233,0.03342491537515757,68081.0,0.7864188477046784,high_c,0.8848274482071053,0.0531414135936404,0.10434608653394564
GO:0005819,spindle,cellular_component,40,6011,0.78905960625,0.7630574372600233,0.02481996315525037,122384.0,0.7864566547140344,high_c,0.8848274482071053,0.0531414135936404,0.10432520837096519
GO:0140142,nucleocytoplasmic carrier activity,molecular_function,15,6011,0.7637676993333333,0.7630574372600233,-0.04033800311318658,43156.0,0.7870365862289669,low_c,0.8849064207859368,0.053102653692129936,0.10400507853288568
GO:0034045,phagophore assembly site membrane,cellular_component,28,6011,0.77404459,0.7630574372600233,-0.029261478952269493,81311.0,0.7890967603243668,low_c,0.8863968231522338,0.052371809125039775,0.10286973963164135
GO:0032886,regulation of microtubule-based process,biological_process,33,6011,0.7890648072727273,0.7630574372600233,0.026927015217413253,101293.0,0.7893833459639132,high_c,0.8863968231522338,0.052371809125039775,0.10271204038320678
GO:0043574,peroxisomal transport,biological_process,24,6011,0.7611750370833335,0.7630574372600233,-0.031164745838205055,69605.0,0.7919091338391993,low_c,0.8880841449256136,0.051545883381777,0.10132464787537629
GO:0015919,peroxisomal membrane transport,biological_process,24,6011,0.7611750370833335,0.7630574372600233,-0.031164745838205055,69605.0,0.7919091338391993,low_c,0.8880841449256136,0.051545883381777,0.10132464787537629
GO:0110085,mitotic actomyosin contractile ring,cellular_component,19,6011,0.7927873021052632,0.7630574372600233,0.03467781603541553,58898.0,0.7938536712352554,high_c,0.889690105399873,0.05076123936781566,0.10025954244908274
GO:0070647,protein modification by small protein conjugation or removal,biological_process,175,6011,0.7787146294285714,0.7630574372600233,0.0113776559287182,516460.0,0.7973111625832237,high_c,0.8929885020932106,0.049154132947533485,0.09837215561771513
GO:0017056,structural constituent of nuclear pore,molecular_function,29,6011,0.7944165268965516,0.7630574372600233,0.027478988690208483,89122.5,0.7982496616804159,high_c,0.8934631932154752,0.04892333382724237,0.09786125685411054
GO:0006505,GPI anchor metabolic process,biological_process,36,6011,0.7734658675000001,0.7630574372600233,-0.02460251046025108,104904.0,0.7988461802579544,low_c,0.8935547480204954,0.04887883315858172,0.09753683707688518
GO:0030532,small nuclear ribonucleoprotein complex,cellular_component,55,6011,0.7733264221818182,0.7630574372600233,0.01981500702118577,167035.5,0.8000355131699736,high_c,0.8943088543870407,0.04851246935684693,0.09689073446876151
GO:0009304,tRNA transcription,biological_process,18,6011,0.7934787394444445,0.7630574372600233,0.03365036987596648,55752.0,0.8050478084966902,high_c,0.8967937094804468,0.04730744674170923,0.09417832789328102
GO:0051053,negative regulation of DNA metabolic process,biological_process,40,6011,0.77251109675,0.7630574372600233,0.022626025791324667,122122.0,0.8049365572595063,high_c,0.8967937094804468,0.04730744674170923,0.09423834810157428
GO:0055056,D-glucose transmembrane transporter activity,molecular_function,16,6011,0.779537075,0.7630574372600233,-0.03548790658882406,46258.0,0.8061100009008711,low_c,0.8967937094804468,0.04730744674170923,0.09360569079466971
GO:0042797,tRNA transcription by RNA polymerase III,biological_process,18,6011,0.7934787394444445,0.7630574372600233,0.03365036987596648,55752.0,0.8050478084966902,high_c,0.8967937094804468,0.04730744674170923,0.09417832789328102
GO:0032271,regulation of protein polymerization,biological_process,38,6011,0.7735673689473683,0.7630574372600233,-0.02303347519980259,110873.0,0.8063911177989501,low_c,0.8967937094804468,0.04730744674170923,0.09345426451976484
GO:0034475,U4 snRNA 3'-end processing,biological_process,15,6011,0.783601434,0.7630574372600233,-0.03673560151211919,43318.0,0.8056611113846058,low_c,0.8967937094804468,0.04730744674170923,0.09384759889620196
GO:0031503,protein-containing complex localization,biological_process,41,6011,0.7858419470731708,0.7630574372600233,0.022519099562855027,125141.0,0.803492408713613,high_c,0.8967937094804468,0.04730744674170923,0.095018222036122
GO:0120114,Sm-like protein family complex,cellular_component,58,6011,0.7750195972413794,0.7630574372600233,0.01877639208280968,175878.5,0.8053561257729596,high_c,0.8967937094804468,0.04730744674170923,0.09401203359835811
GO:0015932,nucleobase-containing compound transmembrane transporter activity,molecular_function,30,6011,0.7745748613333332,0.7630574372600233,0.025787215069943636,92028.5,0.8072658817002458,high_c,0.8971917865759454,0.04711471085932376,0.09298340215851535
GO:0046503,glycerolipid catabolic process,biological_process,16,6011,0.76730792625,0.7630574372600233,-0.0350291909924938,46280.0,0.8085679665388237,low_c,0.8980639730719117,0.046692725512495536,0.09228346833378173
GO:0140053,mitochondrial gene expression,biological_process,23,6011,0.7704245217391305,0.7630574372600233,-0.028825767476982955,66877.0,0.8111783153063091,low_c,0.9003871837415298,0.045570695446224364,0.09088366756286827
GO:0007032,endosome organization,biological_process,22,6011,0.784152725909091,0.7630574372600233,0.029205057757403674,67803.0,0.8128529240470675,high_c,0.9005186191102165,0.04550730328505915,0.0899880276569421
GO:0043173,nucleotide salvage,biological_process,18,6011,0.7626605394444445,0.7630574372600233,0.03229693902145092,55679.0,0.8127423411041923,high_c,0.9005186191102165,0.04550730328505915,0.0900471143964116
GO:0043094,metabolic compound salvage,biological_process,25,6011,0.7626570307999999,0.7630574372600233,0.027530905446040865,76885.0,0.8119968349107299,high_c,0.9005186191102165,0.04550730328505915,0.0904456635956273
GO:0006506,GPI anchor biosynthetic process,biological_process,31,6011,0.7699128338709678,0.7630574372600233,-0.02418815406192687,90448.0,0.8160808734593951,low_c,0.9031035817065708,0.044262435308077844,0.08826680061286189
GO:0010038,response to metal ion,biological_process,18,6011,0.7561867155555555,0.7630574372600233,-0.031685114114615165,52228.0,0.8162266818534617,low_c,0.9031035817065708,0.044262435308077844,0.08818921256161429
GO:1902749,regulation of cell cycle G2/M phase transition,biological_process,24,6011,0.78712538125,0.7630574372600233,0.02721173654028175,73799.0,0.8178122500514561,high_c,0.9037059618646262,0.04397285261323863,0.08734638841373837
GO:0010389,regulation of G2/M transition of mitotic cell cycle,biological_process,24,6011,0.78712538125,0.7630574372600233,0.02721173654028175,73799.0,0.8178122500514561,high_c,0.9037059618646262,0.04397285261323863,0.08734638841373837
GO:0030036,actin cytoskeleton organization,biological_process,86,6011,0.7821301108139533,0.7630574372600233,0.014357766656854176,258433.0,0.8189358759131288,high_c,0.9037969997362947,0.04392910469560505,0.08675010291279128
GO:0000467,"exonucleolytic trimming to generate mature 3'-end of 5.8S rRNA from tricistronic rRNA transcript (SSU-rRNA, 5.8S rRNA, LSU-rRNA)",biological_process,18,6011,0.7823152444444443,0.7630574372600233,-0.03129577099208336,52249.0,0.8184458873457305,low_c,0.9037969997362947,0.04392910469560505,0.08701002926856717
GO:0006384,transcription initiation at RNA polymerase III promoter,biological_process,23,6011,0.794585942173913,0.7630574372600233,0.027213847985826822,70736.0,0.8215566080057843,high_c,0.9061132601639401,0.042817514034078276,0.08536250685150566
GO:0051052,regulation of DNA metabolic process,biological_process,147,6011,0.7761268943537415,0.7630574372600233,0.010818925114383982,435667.0,0.822477633868403,high_c,0.9065531253305064,0.04260674053499486,0.0848759032498486
GO:0000987,cis-regulatory region sequence-specific DNA binding,molecular_function,122,6011,0.781342524590164,0.7630574372600233,0.011627680393286655,363406.0,0.8257645044157275,high_c,0.9095984642548877,0.041150281572510446,0.08314378925944706
GO:0000076,DNA replication checkpoint signaling,biological_process,19,6011,0.7670582615789474,0.7630574372600233,-0.029038718291054755,55271.0,0.8268009076474474,low_c,0.9101625717666256,0.04088102777209841,0.08259905528366862
GO:0044774,mitotic DNA integrity checkpoint signaling,biological_process,40,6011,0.783971433,0.7630574372600233,0.019670072014737805,121769.0,0.8300065703819253,high_c,0.91311242470407,0.03947574774201116,0.08091846970908279
GO:0006839,mitochondrial transport,biological_process,18,6011,0.7680865422222223,0.7630574372600233,-0.028663069877820413,52391.0,0.83348927500284,low_c,0.9163631294521407,0.03793239329060238,0.07909998412278123
GO:0004843,cysteine-type deubiquitinase activity,molecular_function,23,6011,0.7691314391304347,0.7630574372600233,-0.02502831750457435,67138.5,0.8356777727559187,low_c,0.9170269364755214,0.037617907306132604,0.07796114898494794
GO:0101005,deubiquitinase activity,molecular_function,23,6011,0.7691314391304347,0.7630574372600233,-0.02502831750457435,67138.5,0.8356777727559187,low_c,0.9170269364755214,0.037617907306132604,0.07796114898494794
GO:0006270,DNA replication initiation,biological_process,37,6011,0.7605063621621622,0.7630574372600233,-0.019851790189922114,108325.0,0.8348838377848241,low_c,0.9170269364755214,0.037617907306132604,0.07837394621519685
GO:0005319,lipid carrier activity,molecular_function,43,6011,0.7757606686046512,0.7630574372600233,0.01804196022195903,130627.0,0.8382582096545304,high_c,0.9186971287627934,0.036827640938804786,0.0766221845258032
GO:0034727,piecemeal microautophagy of the nucleus,biological_process,44,6011,0.7826267929545453,0.7630574372600233,0.01784054725231199,133616.0,0.8382283636574344,high_c,0.9186971287627934,0.036827640938804786,0.0766376477595128
GO:0006865,amino acid transport,biological_process,58,6011,0.7633003124137931,0.7630574372600233,-0.01526903271025326,170001.0,0.8411805684738151,low_c,0.9213182756281029,0.03559031391735429,0.07511076820405711
GO:0000422,autophagy of mitochondrion,biological_process,47,6011,0.7713961419148934,0.7630574372600233,0.01682435035746388,142512.0,0.8423121953402035,high_c,0.9213950668623776,0.03555411728431934,0.07452691136994423
GO:1903432,regulation of TORC1 signaling,biological_process,30,6011,0.7815159383333333,0.7630574372600233,0.021066711252298864,91605.0,0.8420376966483532,high_c,0.9213950668623776,0.03555411728431934,0.0746684654125843
GO:1903320,regulation of protein modification by small protein conjugation or removal,biological_process,34,6011,0.7773591511764705,0.7630574372600233,-0.019210896672538835,99657.0,0.8466414829956543,low_c,0.9238344447682507,0.03440584930542239,0.07230045616116253
GO:0060962,regulation of ribosomal protein gene transcription by RNA polymerase II,biological_process,20,6011,0.7826594705000001,0.7630574372600233,0.025137706559839712,61416.0,0.8459324247035392,high_c,0.9238344447682507,0.03440584930542239,0.07266432815543906
GO:1901873,regulation of post-translational protein modification,biological_process,34,6011,0.7773591511764705,0.7630574372600233,-0.019210896672538835,99657.0,0.8466414829956543,low_c,0.9238344447682507,0.03440584930542239,0.07230045616116253
GO:0006022,aminoglycan metabolic process,biological_process,27,6011,0.7615764622222222,0.7630574372600233,-0.021390374331550777,79056.0,0.8477351788685619,low_c,0.9238344447682507,0.03440584930542239,0.07173979434476398
GO:0006030,chitin metabolic process,biological_process,27,6011,0.7615764622222222,0.7630574372600233,-0.021390374331550777,79056.0,0.8477351788685619,low_c,0.9238344447682507,0.03440584930542239,0.07173979434476398
GO:0006607,NLS-bearing protein import into nucleus,biological_process,16,6011,0.791775624375,0.7630574372600233,0.02782527105921595,49294.5,0.8474020625955103,high_c,0.9238344447682507,0.03440584930542239,0.07191048325129261
GO:0003333,amino acid transmembrane transport,biological_process,52,6011,0.7618296886538463,0.7630574372600233,-0.015309744794557711,152562.0,0.8490475749272293,low_c,0.9246841844878733,0.034006570346109335,0.07106797412648888
GO:0000775,"chromosome, centromeric region",cellular_component,45,6011,0.7865886322222222,0.7630574372600233,0.016150780347897298,136403.0,0.8517447549440265,high_c,0.9270400592995799,0.032901498695999655,0.06969053214327281
GO:1903725,regulation of phospholipid metabolic process,biological_process,17,6011,0.7743442929411766,0.7630574372600233,-0.0260652809672417,49621.0,0.8526059234198204,low_c,0.9273959167022608,0.03273482062220714,0.06925165444796962
GO:0072662,protein localization to peroxisome,biological_process,21,6011,0.7709158623809523,0.7630574372600233,0.02265680896732647,64320.0,0.8575918131038925,high_c,0.9316516818199984,0.03074642770855112,0.06671937357105161
GO:0072663,establishment of protein localization to peroxisome,biological_process,21,6011,0.7709158623809523,0.7630574372600233,0.02265680896732647,64320.0,0.8575918131038925,high_c,0.9316516818199984,0.03074642770855112,0.06671937357105161
GO:0016239,positive regulation of macroautophagy,biological_process,23,6011,0.7834638717391305,0.7630574372600233,0.021332520112689046,70331.0,0.8596757173292575,high_c,0.9327481533022444,0.030235602122500697,0.065665340307049
GO:0008080,N-acetyltransferase activity,molecular_function,40,6011,0.7620506810000001,0.7630574372600233,-0.016253558867861284,117479.0,0.8591981735516243,low_c,0.9327481533022444,0.030235602122500697,0.06590665484900533
GO:0015171,amino acid transmembrane transporter activity,molecular_function,53,6011,0.7712755366037736,0.7630574372600233,0.013991018893259044,160096.0,0.860619052199493,high_c,0.9331884288684071,0.030030654908027445,0.06518904382920082
GO:0032008,positive regulation of TOR signaling,biological_process,15,6011,0.7825590113333333,0.7630574372600233,-0.025683789192795237,43815.0,0.8634468115706481,low_c,0.9345455233931541,0.029399538504617528,0.0637644098658545
GO:1901992,positive regulation of mitotic cell cycle phase transition,biological_process,38,6011,0.7761960584210525,0.7630574372600233,-0.01616044128402372,111653.0,0.8634856103240893,low_c,0.9345455233931541,0.029399538504617528,0.06374489539694596
GO:0004540,RNA nuclease activity,molecular_function,56,6011,0.78332068125,0.7630574372600233,0.013422094278517482,168978.0,0.8625689974993052,high_c,0.9345455233931541,0.029399538504617528,0.06420615534487797
GO:0072698,protein localization to microtubule cytoskeleton,biological_process,16,6011,0.783807816875,0.7630574372600233,-0.024728940783986686,46774.0,0.864213858017531,low_c,0.9347509392638217,0.02930408978231205,0.06337877388189425
GO:0034472,snRNA 3'-end processing,biological_process,20,6011,0.7951905605,0.7630574372600233,0.021832749123685602,61218.0,0.8659888884136037,high_c,0.9352606400076239,0.029067342343536,0.0624876804210096
GO:0015914,phospholipid transport,biological_process,42,6011,0.7735597828571428,0.7630574372600233,0.015173635210492309,127251.0,0.8652705987506599,high_c,0.9352606400076239,0.029067342343536,0.06284805303671141
GO:0000124,SAGA complex,cellular_component,19,6011,0.780464577368421,0.7630574372600233,0.022345583585130946,58196.0,0.8663013301453105,high_c,0.9352606400076239,0.029067342343536,0.06233101877157668
GO:0007064,mitotic sister chromatid cohesion,biological_process,34,6011,0.7749828191176471,0.7630574372600233,-0.016612701630761006,99921.0,0.8671800991895819,low_c,0.9356275029167895,0.028897020521025885,0.06189069726246946
GO:0042558,pteridine-containing compound metabolic process,biological_process,18,6011,0.7757319811111111,0.7630574372600233,0.022646791627268792,55158.5,0.8680876511985747,high_c,0.9360249456402022,0.02871257689274628,0.061436421701369655
GO:0010972,negative regulation of G2/M transition of mitotic cell cycle,biological_process,21,6011,0.7819919309523811,0.7630574372600233,0.020605771523968475,64191.0,0.8703682615883634,high_c,0.9373196663259299,0.02811227075008222,0.06029695412148349
GO:1902750,negative regulation of cell cycle G2/M phase transition,biological_process,21,6011,0.7819919309523811,0.7630574372600233,0.020605771523968475,64191.0,0.8703682615883634,high_c,0.9373196663259299,0.02811227075008222,0.06029695412148349
GO:0015718,monocarboxylic acid transport,biological_process,31,6011,0.7753358396774195,0.7630574372600233,-0.016873449131513674,91126.0,0.8711199073622411,low_c,0.9375475258405769,0.028006707933941406,0.059922061385452974
GO:1901875,positive regulation of post-translational protein modification,biological_process,16,6011,0.7873761506250001,0.7630574372600233,0.022935779816513735,49060.0,0.8739786759642594,high_c,0.9394594312532225,0.027121969329580466,0.05849916350293189
GO:1903322,positive regulation of protein modification by small protein conjugation or removal,biological_process,16,6011,0.7873761506250001,0.7630574372600233,0.022935779816513735,49060.0,0.8739786759642594,high_c,0.9394594312532225,0.027121969329580466,0.05849916350293189
GO:0009247,glycolipid biosynthetic process,biological_process,35,6011,0.7742415982857141,0.7630574372600233,-0.015366226812009942,102973.0,0.8752952956465315,low_c,0.9402924710658285,0.02673704127917298,0.057845405681078745
GO:0098552,side of membrane,cellular_component,36,6011,0.779037108611111,0.7630574372600233,0.015072059507206026,109171.0,0.8759521969595143,high_c,0.9404162114543704,0.026679892855805416,0.057519593789877387
GO:0016410,N-acyltransferase activity,molecular_function,46,6011,0.7667417017391306,0.7630574372600233,0.012937789278034906,138970.0,0.8797022198856186,high_c,0.9419594104614769,0.025967810787158825,0.05566431210690553
GO:0071071,regulation of phospholipid biosynthetic process,biological_process,16,6011,0.7904067925,0.7630574372600233,0.021309424520433717,48982.0,0.8828518101216918,high_c,0.9419594104614769,0.025967810787158825,0.054112188208939614
GO:0031982,vesicle,cellular_component,217,6011,0.7808174633640553,0.7630574372600233,0.005779059538788767,632282.0,0.8849216612636356,high_c,0.9419594104614769,0.025967810787158825,0.05309517403302245
GO:0010962,regulation of glucan biosynthetic process,biological_process,16,6011,0.76920336125,0.7630574372600233,0.021059216013344484,48970.0,0.8842182420666063,high_c,0.9419594104614769,0.025967810787158825,0.05344052952611595
GO:0030466,silent mating-type cassette heterochromatin formation,biological_process,46,6011,0.7721399808695653,0.7630574372600233,-0.01236561099165423,135498.5,0.8849860590222747,low_c,0.9419594104614769,0.025967810787158825,0.05306357058735612
GO:0043200,response to amino acid,biological_process,20,6011,0.7890879405,0.7630574372600233,0.01921215156067424,61061.0,0.8819544866857043,high_c,0.9419594104614769,0.025967810787158825,0.05455382608276129
GO:0070873,regulation of glycogen metabolic process,biological_process,15,6011,0.7588183053333334,0.7630574372600233,-0.02245941738937074,43960.0,0.8804590996464,low_c,0.9419594104614769,0.025967810787158825,0.05529081370061287
GO:0032885,regulation of polysaccharide biosynthetic process,biological_process,16,6011,0.76920336125,0.7630574372600233,0.021059216013344484,48970.0,0.8842182420666063,high_c,0.9419594104614769,0.025967810787158825,0.05344052952611595
GO:0005793,endoplasmic reticulum-Golgi intermediate compartment,cellular_component,16,6011,0.7816427031250001,0.7630574372600233,0.0211843202668891,48976.0,0.883534982781747,high_c,0.9419594104614769,0.025967810787158825,0.05377625031307777
GO:0036388,pre-replicative complex assembly,biological_process,20,6011,0.763463432,0.7630574372600233,-0.01904523451844431,58769.0,0.8829731014529433,low_c,0.9419594104614769,0.025967810787158825,0.054052526398074015
GO:0016891,"RNA endonuclease activity producing 5'-phosphomonoesters, hydrolytic mechanism",molecular_function,20,6011,0.7714172815,0.7630574372600233,-0.01896177599732929,58774.0,0.883482481519285,low_c,0.9419594104614769,0.025967810787158825,0.05380205765120269
GO:0000375,"RNA splicing, via transesterification reactions",biological_process,112,6011,0.767761867232143,0.7630574372600233,-0.008312546920785646,327598.0,0.8800504517343458,low_c,0.9419594104614769,0.025967810787158825,0.05549242980237683
GO:0006638,neutral lipid metabolic process,biological_process,17,6011,0.7701827870588235,0.7630574372600233,-0.02111915837406031,49873.0,0.8803504047879614,low_c,0.9419594104614769,0.025967810787158825,0.05534443174069296
GO:0140597,protein carrier activity,molecular_function,37,6011,0.7865843037837837,0.7630574372600233,0.014196653969000828,112088.0,0.8815141227898459,high_c,0.9419594104614769,0.025967810787158825,0.0547707254513674
GO:0019209,kinase activator activity,molecular_function,25,6011,0.778597684,0.7630574372600233,-0.016572001336451758,73585.0,0.8861722495137851,low_c,0.9420667637207172,0.02591831792045481,0.052481854024259776
GO:1901989,positive regulation of cell cycle phase transition,biological_process,44,6011,0.7827039354545454,0.7630574372600233,0.012538659597483237,132920.0,0.8859154628538519,high_c,0.9420667637207172,0.02591831792045481,0.05260771803137141
GO:1901698,response to nitrogen compound,biological_process,19,6011,0.75931643,0.7630574372600233,0.018770641557164014,57992.5,0.8875435946008294,high_c,0.9420816112414462,0.025911473240483346,0.05181030595782839
GO:0030134,COPII-coated ER to Golgi transport vesicle,cellular_component,25,6011,0.784704104,0.7630574372600233,0.016331440026728927,76047.0,0.887814237322008,high_c,0.9420816112414462,0.025911473240483346,0.05167789474565225
GO:0015179,L-amino acid transmembrane transporter activity,molecular_function,31,6011,0.7622960967741935,0.7630574372600233,-0.01475887366490447,91322.0,0.887160378237782,low_c,0.9420816112414462,0.025911473240483346,0.0519978625948567
GO:1901879,regulation of protein depolymerization,biological_process,15,6011,0.7840332266666666,0.7630574372600233,0.020813875917278235,45906.0,0.889163054971176,high_c,0.9429365078985715,0.02551754925378825,0.05101859068231993
GO:0030148,sphingolipid biosynthetic process,biological_process,36,6011,0.7772496686111111,0.7630574372600233,-0.013203161320316181,106130.0,0.8912361235885646,low_c,0.9439816415800782,0.025036451716757804,0.050007218986731834
GO:0106310,protein serine kinase activity,molecular_function,120,6011,0.7707513956666666,0.7630574372600233,-0.007293611724098925,350882.0,0.891062180813229,low_c,0.9439816415800782,0.025036451716757804,0.0500919886210276
GO:0000398,"mRNA splicing, via spliceosome",biological_process,104,6011,0.7669346583653845,0.7630574372600233,-0.007585524345300909,304834.0,0.8943647042630511,low_c,0.9467177601223516,0.023779475580640284,0.04848534837341547
GO:0032006,regulation of TOR signaling,biological_process,40,6011,0.78294851575,0.7630574372600233,0.012091776921788755,120864.0,0.8950154287496741,high_c,0.9468292408954504,0.023728338234036254,0.0481694780214161
GO:0044088,regulation of vacuole organization,biological_process,32,6011,0.7809224009375,0.7630574372600233,0.01334880414785089,96941.0,0.896265382195944,high_c,0.9470589761105743,0.02362297537700948,0.04756337766111268
GO:0031902,late endosome membrane,cellular_component,22,6011,0.7897272809090908,0.7630574372600233,0.015907952458294794,66927.0,0.897414755588649,high_c,0.9470589761105743,0.02362297537700948,0.047006793931489495
GO:0032535,regulation of cellular component size,biological_process,48,6011,0.7700878689583334,0.7630574372600233,-0.010844653138800342,141560.0,0.8969124382252693,low_c,0.9470589761105743,0.02362297537700948,0.04724995322320734
GO:0090066,regulation of anatomical structure size,biological_process,48,6011,0.7700878689583334,0.7630574372600233,-0.010844653138800342,141560.0,0.8969124382252693,low_c,0.9470589761105743,0.02362297537700948,0.04724995322320734
GO:0005085,guanyl-nucleotide exchange factor activity,molecular_function,51,6011,0.7703656547058824,0.7630574372600233,0.010211869982892585,153532.0,0.8999489116982051,high_c,0.9487329627907433,0.022856010023897654,0.04578214389102365
GO:0030246,carbohydrate binding,molecular_function,33,6011,0.7649492890909091,0.7630574372600233,-0.0124496892646776,97409.0,0.9017335187815244,low_c,0.9487329627907433,0.022856010023897654,0.044921786650464465
GO:0140104,molecular carrier activity,molecular_function,107,6011,0.7763821698130842,0.7630574372600233,0.0069650229212572246,318064.0,0.901604593087425,high_c,0.9487329627907433,0.022856010023897654,0.044983884509151965
GO:0044743,protein transmembrane import into intracellular organelle,biological_process,19,6011,0.7600156031578947,0.7630574372600233,-0.016425409317686768,55989.0,0.9015239306310768,low_c,0.9487329627907433,0.022856010023897654,0.04502274059650386
GO:0016558,protein import into peroxisome matrix,biological_process,19,6011,0.7600156031578947,0.7630574372600233,-0.016425409317686768,55989.0,0.9015239306310768,low_c,0.9487329627907433,0.022856010023897654,0.04502274059650386
GO:0046695,SLIK (SAGA-like) complex,cellular_component,16,6011,0.777343370625,0.7630574372600233,0.017556296914094993,48802.0,0.9033826328320242,high_c,0.9498923383382156,0.02232561525352932,0.044128262831208756
GO:0120545,nucleic acid conformation isomerase activity,molecular_function,99,6011,0.7660837179797979,0.7630574372600233,-0.007044395237900014,290582.5,0.904199701895287,low_c,0.9501759579238609,0.02219596262771312,0.04373564048382281
GO:0043687,post-translational protein modification,biological_process,181,6011,0.7775313998895028,0.7630574372600233,0.005147692920026925,530331.0,0.9059868113715984,high_c,0.9514779821785208,0.021601257118431156,0.04287812438745675
GO:0042770,signal transduction in response to DNA damage,biological_process,44,6011,0.7831251720454545,0.7630574372600233,0.00988771577006875,132572.0,0.9099261777860516,high_c,0.9523265389603077,0.0212141127995436,0.04099384051479678
GO:0016925,protein sumoylation,biological_process,15,6011,0.7952398406666668,0.7630574372600233,0.01730042250389152,45748.0,0.9077906482015724,high_c,0.9523265389603077,0.0212141127995436,0.04201429554709427
GO:0000077,DNA damage checkpoint signaling,biological_process,44,6011,0.7831251720454545,0.7630574372600233,0.00988771577006875,132572.0,0.9099261777860516,high_c,0.9523265389603077,0.0212141127995436,0.04099384051479678
GO:0051653,spindle localization,biological_process,21,6011,0.7736487804761906,0.7630574372600233,-0.014261865013117103,61998.0,0.9100862489257779,low_c,0.9523265389603077,0.0212141127995436,0.040917447615656
GO:0071229,cellular response to acid chemical,biological_process,27,6011,0.7775021251851852,0.7630574372600233,-0.012811942959001787,79749.0,0.9084585291166893,low_c,0.9523265389603077,0.0212141127995436,0.04169489332772911
GO:0051293,establishment of spindle localization,biological_process,21,6011,0.7736487804761906,0.7630574372600233,-0.014261865013117103,61998.0,0.9100862489257779,low_c,0.9523265389603077,0.0212141127995436,0.040917447615656
GO:0045739,positive regulation of DNA repair,biological_process,15,6011,0.752463692,0.7630574372600233,0.016522125861685666,45713.0,0.911924251716432,high_c,0.9531008434555845,0.02086114612002045,0.04004123450909907
GO:0000377,"RNA splicing, via transesterification reactions with bulged adenosine as nucleophile",biological_process,105,6011,0.7675938809523811,0.7630574372600233,-0.006327705481108836,308103.0,0.911392087333439,low_c,0.9531008434555845,0.02086114612002045,0.04029474626305213
GO:0043255,regulation of carbohydrate biosynthetic process,biological_process,36,6011,0.7711930216666666,0.7630574372600233,-0.010571827057182737,106413.0,0.912822667156417,low_c,0.9534657943342599,0.020694882689654328,0.039613584082035254
GO:0051119,sugar transmembrane transporter activity,molecular_function,19,6011,0.7913878873684211,0.7630574372600233,0.013702480500316305,57704.0,0.9177938937784048,high_c,0.9534950326746323,0.020681565111542725,0.03725483605862444
GO:0015149,hexose transmembrane transporter activity,molecular_function,19,6011,0.7913878873684211,0.7630574372600233,0.013702480500316305,57704.0,0.9177938937784048,high_c,0.9534950326746323,0.020681565111542725,0.03725483605862444
GO:0046527,glucosyltransferase activity,molecular_function,16,6011,0.7740712699999999,0.7630574372600233,0.015596330275229331,48708.0,0.9141309106521629,high_c,0.9534950326746323,0.020681565111542725,0.0389916054667034
GO:0010565,regulation of ketone metabolic process,biological_process,15,6011,0.7627947226666668,0.7630574372600233,0.01623304425172334,45700.0,0.9134602034499996,high_c,0.9534950326746323,0.020681565111542725,0.039310368725838936
GO:1903509,liposaccharide metabolic process,biological_process,38,6011,0.7774307652631579,0.7630574372600233,-0.009974710759822702,112355.0,0.9154967586917532,low_c,0.9534950326746323,0.020681565111542725,0.03834318897536794
GO:0006664,glycolipid metabolic process,biological_process,38,6011,0.7774307652631579,0.7630574372600233,-0.009974710759822702,112355.0,0.9154967586917532,low_c,0.9534950326746323,0.020681565111542725,0.03834318897536794
GO:0015145,monosaccharide transmembrane transporter activity,molecular_function,19,6011,0.7913878873684211,0.7630574372600233,0.013702480500316305,57704.0,0.9177938937784048,high_c,0.9534950326746323,0.020681565111542725,0.03725483605862444
GO:0009653,anatomical structure morphogenesis,biological_process,18,6011,0.7864515227777777,0.7630574372600233,-0.01422956412110421,53169.5,0.9169057741617764,low_c,0.9534950326746323,0.020681565111542725,0.03767529231709337
GO:0000902,cell morphogenesis,biological_process,18,6011,0.7864515227777777,0.7630574372600233,-0.01422956412110421,53169.5,0.9169057741617764,low_c,0.9534950326746323,0.020681565111542725,0.03767529231709337
GO:0071459,"protein localization to chromosome, centromeric region",biological_process,20,6011,0.7745659054999999,0.7630574372600233,-0.013086296110832896,59126.0,0.9194517971992959,low_c,0.9546461243648192,0.02015758623502159,0.0364710339724971
GO:0044389,ubiquitin-like protein ligase binding,molecular_function,21,6011,0.7892379814285716,0.7630574372600233,0.01257651641624924,63686.0,0.9206799878557991,high_c,0.9553499455574819,0.019837516807792263,0.035891296685870835
GO:0000959,mitochondrial RNA metabolic process,biological_process,40,6011,0.7845604262499999,0.7630574372600233,0.008943225590353432,120488.0,0.9222596192182355,high_c,0.956417382892985,0.01935253917912123,0.03514680636235313
GO:0006665,sphingolipid metabolic process,biological_process,46,6011,0.7786629523913043,0.7630574372600233,-0.008221873974999072,136067.0,0.9233901413185343,low_c,0.9570180807934182,0.01907985708769926,0.034614766555308325
GO:0015698,inorganic anion transport,biological_process,29,6011,0.7910998506896552,0.7630574372600233,0.010168436343513276,87621.0,0.9246688562206967,high_c,0.9577715599040152,0.018738063054666326,0.034013769600881705
GO:0032204,regulation of telomere maintenance,biological_process,23,6011,0.7617575852173912,0.7630574372600233,-0.011167262060352567,68093.0,0.9262875130054429,low_c,0.958876042085539,0.018237532263932047,0.03325419049831943
GO:0006896,Golgi to vacuole transport,biological_process,28,6011,0.7674819267857143,0.7630574372600233,-0.009944843723884378,82929.0,0.9275948349656946,low_c,0.9594621284901171,0.017972162890324765,0.03264167826620076
GO:0000727,double-strand break repair via break-induced replication,biological_process,64,6011,0.77915995109375,0.7630574372600233,-0.006563183117538229,189055.0,0.9279590516906144,low_c,0.9594621284901171,0.017972162890324765,0.032471187592749085
GO:0034397,telomere localization,biological_process,23,6011,0.7841059634782607,0.7630574372600233,0.010753390839650212,69602.5,0.9290137944323363,high_c,0.9599809209134142,0.017737398235809342,0.0319778373504196
GO:0071692,protein localization to extracellular region,biological_process,15,6011,0.7715347200000001,0.7630574372600233,-0.012830776072937478,44393.0,0.9315599285560461,low_c,0.962039283743781,0.01680719369522159,0.030789201096223663
GO:0051315,attachment of mitotic spindle microtubules to kinetochore,biological_process,16,6011,0.7851614568749999,0.7630574372600233,-0.012260216847372774,47372.0,0.932460964429093,low_c,0.9623972855225359,0.016645610610279887,0.0303693399888596
GO:0004674,protein serine/threonine kinase activity,molecular_function,125,6011,0.7741253055200001,0.7630574372600233,0.004186204553177086,369415.0,0.9360897438839787,high_c,0.9655685058720065,0.015216908143787131,0.028682513008436356
GO:0031625,ubiquitin protein ligase binding,molecular_function,20,6011,0.7874845405000002,0.7630574372600233,0.010031714238023737,60511.0,0.9382218463808591,high_c,0.9666190654701314,0.014744643144153295,0.027694458777268956
GO:0034502,protein localization to chromosome,biological_process,32,6011,0.770752925,0.7630574372600233,-0.00799673858504768,94899.0,0.9377601892615647,low_c,0.9666190654701314,0.014744643144153295,0.027908208311836935
GO:0071027,nuclear RNA surveillance,biological_process,32,6011,0.7738020984375,0.7630574372600233,-0.007578608462953662,94939.0,0.941010583032498,low_c,0.9689171839527974,0.013713341720493702,0.02640549227224324
GO:0008608,attachment of spindle microtubules to kinetochore,biological_process,44,6011,0.7855407720454547,0.7630574372600233,0.0063683593095358315,132110.0,0.941926326258104,high_c,0.9692851822075096,0.013548426419509306,0.025983064670857214
GO:0005876,spindle microtubule,cellular_component,19,6011,0.781892172631579,0.7630574372600233,-0.009380928957908763,56390.0,0.9436839939234981,low_c,0.9702361193698973,0.013122561753812339,0.025173411073800955
GO:0031907,microbody lumen,cellular_component,19,6011,0.7881919157894737,0.7630574372600233,-0.009240390696367062,56398.0,0.9445270977736904,low_c,0.9702361193698973,0.013122561753812339,0.024785577980611876
GO:0005782,peroxisomal matrix,cellular_component,19,6011,0.7881919157894737,0.7630574372600233,-0.009240390696367062,56398.0,0.9445270977736904,low_c,0.9702361193698973,0.013122561753812339,0.024785577980611876
GO:0000151,ubiquitin ligase complex,cellular_component,96,6011,0.7766537726041668,0.7630574372600233,-0.004046914623837661,282771.0,0.9457120173410694,low_c,0.9703050012435558,0.013091730129243464,0.02424109226671183
GO:0019783,ubiquitin-like protein peptidase activity,molecular_function,26,6011,0.7716806273076924,0.7630574372600233,-0.007769423558897204,77200.5,0.9454618027116659,low_c,0.9703050012435558,0.013091730129243464,0.0243560122516685
GO:0030660,Golgi-associated vesicle membrane,cellular_component,18,6011,0.759334755,0.7630574372600233,-0.008843650926080415,53460.0,0.9483200951056586,low_c,0.9718321635793526,0.012408731704500844,0.023045046550285837
GO:0010008,endosome membrane,cellular_component,112,6011,0.7763232932142857,0.7630574372600233,-0.003581115443295424,329161.0,0.9481774892603868,low_c,0.9718321635793526,0.012408731704500844,0.023110359506459337
GO:0071561,nucleus-vacuole junction,cellular_component,20,6011,0.7795740640000001,0.7630574372600233,0.007861792689033642,60381.0,0.9515772654150618,high_c,0.9723002547148601,0.012199600475378722,0.021555942446806226
GO:0030295,protein kinase activator activity,molecular_function,24,6011,0.7796962624999999,0.7630574372600233,-0.007196147207839232,71327.0,0.9514585096971309,low_c,0.9723002547148601,0.012199600475378722,0.02161014526709297
GO:0046540,U4/U6 x U5 tri-snRNP complex,cellular_component,27,6011,0.7672470048148149,0.7630574372600233,0.0069630124777184665,81346.5,0.9501921859528714,high_c,0.9723002547148601,0.012199600475378722,0.022188545387559638
GO:0097526,spliceosomal tri-snRNP complex,cellular_component,27,6011,0.7672470048148149,0.7630574372600233,0.0069630124777184665,81346.5,0.9501921859528714,high_c,0.9723002547148601,0.012199600475378722,0.022188545387559638
GO:0008081,phosphoric diester hydrolase activity,molecular_function,19,6011,0.7911087468421052,0.7630574372600233,-0.00816878645211161,56459.0,0.9509577396945367,low_c,0.9723002547148601,0.012199600475378722,0.021838782563396466
GO:0042398,modified amino acid biosynthetic process,biological_process,23,6011,0.7790949360869565,0.7630574372600233,-0.007159246028288435,68369.0,0.9527210054957891,low_c,0.9723243183660728,0.012188852168398236,0.02103425939630231
GO:0007029,endoplasmic reticulum organization,biological_process,30,6011,0.7732396146666666,0.7630574372600233,0.00632001337568977,90282.0,0.9523552292962797,high_c,0.9723243183660728,0.012188852168398236,0.02120102919176704
GO:0015215,nucleotide transmembrane transporter activity,molecular_function,19,6011,0.7709806936842105,0.7630574372600233,0.007545147916520278,57353.5,0.954701660155368,high_c,0.9727704663383837,0.011989623208032325,0.020132322228552164
GO:0140029,exocytic process,biological_process,23,6011,0.7888348591304348,0.7630574372600233,-0.006767157503412613,68396.0,0.9553101595433616,low_c,0.9727704663383837,0.011989623208032325,0.01985560358978527
GO:0031146,SCF-dependent proteasomal ubiquitin-dependent protein catabolic process,biological_process,20,6011,0.780118126,0.7630574372600233,0.007144049407444397,60338.0,0.9559980075723756,high_c,0.9727704663383837,0.011989623208032325,0.019543012850703853
GO:0009651,response to salt stress,biological_process,25,6011,0.7661049343999999,0.7630574372600233,-0.0061610424323421675,74364.0,0.9575861415326516,low_c,0.9727704663383837,0.011989623208032325,0.018822147793217062
GO:0043242,negative regulation of protein-containing complex disassembly,biological_process,17,6011,0.78084812,0.7630574372600233,0.007458438830987957,51329.0,0.957640971758236,high_c,0.9727704663383837,0.011989623208032325,0.018797281327768586
GO:0003697,single-stranded DNA binding,molecular_function,69,6011,0.7701623852173913,0.7630574372600233,0.003724408411748259,205762.5,0.9575429553630872,high_c,0.9727704663383837,0.011989623208032325,0.018841734478177316
GO:0004725,protein tyrosine phosphatase activity,molecular_function,17,6011,0.7866936623529411,0.7630574372600233,-0.007497693772203551,50567.0,0.9574179472791449,low_c,0.9727704663383837,0.011989623208032325,0.018898435710094547
GO:0008276,protein methyltransferase activity,molecular_function,41,6011,0.773581257804878,0.7630574372600233,0.004984270948237057,122995.0,0.9561068664731964,high_c,0.9727704663383837,0.011989623208032325,0.019493562822491147
GO:0097708,intracellular vesicle,cellular_component,212,6011,0.7795623238679245,0.7630574372600233,-0.00197984688316466,613477.0,0.9609055648698228,low_c,0.9749456812472311,0.0110195801904301,0.017319291489802935
GO:0031410,cytoplasmic vesicle,cellular_component,212,6011,0.7795623238679245,0.7630574372600233,-0.00197984688316466,613477.0,0.9609055648698228,low_c,0.9749456812472311,0.0110195801904301,0.017319291489802935
GO:0010506,regulation of autophagy,biological_process,73,6011,0.7776584184931508,0.7630574372600233,-0.00275910435227944,216139.0,0.9676586156820755,low_c,0.9812239233785531,0.008231871732839532,0.014277832232178201
GO:0008298,intracellular mRNA localization,biological_process,19,6011,0.7712116589473684,0.7630574372600233,-0.005103295622233106,56633.5,0.9693698037613098,low_c,0.9823852768999614,0.0077181549661587585,0.01351051284112138
GO:0006361,transcription initiation at RNA polymerase I promoter,biological_process,19,6011,0.7542554642105264,0.7630574372600233,0.004936406436652385,57205.0,0.9703727376362571,high_c,0.9828279303013666,0.007522510104651933,0.013061413357945688
GO:0000792,heterochromatin,cellular_component,15,6011,0.7468400286666665,0.7630574372600233,0.005359128307760752,45211.0,0.971419690108691,high_c,0.9831677943730132,0.007372356072747272,0.012593097878746464
GO:0030952,establishment or maintenance of cytoskeleton polarity,biological_process,24,6011,0.78059111,0.7630574372600233,0.0041757140471021525,72144.0,0.97184097646549,high_c,0.9831677943730132,0.007372356072747272,0.012404793400533739
GO:0007062,sister chromatid cohesion,biological_process,50,6011,0.7798383546,0.7630574372600233,-0.0024559637644689936,148659.0,0.976138416301077,low_c,0.9863657105347321,0.0059620337201046454,0.01048859506535426
GO:0044773,mitotic DNA damage checkpoint signaling,biological_process,29,6011,0.7797054672413792,0.7630574372600233,0.0032280750296866945,87019.0,0.9760825017236241,high_c,0.9863657105347321,0.0059620337201046454,0.010513472774867751
GO:0007231,osmosensory signaling pathway,biological_process,15,6011,0.783181608,0.7630574372600233,0.0036913497887480773,45136.0,0.9803302537057179,high_c,0.9900252009500444,0.004353750357758378,0.008627594511179079
GO:0140303,intramembrane lipid carrier activity,molecular_function,15,6011,0.7595123153333333,0.7630574372600233,-0.002846342005781599,44842.0,0.9848459460515363,low_c,0.994007303689225,0.0026104245158913167,0.0066316984488154745
GO:0006275,regulation of DNA replication,biological_process,60,6011,0.7719780719999998,0.7630574372600233,-0.0013163053828487703,178295.0,0.9860114984512188,low_c,0.994605439460381,0.0023491699568320007,0.006118020469744812
GO:0006403,RNA localization,biological_process,21,6011,0.7692150533333333,0.7630574372600233,0.0020748867159552375,63025.5,0.9869346188949528,high_c,0.9949584775851558,0.0021950432059528228,0.005711616928789995
GO:0016241,regulation of macroautophagy,biological_process,43,6011,0.7716321227906977,0.7630574372600233,0.001270341043706047,128475.0,0.988565661029298,high_c,0.9956981290758993,0.0018723089134895438,0.004994479333972733
GO:0000245,spliceosomal complex assembly,biological_process,35,6011,0.7708991665714285,0.7630574372600233,0.001376936316695332,104724.0,0.9888154231145451,high_c,0.9956981290758993,0.0018723089134895438,0.004884768265268677
GO:1905897,regulation of response to endoplasmic reticulum stress,biological_process,19,6011,0.7580434673684211,0.7630574372600233,-0.0015810554423442147,56834.0,0.990544785928399,low_c,0.9959796784145406,0.0017495226631130294,0.0041258837378955185
GO:0030473,nuclear migration along microtubule,biological_process,23,6011,0.7735746030434782,0.7630574372600233,-0.0013795707356742959,68767.0,0.990923073364135,low_c,0.9959796784145406,0.0017495226631130294,0.003960059046731365
GO:0000165,MAPK cascade,biological_process,30,6011,0.7871264383333334,0.7630574372600233,0.0013152761522599032,89833.0,0.990112183000463,high_c,0.9959796784145406,0.0017495226631130294,0.004315595606626566
GO:0006111,regulation of gluconeogenesis,biological_process,19,6011,0.7846793736842105,0.7630574372600233,0.0014405171808025141,57006.0,0.9913899103112478,high_c,0.9959796784145406,0.0017495226631130294,0.0037555053607116417
GO:0070938,contractile ring,cellular_component,21,6011,0.7842618209523808,0.7630574372600233,-0.0008267747833691219,62843.0,0.9948239039960465,low_c,0.997440452588722,0.001113022342037496,0.0022537878885776096
GO:0104004,cellular response to environmental stimulus,biological_process,71,6011,0.7773606195774646,0.7630574372600233,0.000422060985441286,210959.0,0.9951422026979646,high_c,0.997440452588722,0.001113022342037496,0.002114855501182767
GO:0071214,cellular response to abiotic stimulus,biological_process,71,6011,0.7773606195774646,0.7630574372600233,0.000422060985441286,210959.0,0.9951422026979646,high_c,0.997440452588722,0.001113022342037496,0.002114855501182767
GO:0005826,actomyosin contractile ring,cellular_component,21,6011,0.7842618209523808,0.7630574372600233,-0.0008267747833691219,62843.0,0.9948239039960465,low_c,0.997440452588722,0.001113022342037496,0.0022537878885776096
GO:0005770,late endosome,cellular_component,41,6011,0.7782750017073171,0.7630574372600233,0.0002369571434408524,122414.0,0.9979465388759593,high_c,0.9989378927008692,0.0004615124704914449,0.0008927237357350199
GO:0015755,fructose transmembrane transport,biological_process,18,6011,0.78717746,0.7630574372600233,-0.0003893431225318045,53916.0,0.9977750712628574,low_c,0.9989378927008692,0.0004615124704914449,0.0009673508159853054
GO:0044818,mitotic G2/M transition checkpoint,biological_process,19,6011,0.7745917736842106,0.7630574372600233,0.00028107652308340114,56940.0,0.99836246764747,high_c,0.9989378927008692,0.0004615124704914449,0.0007117541840720257
GO:0051051,negative regulation of transport,biological_process,18,6011,0.7784979111111112,0.7630574372600233,-0.0001483211895358938,53929.0,0.9991860007678006,low_c,0.9991860007678006,0.000353659333566353,0.000353659333566353
